ply
format ascii 1.0
element vertex 7310
property float x
property float y
property float z
element face 14280
property list uchar int vertex_indices
end_header
12.710231 -5.061149 7.437780
13.092914 -5.061149 7.361660
13.041644 -4.869807 7.361660
12.901573 -4.729735 7.361660
12.710231 -4.678465 7.361660
12.518889 -4.729735 7.361660
12.378817 -4.869807 7.361660
12.327547 -5.061149 7.361660
12.378817 -5.252490 7.361660
12.518889 -5.392562 7.361660
12.710231 -5.443832 7.361660
12.901573 -5.392562 7.361660
13.041644 -5.252490 7.361660
13.417338 -5.061149 7.144887
13.322603 -4.707595 7.144887
13.063784 -4.448776 7.144887
12.710231 -4.354042 7.144887
12.356677 -4.448776 7.144887
12.097858 -4.707595 7.144887
12.003124 -5.061149 7.144887
12.097858 -5.414702 7.144887
12.356677 -5.673521 7.144887
12.710231 -5.768255 7.144887
13.063784 -5.673521 7.144887
13.322603 -5.414702 7.144887
13.634110 -5.061149 6.820464
13.510334 -4.599209 6.820464
13.172171 -4.261045 6.820464
12.710231 -4.137269 6.820464
12.248291 -4.261045 6.820464
11.910128 -4.599209 6.820464
11.786351 -5.061149 6.820464
11.910128 -5.523088 6.820464
12.248291 -5.861252 6.820464
12.710231 -5.985028 6.820464
13.172171 -5.861252 6.820464
13.510334 -5.523088 6.820464
13.710231 -5.061149 6.437780
13.576256 -4.561149 6.437780
13.210231 -4.195123 6.437780
12.710231 -4.061149 6.437780
12.210231 -4.195123 6.437780
11.844205 -4.561149 6.437780
11.710231 -5.061149 6.437780
11.844205 -5.561149 6.437780
12.210231 -5.927174 6.437780
12.710231 -6.061149 6.437780
13.210231 -5.927174 6.437780
13.576256 -5.561149 6.437780
13.634110 -5.061149 6.055097
13.510334 -4.599209 6.055097
13.172171 -4.261045 6.055097
12.710231 -4.137269 6.055097
12.248291 -4.261045 6.055097
11.910128 -4.599209 6.055097
11.786351 -5.061149 6.055097
11.910128 -5.523088 6.055097
12.248291 -5.861252 6.055097
12.710231 -5.985028 6.055097
13.172171 -5.861252 6.055097
13.510334 -5.523088 6.055097
13.417338 -5.061149 5.730674
13.322603 -4.707595 5.730674
13.063784 -4.448776 5.730674
12.710231 -4.354042 5.730674
12.356677 -4.448776 5.730674
12.097858 -4.707595 5.730674
12.003124 -5.061149 5.730674
12.097858 -5.414702 5.730674
12.356677 -5.673521 5.730674
12.710231 -5.768255 5.730674
13.063784 -5.673521 5.730674
13.322603 -5.414702 5.730674
13.092914 -5.061149 5.513901
13.041644 -4.869807 5.513901
12.901573 -4.729735 5.513901
12.710231 -4.678465 5.513901
12.518889 -4.729735 5.513901
12.378817 -4.869807 5.513901
12.327547 -5.061149 5.513901
12.378817 -5.252490 5.513901
12.518889 -5.392562 5.513901
12.710231 -5.443832 5.513901
12.901573 -5.392562 5.513901
13.041644 -5.252490 5.513901
12.710231 -5.061149 5.437780
13.607104 -7.742253 5.047991
13.989788 -7.742253 4.971870
13.938518 -7.550911 4.971870
13.798446 -7.410839 4.971870
13.607104 -7.359569 4.971870
13.415763 -7.410839 4.971870
13.275691 -7.550911 4.971870
13.224421 -7.742253 4.971870
13.275691 -7.933595 4.971870
13.415763 -8.073666 4.971870
13.607104 -8.124936 4.971870
13.798446 -8.073666 4.971870
13.938518 -7.933595 4.971870
14.314211 -7.742253 4.755098
14.219477 -7.388699 4.755098
13.960658 -7.129880 4.755098
13.607104 -7.035146 4.755098
13.253551 -7.129880 4.755098
12.994732 -7.388699 4.755098
12.899998 -7.742253 4.755098
12.994732 -8.095806 4.755098
13.253551 -8.354625 4.755098
13.607104 -8.449360 4.755098
13.960658 -8.354625 4.755098
14.219477 -8.095806 4.755098
14.530984 -7.742253 4.430674
14.407207 -7.280313 4.430674
14.069044 -6.942150 4.430674
13.607104 -6.818373 4.430674
13.145165 -6.942150 4.430674
12.807001 -7.280313 4.430674
12.683225 -7.742253 4.430674
12.807001 -8.204193 4.430674
13.145165 -8.542356 4.430674
13.607104 -8.666132 4.430674
14.069044 -8.542356 4.430674
14.407207 -8.204193 4.430674
14.607104 -7.742253 4.047991
14.473130 -7.242253 4.047991
14.107104 -6.876227 4.047991
13.607104 -6.742253 4.047991
13.107104 -6.876227 4.047991
12.741079 -7.242253 4.047991
12.607104 -7.742253 4.047991
12.741079 -8.242253 4.047991
13.107104 -8.608278 4.047991
13.607104 -8.742253 4.047991
14.107104 -8.608278 4.047991
14.473130 -8.242253 4.047991
14.530984 -7.742253 3.665307
14.407207 -7.280313 3.665307
14.069044 -6.942150 3.665307
13.607104 -6.818373 3.665307
13.145165 -6.942150 3.665307
12.807001 -7.280313 3.665307
12.683225 -7.742253 3.665307
12.807001 -8.204193 3.665307
13.145165 -8.542356 3.665307
13.607104 -8.666132 3.665307
14.069044 -8.542356 3.665307
14.407207 -8.204193 3.665307
14.314211 -7.742253 3.340884
14.219477 -7.388699 3.340884
13.960658 -7.129880 3.340884
13.607104 -7.035146 3.340884
13.253551 -7.129880 3.340884
12.994732 -7.388699 3.340884
12.899998 -7.742253 3.340884
12.994732 -8.095806 3.340884
13.253551 -8.354625 3.340884
13.607104 -8.449360 3.340884
13.960658 -8.354625 3.340884
14.219477 -8.095806 3.340884
13.989788 -7.742253 3.124111
13.938518 -7.550911 3.124111
13.798446 -7.410839 3.124111
13.607104 -7.359569 3.124111
13.415763 -7.410839 3.124111
13.275691 -7.550911 3.124111
13.224421 -7.742253 3.124111
13.275691 -7.933595 3.124111
13.415763 -8.073666 3.124111
13.607104 -8.124936 3.124111
13.798446 -8.073666 3.124111
13.938518 -7.933595 3.124111
13.607104 -7.742253 3.047991
12.653071 -9.316096 2.593437
13.035755 -9.316096 2.517317
12.984485 -9.124755 2.517317
12.844413 -8.984683 2.517317
12.653071 -8.933413 2.517317
12.461730 -8.984683 2.517317
12.321658 -9.124755 2.517317
12.270388 -9.316096 2.517317
12.321658 -9.507438 2.517317
12.461730 -9.647510 2.517317
12.653071 -9.698780 2.517317
12.844413 -9.647510 2.517317
12.984485 -9.507438 2.517317
13.360178 -9.316096 2.300544
13.265444 -8.962543 2.300544
13.006625 -8.703724 2.300544
12.653071 -8.608990 2.300544
12.299518 -8.703724 2.300544
12.040699 -8.962543 2.300544
11.945965 -9.316096 2.300544
12.040699 -9.669650 2.300544
12.299518 -9.928469 2.300544
12.653071 -10.023203 2.300544
13.006625 -9.928469 2.300544
13.265444 -9.669650 2.300544
13.576951 -9.316096 1.976121
13.453175 -8.854157 1.976121
13.115011 -8.515993 1.976121
12.653071 -8.392217 1.976121
12.191132 -8.515993 1.976121
11.852968 -8.854157 1.976121
11.729192 -9.316096 1.976121
11.852968 -9.778036 1.976121
12.191132 -10.116199 1.976121
12.653071 -10.239976 1.976121
13.115011 -10.116199 1.976121
13.453175 -9.778036 1.976121
13.653071 -9.316096 1.593437
13.519097 -8.816096 1.593437
13.153071 -8.450071 1.593437
12.653071 -8.316096 1.593437
12.153071 -8.450071 1.593437
11.787046 -8.816096 1.593437
11.653071 -9.316096 1.593437
11.787046 -9.816096 1.593437
12.153071 -10.182122 1.593437
12.653071 -10.316096 1.593437
13.153071 -10.182122 1.593437
13.519097 -9.816096 1.593437
13.576951 -9.316096 1.210754
13.453175 -8.854157 1.210754
13.115011 -8.515993 1.210754
12.653071 -8.392217 1.210754
12.191132 -8.515993 1.210754
11.852968 -8.854157 1.210754
11.729192 -9.316096 1.210754
11.852968 -9.778036 1.210754
12.191132 -10.116199 1.210754
12.653071 -10.239976 1.210754
13.115011 -10.116199 1.210754
13.453175 -9.778036 1.210754
13.360178 -9.316096 0.886331
13.265444 -8.962543 0.886331
13.006625 -8.703724 0.886331
12.653071 -8.608990 0.886331
12.299518 -8.703724 0.886331
12.040699 -8.962543 0.886331
11.945965 -9.316096 0.886331
12.040699 -9.669650 0.886331
12.299518 -9.928469 0.886331
12.653071 -10.023203 0.886331
13.006625 -9.928469 0.886331
13.265444 -9.669650 0.886331
13.035755 -9.316096 0.669558
12.984485 -9.124755 0.669558
12.844413 -8.984683 0.669558
12.653071 -8.933413 0.669558
12.461730 -8.984683 0.669558
12.321658 -9.124755 0.669558
12.270388 -9.316096 0.669558
12.321658 -9.507438 0.669558
12.461730 -9.647510 0.669558
12.653071 -9.698780 0.669558
12.844413 -9.647510 0.669558
12.984485 -9.507438 0.669558
12.653071 -9.316096 0.593437
10.844186 -9.826104 0.684125
11.226869 -9.826104 0.608004
11.175599 -9.634762 0.608004
11.035528 -9.494691 0.608004
10.844186 -9.443421 0.608004
10.652844 -9.494691 0.608004
10.512772 -9.634762 0.608004
10.461502 -9.826104 0.608004
10.512772 -10.017446 0.608004
10.652844 -10.157518 0.608004
10.844186 -10.208788 0.608004
11.035528 -10.157518 0.608004
11.175599 -10.017446 0.608004
11.551293 -9.826104 0.391232
11.456558 -9.472551 0.391232
11.197739 -9.213732 0.391232
10.844186 -9.118997 0.391232
10.490632 -9.213732 0.391232
10.231813 -9.472551 0.391232
10.137079 -9.826104 0.391232
10.231813 -10.179658 0.391232
10.490632 -10.438477 0.391232
10.844186 -10.533211 0.391232
11.197739 -10.438477 0.391232
11.456558 -10.179658 0.391232
11.768065 -9.826104 0.066808
11.644289 -9.364164 0.066808
11.306126 -9.026001 0.066808
10.844186 -8.902225 0.066808
10.382246 -9.026001 0.066808
10.044083 -9.364164 0.066808
9.920306 -9.826104 0.066808
10.044083 -10.288044 0.066808
10.382246 -10.626207 0.066808
10.844186 -10.749984 0.066808
11.306126 -10.626207 0.066808
11.644289 -10.288044 0.066808
11.844186 -9.826104 -0.315875
11.710211 -9.326104 -0.315875
11.344186 -8.960079 -0.315875
10.844186 -8.826104 -0.315875
10.344186 -8.960079 -0.315875
9.978160 -9.326104 -0.315875
9.844186 -9.826104 -0.315875
9.978160 -10.326104 -0.315875
10.344186 -10.692130 -0.315875
10.844186 -10.826104 -0.315875
11.344186 -10.692130 -0.315875
11.710211 -10.326104 -0.315875
11.768065 -9.826104 -0.698559
11.644289 -9.364164 -0.698559
11.306126 -9.026001 -0.698559
10.844186 -8.902225 -0.698559
10.382246 -9.026001 -0.698559
10.044083 -9.364164 -0.698559
9.920306 -9.826104 -0.698559
10.044083 -10.288044 -0.698559
10.382246 -10.626207 -0.698559
10.844186 -10.749984 -0.698559
11.306126 -10.626207 -0.698559
11.644289 -10.288044 -0.698559
11.551293 -9.826104 -1.022982
11.456558 -9.472551 -1.022982
11.197739 -9.213732 -1.022982
10.844186 -9.118997 -1.022982
10.490632 -9.213732 -1.022982
10.231813 -9.472551 -1.022982
10.137079 -9.826104 -1.022982
10.231813 -10.179658 -1.022982
10.490632 -10.438477 -1.022982
10.844186 -10.533211 -1.022982
11.197739 -10.438477 -1.022982
11.456558 -10.179658 -1.022982
11.226869 -9.826104 -1.239755
11.175599 -9.634762 -1.239755
11.035528 -9.494691 -1.239755
10.844186 -9.443421 -1.239755
10.652844 -9.494691 -1.239755
10.512772 -9.634762 -1.239755
10.461502 -9.826104 -1.239755
10.512772 -10.017446 -1.239755
10.652844 -10.157518 -1.239755
10.844186 -10.208788 -1.239755
11.035528 -10.157518 -1.239755
11.175599 -10.017446 -1.239755
10.844186 -9.826104 -1.315875
8.698962 -10.468204 -1.649411
9.081646 -10.468204 -1.725532
9.030376 -10.276862 -1.725532
8.890304 -10.136790 -1.725532
8.698962 -10.085520 -1.725532
8.507620 -10.136790 -1.725532
8.367549 -10.276862 -1.725532
8.316279 -10.468204 -1.725532
8.367549 -10.659545 -1.725532
8.507620 -10.799617 -1.725532
8.698962 -10.850887 -1.725532
8.890304 -10.799617 -1.725532
9.030376 -10.659545 -1.725532
9.406069 -10.468204 -1.942305
9.311335 -10.114650 -1.942305
9.052516 -9.855831 -1.942305
8.698962 -9.761097 -1.942305
8.345409 -9.855831 -1.942305
8.086590 -10.114650 -1.942305
7.991855 -10.468204 -1.942305
8.086590 -10.821757 -1.942305
8.345409 -11.080576 -1.942305
8.698962 -11.175310 -1.942305
9.052516 -11.080576 -1.942305
9.311335 -10.821757 -1.942305
9.622842 -10.468204 -2.266728
9.499065 -10.006264 -2.266728
9.160902 -9.668100 -2.266728
8.698962 -9.544324 -2.266728
8.237022 -9.668100 -2.266728
7.898859 -10.006264 -2.266728
7.775083 -10.468204 -2.266728
7.898859 -10.930143 -2.266728
8.237022 -11.268307 -2.266728
8.698962 -11.392083 -2.266728
9.160902 -11.268307 -2.266728
9.499065 -10.930143 -2.266728
9.698962 -10.468204 -2.649411
9.564988 -9.968204 -2.649411
9.198962 -9.602178 -2.649411
8.698962 -9.468204 -2.649411
8.198962 -9.602178 -2.649411
7.832937 -9.968204 -2.649411
7.698962 -10.468204 -2.649411
7.832937 -10.968204 -2.649411
8.198962 -11.334229 -2.649411
8.698962 -11.468204 -2.649411
9.198962 -11.334229 -2.649411
9.564988 -10.968204 -2.649411
9.622842 -10.468204 -3.032095
9.499065 -10.006264 -3.032095
9.160902 -9.668100 -3.032095
8.698962 -9.544324 -3.032095
8.237022 -9.668100 -3.032095
7.898859 -10.006264 -3.032095
7.775083 -10.468204 -3.032095
7.898859 -10.930143 -3.032095
8.237022 -11.268307 -3.032095
8.698962 -11.392083 -3.032095
9.160902 -11.268307 -3.032095
9.499065 -10.930143 -3.032095
9.406069 -10.468204 -3.356518
9.311335 -10.114650 -3.356518
9.052516 -9.855831 -3.356518
8.698962 -9.761097 -3.356518
8.345409 -9.855831 -3.356518
8.086590 -10.114650 -3.356518
7.991855 -10.468204 -3.356518
8.086590 -10.821757 -3.356518
8.345409 -11.080576 -3.356518
8.698962 -11.175310 -3.356518
9.052516 -11.080576 -3.356518
9.311335 -10.821757 -3.356518
9.081646 -10.468204 -3.573291
9.030376 -10.276862 -3.573291
8.890304 -10.136790 -3.573291
8.698962 -10.085520 -3.573291
8.507620 -10.136790 -3.573291
8.367549 -10.276862 -3.573291
8.316279 -10.468204 -3.573291
8.367549 -10.659545 -3.573291
8.507620 -10.799617 -3.573291
8.698962 -10.850887 -3.573291
8.890304 -10.799617 -3.573291
9.030376 -10.659545 -3.573291
8.698962 -10.468204 -3.649411
5.365864 -9.970624 -2.434610
5.748547 -9.970624 -2.510730
5.697277 -9.779282 -2.510730
5.557206 -9.639210 -2.510730
5.365864 -9.587941 -2.510730
5.174522 -9.639210 -2.510730
5.034450 -9.779282 -2.510730
4.983180 -9.970624 -2.510730
5.034450 -10.161966 -2.510730
5.174522 -10.302038 -2.510730
5.365864 -10.353307 -2.510730
5.557206 -10.302038 -2.510730
5.697277 -10.161966 -2.510730
6.072971 -9.970624 -2.727503
5.978236 -9.617071 -2.727503
5.719417 -9.358252 -2.727503
5.365864 -9.263517 -2.727503
5.012310 -9.358252 -2.727503
4.753491 -9.617071 -2.727503
4.658757 -9.970624 -2.727503
4.753491 -10.324177 -2.727503
5.012310 -10.582996 -2.727503
5.365864 -10.677731 -2.727503
5.719417 -10.582996 -2.727503
5.978236 -10.324177 -2.727503
6.289743 -9.970624 -3.051926
6.165967 -9.508684 -3.051926
5.827804 -9.170521 -3.051926
5.365864 -9.046744 -3.051926
4.903924 -9.170521 -3.051926
4.565761 -9.508684 -3.051926
4.441984 -9.970624 -3.051926
4.565761 -10.432564 -3.051926
4.903924 -10.770727 -3.051926
5.365864 -10.894504 -3.051926
5.827804 -10.770727 -3.051926
6.165967 -10.432564 -3.051926
6.365864 -9.970624 -3.434610
6.231889 -9.470624 -3.434610
5.865864 -9.104599 -3.434610
5.365864 -8.970624 -3.434610
4.865864 -9.104599 -3.434610
4.499838 -9.470624 -3.434610
4.365864 -9.970624 -3.434610
4.499838 -10.470624 -3.434610
4.865864 -10.836649 -3.434610
5.365864 -10.970624 -3.434610
5.865864 -10.836649 -3.434610
6.231889 -10.470624 -3.434610
6.289743 -9.970624 -3.817293
6.165967 -9.508684 -3.817293
5.827804 -9.170521 -3.817293
5.365864 -9.046744 -3.817293
4.903924 -9.170521 -3.817293
4.565761 -9.508684 -3.817293
4.441984 -9.970624 -3.817293
4.565761 -10.432564 -3.817293
4.903924 -10.770727 -3.817293
5.365864 -10.894504 -3.817293
5.827804 -10.770727 -3.817293
6.165967 -10.432564 -3.817293
6.072971 -9.970624 -4.141716
5.978236 -9.617071 -4.141716
5.719417 -9.358252 -4.141716
5.365864 -9.263517 -4.141716
5.012310 -9.358252 -4.141716
4.753491 -9.617071 -4.141716
4.658757 -9.970624 -4.141716
4.753491 -10.324177 -4.141716
5.012310 -10.582996 -4.141716
5.365864 -10.677731 -4.141716
5.719417 -10.582996 -4.141716
5.978236 -10.324177 -4.141716
5.748547 -9.970624 -4.358489
5.697277 -9.779282 -4.358489
5.557206 -9.639210 -4.358489
5.365864 -9.587941 -4.358489
5.174522 -9.639210 -4.358489
5.034450 -9.779282 -4.358489
4.983180 -9.970624 -4.358489
5.034450 -10.161966 -4.358489
5.174522 -10.302038 -4.358489
5.365864 -10.353307 -4.358489
5.557206 -10.302038 -4.358489
5.697277 -10.161966 -4.358489
5.365864 -9.970624 -4.434610
18.319487 -28.036041 1.652078
18.702170 -28.036041 1.575957
18.650900 -27.844700 1.575957
18.510828 -27.704628 1.575957
18.319487 -27.653358 1.575957
18.128145 -27.704628 1.575957
17.988073 -27.844700 1.575957
17.936803 -28.036041 1.575957
17.988073 -28.227383 1.575957
18.128145 -28.367455 1.575957
18.319487 -28.418725 1.575957
18.510828 -28.367455 1.575957
18.650900 -28.227383 1.575957
19.026593 -28.036041 1.359185
18.931859 -27.682488 1.359185
18.673040 -27.423669 1.359185
18.319487 -27.328934 1.359185
17.965933 -27.423669 1.359185
17.707114 -27.682488 1.359185
17.612380 -28.036041 1.359185
17.707114 -28.389595 1.359185
17.965933 -28.648414 1.359185
18.319487 -28.743148 1.359185
18.673040 -28.648414 1.359185
18.931859 -28.389595 1.359185
19.243366 -28.036041 1.034761
19.119590 -27.574101 1.034761
18.781426 -27.235938 1.034761
18.319487 -27.112162 1.034761
17.857547 -27.235938 1.034761
17.519383 -27.574101 1.034761
17.395607 -28.036041 1.034761
17.519383 -28.497981 1.034761
17.857547 -28.836144 1.034761
18.319487 -28.959921 1.034761
18.781426 -28.836144 1.034761
19.119590 -28.497981 1.034761
19.319487 -28.036041 0.652078
19.185512 -27.536041 0.652078
18.819487 -27.170016 0.652078
18.319487 -27.036041 0.652078
17.819487 -27.170016 0.652078
17.453461 -27.536041 0.652078
17.319487 -28.036041 0.652078
17.453461 -28.536041 0.652078
17.819487 -28.902067 0.652078
18.319487 -29.036041 0.652078
18.819487 -28.902067 0.652078
19.185512 -28.536041 0.652078
19.243366 -28.036041 0.269394
19.119590 -27.574101 0.269394
18.781426 -27.235938 0.269394
18.319487 -27.112162 0.269394
17.857547 -27.235938 0.269394
17.519383 -27.574101 0.269394
17.395607 -28.036041 0.269394
17.519383 -28.497981 0.269394
17.857547 -28.836144 0.269394
18.319487 -28.959921 0.269394
18.781426 -28.836144 0.269394
19.119590 -28.497981 0.269394
19.026593 -28.036041 -0.055029
18.931859 -27.682488 -0.055029
18.673040 -27.423669 -0.055029
18.319487 -27.328934 -0.055029
17.965933 -27.423669 -0.055029
17.707114 -27.682488 -0.055029
17.612380 -28.036041 -0.055029
17.707114 -28.389595 -0.055029
17.965933 -28.648414 -0.055029
18.319487 -28.743148 -0.055029
18.673040 -28.648414 -0.055029
18.931859 -28.389595 -0.055029
18.702170 -28.036041 -0.271802
18.650900 -27.844700 -0.271802
18.510828 -27.704628 -0.271802
18.319487 -27.653358 -0.271802
18.128145 -27.704628 -0.271802
17.988073 -27.844700 -0.271802
17.936803 -28.036041 -0.271802
17.988073 -28.227383 -0.271802
18.128145 -28.367455 -0.271802
18.319487 -28.418725 -0.271802
18.510828 -28.367455 -0.271802
18.650900 -28.227383 -0.271802
18.319487 -28.036041 -0.347922
16.321690 -28.782961 -0.748534
16.704373 -28.782961 -0.824654
16.653103 -28.591619 -0.824654
16.513031 -28.451547 -0.824654
16.321690 -28.400277 -0.824654
16.130348 -28.451547 -0.824654
15.990276 -28.591619 -0.824654
15.939006 -28.782961 -0.824654
15.990276 -28.974303 -0.824654
16.130348 -29.114374 -0.824654
16.321690 -29.165644 -0.824654
16.513031 -29.114374 -0.824654
16.653103 -28.974303 -0.824654
17.028796 -28.782961 -1.041427
16.934062 -28.429408 -1.041427
16.675243 -28.170588 -1.041427
16.321690 -28.075854 -1.041427
15.968136 -28.170588 -1.041427
15.709317 -28.429408 -1.041427
15.614583 -28.782961 -1.041427
15.709317 -29.136514 -1.041427
15.968136 -29.395333 -1.041427
16.321690 -29.490068 -1.041427
16.675243 -29.395333 -1.041427
16.934062 -29.136514 -1.041427
17.245569 -28.782961 -1.365850
17.121793 -28.321021 -1.365850
16.783629 -27.982858 -1.365850
16.321690 -27.859081 -1.365850
15.859750 -27.982858 -1.365850
15.521586 -28.321021 -1.365850
15.397810 -28.782961 -1.365850
15.521586 -29.244901 -1.365850
15.859750 -29.583064 -1.365850
16.321690 -29.706840 -1.365850
16.783629 -29.583064 -1.365850
17.121793 -29.244901 -1.365850
17.321690 -28.782961 -1.748534
17.187715 -28.282961 -1.748534
16.821690 -27.916935 -1.748534
16.321690 -27.782961 -1.748534
15.821690 -27.916935 -1.748534
15.455664 -28.282961 -1.748534
15.321690 -28.782961 -1.748534
15.455664 -29.282961 -1.748534
15.821690 -29.648986 -1.748534
16.321690 -29.782961 -1.748534
16.821690 -29.648986 -1.748534
17.187715 -29.282961 -1.748534
17.245569 -28.782961 -2.131217
17.121793 -28.321021 -2.131217
16.783629 -27.982858 -2.131217
16.321690 -27.859081 -2.131217
15.859750 -27.982858 -2.131217
15.521586 -28.321021 -2.131217
15.397810 -28.782961 -2.131217
15.521586 -29.244901 -2.131217
15.859750 -29.583064 -2.131217
16.321690 -29.706840 -2.131217
16.783629 -29.583064 -2.131217
17.121793 -29.244901 -2.131217
17.028796 -28.782961 -2.455640
16.934062 -28.429408 -2.455640
16.675243 -28.170588 -2.455640
16.321690 -28.075854 -2.455640
15.968136 -28.170588 -2.455640
15.709317 -28.429408 -2.455640
15.614583 -28.782961 -2.455640
15.709317 -29.136514 -2.455640
15.968136 -29.395333 -2.455640
16.321690 -29.490068 -2.455640
16.675243 -29.395333 -2.455640
16.934062 -29.136514 -2.455640
16.704373 -28.782961 -2.672413
16.653103 -28.591619 -2.672413
16.513031 -28.451547 -2.672413
16.321690 -28.400277 -2.672413
16.130348 -28.451547 -2.672413
15.990276 -28.591619 -2.672413
15.939006 -28.782961 -2.672413
15.990276 -28.974303 -2.672413
16.130348 -29.114374 -2.672413
16.321690 -29.165644 -2.672413
16.513031 -29.114374 -2.672413
16.653103 -28.974303 -2.672413
16.321690 -28.782961 -2.748534
14.372568 -28.690956 -2.817675
14.755252 -28.690956 -2.893796
14.703982 -28.499614 -2.893796
14.563910 -28.359543 -2.893796
14.372568 -28.308273 -2.893796
14.181226 -28.359543 -2.893796
14.041155 -28.499614 -2.893796
13.989885 -28.690956 -2.893796
14.041155 -28.882298 -2.893796
14.181226 -29.022370 -2.893796
14.372568 -29.073640 -2.893796
14.563910 -29.022370 -2.893796
14.703982 -28.882298 -2.893796
15.079675 -28.690956 -3.110569
14.984941 -28.337403 -3.110569
14.726122 -28.078584 -3.110569
14.372568 -27.983849 -3.110569
14.019015 -28.078584 -3.110569
13.760196 -28.337403 -3.110569
13.665461 -28.690956 -3.110569
13.760196 -29.044510 -3.110569
14.019015 -29.303329 -3.110569
14.372568 -29.398063 -3.110569
14.726122 -29.303329 -3.110569
14.984941 -29.044510 -3.110569
15.296448 -28.690956 -3.434992
15.172671 -28.229016 -3.434992
14.834508 -27.890853 -3.434992
14.372568 -27.767077 -3.434992
13.910628 -27.890853 -3.434992
13.572465 -28.229016 -3.434992
13.448689 -28.690956 -3.434992
13.572465 -29.152896 -3.434992
13.910628 -29.491059 -3.434992
14.372568 -29.614836 -3.434992
14.834508 -29.491059 -3.434992
15.172671 -29.152896 -3.434992
15.372568 -28.690956 -3.817675
15.238594 -28.190956 -3.817675
14.872568 -27.824931 -3.817675
14.372568 -27.690956 -3.817675
13.872568 -27.824931 -3.817675
13.506543 -28.190956 -3.817675
13.372568 -28.690956 -3.817675
13.506543 -29.190956 -3.817675
13.872568 -29.556982 -3.817675
14.372568 -29.690956 -3.817675
14.872568 -29.556982 -3.817675
15.238594 -29.190956 -3.817675
15.296448 -28.690956 -4.200359
15.172671 -28.229016 -4.200359
14.834508 -27.890853 -4.200359
14.372568 -27.767077 -4.200359
13.910628 -27.890853 -4.200359
13.572465 -28.229016 -4.200359
13.448689 -28.690956 -4.200359
13.572465 -29.152896 -4.200359
13.910628 -29.491059 -4.200359
14.372568 -29.614836 -4.200359
14.834508 -29.491059 -4.200359
15.172671 -29.152896 -4.200359
15.079675 -28.690956 -4.524782
14.984941 -28.337403 -4.524782
14.726122 -28.078584 -4.524782
14.372568 -27.983849 -4.524782
14.019015 -28.078584 -4.524782
13.760196 -28.337403 -4.524782
13.665461 -28.690956 -4.524782
13.760196 -29.044510 -4.524782
14.019015 -29.303329 -4.524782
14.372568 -29.398063 -4.524782
14.726122 -29.303329 -4.524782
14.984941 -29.044510 -4.524782
14.755252 -28.690956 -4.741555
14.703982 -28.499614 -4.741555
14.563910 -28.359543 -4.741555
14.372568 -28.308273 -4.741555
14.181226 -28.359543 -4.741555
14.041155 -28.499614 -4.741555
13.989885 -28.690956 -4.741555
14.041155 -28.882298 -4.741555
14.181226 -29.022370 -4.741555
14.372568 -29.073640 -4.741555
14.563910 -29.022370 -4.741555
14.703982 -28.882298 -4.741555
14.372568 -28.690956 -4.817675
12.555367 -28.392960 -5.554188
12.938051 -28.392960 -5.630309
12.886781 -28.201618 -5.630309
12.746709 -28.061546 -5.630309
12.555367 -28.010276 -5.630309
12.364026 -28.061546 -5.630309
12.223954 -28.201618 -5.630309
12.172684 -28.392960 -5.630309
12.223954 -28.584301 -5.630309
12.364026 -28.724373 -5.630309
12.555367 -28.775643 -5.630309
12.746709 -28.724373 -5.630309
12.886781 -28.584301 -5.630309
13.262474 -28.392960 -5.847081
13.167740 -28.039406 -5.847081
12.908921 -27.780587 -5.847081
12.555367 -27.685853 -5.847081
12.201814 -27.780587 -5.847081
11.942995 -28.039406 -5.847081
11.848261 -28.392960 -5.847081
11.942995 -28.746513 -5.847081
12.201814 -29.005332 -5.847081
12.555367 -29.100066 -5.847081
12.908921 -29.005332 -5.847081
13.167740 -28.746513 -5.847081
13.479247 -28.392960 -6.171505
13.355471 -27.931020 -6.171505
13.017307 -27.592856 -6.171505
12.555367 -27.469080 -6.171505
12.093428 -27.592856 -6.171505
11.755264 -27.931020 -6.171505
11.631488 -28.392960 -6.171505
11.755264 -28.854899 -6.171505
12.093428 -29.193063 -6.171505
12.555367 -29.316839 -6.171505
13.017307 -29.193063 -6.171505
13.355471 -28.854899 -6.171505
13.555367 -28.392960 -6.554188
13.421393 -27.892960 -6.554188
13.055367 -27.526934 -6.554188
12.555367 -27.392960 -6.554188
12.055367 -27.526934 -6.554188
11.689342 -27.892960 -6.554188
11.555367 -28.392960 -6.554188
11.689342 -28.892960 -6.554188
12.055367 -29.258985 -6.554188
12.555367 -29.392960 -6.554188
13.055367 -29.258985 -6.554188
13.421393 -28.892960 -6.554188
13.479247 -28.392960 -6.936872
13.355471 -27.931020 -6.936872
13.017307 -27.592856 -6.936872
12.555367 -27.469080 -6.936872
12.093428 -27.592856 -6.936872
11.755264 -27.931020 -6.936872
11.631488 -28.392960 -6.936872
11.755264 -28.854899 -6.936872
12.093428 -29.193063 -6.936872
12.555367 -29.316839 -6.936872
13.017307 -29.193063 -6.936872
13.355471 -28.854899 -6.936872
13.262474 -28.392960 -7.261295
13.167740 -28.039406 -7.261295
12.908921 -27.780587 -7.261295
12.555367 -27.685853 -7.261295
12.201814 -27.780587 -7.261295
11.942995 -28.039406 -7.261295
11.848261 -28.392960 -7.261295
11.942995 -28.746513 -7.261295
12.201814 -29.005332 -7.261295
12.555367 -29.100066 -7.261295
12.908921 -29.005332 -7.261295
13.167740 -28.746513 -7.261295
12.938051 -28.392960 -7.478068
12.886781 -28.201618 -7.478068
12.746709 -28.061546 -7.478068
12.555367 -28.010276 -7.478068
12.364026 -28.061546 -7.478068
12.223954 -28.201618 -7.478068
12.172684 -28.392960 -7.478068
12.223954 -28.584301 -7.478068
12.364026 -28.724373 -7.478068
12.555367 -28.775643 -7.478068
12.746709 -28.724373 -7.478068
12.886781 -28.584301 -7.478068
12.555367 -28.392960 -7.554188
10.727625 -28.322992 -6.278320
11.110308 -28.322992 -6.354440
11.059038 -28.131651 -6.354440
10.918967 -27.991579 -6.354440
10.727625 -27.940309 -6.354440
10.536283 -27.991579 -6.354440
10.396211 -28.131651 -6.354440
10.344941 -28.322992 -6.354440
10.396211 -28.514334 -6.354440
10.536283 -28.654406 -6.354440
10.727625 -28.705676 -6.354440
10.918967 -28.654406 -6.354440
11.059038 -28.514334 -6.354440
11.434732 -28.322992 -6.571213
11.339997 -27.969439 -6.571213
11.081178 -27.710620 -6.571213
10.727625 -27.615886 -6.571213
10.374072 -27.710620 -6.571213
10.115252 -27.969439 -6.571213
10.020518 -28.322992 -6.571213
10.115252 -28.676546 -6.571213
10.374072 -28.935365 -6.571213
10.727625 -29.030099 -6.571213
11.081178 -28.935365 -6.571213
11.339997 -28.676546 -6.571213
11.651504 -28.322992 -6.895636
11.527728 -27.861053 -6.895636
11.189565 -27.522889 -6.895636
10.727625 -27.399113 -6.895636
10.265685 -27.522889 -6.895636
9.927522 -27.861053 -6.895636
9.803745 -28.322992 -6.895636
9.927522 -28.784932 -6.895636
10.265685 -29.123095 -6.895636
10.727625 -29.246872 -6.895636
11.189565 -29.123095 -6.895636
11.527728 -28.784932 -6.895636
11.727625 -28.322992 -7.278320
11.593650 -27.822992 -7.278320
11.227625 -27.456967 -7.278320
10.727625 -27.322992 -7.278320
10.227625 -27.456967 -7.278320
9.861599 -27.822992 -7.278320
9.727625 -28.322992 -7.278320
9.861599 -28.822992 -7.278320
10.227625 -29.189018 -7.278320
10.727625 -29.322992 -7.278320
11.227625 -29.189018 -7.278320
11.593650 -28.822992 -7.278320
11.651504 -28.322992 -7.661003
11.527728 -27.861053 -7.661003
11.189565 -27.522889 -7.661003
10.727625 -27.399113 -7.661003
10.265685 -27.522889 -7.661003
9.927522 -27.861053 -7.661003
9.803745 -28.322992 -7.661003
9.927522 -28.784932 -7.661003
10.265685 -29.123095 -7.661003
10.727625 -29.246872 -7.661003
11.189565 -29.123095 -7.661003
11.527728 -28.784932 -7.661003
11.434732 -28.322992 -7.985427
11.339997 -27.969439 -7.985427
11.081178 -27.710620 -7.985427
10.727625 -27.615886 -7.985427
10.374072 -27.710620 -7.985427
10.115252 -27.969439 -7.985427
10.020518 -28.322992 -7.985427
10.115252 -28.676546 -7.985427
10.374072 -28.935365 -7.985427
10.727625 -29.030099 -7.985427
11.081178 -28.935365 -7.985427
11.339997 -28.676546 -7.985427
11.110308 -28.322992 -8.202199
11.059038 -28.131651 -8.202199
10.918967 -27.991579 -8.202199
10.727625 -27.940309 -8.202199
10.536283 -27.991579 -8.202199
10.396211 -28.131651 -8.202199
10.344941 -28.322992 -8.202199
10.396211 -28.514334 -8.202199
10.536283 -28.654406 -8.202199
10.727625 -28.705676 -8.202199
10.918967 -28.654406 -8.202199
11.059038 -28.514334 -8.202199
10.727625 -28.322992 -8.278320
7.885589 -27.778522 -7.928191
8.268272 -27.778522 -8.004312
8.217002 -27.587181 -8.004312
8.076930 -27.447109 -8.004312
7.885589 -27.395839 -8.004312
7.694247 -27.447109 -8.004312
7.554175 -27.587181 -8.004312
7.502905 -27.778522 -8.004312
7.554175 -27.969864 -8.004312
7.694247 -28.109936 -8.004312
7.885589 -28.161206 -8.004312
8.076930 -28.109936 -8.004312
8.217002 -27.969864 -8.004312
8.592695 -27.778522 -8.221084
8.497961 -27.424969 -8.221084
8.239142 -27.166150 -8.221084
7.885589 -27.071416 -8.221084
7.532035 -27.166150 -8.221084
7.273216 -27.424969 -8.221084
7.178482 -27.778522 -8.221084
7.273216 -28.132076 -8.221084
7.532035 -28.390895 -8.221084
7.885589 -28.485629 -8.221084
8.239142 -28.390895 -8.221084
8.497961 -28.132076 -8.221084
8.809468 -27.778522 -8.545508
8.685692 -27.316583 -8.545508
8.347528 -26.978419 -8.545508
7.885589 -26.854643 -8.545508
7.423649 -26.978419 -8.545508
7.085486 -27.316583 -8.545508
6.961709 -27.778522 -8.545508
7.085486 -28.240462 -8.545508
7.423649 -28.578626 -8.545508
7.885589 -28.702402 -8.545508
8.347528 -28.578626 -8.545508
8.685692 -28.240462 -8.545508
8.885589 -27.778522 -8.928191
8.751614 -27.278522 -8.928191
8.385589 -26.912497 -8.928191
7.885589 -26.778522 -8.928191
7.385589 -26.912497 -8.928191
7.019563 -27.278522 -8.928191
6.885589 -27.778522 -8.928191
7.019563 -28.278522 -8.928191
7.385589 -28.644548 -8.928191
7.885589 -28.778522 -8.928191
8.385589 -28.644548 -8.928191
8.751614 -28.278522 -8.928191
8.809468 -27.778522 -9.310875
8.685692 -27.316583 -9.310875
8.347528 -26.978419 -9.310875
7.885589 -26.854643 -9.310875
7.423649 -26.978419 -9.310875
7.085486 -27.316583 -9.310875
6.961709 -27.778522 -9.310875
7.085486 -28.240462 -9.310875
7.423649 -28.578626 -9.310875
7.885589 -28.702402 -9.310875
8.347528 -28.578626 -9.310875
8.685692 -28.240462 -9.310875
8.592695 -27.778522 -9.635298
8.497961 -27.424969 -9.635298
8.239142 -27.166150 -9.635298
7.885589 -27.071416 -9.635298
7.532035 -27.166150 -9.635298
7.273216 -27.424969 -9.635298
7.178482 -27.778522 -9.635298
7.273216 -28.132076 -9.635298
7.532035 -28.390895 -9.635298
7.885589 -28.485629 -9.635298
8.239142 -28.390895 -9.635298
8.497961 -28.132076 -9.635298
8.268272 -27.778522 -9.852071
8.217002 -27.587181 -9.852071
8.076930 -27.447109 -9.852071
7.885589 -27.395839 -9.852071
7.694247 -27.447109 -9.852071
7.554175 -27.587181 -9.852071
7.502905 -27.778522 -9.852071
7.554175 -27.969864 -9.852071
7.694247 -28.109936 -9.852071
7.885589 -28.161206 -9.852071
8.076930 -28.109936 -9.852071
8.217002 -27.969864 -9.852071
7.885589 -27.778522 -9.928191
20.134052 -27.445324 3.570019
20.516736 -27.445324 3.493898
20.465466 -27.253982 3.493898
20.325394 -27.113910 3.493898
20.134052 -27.062641 3.493898
19.942711 -27.113910 3.493898
19.802639 -27.253982 3.493898
19.751369 -27.445324 3.493898
19.802639 -27.636666 3.493898
19.942711 -27.776738 3.493898
20.134052 -27.828007 3.493898
20.325394 -27.776738 3.493898
20.465466 -27.636666 3.493898
20.841159 -27.445324 3.277125
20.746425 -27.091771 3.277125
20.487606 -26.832952 3.277125
20.134052 -26.738217 3.277125
19.780499 -26.832952 3.277125
19.521680 -27.091771 3.277125
19.426945 -27.445324 3.277125
19.521680 -27.798877 3.277125
19.780499 -28.057696 3.277125
20.134052 -28.152431 3.277125
20.487606 -28.057696 3.277125
20.746425 -27.798877 3.277125
21.057932 -27.445324 2.952702
20.934155 -26.983384 2.952702
20.595992 -26.645221 2.952702
20.134052 -26.521444 2.952702
19.672113 -26.645221 2.952702
19.333949 -26.983384 2.952702
19.210173 -27.445324 2.952702
19.333949 -27.907264 2.952702
19.672113 -28.245427 2.952702
20.134052 -28.369203 2.952702
20.595992 -28.245427 2.952702
20.934155 -27.907264 2.952702
21.134052 -27.445324 2.570019
21.000078 -26.945324 2.570019
20.634052 -26.579299 2.570019
20.134052 -26.445324 2.570019
19.634052 -26.579299 2.570019
19.268027 -26.945324 2.570019
19.134052 -27.445324 2.570019
19.268027 -27.945324 2.570019
19.634052 -28.311349 2.570019
20.134052 -28.445324 2.570019
20.634052 -28.311349 2.570019
21.000078 -27.945324 2.570019
21.057932 -27.445324 2.187335
20.934155 -26.983384 2.187335
20.595992 -26.645221 2.187335
20.134052 -26.521444 2.187335
19.672113 -26.645221 2.187335
19.333949 -26.983384 2.187335
19.210173 -27.445324 2.187335
19.333949 -27.907264 2.187335
19.672113 -28.245427 2.187335
20.134052 -28.369203 2.187335
20.595992 -28.245427 2.187335
20.934155 -27.907264 2.187335
20.841159 -27.445324 1.862912
20.746425 -27.091771 1.862912
20.487606 -26.832952 1.862912
20.134052 -26.738217 1.862912
19.780499 -26.832952 1.862912
19.521680 -27.091771 1.862912
19.426945 -27.445324 1.862912
19.521680 -27.798877 1.862912
19.780499 -28.057696 1.862912
20.134052 -28.152431 1.862912
20.487606 -28.057696 1.862912
20.746425 -27.798877 1.862912
20.516736 -27.445324 1.646139
20.465466 -27.253982 1.646139
20.325394 -27.113910 1.646139
20.134052 -27.062641 1.646139
19.942711 -27.113910 1.646139
19.802639 -27.253982 1.646139
19.751369 -27.445324 1.646139
19.802639 -27.636666 1.646139
19.942711 -27.776738 1.646139
20.134052 -27.828007 1.646139
20.325394 -27.776738 1.646139
20.465466 -27.636666 1.646139
20.134052 -27.445324 1.570019
21.315834 -26.136402 6.532238
21.698517 -26.136402 6.456118
21.647248 -25.945060 6.456118
21.507176 -25.804989 6.456118
21.315834 -25.753719 6.456118
21.124492 -25.804989 6.456118
20.984420 -25.945060 6.456118
20.933151 -26.136402 6.456118
20.984420 -26.327744 6.456118
21.124492 -26.467816 6.456118
21.315834 -26.519086 6.456118
21.507176 -26.467816 6.456118
21.647248 -26.327744 6.456118
22.022941 -26.136402 6.239345
21.928206 -25.782849 6.239345
21.669387 -25.524030 6.239345
21.315834 -25.429295 6.239345
20.962281 -25.524030 6.239345
20.703462 -25.782849 6.239345
20.608727 -26.136402 6.239345
20.703462 -26.489956 6.239345
20.962281 -26.748775 6.239345
21.315834 -26.843509 6.239345
21.669387 -26.748775 6.239345
21.928206 -26.489956 6.239345
22.239714 -26.136402 5.914921
22.115937 -25.674462 5.914921
21.777774 -25.336299 5.914921
21.315834 -25.212523 5.914921
20.853894 -25.336299 5.914921
20.515731 -25.674462 5.914921
20.391955 -26.136402 5.914921
20.515731 -26.598342 5.914921
20.853894 -26.936505 5.914921
21.315834 -27.060282 5.914921
21.777774 -26.936505 5.914921
22.115937 -26.598342 5.914921
22.315834 -26.136402 5.532238
22.181859 -25.636402 5.532238
21.815834 -25.270377 5.532238
21.315834 -25.136402 5.532238
20.815834 -25.270377 5.532238
20.449809 -25.636402 5.532238
20.315834 -26.136402 5.532238
20.449809 -26.636402 5.532238
20.815834 -27.002428 5.532238
21.315834 -27.136402 5.532238
21.815834 -27.002428 5.532238
22.181859 -26.636402 5.532238
22.239714 -26.136402 5.149555
22.115937 -25.674462 5.149555
21.777774 -25.336299 5.149555
21.315834 -25.212523 5.149555
20.853894 -25.336299 5.149555
20.515731 -25.674462 5.149555
20.391955 -26.136402 5.149555
20.515731 -26.598342 5.149555
20.853894 -26.936505 5.149555
21.315834 -27.060282 5.149555
21.777774 -26.936505 5.149555
22.115937 -26.598342 5.149555
22.022941 -26.136402 4.825131
21.928206 -25.782849 4.825131
21.669387 -25.524030 4.825131
21.315834 -25.429295 4.825131
20.962281 -25.524030 4.825131
20.703462 -25.782849 4.825131
20.608727 -26.136402 4.825131
20.703462 -26.489956 4.825131
20.962281 -26.748775 4.825131
21.315834 -26.843509 4.825131
21.669387 -26.748775 4.825131
21.928206 -26.489956 4.825131
21.698517 -26.136402 4.608358
21.647248 -25.945060 4.608358
21.507176 -25.804989 4.608358
21.315834 -25.753719 4.608358
21.124492 -25.804989 4.608358
20.984420 -25.945060 4.608358
20.933151 -26.136402 4.608358
20.984420 -26.327744 4.608358
21.124492 -26.467816 4.608358
21.315834 -26.519086 4.608358
21.507176 -26.467816 4.608358
21.647248 -26.327744 4.608358
21.315834 -26.136402 4.532238
22.487804 -24.764801 8.790761
22.870488 -24.764801 8.714641
22.819218 -24.573459 8.714641
22.679146 -24.433387 8.714641
22.487804 -24.382118 8.714641
22.296463 -24.433387 8.714641
22.156391 -24.573459 8.714641
22.105121 -24.764801 8.714641
22.156391 -24.956143 8.714641
22.296463 -25.096215 8.714641
22.487804 -25.147484 8.714641
22.679146 -25.096215 8.714641
22.819218 -24.956143 8.714641
23.194911 -24.764801 8.497868
23.100177 -24.411248 8.497868
22.841358 -24.152429 8.497868
22.487804 -24.057694 8.497868
22.134251 -24.152429 8.497868
21.875432 -24.411248 8.497868
21.780698 -24.764801 8.497868
21.875432 -25.118354 8.497868
22.134251 -25.377173 8.497868
22.487804 -25.471908 8.497868
22.841358 -25.377173 8.497868
23.100177 -25.118354 8.497868
23.411684 -24.764801 8.173444
23.287908 -24.302861 8.173444
22.949744 -23.964698 8.173444
22.487804 -23.840921 8.173444
22.025865 -23.964698 8.173444
21.687701 -24.302861 8.173444
21.563925 -24.764801 8.173444
21.687701 -25.226741 8.173444
22.025865 -25.564904 8.173444
22.487804 -25.688681 8.173444
22.949744 -25.564904 8.173444
23.287908 -25.226741 8.173444
23.487804 -24.764801 7.790761
23.353830 -24.264801 7.790761
22.987804 -23.898776 7.790761
22.487804 -23.764801 7.790761
21.987804 -23.898776 7.790761
21.621779 -24.264801 7.790761
21.487804 -24.764801 7.790761
21.621779 -25.264801 7.790761
21.987804 -25.630826 7.790761
22.487804 -25.764801 7.790761
22.987804 -25.630826 7.790761
23.353830 -25.264801 7.790761
23.411684 -24.764801 7.408078
23.287908 -24.302861 7.408078
22.949744 -23.964698 7.408078
22.487804 -23.840921 7.408078
22.025865 -23.964698 7.408078
21.687701 -24.302861 7.408078
21.563925 -24.764801 7.408078
21.687701 -25.226741 7.408078
22.025865 -25.564904 7.408078
22.487804 -25.688681 7.408078
22.949744 -25.564904 7.408078
23.287908 -25.226741 7.408078
23.194911 -24.764801 7.083654
23.100177 -24.411248 7.083654
22.841358 -24.152429 7.083654
22.487804 -24.057694 7.083654
22.134251 -24.152429 7.083654
21.875432 -24.411248 7.083654
21.780698 -24.764801 7.083654
21.875432 -25.118354 7.083654
22.134251 -25.377173 7.083654
22.487804 -25.471908 7.083654
22.841358 -25.377173 7.083654
23.100177 -25.118354 7.083654
22.870488 -24.764801 6.866881
22.819218 -24.573459 6.866881
22.679146 -24.433387 6.866881
22.487804 -24.382118 6.866881
22.296463 -24.433387 6.866881
22.156391 -24.573459 6.866881
22.105121 -24.764801 6.866881
22.156391 -24.956143 6.866881
22.296463 -25.096215 6.866881
22.487804 -25.147484 6.866881
22.679146 -25.096215 6.866881
22.819218 -24.956143 6.866881
22.487804 -24.764801 6.790761
23.591528 -23.447195 10.482304
23.974211 -23.447195 10.406183
23.922942 -23.255853 10.406183
23.782870 -23.115781 10.406183
23.591528 -23.064512 10.406183
23.400186 -23.115781 10.406183
23.260114 -23.255853 10.406183
23.208845 -23.447195 10.406183
23.260114 -23.638537 10.406183
23.400186 -23.778609 10.406183
23.591528 -23.829878 10.406183
23.782870 -23.778609 10.406183
23.922942 -23.638537 10.406183
24.298635 -23.447195 10.189410
24.203900 -23.093642 10.189410
23.945081 -22.834823 10.189410
23.591528 -22.740088 10.189410
23.237975 -22.834823 10.189410
22.979156 -23.093642 10.189410
22.884421 -23.447195 10.189410
22.979156 -23.800748 10.189410
23.237975 -24.059567 10.189410
23.591528 -24.154302 10.189410
23.945081 -24.059567 10.189410
24.203900 -23.800748 10.189410
24.515407 -23.447195 9.864987
24.391631 -22.985255 9.864987
24.053468 -22.647092 9.864987
23.591528 -22.523316 9.864987
23.129588 -22.647092 9.864987
22.791425 -22.985255 9.864987
22.667648 -23.447195 9.864987
22.791425 -23.909135 9.864987
23.129588 -24.247298 9.864987
23.591528 -24.371075 9.864987
24.053468 -24.247298 9.864987
24.391631 -23.909135 9.864987
24.591528 -23.447195 9.482304
24.457553 -22.947195 9.482304
24.091528 -22.581170 9.482304
23.591528 -22.447195 9.482304
23.091528 -22.581170 9.482304
22.725503 -22.947195 9.482304
22.591528 -23.447195 9.482304
22.725503 -23.947195 9.482304
23.091528 -24.313220 9.482304
23.591528 -24.447195 9.482304
24.091528 -24.313220 9.482304
24.457553 -23.947195 9.482304
24.515407 -23.447195 9.099620
24.391631 -22.985255 9.099620
24.053468 -22.647092 9.099620
23.591528 -22.523316 9.099620
23.129588 -22.647092 9.099620
22.791425 -22.985255 9.099620
22.667648 -23.447195 9.099620
22.791425 -23.909135 9.099620
23.129588 -24.247298 9.099620
23.591528 -24.371075 9.099620
24.053468 -24.247298 9.099620
24.391631 -23.909135 9.099620
24.298635 -23.447195 8.775197
24.203900 -23.093642 8.775197
23.945081 -22.834823 8.775197
23.591528 -22.740088 8.775197
23.237975 -22.834823 8.775197
22.979156 -23.093642 8.775197
22.884421 -23.447195 8.775197
22.979156 -23.800748 8.775197
23.237975 -24.059567 8.775197
23.591528 -24.154302 8.775197
23.945081 -24.059567 8.775197
24.203900 -23.800748 8.775197
23.974211 -23.447195 8.558424
23.922942 -23.255853 8.558424
23.782870 -23.115781 8.558424
23.591528 -23.064512 8.558424
23.400186 -23.115781 8.558424
23.260114 -23.255853 8.558424
23.208845 -23.447195 8.558424
23.260114 -23.638537 8.558424
23.400186 -23.778609 8.558424
23.591528 -23.829878 8.558424
23.782870 -23.778609 8.558424
23.922942 -23.638537 8.558424
23.591528 -23.447195 8.482304
24.160126 -22.839289 12.446440
24.542809 -22.839289 12.370319
24.491539 -22.647947 12.370319
24.351467 -22.507875 12.370319
24.160126 -22.456605 12.370319
23.968784 -22.507875 12.370319
23.828712 -22.647947 12.370319
23.777442 -22.839289 12.370319
23.828712 -23.030630 12.370319
23.968784 -23.170702 12.370319
24.160126 -23.221972 12.370319
24.351467 -23.170702 12.370319
24.491539 -23.030630 12.370319
24.867233 -22.839289 12.153547
24.772498 -22.485735 12.153547
24.513679 -22.226916 12.153547
24.160126 -22.132182 12.153547
23.806572 -22.226916 12.153547
23.547753 -22.485735 12.153547
23.453019 -22.839289 12.153547
23.547753 -23.192842 12.153547
23.806572 -23.451661 12.153547
24.160126 -23.546395 12.153547
24.513679 -23.451661 12.153547
24.772498 -23.192842 12.153547
25.084005 -22.839289 11.829123
24.960229 -22.377349 11.829123
24.622065 -22.039186 11.829123
24.160126 -21.915409 11.829123
23.698186 -22.039186 11.829123
23.360023 -22.377349 11.829123
23.236246 -22.839289 11.829123
23.360023 -23.301228 11.829123
23.698186 -23.639392 11.829123
24.160126 -23.763168 11.829123
24.622065 -23.639392 11.829123
24.960229 -23.301228 11.829123
25.160126 -22.839289 11.446440
25.026151 -22.339289 11.446440
24.660126 -21.973263 11.446440
24.160126 -21.839289 11.446440
23.660126 -21.973263 11.446440
23.294100 -22.339289 11.446440
23.160126 -22.839289 11.446440
23.294100 -23.339289 11.446440
23.660126 -23.705314 11.446440
24.160126 -23.839289 11.446440
24.660126 -23.705314 11.446440
25.026151 -23.339289 11.446440
25.084005 -22.839289 11.063756
24.960229 -22.377349 11.063756
24.622065 -22.039186 11.063756
24.160126 -21.915409 11.063756
23.698186 -22.039186 11.063756
23.360023 -22.377349 11.063756
23.236246 -22.839289 11.063756
23.360023 -23.301228 11.063756
23.698186 -23.639392 11.063756
24.160126 -23.763168 11.063756
24.622065 -23.639392 11.063756
24.960229 -23.301228 11.063756
24.867233 -22.839289 10.739333
24.772498 -22.485735 10.739333
24.513679 -22.226916 10.739333
24.160126 -22.132182 10.739333
23.806572 -22.226916 10.739333
23.547753 -22.485735 10.739333
23.453019 -22.839289 10.739333
23.547753 -23.192842 10.739333
23.806572 -23.451661 10.739333
24.160126 -23.546395 10.739333
24.513679 -23.451661 10.739333
24.772498 -23.192842 10.739333
24.542809 -22.839289 10.522560
24.491539 -22.647947 10.522560
24.351467 -22.507875 10.522560
24.160126 -22.456605 10.522560
23.968784 -22.507875 10.522560
23.828712 -22.647947 10.522560
23.777442 -22.839289 10.522560
23.828712 -23.030630 10.522560
23.968784 -23.170702 10.522560
24.160126 -23.221972 10.522560
24.351467 -23.170702 10.522560
24.491539 -23.030630 10.522560
24.160126 -22.839289 10.446440
19.479231 18.837069 8.711792
19.861914 18.837069 8.635672
19.810644 19.028410 8.635672
19.670573 19.168482 8.635672
19.479231 19.219752 8.635672
19.287889 19.168482 8.635672
19.147817 19.028410 8.635672
19.096547 18.837069 8.635672
19.147817 18.645727 8.635672
19.287889 18.505655 8.635672
19.479231 18.454385 8.635672
19.670573 18.505655 8.635672
19.810644 18.645727 8.635672
20.186338 18.837069 8.418899
20.091603 19.190622 8.418899
19.832784 19.449441 8.418899
19.479231 19.544175 8.418899
19.125677 19.449441 8.418899
18.866858 19.190622 8.418899
18.772124 18.837069 8.418899
18.866858 18.483515 8.418899
19.125677 18.224696 8.418899
19.479231 18.129962 8.418899
19.832784 18.224696 8.418899
20.091603 18.483515 8.418899
20.403110 18.837069 8.094475
20.279334 19.299008 8.094475
19.941171 19.637172 8.094475
19.479231 19.760948 8.094475
19.017291 19.637172 8.094475
18.679128 19.299008 8.094475
18.555351 18.837069 8.094475
18.679128 18.375129 8.094475
19.017291 18.036965 8.094475
19.479231 17.913189 8.094475
19.941171 18.036965 8.094475
20.279334 18.375129 8.094475
20.479231 18.837069 7.711792
20.345256 19.337069 7.711792
19.979231 19.703094 7.711792
19.479231 19.837069 7.711792
18.979231 19.703094 7.711792
18.613205 19.337069 7.711792
18.479231 18.837069 7.711792
18.613205 18.337069 7.711792
18.979231 17.971043 7.711792
19.479231 17.837069 7.711792
19.979231 17.971043 7.711792
20.345256 18.337069 7.711792
20.403110 18.837069 7.329109
20.279334 19.299008 7.329109
19.941171 19.637172 7.329109
19.479231 19.760948 7.329109
19.017291 19.637172 7.329109
18.679128 19.299008 7.329109
18.555351 18.837069 7.329109
18.679128 18.375129 7.329109
19.017291 18.036965 7.329109
19.479231 17.913189 7.329109
19.941171 18.036965 7.329109
20.279334 18.375129 7.329109
20.186338 18.837069 7.004685
20.091603 19.190622 7.004685
19.832784 19.449441 7.004685
19.479231 19.544175 7.004685
19.125677 19.449441 7.004685
18.866858 19.190622 7.004685
18.772124 18.837069 7.004685
18.866858 18.483515 7.004685
19.125677 18.224696 7.004685
19.479231 18.129962 7.004685
19.832784 18.224696 7.004685
20.091603 18.483515 7.004685
19.861914 18.837069 6.787912
19.810644 19.028410 6.787912
19.670573 19.168482 6.787912
19.479231 19.219752 6.787912
19.287889 19.168482 6.787912
19.147817 19.028410 6.787912
19.096547 18.837069 6.787912
19.147817 18.645727 6.787912
19.287889 18.505655 6.787912
19.479231 18.454385 6.787912
19.670573 18.505655 6.787912
19.810644 18.645727 6.787912
19.479231 18.837069 6.711792
18.061390 20.481865 7.212534
18.444073 20.481865 7.136413
18.392803 20.673207 7.136413
18.252732 20.813279 7.136413
18.061390 20.864548 7.136413
17.870048 20.813279 7.136413
17.729976 20.673207 7.136413
17.678706 20.481865 7.136413
17.729976 20.290523 7.136413
17.870048 20.150451 7.136413
18.061390 20.099181 7.136413
18.252732 20.150451 7.136413
18.392803 20.290523 7.136413
18.768497 20.481865 6.919641
18.673762 20.835418 6.919641
18.414943 21.094237 6.919641
18.061390 21.188972 6.919641
17.707837 21.094237 6.919641
17.449017 20.835418 6.919641
17.354283 20.481865 6.919641
17.449017 20.128312 6.919641
17.707837 19.869492 6.919641
18.061390 19.774758 6.919641
18.414943 19.869492 6.919641
18.673762 20.128312 6.919641
18.985269 20.481865 6.595217
18.861493 20.943805 6.595217
18.523330 21.281968 6.595217
18.061390 21.405744 6.595217
17.599450 21.281968 6.595217
17.261287 20.943805 6.595217
17.137510 20.481865 6.595217
17.261287 20.019925 6.595217
17.599450 19.681762 6.595217
18.061390 19.557985 6.595217
18.523330 19.681762 6.595217
18.861493 20.019925 6.595217
19.061390 20.481865 6.212534
18.927415 20.981865 6.212534
18.561390 21.347890 6.212534
18.061390 21.481865 6.212534
17.561390 21.347890 6.212534
17.195365 20.981865 6.212534
17.061390 20.481865 6.212534
17.195365 19.981865 6.212534
17.561390 19.615840 6.212534
18.061390 19.481865 6.212534
18.561390 19.615840 6.212534
18.927415 19.981865 6.212534
18.985269 20.481865 5.829851
18.861493 20.943805 5.829851
18.523330 21.281968 5.829851
18.061390 21.405744 5.829851
17.599450 21.281968 5.829851
17.261287 20.943805 5.829851
17.137510 20.481865 5.829851
17.261287 20.019925 5.829851
17.599450 19.681762 5.829851
18.061390 19.557985 5.829851
18.523330 19.681762 5.829851
18.861493 20.019925 5.829851
18.768497 20.481865 5.505427
18.673762 20.835418 5.505427
18.414943 21.094237 5.505427
18.061390 21.188972 5.505427
17.707837 21.094237 5.505427
17.449017 20.835418 5.505427
17.354283 20.481865 5.505427
17.449017 20.128312 5.505427
17.707837 19.869492 5.505427
18.061390 19.774758 5.505427
18.414943 19.869492 5.505427
18.673762 20.128312 5.505427
18.444073 20.481865 5.288654
18.392803 20.673207 5.288654
18.252732 20.813279 5.288654
18.061390 20.864548 5.288654
17.870048 20.813279 5.288654
17.729976 20.673207 5.288654
17.678706 20.481865 5.288654
17.729976 20.290523 5.288654
17.870048 20.150451 5.288654
18.061390 20.099181 5.288654
18.252732 20.150451 5.288654
18.392803 20.290523 5.288654
18.061390 20.481865 5.212534
16.251760 21.668726 6.547722
16.634444 21.668726 6.471602
16.583174 21.860068 6.471602
16.443102 22.000140 6.471602
16.251760 22.051409 6.471602
16.060419 22.000140 6.471602
15.920347 21.860068 6.471602
15.869077 21.668726 6.471602
15.920347 21.477384 6.471602
16.060419 21.337312 6.471602
16.251760 21.286043 6.471602
16.443102 21.337312 6.471602
16.583174 21.477384 6.471602
16.958867 21.668726 6.254829
16.864133 22.022279 6.254829
16.605314 22.281098 6.254829
16.251760 22.375833 6.254829
15.898207 22.281098 6.254829
15.639388 22.022279 6.254829
15.544654 21.668726 6.254829
15.639388 21.315173 6.254829
15.898207 21.056354 6.254829
16.251760 20.961619 6.254829
16.605314 21.056354 6.254829
16.864133 21.315173 6.254829
17.175640 21.668726 5.930406
17.051864 22.130666 5.930406
16.713700 22.468829 5.930406
16.251760 22.592605 5.930406
15.789821 22.468829 5.930406
15.451657 22.130666 5.930406
15.327881 21.668726 5.930406
15.451657 21.206786 5.930406
15.789821 20.868623 5.930406
16.251760 20.744846 5.930406
16.713700 20.868623 5.930406
17.051864 21.206786 5.930406
17.251760 21.668726 5.547722
17.117786 22.168726 5.547722
16.751760 22.534751 5.547722
16.251760 22.668726 5.547722
15.751760 22.534751 5.547722
15.385735 22.168726 5.547722
15.251760 21.668726 5.547722
15.385735 21.168726 5.547722
15.751760 20.802701 5.547722
16.251760 20.668726 5.547722
16.751760 20.802701 5.547722
17.117786 21.168726 5.547722
17.175640 21.668726 5.165039
17.051864 22.130666 5.165039
16.713700 22.468829 5.165039
16.251760 22.592605 5.165039
15.789821 22.468829 5.165039
15.451657 22.130666 5.165039
15.327881 21.668726 5.165039
15.451657 21.206786 5.165039
15.789821 20.868623 5.165039
16.251760 20.744846 5.165039
16.713700 20.868623 5.165039
17.051864 21.206786 5.165039
16.958867 21.668726 4.840616
16.864133 22.022279 4.840616
16.605314 22.281098 4.840616
16.251760 22.375833 4.840616
15.898207 22.281098 4.840616
15.639388 22.022279 4.840616
15.544654 21.668726 4.840616
15.639388 21.315173 4.840616
15.898207 21.056354 4.840616
16.251760 20.961619 4.840616
16.605314 21.056354 4.840616
16.864133 21.315173 4.840616
16.634444 21.668726 4.623843
16.583174 21.860068 4.623843
16.443102 22.000140 4.623843
16.251760 22.051409 4.623843
16.060419 22.000140 4.623843
15.920347 21.860068 4.623843
15.869077 21.668726 4.623843
15.920347 21.477384 4.623843
16.060419 21.337312 4.623843
16.251760 21.286043 4.623843
16.443102 21.337312 4.623843
16.583174 21.477384 4.623843
16.251760 21.668726 4.547722
14.527099 22.668016 6.088010
14.909782 22.668016 6.011890
14.858512 22.859358 6.011890
14.718440 22.999430 6.011890
14.527099 23.050700 6.011890
14.335757 22.999430 6.011890
14.195685 22.859358 6.011890
14.144415 22.668016 6.011890
14.195685 22.476675 6.011890
14.335757 22.336603 6.011890
14.527099 22.285333 6.011890
14.718440 22.336603 6.011890
14.858512 22.476675 6.011890
15.234205 22.668016 5.795117
15.139471 23.021570 5.795117
14.880652 23.280389 5.795117
14.527099 23.375123 5.795117
14.173545 23.280389 5.795117
13.914726 23.021570 5.795117
13.819992 22.668016 5.795117
13.914726 22.314463 5.795117
14.173545 22.055644 5.795117
14.527099 21.960910 5.795117
14.880652 22.055644 5.795117
15.139471 22.314463 5.795117
15.450978 22.668016 5.470694
15.327202 23.129956 5.470694
14.989038 23.468120 5.470694
14.527099 23.591896 5.470694
14.065159 23.468120 5.470694
13.726996 23.129956 5.470694
13.603219 22.668016 5.470694
13.726996 22.206077 5.470694
14.065159 21.867913 5.470694
14.527099 21.744137 5.470694
14.989038 21.867913 5.470694
15.327202 22.206077 5.470694
15.527099 22.668016 5.088010
15.393124 23.168016 5.088010
15.027099 23.534042 5.088010
14.527099 23.668016 5.088010
14.027099 23.534042 5.088010
13.661073 23.168016 5.088010
13.527099 22.668016 5.088010
13.661073 22.168016 5.088010
14.027099 21.801991 5.088010
14.527099 21.668016 5.088010
15.027099 21.801991 5.088010
15.393124 22.168016 5.088010
15.450978 22.668016 4.705327
15.327202 23.129956 4.705327
14.989038 23.468120 4.705327
14.527099 23.591896 4.705327
14.065159 23.468120 4.705327
13.726996 23.129956 4.705327
13.603219 22.668016 4.705327
13.726996 22.206077 4.705327
14.065159 21.867913 4.705327
14.527099 21.744137 4.705327
14.989038 21.867913 4.705327
15.327202 22.206077 4.705327
15.234205 22.668016 4.380904
15.139471 23.021570 4.380904
14.880652 23.280389 4.380904
14.527099 23.375123 4.380904
14.173545 23.280389 4.380904
13.914726 23.021570 4.380904
13.819992 22.668016 4.380904
13.914726 22.314463 4.380904
14.173545 22.055644 4.380904
14.527099 21.960910 4.380904
14.880652 22.055644 4.380904
15.139471 22.314463 4.380904
14.909782 22.668016 4.164131
14.858512 22.859358 4.164131
14.718440 22.999430 4.164131
14.527099 23.050700 4.164131
14.335757 22.999430 4.164131
14.195685 22.859358 4.164131
14.144415 22.668016 4.164131
14.195685 22.476675 4.164131
14.335757 22.336603 4.164131
14.527099 22.285333 4.164131
14.718440 22.336603 4.164131
14.858512 22.476675 4.164131
14.527099 22.668016 4.088010
12.192913 23.478943 5.615875
12.575596 23.478943 5.539754
12.524327 23.670285 5.539754
12.384255 23.810356 5.539754
12.192913 23.861626 5.539754
12.001571 23.810356 5.539754
11.861499 23.670285 5.539754
11.810230 23.478943 5.539754
11.861499 23.287601 5.539754
12.001571 23.147529 5.539754
12.192913 23.096259 5.539754
12.384255 23.147529 5.539754
12.524327 23.287601 5.539754
12.900020 23.478943 5.322982
12.805285 23.832496 5.322982
12.546466 24.091315 5.322982
12.192913 24.186050 5.322982
11.839360 24.091315 5.322982
11.580541 23.832496 5.322982
11.485806 23.478943 5.322982
11.580541 23.125389 5.322982
11.839360 22.866570 5.322982
12.192913 22.771836 5.322982
12.546466 22.866570 5.322982
12.805285 23.125389 5.322982
13.116793 23.478943 4.998558
12.993016 23.940883 4.998558
12.654853 24.279046 4.998558
12.192913 24.402822 4.998558
11.730973 24.279046 4.998558
11.392810 23.940883 4.998558
11.269034 23.478943 4.998558
11.392810 23.017003 4.998558
11.730973 22.678840 4.998558
12.192913 22.555063 4.998558
12.654853 22.678840 4.998558
12.993016 23.017003 4.998558
13.192913 23.478943 4.615875
13.058938 23.978943 4.615875
12.692913 24.344968 4.615875
12.192913 24.478943 4.615875
11.692913 24.344968 4.615875
11.326888 23.978943 4.615875
11.192913 23.478943 4.615875
11.326888 22.978943 4.615875
11.692913 22.612917 4.615875
12.192913 22.478943 4.615875
12.692913 22.612917 4.615875
13.058938 22.978943 4.615875
13.116793 23.478943 4.233191
12.993016 23.940883 4.233191
12.654853 24.279046 4.233191
12.192913 24.402822 4.233191
11.730973 24.279046 4.233191
11.392810 23.940883 4.233191
11.269034 23.478943 4.233191
11.392810 23.017003 4.233191
11.730973 22.678840 4.233191
12.192913 22.555063 4.233191
12.654853 22.678840 4.233191
12.993016 23.017003 4.233191
12.900020 23.478943 3.908768
12.805285 23.832496 3.908768
12.546466 24.091315 3.908768
12.192913 24.186050 3.908768
11.839360 24.091315 3.908768
11.580541 23.832496 3.908768
11.485806 23.478943 3.908768
11.580541 23.125389 3.908768
11.839360 22.866570 3.908768
12.192913 22.771836 3.908768
12.546466 22.866570 3.908768
12.805285 23.125389 3.908768
12.575596 23.478943 3.691995
12.524327 23.670285 3.691995
12.384255 23.810356 3.691995
12.192913 23.861626 3.691995
12.001571 23.810356 3.691995
11.861499 23.670285 3.691995
11.810230 23.478943 3.691995
11.861499 23.287601 3.691995
12.001571 23.147529 3.691995
12.192913 23.096259 3.691995
12.384255 23.147529 3.691995
12.524327 23.287601 3.691995
12.192913 23.478943 3.615875
10.064074 24.391994 5.419569
10.446757 24.391994 5.343449
10.395487 24.583336 5.343449
10.255415 24.723408 5.343449
10.064074 24.774678 5.343449
9.872732 24.723408 5.343449
9.732660 24.583336 5.343449
9.681390 24.391994 5.343449
9.732660 24.200653 5.343449
9.872732 24.060581 5.343449
10.064074 24.009311 5.343449
10.255415 24.060581 5.343449
10.395487 24.200653 5.343449
10.771180 24.391994 5.126676
10.676446 24.745548 5.126676
10.417627 25.004367 5.126676
10.064074 25.099101 5.126676
9.710520 25.004367 5.126676
9.451701 24.745548 5.126676
9.356967 24.391994 5.126676
9.451701 24.038441 5.126676
9.710520 23.779622 5.126676
10.064074 23.684888 5.126676
10.417627 23.779622 5.126676
10.676446 24.038441 5.126676
10.987953 24.391994 4.802252
10.864177 24.853934 4.802252
10.526013 25.192098 4.802252
10.064074 25.315874 4.802252
9.602134 25.192098 4.802252
9.263970 24.853934 4.802252
9.140194 24.391994 4.802252
9.263970 23.930055 4.802252
9.602134 23.591891 4.802252
10.064074 23.468115 4.802252
10.526013 23.591891 4.802252
10.864177 23.930055 4.802252
11.064074 24.391994 4.419569
10.930099 24.891994 4.419569
10.564074 25.258020 4.419569
10.064074 25.391994 4.419569
9.564074 25.258020 4.419569
9.198048 24.891994 4.419569
9.064074 24.391994 4.419569
9.198048 23.891994 4.419569
9.564074 23.525969 4.419569
10.064074 23.391994 4.419569
10.564074 23.525969 4.419569
10.930099 23.891994 4.419569
10.987953 24.391994 4.036886
10.864177 24.853934 4.036886
10.526013 25.192098 4.036886
10.064074 25.315874 4.036886
9.602134 25.192098 4.036886
9.263970 24.853934 4.036886
9.140194 24.391994 4.036886
9.263970 23.930055 4.036886
9.602134 23.591891 4.036886
10.064074 23.468115 4.036886
10.526013 23.591891 4.036886
10.864177 23.930055 4.036886
10.771180 24.391994 3.712462
10.676446 24.745548 3.712462
10.417627 25.004367 3.712462
10.064074 25.099101 3.712462
9.710520 25.004367 3.712462
9.451701 24.745548 3.712462
9.356967 24.391994 3.712462
9.451701 24.038441 3.712462
9.710520 23.779622 3.712462
10.064074 23.684888 3.712462
10.417627 23.779622 3.712462
10.676446 24.038441 3.712462
10.446757 24.391994 3.495689
10.395487 24.583336 3.495689
10.255415 24.723408 3.495689
10.064074 24.774678 3.495689
9.872732 24.723408 3.495689
9.732660 24.583336 3.495689
9.681390 24.391994 3.495689
9.732660 24.200653 3.495689
9.872732 24.060581 3.495689
10.064074 24.009311 3.495689
10.255415 24.060581 3.495689
10.395487 24.200653 3.495689
10.064074 24.391994 3.419569
7.473349 25.141846 5.021486
7.856032 25.141846 4.945365
7.804762 25.333187 4.945365
7.664690 25.473259 4.945365
7.473349 25.524529 4.945365
7.282007 25.473259 4.945365
7.141935 25.333187 4.945365
7.090665 25.141846 4.945365
7.141935 24.950504 4.945365
7.282007 24.810432 4.945365
7.473349 24.759162 4.945365
7.664690 24.810432 4.945365
7.804762 24.950504 4.945365
8.180455 25.141846 4.728593
8.085721 25.495399 4.728593
7.826902 25.754218 4.728593
7.473349 25.848952 4.728593
7.119795 25.754218 4.728593
6.860976 25.495399 4.728593
6.766242 25.141846 4.728593
6.860976 24.788292 4.728593
7.119795 24.529473 4.728593
7.473349 24.434739 4.728593
7.826902 24.529473 4.728593
8.085721 24.788292 4.728593
8.397228 25.141846 4.404169
8.273452 25.603785 4.404169
7.935288 25.941949 4.404169
7.473349 26.065725 4.404169
7.011409 25.941949 4.404169
6.673245 25.603785 4.404169
6.549469 25.141846 4.404169
6.673245 24.679906 4.404169
7.011409 24.341743 4.404169
7.473349 24.217966 4.404169
7.935288 24.341743 4.404169
8.273452 24.679906 4.404169
8.473349 25.141846 4.021486
8.339374 25.641846 4.021486
7.973349 26.007871 4.021486
7.473349 26.141846 4.021486
6.973349 26.007871 4.021486
6.607323 25.641846 4.021486
6.473349 25.141846 4.021486
6.607323 24.641846 4.021486
6.973349 24.275820 4.021486
7.473349 24.141846 4.021486
7.973349 24.275820 4.021486
8.339374 24.641846 4.021486
8.397228 25.141846 3.638802
8.273452 25.603785 3.638802
7.935288 25.941949 3.638802
7.473349 26.065725 3.638802
7.011409 25.941949 3.638802
6.673245 25.603785 3.638802
6.549469 25.141846 3.638802
6.673245 24.679906 3.638802
7.011409 24.341743 3.638802
7.473349 24.217966 3.638802
7.935288 24.341743 3.638802
8.273452 24.679906 3.638802
8.180455 25.141846 3.314379
8.085721 25.495399 3.314379
7.826902 25.754218 3.314379
7.473349 25.848952 3.314379
7.119795 25.754218 3.314379
6.860976 25.495399 3.314379
6.766242 25.141846 3.314379
6.860976 24.788292 3.314379
7.119795 24.529473 3.314379
7.473349 24.434739 3.314379
7.826902 24.529473 3.314379
8.085721 24.788292 3.314379
7.856032 25.141846 3.097606
7.804762 25.333187 3.097606
7.664690 25.473259 3.097606
7.473349 25.524529 3.097606
7.282007 25.473259 3.097606
7.141935 25.333187 3.097606
7.090665 25.141846 3.097606
7.141935 24.950504 3.097606
7.282007 24.810432 3.097606
7.473349 24.759162 3.097606
7.664690 24.810432 3.097606
7.804762 24.950504 3.097606
7.473349 25.141846 3.021486
20.783300 16.805851 9.952303
21.165984 16.805851 9.876182
21.114714 16.997193 9.876182
20.974642 17.137265 9.876182
20.783300 17.188534 9.876182
20.591959 17.137265 9.876182
20.451887 16.997193 9.876182
20.400617 16.805851 9.876182
20.451887 16.614509 9.876182
20.591959 16.474437 9.876182
20.783300 16.423168 9.876182
20.974642 16.474437 9.876182
21.114714 16.614509 9.876182
21.490407 16.805851 9.659410
21.395673 17.159404 9.659410
21.136854 17.418223 9.659410
20.783300 17.512958 9.659410
20.429747 17.418223 9.659410
20.170928 17.159404 9.659410
20.076194 16.805851 9.659410
20.170928 16.452298 9.659410
20.429747 16.193479 9.659410
20.783300 16.098744 9.659410
21.136854 16.193479 9.659410
21.395673 16.452298 9.659410
21.707180 16.805851 9.334986
21.583404 17.267791 9.334986
21.245240 17.605954 9.334986
20.783300 17.729731 9.334986
20.321361 17.605954 9.334986
19.983197 17.267791 9.334986
19.859421 16.805851 9.334986
19.983197 16.343911 9.334986
20.321361 16.005748 9.334986
20.783300 15.881971 9.334986
21.245240 16.005748 9.334986
21.583404 16.343911 9.334986
21.783300 16.805851 8.952303
21.649326 17.305851 8.952303
21.283300 17.671876 8.952303
20.783300 17.805851 8.952303
20.283300 17.671876 8.952303
19.917275 17.305851 8.952303
19.783300 16.805851 8.952303
19.917275 16.305851 8.952303
20.283300 15.939826 8.952303
20.783300 15.805851 8.952303
21.283300 15.939826 8.952303
21.649326 16.305851 8.952303
21.707180 16.805851 8.569620
21.583404 17.267791 8.569620
21.245240 17.605954 8.569620
20.783300 17.729731 8.569620
20.321361 17.605954 8.569620
19.983197 17.267791 8.569620
19.859421 16.805851 8.569620
19.983197 16.343911 8.569620
20.321361 16.005748 8.569620
20.783300 15.881971 8.569620
21.245240 16.005748 8.569620
21.583404 16.343911 8.569620
21.490407 16.805851 8.245196
21.395673 17.159404 8.245196
21.136854 17.418223 8.245196
20.783300 17.512958 8.245196
20.429747 17.418223 8.245196
20.170928 17.159404 8.245196
20.076194 16.805851 8.245196
20.170928 16.452298 8.245196
20.429747 16.193479 8.245196
20.783300 16.098744 8.245196
21.136854 16.193479 8.245196
21.395673 16.452298 8.245196
21.165984 16.805851 8.028423
21.114714 16.997193 8.028423
20.974642 17.137265 8.028423
20.783300 17.188534 8.028423
20.591959 17.137265 8.028423
20.451887 16.997193 8.028423
20.400617 16.805851 8.028423
20.451887 16.614509 8.028423
20.591959 16.474437 8.028423
20.783300 16.423168 8.028423
20.974642 16.474437 8.028423
21.114714 16.614509 8.028423
20.783300 16.805851 7.952303
21.434015 15.675101 10.720145
21.816699 15.675101 10.644025
21.765429 15.866443 10.644025
21.625357 16.006515 10.644025
21.434015 16.057785 10.644025
21.242674 16.006515 10.644025
21.102602 15.866443 10.644025
21.051332 15.675101 10.644025
21.102602 15.483760 10.644025
21.242674 15.343688 10.644025
21.434015 15.292418 10.644025
21.625357 15.343688 10.644025
21.765429 15.483760 10.644025
22.141122 15.675101 10.427252
22.046388 16.028655 10.427252
21.787569 16.287474 10.427252
21.434015 16.382208 10.427252
21.080462 16.287474 10.427252
20.821643 16.028655 10.427252
20.726908 15.675101 10.427252
20.821643 15.321548 10.427252
21.080462 15.062729 10.427252
21.434015 14.967994 10.427252
21.787569 15.062729 10.427252
22.046388 15.321548 10.427252
22.357895 15.675101 10.102829
22.234118 16.137041 10.102829
21.895955 16.475204 10.102829
21.434015 16.598981 10.102829
20.972076 16.475204 10.102829
20.633912 16.137041 10.102829
20.510136 15.675101 10.102829
20.633912 15.213162 10.102829
20.972076 14.874998 10.102829
21.434015 14.751222 10.102829
21.895955 14.874998 10.102829
22.234118 15.213162 10.102829
22.434015 15.675101 9.720145
22.300041 16.175101 9.720145
21.934015 16.541127 9.720145
21.434015 16.675101 9.720145
20.934015 16.541127 9.720145
20.567990 16.175101 9.720145
20.434015 15.675101 9.720145
20.567990 15.175101 9.720145
20.934015 14.809076 9.720145
21.434015 14.675101 9.720145
21.934015 14.809076 9.720145
22.300041 15.175101 9.720145
22.357895 15.675101 9.337462
22.234118 16.137041 9.337462
21.895955 16.475204 9.337462
21.434015 16.598981 9.337462
20.972076 16.475204 9.337462
20.633912 16.137041 9.337462
20.510136 15.675101 9.337462
20.633912 15.213162 9.337462
20.972076 14.874998 9.337462
21.434015 14.751222 9.337462
21.895955 14.874998 9.337462
22.234118 15.213162 9.337462
22.141122 15.675101 9.013038
22.046388 16.028655 9.013038
21.787569 16.287474 9.013038
21.434015 16.382208 9.013038
21.080462 16.287474 9.013038
20.821643 16.028655 9.013038
20.726908 15.675101 9.013038
20.821643 15.321548 9.013038
21.080462 15.062729 9.013038
21.434015 14.967994 9.013038
21.787569 15.062729 9.013038
22.046388 15.321548 9.013038
21.816699 15.675101 8.796266
21.765429 15.866443 8.796266
21.625357 16.006515 8.796266
21.434015 16.057785 8.796266
21.242674 16.006515 8.796266
21.102602 15.866443 8.796266
21.051332 15.675101 8.796266
21.102602 15.483760 8.796266
21.242674 15.343688 8.796266
21.434015 15.292418 8.796266
21.625357 15.343688 8.796266
21.765429 15.483760 8.796266
21.434015 15.675101 8.720145
22.642101 13.927805 12.154499
23.024785 13.927805 12.078379
22.973515 14.119147 12.078379
22.833443 14.259219 12.078379
22.642101 14.310488 12.078379
22.450760 14.259219 12.078379
22.310688 14.119147 12.078379
22.259418 13.927805 12.078379
22.310688 13.736463 12.078379
22.450760 13.596391 12.078379
22.642101 13.545122 12.078379
22.833443 13.596391 12.078379
22.973515 13.736463 12.078379
23.349208 13.927805 11.861606
23.254474 14.281358 11.861606
22.995655 14.540177 11.861606
22.642101 14.634912 11.861606
22.288548 14.540177 11.861606
22.029729 14.281358 11.861606
21.934995 13.927805 11.861606
22.029729 13.574252 11.861606
22.288548 13.315433 11.861606
22.642101 13.220698 11.861606
22.995655 13.315433 11.861606
23.254474 13.574252 11.861606
23.565981 13.927805 11.537182
23.442204 14.389745 11.537182
23.104041 14.727908 11.537182
22.642101 14.851684 11.537182
22.180162 14.727908 11.537182
21.841998 14.389745 11.537182
21.718222 13.927805 11.537182
21.841998 13.465865 11.537182
22.180162 13.127702 11.537182
22.642101 13.003925 11.537182
23.104041 13.127702 11.537182
23.442204 13.465865 11.537182
23.642101 13.927805 11.154499
23.508127 14.427805 11.154499
23.142101 14.793830 11.154499
22.642101 14.927805 11.154499
22.142101 14.793830 11.154499
21.776076 14.427805 11.154499
21.642101 13.927805 11.154499
21.776076 13.427805 11.154499
22.142101 13.061780 11.154499
22.642101 12.927805 11.154499
23.142101 13.061780 11.154499
23.508127 13.427805 11.154499
23.565981 13.927805 10.771816
23.442204 14.389745 10.771816
23.104041 14.727908 10.771816
22.642101 14.851684 10.771816
22.180162 14.727908 10.771816
21.841998 14.389745 10.771816
21.718222 13.927805 10.771816
21.841998 13.465865 10.771816
22.180162 13.127702 10.771816
22.642101 13.003925 10.771816
23.104041 13.127702 10.771816
23.442204 13.465865 10.771816
23.349208 13.927805 10.447392
23.254474 14.281358 10.447392
22.995655 14.540177 10.447392
22.642101 14.634912 10.447392
22.288548 14.540177 10.447392
22.029729 14.281358 10.447392
21.934995 13.927805 10.447392
22.029729 13.574252 10.447392
22.288548 13.315433 10.447392
22.642101 13.220698 10.447392
22.995655 13.315433 10.447392
23.254474 13.574252 10.447392
23.024785 13.927805 10.230620
22.973515 14.119147 10.230620
22.833443 14.259219 10.230620
22.642101 14.310488 10.230620
22.450760 14.259219 10.230620
22.310688 14.119147 10.230620
22.259418 13.927805 10.230620
22.310688 13.736463 10.230620
22.450760 13.596391 10.230620
22.642101 13.545122 10.230620
22.833443 13.596391 10.230620
22.973515 13.736463 10.230620
22.642101 13.927805 10.154499
23.886499 12.731736 12.808139
24.269183 12.731736 12.732018
24.217913 12.923078 12.732018
24.077841 13.063150 12.732018
23.886499 13.114420 12.732018
23.695158 13.063150 12.732018
23.555086 12.923078 12.732018
23.503816 12.731736 12.732018
23.555086 12.540394 12.732018
23.695158 12.400323 12.732018
23.886499 12.349053 12.732018
24.077841 12.400323 12.732018
24.217913 12.540394 12.732018
24.593606 12.731736 12.515246
24.498872 13.085290 12.515246
24.240053 13.344109 12.515246
23.886499 13.438843 12.515246
23.532946 13.344109 12.515246
23.274127 13.085290 12.515246
23.179393 12.731736 12.515246
23.274127 12.378183 12.515246
23.532946 12.119364 12.515246
23.886499 12.024629 12.515246
24.240053 12.119364 12.515246
24.498872 12.378183 12.515246
24.810379 12.731736 12.190822
24.686603 13.193676 12.190822
24.348439 13.531839 12.190822
23.886499 13.655616 12.190822
23.424560 13.531839 12.190822
23.086396 13.193676 12.190822
22.962620 12.731736 12.190822
23.086396 12.269796 12.190822
23.424560 11.931633 12.190822
23.886499 11.807857 12.190822
24.348439 11.931633 12.190822
24.686603 12.269796 12.190822
24.886499 12.731736 11.808139
24.752525 13.231736 11.808139
24.386499 13.597762 11.808139
23.886499 13.731736 11.808139
23.386499 13.597762 11.808139
23.020474 13.231736 11.808139
22.886499 12.731736 11.808139
23.020474 12.231736 11.808139
23.386499 11.865711 11.808139
23.886499 11.731736 11.808139
24.386499 11.865711 11.808139
24.752525 12.231736 11.808139
24.810379 12.731736 11.425455
24.686603 13.193676 11.425455
24.348439 13.531839 11.425455
23.886499 13.655616 11.425455
23.424560 13.531839 11.425455
23.086396 13.193676 11.425455
22.962620 12.731736 11.425455
23.086396 12.269796 11.425455
23.424560 11.931633 11.425455
23.886499 11.807857 11.425455
24.348439 11.931633 11.425455
24.686603 12.269796 11.425455
24.593606 12.731736 11.101032
24.498872 13.085290 11.101032
24.240053 13.344109 11.101032
23.886499 13.438843 11.101032
23.532946 13.344109 11.101032
23.274127 13.085290 11.101032
23.179393 12.731736 11.101032
23.274127 12.378183 11.101032
23.532946 12.119364 11.101032
23.886499 12.024629 11.101032
24.240053 12.119364 11.101032
24.498872 12.378183 11.101032
24.269183 12.731736 10.884259
24.217913 12.923078 10.884259
24.077841 13.063150 10.884259
23.886499 13.114420 10.884259
23.695158 13.063150 10.884259
23.555086 12.923078 10.884259
23.503816 12.731736 10.884259
23.555086 12.540394 10.884259
23.695158 12.400323 10.884259
23.886499 12.349053 10.884259
24.077841 12.400323 10.884259
24.217913 12.540394 10.884259
23.886499 12.731736 10.808139
25.107777 12.038602 14.272313
25.490460 12.038602 14.196193
25.439190 12.229944 14.196193
25.299118 12.370015 14.196193
25.107777 12.421285 14.196193
24.916435 12.370015 14.196193
24.776363 12.229944 14.196193
24.725093 12.038602 14.196193
24.776363 11.847260 14.196193
24.916435 11.707188 14.196193
25.107777 11.655918 14.196193
25.299118 11.707188 14.196193
25.439190 11.847260 14.196193
25.814883 12.038602 13.979420
25.720149 12.392155 13.979420
25.461330 12.650974 13.979420
25.107777 12.745709 13.979420
24.754223 12.650974 13.979420
24.495404 12.392155 13.979420
24.400670 12.038602 13.979420
24.495404 11.685048 13.979420
24.754223 11.426229 13.979420
25.107777 11.331495 13.979420
25.461330 11.426229 13.979420
25.720149 11.685048 13.979420
26.031656 12.038602 13.654997
25.907880 12.500542 13.654997
25.569716 12.838705 13.654997
25.107777 12.962481 13.654997
24.645837 12.838705 13.654997
24.307673 12.500542 13.654997
24.183897 12.038602 13.654997
24.307673 11.576662 13.654997
24.645837 11.238499 13.654997
25.107777 11.114722 13.654997
25.569716 11.238499 13.654997
25.907880 11.576662 13.654997
26.107777 12.038602 13.272313
25.973802 12.538602 13.272313
25.607777 12.904627 13.272313
25.107777 13.038602 13.272313
24.607777 12.904627 13.272313
24.241751 12.538602 13.272313
24.107777 12.038602 13.272313
24.241751 11.538602 13.272313
24.607777 11.172576 13.272313
25.107777 11.038602 13.272313
25.607777 11.172576 13.272313
25.973802 11.538602 13.272313
26.031656 12.038602 12.889630
25.907880 12.500542 12.889630
25.569716 12.838705 12.889630
25.107777 12.962481 12.889630
24.645837 12.838705 12.889630
24.307673 12.500542 12.889630
24.183897 12.038602 12.889630
24.307673 11.576662 12.889630
24.645837 11.238499 12.889630
25.107777 11.114722 12.889630
25.569716 11.238499 12.889630
25.907880 11.576662 12.889630
25.814883 12.038602 12.565206
25.720149 12.392155 12.565206
25.461330 12.650974 12.565206
25.107777 12.745709 12.565206
24.754223 12.650974 12.565206
24.495404 12.392155 12.565206
24.400670 12.038602 12.565206
24.495404 11.685048 12.565206
24.754223 11.426229 12.565206
25.107777 11.331495 12.565206
25.461330 11.426229 12.565206
25.720149 11.685048 12.565206
25.490460 12.038602 12.348434
25.439190 12.229944 12.348434
25.299118 12.370015 12.348434
25.107777 12.421285 12.348434
24.916435 12.370015 12.348434
24.776363 12.229944 12.348434
24.725093 12.038602 12.348434
24.776363 11.847260 12.348434
24.916435 11.707188 12.348434
25.107777 11.655918 12.348434
25.299118 11.707188 12.348434
25.439190 11.847260 12.348434
25.107777 12.038602 12.272313
26.049160 11.539824 15.408884
26.431843 11.539824 15.332764
26.380574 11.731166 15.332764
26.240502 11.871238 15.332764
26.049160 11.922508 15.332764
25.857818 11.871238 15.332764
25.717746 11.731166 15.332764
25.666477 11.539824 15.332764
25.717746 11.348483 15.332764
25.857818 11.208411 15.332764
26.049160 11.157141 15.332764
26.240502 11.208411 15.332764
26.380574 11.348483 15.332764
26.756267 11.539824 15.115991
26.661532 11.893378 15.115991
26.402713 12.152197 15.115991
26.049160 12.246931 15.115991
25.695607 12.152197 15.115991
25.436788 11.893378 15.115991
25.342053 11.539824 15.115991
25.436788 11.186271 15.115991
25.695607 10.927452 15.115991
26.049160 10.832718 15.115991
26.402713 10.927452 15.115991
26.661532 11.186271 15.115991
26.973040 11.539824 14.791567
26.849263 12.001764 14.791567
26.511100 12.339928 14.791567
26.049160 12.463704 14.791567
25.587220 12.339928 14.791567
25.249057 12.001764 14.791567
25.125280 11.539824 14.791567
25.249057 11.077885 14.791567
25.587220 10.739721 14.791567
26.049160 10.615945 14.791567
26.511100 10.739721 14.791567
26.849263 11.077885 14.791567
27.049160 11.539824 14.408884
26.915185 12.039824 14.408884
26.549160 12.405850 14.408884
26.049160 12.539824 14.408884
25.549160 12.405850 14.408884
25.183135 12.039824 14.408884
25.049160 11.539824 14.408884
25.183135 11.039824 14.408884
25.549160 10.673799 14.408884
26.049160 10.539824 14.408884
26.549160 10.673799 14.408884
26.915185 11.039824 14.408884
26.973040 11.539824 14.026201
26.849263 12.001764 14.026201
26.511100 12.339928 14.026201
26.049160 12.463704 14.026201
25.587220 12.339928 14.026201
25.249057 12.001764 14.026201
25.125280 11.539824 14.026201
25.249057 11.077885 14.026201
25.587220 10.739721 14.026201
26.049160 10.615945 14.026201
26.511100 10.739721 14.026201
26.849263 11.077885 14.026201
26.756267 11.539824 13.701777
26.661532 11.893378 13.701777
26.402713 12.152197 13.701777
26.049160 12.246931 13.701777
25.695607 12.152197 13.701777
25.436788 11.893378 13.701777
25.342053 11.539824 13.701777
25.436788 11.186271 13.701777
25.695607 10.927452 13.701777
26.049160 10.832718 13.701777
26.402713 10.927452 13.701777
26.661532 11.186271 13.701777
26.431843 11.539824 13.485005
26.380574 11.731166 13.485005
26.240502 11.871238 13.485005
26.049160 11.922508 13.485005
25.857818 11.871238 13.485005
25.717746 11.731166 13.485005
25.666477 11.539824 13.485005
25.717746 11.348483 13.485005
25.857818 11.208411 13.485005
26.049160 11.157141 13.485005
26.240502 11.208411 13.485005
26.380574 11.348483 13.485005
26.049160 11.539824 13.408884
5.386293 25.626320 4.991487
5.768976 25.626320 4.915366
5.717707 25.817662 4.915366
5.577635 25.957733 4.915366
5.386293 26.009003 4.915366
5.194951 25.957733 4.915366
5.054879 25.817662 4.915366
5.003610 25.626320 4.915366
5.054879 25.434978 4.915366
5.194951 25.294906 4.915366
5.386293 25.243636 4.915366
5.577635 25.294906 4.915366
5.717707 25.434978 4.915366
6.093400 25.626320 4.698594
5.998665 25.979873 4.698594
5.739846 26.238692 4.698594
5.386293 26.333427 4.698594
5.032740 26.238692 4.698594
4.773920 25.979873 4.698594
4.679186 25.626320 4.698594
4.773920 25.272766 4.698594
5.032740 25.013947 4.698594
5.386293 24.919213 4.698594
5.739846 25.013947 4.698594
5.998665 25.272766 4.698594
6.310172 25.626320 4.374170
6.186396 26.088260 4.374170
5.848233 26.426423 4.374170
5.386293 26.550199 4.374170
4.924353 26.426423 4.374170
4.586190 26.088260 4.374170
4.462413 25.626320 4.374170
4.586190 25.164380 4.374170
4.924353 24.826217 4.374170
5.386293 24.702440 4.374170
5.848233 24.826217 4.374170
6.186396 25.164380 4.374170
6.386293 25.626320 3.991487
6.252318 26.126320 3.991487
5.886293 26.492345 3.991487
5.386293 26.626320 3.991487
4.886293 26.492345 3.991487
4.520268 26.126320 3.991487
4.386293 25.626320 3.991487
4.520268 25.126320 3.991487
4.886293 24.760294 3.991487
5.386293 24.626320 3.991487
5.886293 24.760294 3.991487
6.252318 25.126320 3.991487
6.310172 25.626320 3.608803
6.186396 26.088260 3.608803
5.848233 26.426423 3.608803
5.386293 26.550199 3.608803
4.924353 26.426423 3.608803
4.586190 26.088260 3.608803
4.462413 25.626320 3.608803
4.586190 25.164380 3.608803
4.924353 24.826217 3.608803
5.386293 24.702440 3.608803
5.848233 24.826217 3.608803
6.186396 25.164380 3.608803
6.093400 25.626320 3.284380
5.998665 25.979873 3.284380
5.739846 26.238692 3.284380
5.386293 26.333427 3.284380
5.032740 26.238692 3.284380
4.773920 25.979873 3.284380
4.679186 25.626320 3.284380
4.773920 25.272766 3.284380
5.032740 25.013947 3.284380
5.386293 24.919213 3.284380
5.739846 25.013947 3.284380
5.998665 25.272766 3.284380
5.768976 25.626320 3.067607
5.717707 25.817662 3.067607
5.577635 25.957733 3.067607
5.386293 26.009003 3.067607
5.194951 25.957733 3.067607
5.054879 25.817662 3.067607
5.003610 25.626320 3.067607
5.054879 25.434978 3.067607
5.194951 25.294906 3.067607
5.386293 25.243636 3.067607
5.577635 25.294906 3.067607
5.717707 25.434978 3.067607
5.386293 25.626320 2.991487
26.918600 11.035443 16.833786
27.301284 11.035443 16.757666
27.250014 11.226785 16.757666
27.109942 11.366857 16.757666
26.918600 11.418127 16.757666
26.727258 11.366857 16.757666
26.587187 11.226785 16.757666
26.535917 11.035443 16.757666
26.587187 10.844102 16.757666
26.727258 10.704030 16.757666
26.918600 10.652760 16.757666
27.109942 10.704030 16.757666
27.250014 10.844102 16.757666
27.625707 11.035443 16.540893
27.530973 11.388997 16.540893
27.272153 11.647816 16.540893
26.918600 11.742550 16.540893
26.565047 11.647816 16.540893
26.306228 11.388997 16.540893
26.211493 11.035443 16.540893
26.306228 10.681890 16.540893
26.565047 10.423071 16.540893
26.918600 10.328337 16.540893
27.272153 10.423071 16.540893
27.530973 10.681890 16.540893
27.842480 11.035443 16.216469
27.718703 11.497383 16.216469
27.380540 11.835546 16.216469
26.918600 11.959323 16.216469
26.456660 11.835546 16.216469
26.118497 11.497383 16.216469
25.994721 11.035443 16.216469
26.118497 10.573504 16.216469
26.456660 10.235340 16.216469
26.918600 10.111564 16.216469
27.380540 10.235340 16.216469
27.718703 10.573504 16.216469
27.918600 11.035443 15.833786
27.784625 11.535443 15.833786
27.418600 11.901469 15.833786
26.918600 12.035443 15.833786
26.418600 11.901469 15.833786
26.052575 11.535443 15.833786
25.918600 11.035443 15.833786
26.052575 10.535443 15.833786
26.418600 10.169418 15.833786
26.918600 10.035443 15.833786
27.418600 10.169418 15.833786
27.784625 10.535443 15.833786
27.842480 11.035443 15.451103
27.718703 11.497383 15.451103
27.380540 11.835546 15.451103
26.918600 11.959323 15.451103
26.456660 11.835546 15.451103
26.118497 11.497383 15.451103
25.994721 11.035443 15.451103
26.118497 10.573504 15.451103
26.456660 10.235340 15.451103
26.918600 10.111564 15.451103
27.380540 10.235340 15.451103
27.718703 10.573504 15.451103
27.625707 11.035443 15.126679
27.530973 11.388997 15.126679
27.272153 11.647816 15.126679
26.918600 11.742550 15.126679
26.565047 11.647816 15.126679
26.306228 11.388997 15.126679
26.211493 11.035443 15.126679
26.306228 10.681890 15.126679
26.565047 10.423071 15.126679
26.918600 10.328337 15.126679
27.272153 10.423071 15.126679
27.530973 10.681890 15.126679
27.301284 11.035443 14.909906
27.250014 11.226785 14.909906
27.109942 11.366857 14.909906
26.918600 11.418127 14.909906
26.727258 11.366857 14.909906
26.587187 11.226785 14.909906
26.535917 11.035443 14.909906
26.587187 10.844102 14.909906
26.727258 10.704030 14.909906
26.918600 10.652760 14.909906
27.109942 10.704030 14.909906
27.250014 10.844102 14.909906
26.918600 11.035443 14.833786
27.778078 10.489151 18.687906
28.160762 10.489151 18.611786
28.109492 10.680493 18.611786
27.969420 10.820565 18.611786
27.778078 10.871834 18.611786
27.586736 10.820565 18.611786
27.446665 10.680493 18.611786
27.395395 10.489151 18.611786
27.446665 10.297809 18.611786
27.586736 10.157737 18.611786
27.778078 10.106468 18.611786
27.969420 10.157737 18.611786
28.109492 10.297809 18.611786
28.485185 10.489151 18.395013
28.390451 10.842704 18.395013
28.131631 11.101523 18.395013
27.778078 11.196258 18.395013
27.424525 11.101523 18.395013
27.165706 10.842704 18.395013
27.070971 10.489151 18.395013
27.165706 10.135598 18.395013
27.424525 9.876779 18.395013
27.778078 9.782044 18.395013
28.131631 9.876779 18.395013
28.390451 10.135598 18.395013
28.701958 10.489151 18.070590
28.578181 10.951091 18.070590
28.240018 11.289254 18.070590
27.778078 11.413031 18.070590
27.316138 11.289254 18.070590
26.977975 10.951091 18.070590
26.854199 10.489151 18.070590
26.977975 10.027211 18.070590
27.316138 9.689048 18.070590
27.778078 9.565271 18.070590
28.240018 9.689048 18.070590
28.578181 10.027211 18.070590
28.778078 10.489151 17.687906
28.644103 10.989151 17.687906
28.278078 11.355176 17.687906
27.778078 11.489151 17.687906
27.278078 11.355176 17.687906
26.912053 10.989151 17.687906
26.778078 10.489151 17.687906
26.912053 9.989151 17.687906
27.278078 9.623126 17.687906
27.778078 9.489151 17.687906
28.278078 9.623126 17.687906
28.644103 9.989151 17.687906
28.701958 10.489151 17.305223
28.578181 10.951091 17.305223
28.240018 11.289254 17.305223
27.778078 11.413031 17.305223
27.316138 11.289254 17.305223
26.977975 10.951091 17.305223
26.854199 10.489151 17.305223
26.977975 10.027211 17.305223
27.316138 9.689048 17.305223
27.778078 9.565271 17.305223
28.240018 9.689048 17.305223
28.578181 10.027211 17.305223
28.485185 10.489151 16.980799
28.390451 10.842704 16.980799
28.131631 11.101523 16.980799
27.778078 11.196258 16.980799
27.424525 11.101523 16.980799
27.165706 10.842704 16.980799
27.070971 10.489151 16.980799
27.165706 10.135598 16.980799
27.424525 9.876779 16.980799
27.778078 9.782044 16.980799
28.131631 9.876779 16.980799
28.390451 10.135598 16.980799
28.160762 10.489151 16.764027
28.109492 10.680493 16.764027
27.969420 10.820565 16.764027
27.778078 10.871834 16.764027
27.586736 10.820565 16.764027
27.446665 10.680493 16.764027
27.395395 10.489151 16.764027
27.446665 10.297809 16.764027
27.586736 10.157737 16.764027
27.778078 10.106468 16.764027
27.969420 10.157737 16.764027
28.109492 10.297809 16.764027
27.778078 10.489151 16.687906
27.886944 10.181406 21.099989
28.269627 10.181406 21.023868
28.218357 10.372748 21.023868
28.078286 10.512820 21.023868
27.886944 10.564089 21.023868
27.695602 10.512820 21.023868
27.555530 10.372748 21.023868
27.504260 10.181406 21.023868
27.555530 9.990064 21.023868
27.695602 9.849992 21.023868
27.886944 9.798723 21.023868
28.078286 9.849992 21.023868
28.218357 9.990064 21.023868
28.594051 10.181406 20.807096
28.499316 10.534959 20.807096
28.240497 10.793778 20.807096
27.886944 10.888513 20.807096
27.533390 10.793778 20.807096
27.274571 10.534959 20.807096
27.179837 10.181406 20.807096
27.274571 9.827853 20.807096
27.533390 9.569034 20.807096
27.886944 9.474299 20.807096
28.240497 9.569034 20.807096
28.499316 9.827853 20.807096
28.810823 10.181406 20.482672
28.687047 10.643346 20.482672
28.348884 10.981509 20.482672
27.886944 11.105286 20.482672
27.425004 10.981509 20.482672
27.086841 10.643346 20.482672
26.963064 10.181406 20.482672
27.086841 9.719466 20.482672
27.425004 9.381303 20.482672
27.886944 9.257526 20.482672
28.348884 9.381303 20.482672
28.687047 9.719466 20.482672
28.886944 10.181406 20.099989
28.752969 10.681406 20.099989
28.386944 11.047431 20.099989
27.886944 11.181406 20.099989
27.386944 11.047431 20.099989
27.020918 10.681406 20.099989
26.886944 10.181406 20.099989
27.020918 9.681406 20.099989
27.386944 9.315381 20.099989
27.886944 9.181406 20.099989
28.386944 9.315381 20.099989
28.752969 9.681406 20.099989
28.810823 10.181406 19.717306
28.687047 10.643346 19.717306
28.348884 10.981509 19.717306
27.886944 11.105286 19.717306
27.425004 10.981509 19.717306
27.086841 10.643346 19.717306
26.963064 10.181406 19.717306
27.086841 9.719466 19.717306
27.425004 9.381303 19.717306
27.886944 9.257526 19.717306
28.348884 9.381303 19.717306
28.687047 9.719466 19.717306
28.594051 10.181406 19.392882
28.499316 10.534959 19.392882
28.240497 10.793778 19.392882
27.886944 10.888513 19.392882
27.533390 10.793778 19.392882
27.274571 10.534959 19.392882
27.179837 10.181406 19.392882
27.274571 9.827853 19.392882
27.533390 9.569034 19.392882
27.886944 9.474299 19.392882
28.240497 9.569034 19.392882
28.499316 9.827853 19.392882
28.269627 10.181406 19.176109
28.218357 10.372748 19.176109
28.078286 10.512820 19.176109
27.886944 10.564089 19.176109
27.695602 10.512820 19.176109
27.555530 10.372748 19.176109
27.504260 10.181406 19.176109
27.555530 9.990064 19.176109
27.695602 9.849992 19.176109
27.886944 9.798723 19.176109
28.078286 9.849992 19.176109
28.218357 9.990064 19.176109
27.886944 10.181406 19.099989
28.218174 9.400340 23.691990
28.600857 9.400340 23.615869
28.549588 9.591682 23.615869
28.409516 9.731754 23.615869
28.218174 9.783024 23.615869
28.026832 9.731754 23.615869
27.886760 9.591682 23.615869
27.835491 9.400340 23.615869
27.886760 9.208998 23.615869
28.026832 9.068927 23.615869
28.218174 9.017657 23.615869
28.409516 9.068927 23.615869
28.549588 9.208998 23.615869
28.925281 9.400340 23.399097
28.830546 9.753893 23.399097
28.571727 10.012713 23.399097
28.218174 10.107447 23.399097
27.864621 10.012713 23.399097
27.605802 9.753893 23.399097
27.511067 9.400340 23.399097
27.605802 9.046787 23.399097
27.864621 8.787968 23.399097
28.218174 8.693233 23.399097
28.571727 8.787968 23.399097
28.830546 9.046787 23.399097
29.142054 9.400340 23.074673
29.018277 9.862280 23.074673
28.680114 10.200443 23.074673
28.218174 10.324220 23.074673
27.756234 10.200443 23.074673
27.418071 9.862280 23.074673
27.294294 9.400340 23.074673
27.418071 8.938400 23.074673
27.756234 8.600237 23.074673
28.218174 8.476461 23.074673
28.680114 8.600237 23.074673
29.018277 8.938400 23.074673
29.218174 9.400340 22.691990
29.084199 9.900340 22.691990
28.718174 10.266365 22.691990
28.218174 10.400340 22.691990
27.718174 10.266365 22.691990
27.352149 9.900340 22.691990
27.218174 9.400340 22.691990
27.352149 8.900340 22.691990
27.718174 8.534315 22.691990
28.218174 8.400340 22.691990
28.718174 8.534315 22.691990
29.084199 8.900340 22.691990
29.142054 9.400340 22.309306
29.018277 9.862280 22.309306
28.680114 10.200443 22.309306
28.218174 10.324220 22.309306
27.756234 10.200443 22.309306
27.418071 9.862280 22.309306
27.294294 9.400340 22.309306
27.418071 8.938400 22.309306
27.756234 8.600237 22.309306
28.218174 8.476461 22.309306
28.680114 8.600237 22.309306
29.018277 8.938400 22.309306
28.925281 9.400340 21.984883
28.830546 9.753893 21.984883
28.571727 10.012713 21.984883
28.218174 10.107447 21.984883
27.864621 10.012713 21.984883
27.605802 9.753893 21.984883
27.511067 9.400340 21.984883
27.605802 9.046787 21.984883
27.864621 8.787968 21.984883
28.218174 8.693233 21.984883
28.571727 8.787968 21.984883
28.830546 9.046787 21.984883
28.600857 9.400340 21.768110
28.549588 9.591682 21.768110
28.409516 9.731754 21.768110
28.218174 9.783024 21.768110
28.026832 9.731754 21.768110
27.886760 9.591682 21.768110
27.835491 9.400340 21.768110
27.886760 9.208998 21.768110
28.026832 9.068927 21.768110
28.218174 9.017657 21.768110
28.409516 9.068927 21.768110
28.549588 9.208998 21.768110
28.218174 9.400340 21.691990
28.804104 8.462332 25.700258
29.186787 8.462332 25.624138
29.135517 8.653673 25.624138
28.995446 8.793745 25.624138
28.804104 8.845015 25.624138
28.612762 8.793745 25.624138
28.472690 8.653673 25.624138
28.421420 8.462332 25.624138
28.472690 8.270990 25.624138
28.612762 8.130918 25.624138
28.804104 8.079648 25.624138
28.995446 8.130918 25.624138
29.135517 8.270990 25.624138
29.511211 8.462332 25.407365
29.416476 8.815885 25.407365
29.157657 9.074704 25.407365
28.804104 9.169439 25.407365
28.450550 9.074704 25.407365
28.191731 8.815885 25.407365
28.096997 8.462332 25.407365
28.191731 8.108778 25.407365
28.450550 7.849959 25.407365
28.804104 7.755225 25.407365
29.157657 7.849959 25.407365
29.416476 8.108778 25.407365
29.727983 8.462332 25.082942
29.604207 8.924272 25.082942
29.266044 9.262435 25.082942
28.804104 9.386211 25.082942
28.342164 9.262435 25.082942
28.004001 8.924272 25.082942
27.880224 8.462332 25.082942
28.004001 8.000392 25.082942
28.342164 7.662229 25.082942
28.804104 7.538452 25.082942
29.266044 7.662229 25.082942
29.604207 8.000392 25.082942
29.804104 8.462332 24.700258
29.670129 8.962332 24.700258
29.304104 9.328357 24.700258
28.804104 9.462332 24.700258
28.304104 9.328357 24.700258
27.938078 8.962332 24.700258
27.804104 8.462332 24.700258
27.938078 7.962332 24.700258
28.304104 7.596306 24.700258
28.804104 7.462332 24.700258
29.304104 7.596306 24.700258
29.670129 7.962332 24.700258
29.727983 8.462332 24.317575
29.604207 8.924272 24.317575
29.266044 9.262435 24.317575
28.804104 9.386211 24.317575
28.342164 9.262435 24.317575
28.004001 8.924272 24.317575
27.880224 8.462332 24.317575
28.004001 8.000392 24.317575
28.342164 7.662229 24.317575
28.804104 7.538452 24.317575
29.266044 7.662229 24.317575
29.604207 8.000392 24.317575
29.511211 8.462332 23.993151
29.416476 8.815885 23.993151
29.157657 9.074704 23.993151
28.804104 9.169439 23.993151
28.450550 9.074704 23.993151
28.191731 8.815885 23.993151
28.096997 8.462332 23.993151
28.191731 8.108778 23.993151
28.450550 7.849959 23.993151
28.804104 7.755225 23.993151
29.157657 7.849959 23.993151
29.416476 8.108778 23.993151
29.186787 8.462332 23.776379
29.135517 8.653673 23.776379
28.995446 8.793745 23.776379
28.804104 8.845015 23.776379
28.612762 8.793745 23.776379
28.472690 8.653673 23.776379
28.421420 8.462332 23.776379
28.472690 8.270990 23.776379
28.612762 8.130918 23.776379
28.804104 8.079648 23.776379
28.995446 8.130918 23.776379
29.135517 8.270990 23.776379
28.804104 8.462332 23.700258
28.046316 7.831746 28.888996
28.429000 7.831746 28.812876
28.377730 8.023087 28.812876
28.237658 8.163159 28.812876
28.046316 8.214429 28.812876
27.854974 8.163159 28.812876
27.714903 8.023087 28.812876
27.663633 7.831746 28.812876
27.714903 7.640404 28.812876
27.854974 7.500332 28.812876
28.046316 7.449062 28.812876
28.237658 7.500332 28.812876
28.377730 7.640404 28.812876
28.753423 7.831746 28.596103
28.658689 8.185299 28.596103
28.399870 8.444118 28.596103
28.046316 8.538852 28.596103
27.692763 8.444118 28.596103
27.433944 8.185299 28.596103
27.339209 7.831746 28.596103
27.433944 7.478192 28.596103
27.692763 7.219373 28.596103
28.046316 7.124639 28.596103
28.399870 7.219373 28.596103
28.658689 7.478192 28.596103
28.970196 7.831746 28.271680
28.846419 8.293685 28.271680
28.508256 8.631849 28.271680
28.046316 8.755625 28.271680
27.584376 8.631849 28.271680
27.246213 8.293685 28.271680
27.122437 7.831746 28.271680
27.246213 7.369806 28.271680
27.584376 7.031642 28.271680
28.046316 6.907866 28.271680
28.508256 7.031642 28.271680
28.846419 7.369806 28.271680
29.046316 7.831746 27.888996
28.912342 8.331746 27.888996
28.546316 8.697771 27.888996
28.046316 8.831746 27.888996
27.546316 8.697771 27.888996
27.180291 8.331746 27.888996
27.046316 7.831746 27.888996
27.180291 7.331746 27.888996
27.546316 6.965720 27.888996
28.046316 6.831746 27.888996
28.546316 6.965720 27.888996
28.912342 7.331746 27.888996
28.970196 7.831746 27.506313
28.846419 8.293685 27.506313
28.508256 8.631849 27.506313
28.046316 8.755625 27.506313
27.584376 8.631849 27.506313
27.246213 8.293685 27.506313
27.122437 7.831746 27.506313
27.246213 7.369806 27.506313
27.584376 7.031642 27.506313
28.046316 6.907866 27.506313
28.508256 7.031642 27.506313
28.846419 7.369806 27.506313
28.753423 7.831746 27.181889
28.658689 8.185299 27.181889
28.399870 8.444118 27.181889
28.046316 8.538852 27.181889
27.692763 8.444118 27.181889
27.433944 8.185299 27.181889
27.339209 7.831746 27.181889
27.433944 7.478192 27.181889
27.692763 7.219373 27.181889
28.046316 7.124639 27.181889
28.399870 7.219373 27.181889
28.658689 7.478192 27.181889
28.429000 7.831746 26.965117
28.377730 8.023087 26.965117
28.237658 8.163159 26.965117
28.046316 8.214429 26.965117
27.854974 8.163159 26.965117
27.714903 8.023087 26.965117
27.663633 7.831746 26.965117
27.714903 7.640404 26.965117
27.854974 7.500332 26.965117
28.046316 7.449062 26.965117
28.237658 7.500332 26.965117
28.377730 7.640404 26.965117
28.046316 7.831746 26.888996
27.772228 7.098513 31.737991
28.154912 7.098513 31.661871
28.103642 7.289855 31.661871
27.963570 7.429927 31.661871
27.772228 7.481197 31.661871
27.580887 7.429927 31.661871
27.440815 7.289855 31.661871
27.389545 7.098513 31.661871
27.440815 6.907171 31.661871
27.580887 6.767100 31.661871
27.772228 6.715830 31.661871
27.963570 6.767100 31.661871
28.103642 6.907171 31.661871
28.479335 7.098513 31.445098
28.384601 7.452067 31.445098
28.125782 7.710886 31.445098
27.772228 7.805620 31.445098
27.418675 7.710886 31.445098
27.159856 7.452067 31.445098
27.065121 7.098513 31.445098
27.159856 6.744960 31.445098
27.418675 6.486141 31.445098
27.772228 6.391406 31.445098
28.125782 6.486141 31.445098
28.384601 6.744960 31.445098
28.696108 7.098513 31.120675
28.572331 7.560453 31.120675
28.234168 7.898616 31.120675
27.772228 8.022393 31.120675
27.310288 7.898616 31.120675
26.972125 7.560453 31.120675
26.848349 7.098513 31.120675
26.972125 6.636573 31.120675
27.310288 6.298410 31.120675
27.772228 6.174634 31.120675
28.234168 6.298410 31.120675
28.572331 6.636573 31.120675
28.772228 7.098513 30.737991
28.638254 7.598513 30.737991
28.272228 7.964539 30.737991
27.772228 8.098513 30.737991
27.272228 7.964539 30.737991
26.906203 7.598513 30.737991
26.772228 7.098513 30.737991
26.906203 6.598513 30.737991
27.272228 6.232488 30.737991
27.772228 6.098513 30.737991
28.272228 6.232488 30.737991
28.638254 6.598513 30.737991
28.696108 7.098513 30.355308
28.572331 7.560453 30.355308
28.234168 7.898616 30.355308
27.772228 8.022393 30.355308
27.310288 7.898616 30.355308
26.972125 7.560453 30.355308
26.848349 7.098513 30.355308
26.972125 6.636573 30.355308
27.310288 6.298410 30.355308
27.772228 6.174634 30.355308
28.234168 6.298410 30.355308
28.572331 6.636573 30.355308
28.479335 7.098513 30.030885
28.384601 7.452067 30.030885
28.125782 7.710886 30.030885
27.772228 7.805620 30.030885
27.418675 7.710886 30.030885
27.159856 7.452067 30.030885
27.065121 7.098513 30.030885
27.159856 6.744960 30.030885
27.418675 6.486141 30.030885
27.772228 6.391406 30.030885
28.125782 6.486141 30.030885
28.384601 6.744960 30.030885
28.154912 7.098513 29.814112
28.103642 7.289855 29.814112
27.963570 7.429927 29.814112
27.772228 7.481197 29.814112
27.580887 7.429927 29.814112
27.440815 7.289855 29.814112
27.389545 7.098513 29.814112
27.440815 6.907171 29.814112
27.580887 6.767100 29.814112
27.772228 6.715830 29.814112
27.963570 6.767100 29.814112
28.103642 6.907171 29.814112
27.772228 7.098513 29.737991
24.309374 -22.288593 14.893595
24.692057 -22.288593 14.817474
24.640787 -22.097252 14.817474
24.500716 -21.957180 14.817474
24.309374 -21.905910 14.817474
24.118032 -21.957180 14.817474
23.977960 -22.097252 14.817474
23.926690 -22.288593 14.817474
23.977960 -22.479935 14.817474
24.118032 -22.620007 14.817474
24.309374 -22.671277 14.817474
24.500716 -22.620007 14.817474
24.640787 -22.479935 14.817474
25.016481 -22.288593 14.600702
24.921746 -21.935040 14.600702
24.662927 -21.676221 14.600702
24.309374 -21.581487 14.600702
23.955820 -21.676221 14.600702
23.697001 -21.935040 14.600702
23.602267 -22.288593 14.600702
23.697001 -22.642147 14.600702
23.955820 -22.900966 14.600702
24.309374 -22.995700 14.600702
24.662927 -22.900966 14.600702
24.921746 -22.642147 14.600702
25.233253 -22.288593 14.276278
25.109477 -21.826654 14.276278
24.771314 -21.488490 14.276278
24.309374 -21.364714 14.276278
23.847434 -21.488490 14.276278
23.509271 -21.826654 14.276278
23.385494 -22.288593 14.276278
23.509271 -22.750533 14.276278
23.847434 -23.088696 14.276278
24.309374 -23.212473 14.276278
24.771314 -23.088696 14.276278
25.109477 -22.750533 14.276278
25.309374 -22.288593 13.893595
25.175399 -21.788593 13.893595
24.809374 -21.422568 13.893595
24.309374 -21.288593 13.893595
23.809374 -21.422568 13.893595
23.443348 -21.788593 13.893595
23.309374 -22.288593 13.893595
23.443348 -22.788593 13.893595
23.809374 -23.154619 13.893595
24.309374 -23.288593 13.893595
24.809374 -23.154619 13.893595
25.175399 -22.788593 13.893595
25.233253 -22.288593 13.510911
25.109477 -21.826654 13.510911
24.771314 -21.488490 13.510911
24.309374 -21.364714 13.510911
23.847434 -21.488490 13.510911
23.509271 -21.826654 13.510911
23.385494 -22.288593 13.510911
23.509271 -22.750533 13.510911
23.847434 -23.088696 13.510911
24.309374 -23.212473 13.510911
24.771314 -23.088696 13.510911
25.109477 -22.750533 13.510911
25.016481 -22.288593 13.186488
24.921746 -21.935040 13.186488
24.662927 -21.676221 13.186488
24.309374 -21.581487 13.186488
23.955820 -21.676221 13.186488
23.697001 -21.935040 13.186488
23.602267 -22.288593 13.186488
23.697001 -22.642147 13.186488
23.955820 -22.900966 13.186488
24.309374 -22.995700 13.186488
24.662927 -22.900966 13.186488
24.921746 -22.642147 13.186488
24.692057 -22.288593 12.969715
24.640787 -22.097252 12.969715
24.500716 -21.957180 12.969715
24.309374 -21.905910 12.969715
24.118032 -21.957180 12.969715
23.977960 -22.097252 12.969715
23.926690 -22.288593 12.969715
23.977960 -22.479935 12.969715
24.118032 -22.620007 12.969715
24.309374 -22.671277 12.969715
24.500716 -22.620007 12.969715
24.640787 -22.479935 12.969715
24.309374 -22.288593 12.893595
24.570431 -21.664774 17.428600
24.953114 -21.664774 17.352480
24.901844 -21.473432 17.352480
24.761772 -21.333360 17.352480
24.570431 -21.282091 17.352480
24.379089 -21.333360 17.352480
24.239017 -21.473432 17.352480
24.187747 -21.664774 17.352480
24.239017 -21.856116 17.352480
24.379089 -21.996188 17.352480
24.570431 -22.047457 17.352480
24.761772 -21.996188 17.352480
24.901844 -21.856116 17.352480
25.277538 -21.664774 17.135707
25.182803 -21.311221 17.135707
24.923984 -21.052402 17.135707
24.570431 -20.957667 17.135707
24.216877 -21.052402 17.135707
23.958058 -21.311221 17.135707
23.863324 -21.664774 17.135707
23.958058 -22.018327 17.135707
24.216877 -22.277146 17.135707
24.570431 -22.371881 17.135707
24.923984 -22.277146 17.135707
25.182803 -22.018327 17.135707
25.494310 -21.664774 16.811284
25.370534 -21.202834 16.811284
25.032371 -20.864671 16.811284
24.570431 -20.740894 16.811284
24.108491 -20.864671 16.811284
23.770328 -21.202834 16.811284
23.646551 -21.664774 16.811284
23.770328 -22.126714 16.811284
24.108491 -22.464877 16.811284
24.570431 -22.588653 16.811284
25.032371 -22.464877 16.811284
25.370534 -22.126714 16.811284
25.570431 -21.664774 16.428600
25.436456 -21.164774 16.428600
25.070431 -20.798749 16.428600
24.570431 -20.664774 16.428600
24.070431 -20.798749 16.428600
23.704405 -21.164774 16.428600
23.570431 -21.664774 16.428600
23.704405 -22.164774 16.428600
24.070431 -22.530799 16.428600
24.570431 -22.664774 16.428600
25.070431 -22.530799 16.428600
25.436456 -22.164774 16.428600
25.494310 -21.664774 16.045917
25.370534 -21.202834 16.045917
25.032371 -20.864671 16.045917
24.570431 -20.740894 16.045917
24.108491 -20.864671 16.045917
23.770328 -21.202834 16.045917
23.646551 -21.664774 16.045917
23.770328 -22.126714 16.045917
24.108491 -22.464877 16.045917
24.570431 -22.588653 16.045917
25.032371 -22.464877 16.045917
25.370534 -22.126714 16.045917
25.277538 -21.664774 15.721494
25.182803 -21.311221 15.721494
24.923984 -21.052402 15.721494
24.570431 -20.957667 15.721494
24.216877 -21.052402 15.721494
23.958058 -21.311221 15.721494
23.863324 -21.664774 15.721494
23.958058 -22.018327 15.721494
24.216877 -22.277146 15.721494
24.570431 -22.371881 15.721494
24.923984 -22.277146 15.721494
25.182803 -22.018327 15.721494
24.953114 -21.664774 15.504721
24.901844 -21.473432 15.504721
24.761772 -21.333360 15.504721
24.570431 -21.282091 15.504721
24.379089 -21.333360 15.504721
24.239017 -21.473432 15.504721
24.187747 -21.664774 15.504721
24.239017 -21.856116 15.504721
24.379089 -21.996188 15.504721
24.570431 -22.047457 15.504721
24.761772 -21.996188 15.504721
24.901844 -21.856116 15.504721
24.570431 -21.664774 15.428600
24.072994 -21.554337 21.050518
24.455678 -21.554337 20.974398
24.404408 -21.362995 20.974398
24.264336 -21.222923 20.974398
24.072994 -21.171653 20.974398
23.881653 -21.222923 20.974398
23.741581 -21.362995 20.974398
23.690311 -21.554337 20.974398
23.741581 -21.745678 20.974398
23.881653 -21.885750 20.974398
24.072994 -21.937020 20.974398
24.264336 -21.885750 20.974398
24.404408 -21.745678 20.974398
24.780101 -21.554337 20.757625
24.685367 -21.200783 20.757625
24.426548 -20.941964 20.757625
24.072994 -20.847230 20.757625
23.719441 -20.941964 20.757625
23.460622 -21.200783 20.757625
23.365887 -21.554337 20.757625
23.460622 -21.907890 20.757625
23.719441 -22.166709 20.757625
24.072994 -22.261443 20.757625
24.426548 -22.166709 20.757625
24.685367 -21.907890 20.757625
24.996874 -21.554337 20.433201
24.873097 -21.092397 20.433201
24.534934 -20.754233 20.433201
24.072994 -20.630457 20.433201
23.611054 -20.754233 20.433201
23.272891 -21.092397 20.433201
23.149115 -21.554337 20.433201
23.272891 -22.016276 20.433201
23.611054 -22.354440 20.433201
24.072994 -22.478216 20.433201
24.534934 -22.354440 20.433201
24.873097 -22.016276 20.433201
25.072994 -21.554337 20.050518
24.939020 -21.054337 20.050518
24.572994 -20.688311 20.050518
24.072994 -20.554337 20.050518
23.572994 -20.688311 20.050518
23.206969 -21.054337 20.050518
23.072994 -21.554337 20.050518
23.206969 -22.054337 20.050518
23.572994 -22.420362 20.050518
24.072994 -22.554337 20.050518
24.572994 -22.420362 20.050518
24.939020 -22.054337 20.050518
24.996874 -21.554337 19.667835
24.873097 -21.092397 19.667835
24.534934 -20.754233 19.667835
24.072994 -20.630457 19.667835
23.611054 -20.754233 19.667835
23.272891 -21.092397 19.667835
23.149115 -21.554337 19.667835
23.272891 -22.016276 19.667835
23.611054 -22.354440 19.667835
24.072994 -22.478216 19.667835
24.534934 -22.354440 19.667835
24.873097 -22.016276 19.667835
24.780101 -21.554337 19.343411
24.685367 -21.200783 19.343411
24.426548 -20.941964 19.343411
24.072994 -20.847230 19.343411
23.719441 -20.941964 19.343411
23.460622 -21.200783 19.343411
23.365887 -21.554337 19.343411
23.460622 -21.907890 19.343411
23.719441 -22.166709 19.343411
24.072994 -22.261443 19.343411
24.426548 -22.166709 19.343411
24.685367 -21.907890 19.343411
24.455678 -21.554337 19.126639
24.404408 -21.362995 19.126639
24.264336 -21.222923 19.126639
24.072994 -21.171653 19.126639
23.881653 -21.222923 19.126639
23.741581 -21.362995 19.126639
23.690311 -21.554337 19.126639
23.741581 -21.745678 19.126639
23.881653 -21.885750 19.126639
24.072994 -21.937020 19.126639
24.264336 -21.885750 19.126639
24.404408 -21.745678 19.126639
24.072994 -21.554337 19.050518
13.177615 -2.095401 6.388794
13.560299 -2.095401 6.312674
13.509029 -1.904059 6.312674
13.368957 -1.763987 6.312674
13.177615 -1.712717 6.312674
12.986273 -1.763987 6.312674
12.846202 -1.904059 6.312674
12.794932 -2.095401 6.312674
12.846202 -2.286743 6.312674
12.986273 -2.426814 6.312674
13.177615 -2.478084 6.312674
13.368957 -2.426814 6.312674
13.509029 -2.286743 6.312674
13.884722 -2.095401 6.095901
13.789988 -1.741847 6.095901
13.531169 -1.483028 6.095901
13.177615 -1.388294 6.095901
12.824062 -1.483028 6.095901
12.565243 -1.741847 6.095901
12.470508 -2.095401 6.095901
12.565243 -2.448954 6.095901
12.824062 -2.707773 6.095901
13.177615 -2.802508 6.095901
13.531169 -2.707773 6.095901
13.789988 -2.448954 6.095901
14.101495 -2.095401 5.771478
13.977718 -1.633461 5.771478
13.639555 -1.295298 5.771478
13.177615 -1.171521 5.771478
12.715675 -1.295298 5.771478
12.377512 -1.633461 5.771478
12.253736 -2.095401 5.771478
12.377512 -2.557341 5.771478
12.715675 -2.895504 5.771478
13.177615 -3.019280 5.771478
13.639555 -2.895504 5.771478
13.977718 -2.557341 5.771478
14.177615 -2.095401 5.388794
14.043641 -1.595401 5.388794
13.677615 -1.229375 5.388794
13.177615 -1.095401 5.388794
12.677615 -1.229375 5.388794
12.311590 -1.595401 5.388794
12.177615 -2.095401 5.388794
12.311590 -2.595401 5.388794
12.677615 -2.961426 5.388794
13.177615 -3.095401 5.388794
13.677615 -2.961426 5.388794
14.043641 -2.595401 5.388794
14.101495 -2.095401 5.006111
13.977718 -1.633461 5.006111
13.639555 -1.295298 5.006111
13.177615 -1.171521 5.006111
12.715675 -1.295298 5.006111
12.377512 -1.633461 5.006111
12.253736 -2.095401 5.006111
12.377512 -2.557341 5.006111
12.715675 -2.895504 5.006111
13.177615 -3.019280 5.006111
13.639555 -2.895504 5.006111
13.977718 -2.557341 5.006111
13.884722 -2.095401 4.681688
13.789988 -1.741847 4.681688
13.531169 -1.483028 4.681688
13.177615 -1.388294 4.681688
12.824062 -1.483028 4.681688
12.565243 -1.741847 4.681688
12.470508 -2.095401 4.681688
12.565243 -2.448954 4.681688
12.824062 -2.707773 4.681688
13.177615 -2.802508 4.681688
13.531169 -2.707773 4.681688
13.789988 -2.448954 4.681688
13.560299 -2.095401 4.464915
13.509029 -1.904059 4.464915
13.368957 -1.763987 4.464915
13.177615 -1.712717 4.464915
12.986273 -1.763987 4.464915
12.846202 -1.904059 4.464915
12.794932 -2.095401 4.464915
12.846202 -2.286743 4.464915
12.986273 -2.426814 4.464915
13.177615 -2.478084 4.464915
13.368957 -2.426814 4.464915
13.509029 -2.286743 4.464915
13.177615 -2.095401 4.388794
11.183298 0.026403 5.529416
11.565982 0.026403 5.453296
11.514712 0.217745 5.453296
11.374640 0.357817 5.453296
11.183298 0.409087 5.453296
10.991956 0.357817 5.453296
10.851885 0.217745 5.453296
10.800615 0.026403 5.453296
10.851885 -0.164938 5.453296
10.991956 -0.305010 5.453296
11.183298 -0.356280 5.453296
11.374640 -0.305010 5.453296
11.514712 -0.164938 5.453296
11.890405 0.026403 5.236523
11.795671 0.379957 5.236523
11.536852 0.638776 5.236523
11.183298 0.733510 5.236523
10.829745 0.638776 5.236523
10.570926 0.379957 5.236523
10.476191 0.026403 5.236523
10.570926 -0.327150 5.236523
10.829745 -0.585969 5.236523
11.183298 -0.680704 5.236523
11.536852 -0.585969 5.236523
11.795671 -0.327150 5.236523
12.107178 0.026403 4.912100
11.983401 0.488343 4.912100
11.645238 0.826506 4.912100
11.183298 0.950283 4.912100
10.721358 0.826506 4.912100
10.383195 0.488343 4.912100
10.259419 0.026403 4.912100
10.383195 -0.435537 4.912100
10.721358 -0.773700 4.912100
11.183298 -0.897476 4.912100
11.645238 -0.773700 4.912100
11.983401 -0.435537 4.912100
12.183298 0.026403 4.529416
12.049324 0.526403 4.529416
11.683298 0.892429 4.529416
11.183298 1.026403 4.529416
10.683298 0.892429 4.529416
10.317273 0.526403 4.529416
10.183298 0.026403 4.529416
10.317273 -0.473597 4.529416
10.683298 -0.839622 4.529416
11.183298 -0.973597 4.529416
11.683298 -0.839622 4.529416
12.049324 -0.473597 4.529416
12.107178 0.026403 4.146733
11.983401 0.488343 4.146733
11.645238 0.826506 4.146733
11.183298 0.950283 4.146733
10.721358 0.826506 4.146733
10.383195 0.488343 4.146733
10.259419 0.026403 4.146733
10.383195 -0.435537 4.146733
10.721358 -0.773700 4.146733
11.183298 -0.897476 4.146733
11.645238 -0.773700 4.146733
11.983401 -0.435537 4.146733
11.890405 0.026403 3.822309
11.795671 0.379957 3.822309
11.536852 0.638776 3.822309
11.183298 0.733510 3.822309
10.829745 0.638776 3.822309
10.570926 0.379957 3.822309
10.476191 0.026403 3.822309
10.570926 -0.327150 3.822309
10.829745 -0.585969 3.822309
11.183298 -0.680704 3.822309
11.536852 -0.585969 3.822309
11.795671 -0.327150 3.822309
11.565982 0.026403 3.605537
11.514712 0.217745 3.605537
11.374640 0.357817 3.605537
11.183298 0.409087 3.605537
10.991956 0.357817 3.605537
10.851885 0.217745 3.605537
10.800615 0.026403 3.605537
10.851885 -0.164938 3.605537
10.991956 -0.305010 3.605537
11.183298 -0.356280 3.605537
11.374640 -0.305010 3.605537
11.514712 -0.164938 3.605537
11.183298 0.026403 3.529416
9.978216 2.075300 3.572763
10.360900 2.075300 3.496642
10.309630 2.266642 3.496642
10.169558 2.406714 3.496642
9.978216 2.457983 3.496642
9.786874 2.406714 3.496642
9.646803 2.266642 3.496642
9.595533 2.075300 3.496642
9.646803 1.883958 3.496642
9.786874 1.743886 3.496642
9.978216 1.692617 3.496642
10.169558 1.743886 3.496642
10.309630 1.883958 3.496642
10.685323 2.075300 3.279870
10.590589 2.428853 3.279870
10.331770 2.687672 3.279870
9.978216 2.782407 3.279870
9.624663 2.687672 3.279870
9.365844 2.428853 3.279870
9.271109 2.075300 3.279870
9.365844 1.721747 3.279870
9.624663 1.462928 3.279870
9.978216 1.368193 3.279870
10.331770 1.462928 3.279870
10.590589 1.721747 3.279870
10.902096 2.075300 2.955446
10.778319 2.537240 2.955446
10.440156 2.875403 2.955446
9.978216 2.999180 2.955446
9.516276 2.875403 2.955446
9.178113 2.537240 2.955446
9.054337 2.075300 2.955446
9.178113 1.613360 2.955446
9.516276 1.275197 2.955446
9.978216 1.151420 2.955446
10.440156 1.275197 2.955446
10.778319 1.613360 2.955446
10.978216 2.075300 2.572763
10.844242 2.575300 2.572763
10.478216 2.941325 2.572763
9.978216 3.075300 2.572763
9.478216 2.941325 2.572763
9.112191 2.575300 2.572763
8.978216 2.075300 2.572763
9.112191 1.575300 2.572763
9.478216 1.209275 2.572763
9.978216 1.075300 2.572763
10.478216 1.209275 2.572763
10.844242 1.575300 2.572763
10.902096 2.075300 2.190079
10.778319 2.537240 2.190079
10.440156 2.875403 2.190079
9.978216 2.999180 2.190079
9.516276 2.875403 2.190079
9.178113 2.537240 2.190079
9.054337 2.075300 2.190079
9.178113 1.613360 2.190079
9.516276 1.275197 2.190079
9.978216 1.151420 2.190079
10.440156 1.275197 2.190079
10.778319 1.613360 2.190079
10.685323 2.075300 1.865656
10.590589 2.428853 1.865656
10.331770 2.687672 1.865656
9.978216 2.782407 1.865656
9.624663 2.687672 1.865656
9.365844 2.428853 1.865656
9.271109 2.075300 1.865656
9.365844 1.721747 1.865656
9.624663 1.462928 1.865656
9.978216 1.368193 1.865656
10.331770 1.462928 1.865656
10.590589 1.721747 1.865656
10.360900 2.075300 1.648883
10.309630 2.266642 1.648883
10.169558 2.406714 1.648883
9.978216 2.457983 1.648883
9.786874 2.406714 1.648883
9.646803 2.266642 1.648883
9.595533 2.075300 1.648883
9.646803 1.883958 1.648883
9.786874 1.743886 1.648883
9.978216 1.692617 1.648883
10.169558 1.743886 1.648883
10.309630 1.883958 1.648883
9.978216 2.075300 1.572763
7.936412 3.082870 3.112442
8.319095 3.082870 3.036321
8.267825 3.274212 3.036321
8.127754 3.414284 3.036321
7.936412 3.465553 3.036321
7.745070 3.414284 3.036321
7.604998 3.274212 3.036321
7.553728 3.082870 3.036321
7.604998 2.891528 3.036321
7.745070 2.751456 3.036321
7.936412 2.700187 3.036321
8.127754 2.751456 3.036321
8.267825 2.891528 3.036321
8.643519 3.082870 2.819548
8.548784 3.436423 2.819548
8.289965 3.695242 2.819548
7.936412 3.789977 2.819548
7.582858 3.695242 2.819548
7.324039 3.436423 2.819548
7.229305 3.082870 2.819548
7.324039 2.729317 2.819548
7.582858 2.470498 2.819548
7.936412 2.375763 2.819548
8.289965 2.470498 2.819548
8.548784 2.729317 2.819548
8.860291 3.082870 2.495125
8.736515 3.544810 2.495125
8.398352 3.882973 2.495125
7.936412 4.006750 2.495125
7.474472 3.882973 2.495125
7.136309 3.544810 2.495125
7.012532 3.082870 2.495125
7.136309 2.620930 2.495125
7.474472 2.282767 2.495125
7.936412 2.158990 2.495125
8.398352 2.282767 2.495125
8.736515 2.620930 2.495125
8.936412 3.082870 2.112442
8.802437 3.582870 2.112442
8.436412 3.948895 2.112442
7.936412 4.082870 2.112442
7.436412 3.948895 2.112442
7.070386 3.582870 2.112442
6.936412 3.082870 2.112442
7.070386 2.582870 2.112442
7.436412 2.216845 2.112442
7.936412 2.082870 2.112442
8.436412 2.216845 2.112442
8.802437 2.582870 2.112442
8.860291 3.082870 1.729758
8.736515 3.544810 1.729758
8.398352 3.882973 1.729758
7.936412 4.006750 1.729758
7.474472 3.882973 1.729758
7.136309 3.544810 1.729758
7.012532 3.082870 1.729758
7.136309 2.620930 1.729758
7.474472 2.282767 1.729758
7.936412 2.158990 1.729758
8.398352 2.282767 1.729758
8.736515 2.620930 1.729758
8.643519 3.082870 1.405335
8.548784 3.436423 1.405335
8.289965 3.695242 1.405335
7.936412 3.789977 1.405335
7.582858 3.695242 1.405335
7.324039 3.436423 1.405335
7.229305 3.082870 1.405335
7.324039 2.729317 1.405335
7.582858 2.470498 1.405335
7.936412 2.375763 1.405335
8.289965 2.470498 1.405335
8.548784 2.729317 1.405335
8.319095 3.082870 1.188562
8.267825 3.274212 1.188562
8.127754 3.414284 1.188562
7.936412 3.465553 1.188562
7.745070 3.414284 1.188562
7.604998 3.274212 1.188562
7.553728 3.082870 1.188562
7.604998 2.891528 1.188562
7.745070 2.751456 1.188562
7.936412 2.700187 1.188562
8.127754 2.751456 1.188562
8.267825 2.891528 1.188562
7.936412 3.082870 1.112442
3.109983 -9.347138 -3.762321
3.492666 -9.347138 -3.838442
3.441396 -9.155797 -3.838442
3.301324 -9.015725 -3.838442
3.109983 -8.964455 -3.838442
2.918641 -9.015725 -3.838442
2.778569 -9.155797 -3.838442
2.727299 -9.347138 -3.838442
2.778569 -9.538480 -3.838442
2.918641 -9.678552 -3.838442
3.109983 -9.729822 -3.838442
3.301324 -9.678552 -3.838442
3.441396 -9.538480 -3.838442
3.817090 -9.347138 -4.055215
3.722355 -8.993585 -4.055215
3.463536 -8.734766 -4.055215
3.109983 -8.640032 -4.055215
2.756429 -8.734766 -4.055215
2.497610 -8.993585 -4.055215
2.402876 -9.347138 -4.055215
2.497610 -9.700692 -4.055215
2.756429 -9.959511 -4.055215
3.109983 -10.054245 -4.055215
3.463536 -9.959511 -4.055215
3.722355 -9.700692 -4.055215
4.033862 -9.347138 -4.379638
3.910086 -8.885199 -4.379638
3.571922 -8.547035 -4.379638
3.109983 -8.423259 -4.379638
2.648043 -8.547035 -4.379638
2.309880 -8.885199 -4.379638
2.186103 -9.347138 -4.379638
2.309880 -9.809078 -4.379638
2.648043 -10.147242 -4.379638
3.109983 -10.271018 -4.379638
3.571922 -10.147242 -4.379638
3.910086 -9.809078 -4.379638
4.109983 -9.347138 -4.762321
3.976008 -8.847138 -4.762321
3.609983 -8.481113 -4.762321
3.109983 -8.347138 -4.762321
2.609983 -8.481113 -4.762321
2.243957 -8.847138 -4.762321
2.109983 -9.347138 -4.762321
2.243957 -9.847138 -4.762321
2.609983 -10.213164 -4.762321
3.109983 -10.347138 -4.762321
3.609983 -10.213164 -4.762321
3.976008 -9.847138 -4.762321
4.033862 -9.347138 -5.145005
3.910086 -8.885199 -5.145005
3.571922 -8.547035 -5.145005
3.109983 -8.423259 -5.145005
2.648043 -8.547035 -5.145005
2.309880 -8.885199 -5.145005
2.186103 -9.347138 -5.145005
2.309880 -9.809078 -5.145005
2.648043 -10.147242 -5.145005
3.109983 -10.271018 -5.145005
3.571922 -10.147242 -5.145005
3.910086 -9.809078 -5.145005
3.817090 -9.347138 -5.469428
3.722355 -8.993585 -5.469428
3.463536 -8.734766 -5.469428
3.109983 -8.640032 -5.469428
2.756429 -8.734766 -5.469428
2.497610 -8.993585 -5.469428
2.402876 -9.347138 -5.469428
2.497610 -9.700692 -5.469428
2.756429 -9.959511 -5.469428
3.109983 -10.054245 -5.469428
3.463536 -9.959511 -5.469428
3.722355 -9.700692 -5.469428
3.492666 -9.347138 -5.686201
3.441396 -9.155797 -5.686201
3.301324 -9.015725 -5.686201
3.109983 -8.964455 -5.686201
2.918641 -9.015725 -5.686201
2.778569 -9.155797 -5.686201
2.727299 -9.347138 -5.686201
2.778569 -9.538480 -5.686201
2.918641 -9.678552 -5.686201
3.109983 -9.729822 -5.686201
3.301324 -9.678552 -5.686201
3.441396 -9.538480 -5.686201
3.109983 -9.347138 -5.762321
0.695303 -9.969232 -5.373630
1.077986 -9.969232 -5.449750
1.026717 -9.777890 -5.449750
0.886645 -9.637818 -5.449750
0.695303 -9.586548 -5.449750
0.503961 -9.637818 -5.449750
0.363889 -9.777890 -5.449750
0.312620 -9.969232 -5.449750
0.363889 -10.160573 -5.449750
0.503961 -10.300645 -5.449750
0.695303 -10.351915 -5.449750
0.886645 -10.300645 -5.449750
1.026717 -10.160573 -5.449750
1.402410 -9.969232 -5.666523
1.307675 -9.615678 -5.666523
1.048856 -9.356859 -5.666523
0.695303 -9.262125 -5.666523
0.341750 -9.356859 -5.666523
0.082931 -9.615678 -5.666523
-0.011804 -9.969232 -5.666523
0.082931 -10.322785 -5.666523
0.341750 -10.581604 -5.666523
0.695303 -10.676338 -5.666523
1.048856 -10.581604 -5.666523
1.307675 -10.322785 -5.666523
1.619182 -9.969232 -5.990946
1.495406 -9.507292 -5.990946
1.157243 -9.169128 -5.990946
0.695303 -9.045352 -5.990946
0.233363 -9.169128 -5.990946
-0.104800 -9.507292 -5.990946
-0.228577 -9.969232 -5.990946
-0.104800 -10.431171 -5.990946
0.233363 -10.769335 -5.990946
0.695303 -10.893111 -5.990946
1.157243 -10.769335 -5.990946
1.495406 -10.431171 -5.990946
1.695303 -9.969232 -6.373630
1.561328 -9.469232 -6.373630
1.195303 -9.103206 -6.373630
0.695303 -8.969232 -6.373630
0.195303 -9.103206 -6.373630
-0.170722 -9.469232 -6.373630
-0.304697 -9.969232 -6.373630
-0.170722 -10.469232 -6.373630
0.195303 -10.835257 -6.373630
0.695303 -10.969232 -6.373630
1.195303 -10.835257 -6.373630
1.561328 -10.469232 -6.373630
1.619182 -9.969232 -6.756313
1.495406 -9.507292 -6.756313
1.157243 -9.169128 -6.756313
0.695303 -9.045352 -6.756313
0.233363 -9.169128 -6.756313
-0.104800 -9.507292 -6.756313
-0.228577 -9.969232 -6.756313
-0.104800 -10.431171 -6.756313
0.233363 -10.769335 -6.756313
0.695303 -10.893111 -6.756313
1.157243 -10.769335 -6.756313
1.495406 -10.431171 -6.756313
1.402410 -9.969232 -7.080736
1.307675 -9.615678 -7.080736
1.048856 -9.356859 -7.080736
0.695303 -9.262125 -7.080736
0.341750 -9.356859 -7.080736
0.082931 -9.615678 -7.080736
-0.011804 -9.969232 -7.080736
0.082931 -10.322785 -7.080736
0.341750 -10.581604 -7.080736
0.695303 -10.676338 -7.080736
1.048856 -10.581604 -7.080736
1.307675 -10.322785 -7.080736
1.077986 -9.969232 -7.297509
1.026717 -9.777890 -7.297509
0.886645 -9.637818 -7.297509
0.695303 -9.586548 -7.297509
0.503961 -9.637818 -7.297509
0.363889 -9.777890 -7.297509
0.312620 -9.969232 -7.297509
0.363889 -10.160573 -7.297509
0.503961 -10.300645 -7.297509
0.695303 -10.351915 -7.297509
0.886645 -10.300645 -7.297509
1.026717 -10.160573 -7.297509
0.695303 -9.969232 -7.373630
4.696553 -27.136864 -9.554995
5.079236 -27.136864 -9.631115
5.027966 -26.945522 -9.631115
4.887894 -26.805450 -9.631115
4.696553 -26.754180 -9.631115
4.505211 -26.805450 -9.631115
4.365139 -26.945522 -9.631115
4.313869 -27.136864 -9.631115
4.365139 -27.328205 -9.631115
4.505211 -27.468277 -9.631115
4.696553 -27.519547 -9.631115
4.887894 -27.468277 -9.631115
5.027966 -27.328205 -9.631115
5.403660 -27.136864 -9.847888
5.308925 -26.783310 -9.847888
5.050106 -26.524491 -9.847888
4.696553 -26.429757 -9.847888
4.342999 -26.524491 -9.847888
4.084180 -26.783310 -9.847888
3.989446 -27.136864 -9.847888
4.084180 -27.490417 -9.847888
4.342999 -27.749236 -9.847888
4.696553 -27.843970 -9.847888
5.050106 -27.749236 -9.847888
5.308925 -27.490417 -9.847888
5.620432 -27.136864 -10.172311
5.496656 -26.674924 -10.172311
5.158493 -26.336761 -10.172311
4.696553 -26.212984 -10.172311
4.234613 -26.336761 -10.172311
3.896450 -26.674924 -10.172311
3.772673 -27.136864 -10.172311
3.896450 -27.598803 -10.172311
4.234613 -27.936967 -10.172311
4.696553 -28.060743 -10.172311
5.158493 -27.936967 -10.172311
5.496656 -27.598803 -10.172311
5.696553 -27.136864 -10.554995
5.562578 -26.636864 -10.554995
5.196553 -26.270838 -10.554995
4.696553 -26.136864 -10.554995
4.196553 -26.270838 -10.554995
3.830527 -26.636864 -10.554995
3.696553 -27.136864 -10.554995
3.830527 -27.636864 -10.554995
4.196553 -28.002889 -10.554995
4.696553 -28.136864 -10.554995
5.196553 -28.002889 -10.554995
5.562578 -27.636864 -10.554995
5.620432 -27.136864 -10.937678
5.496656 -26.674924 -10.937678
5.158493 -26.336761 -10.937678
4.696553 -26.212984 -10.937678
4.234613 -26.336761 -10.937678
3.896450 -26.674924 -10.937678
3.772673 -27.136864 -10.937678
3.896450 -27.598803 -10.937678
4.234613 -27.936967 -10.937678
4.696553 -28.060743 -10.937678
5.158493 -27.936967 -10.937678
5.496656 -27.598803 -10.937678
5.403660 -27.136864 -11.262101
5.308925 -26.783310 -11.262101
5.050106 -26.524491 -11.262101
4.696553 -26.429757 -11.262101
4.342999 -26.524491 -11.262101
4.084180 -26.783310 -11.262101
3.989446 -27.136864 -11.262101
4.084180 -27.490417 -11.262101
4.342999 -27.749236 -11.262101
4.696553 -27.843970 -11.262101
5.050106 -27.749236 -11.262101
5.308925 -27.490417 -11.262101
5.079236 -27.136864 -11.478874
5.027966 -26.945522 -11.478874
4.887894 -26.805450 -11.478874
4.696553 -26.754180 -11.478874
4.505211 -26.805450 -11.478874
4.365139 -26.945522 -11.478874
4.313869 -27.136864 -11.478874
4.365139 -27.328205 -11.478874
4.505211 -27.468277 -11.478874
4.696553 -27.519547 -11.478874
4.887894 -27.468277 -11.478874
5.027966 -27.328205 -11.478874
4.696553 -27.136864 -11.554995
5.197373 4.724759 2.424719
5.580056 4.724759 2.348599
5.528786 4.916100 2.348599
5.388715 5.056172 2.348599
5.197373 5.107442 2.348599
5.006031 5.056172 2.348599
4.865959 4.916100 2.348599
4.814689 4.724759 2.348599
4.865959 4.533417 2.348599
5.006031 4.393345 2.348599
5.197373 4.342075 2.348599
5.388715 4.393345 2.348599
5.528786 4.533417 2.348599
5.904480 4.724759 2.131826
5.809745 5.078312 2.131826
5.550926 5.337131 2.131826
5.197373 5.431865 2.131826
4.843820 5.337131 2.131826
4.585000 5.078312 2.131826
4.490266 4.724759 2.131826
4.585000 4.371205 2.131826
4.843820 4.112386 2.131826
5.197373 4.017652 2.131826
5.550926 4.112386 2.131826
5.809745 4.371205 2.131826
6.121252 4.724759 1.807403
5.997476 5.186698 1.807403
5.659313 5.524862 1.807403
5.197373 5.648638 1.807403
4.735433 5.524862 1.807403
4.397270 5.186698 1.807403
4.273493 4.724759 1.807403
4.397270 4.262819 1.807403
4.735433 3.924655 1.807403
5.197373 3.800879 1.807403
5.659313 3.924655 1.807403
5.997476 4.262819 1.807403
6.197373 4.724759 1.424719
6.063398 5.224759 1.424719
5.697373 5.590784 1.424719
5.197373 5.724759 1.424719
4.697373 5.590784 1.424719
4.331348 5.224759 1.424719
4.197373 4.724759 1.424719
4.331348 4.224759 1.424719
4.697373 3.858733 1.424719
5.197373 3.724759 1.424719
5.697373 3.858733 1.424719
6.063398 4.224759 1.424719
6.121252 4.724759 1.042036
5.997476 5.186698 1.042036
5.659313 5.524862 1.042036
5.197373 5.648638 1.042036
4.735433 5.524862 1.042036
4.397270 5.186698 1.042036
4.273493 4.724759 1.042036
4.397270 4.262819 1.042036
4.735433 3.924655 1.042036
5.197373 3.800879 1.042036
5.659313 3.924655 1.042036
5.997476 4.262819 1.042036
5.904480 4.724759 0.717612
5.809745 5.078312 0.717612
5.550926 5.337131 0.717612
5.197373 5.431865 0.717612
4.843820 5.337131 0.717612
4.585000 5.078312 0.717612
4.490266 4.724759 0.717612
4.585000 4.371205 0.717612
4.843820 4.112386 0.717612
5.197373 4.017652 0.717612
5.550926 4.112386 0.717612
5.809745 4.371205 0.717612
5.580056 4.724759 0.500840
5.528786 4.916100 0.500840
5.388715 5.056172 0.500840
5.197373 5.107442 0.500840
5.006031 5.056172 0.500840
4.865959 4.916100 0.500840
4.814689 4.724759 0.500840
4.865959 4.533417 0.500840
5.006031 4.393345 0.500840
5.197373 4.342075 0.500840
5.388715 4.393345 0.500840
5.528786 4.533417 0.500840
5.197373 4.724759 0.424719
2.808542 5.806240 1.971535
3.191226 5.806240 1.895414
3.139956 5.997582 1.895414
2.999884 6.137654 1.895414
2.808542 6.188924 1.895414
2.617201 6.137654 1.895414
2.477129 5.997582 1.895414
2.425859 5.806240 1.895414
2.477129 5.614898 1.895414
2.617201 5.474827 1.895414
2.808542 5.423557 1.895414
2.999884 5.474827 1.895414
3.139956 5.614898 1.895414
3.515649 5.806240 1.678642
3.420915 6.159793 1.678642
3.162096 6.418613 1.678642
2.808542 6.513347 1.678642
2.454989 6.418613 1.678642
2.196170 6.159793 1.678642
2.101436 5.806240 1.678642
2.196170 5.452687 1.678642
2.454989 5.193868 1.678642
2.808542 5.099133 1.678642
3.162096 5.193868 1.678642
3.420915 5.452687 1.678642
3.732422 5.806240 1.354218
3.608646 6.268180 1.354218
3.270482 6.606343 1.354218
2.808542 6.730120 1.354218
2.346603 6.606343 1.354218
2.008439 6.268180 1.354218
1.884663 5.806240 1.354218
2.008439 5.344300 1.354218
2.346603 5.006137 1.354218
2.808542 4.882361 1.354218
3.270482 5.006137 1.354218
3.608646 5.344300 1.354218
3.808542 5.806240 0.971535
3.674568 6.306240 0.971535
3.308542 6.672265 0.971535
2.808542 6.806240 0.971535
2.308542 6.672265 0.971535
1.942517 6.306240 0.971535
1.808542 5.806240 0.971535
1.942517 5.306240 0.971535
2.308542 4.940215 0.971535
2.808542 4.806240 0.971535
3.308542 4.940215 0.971535
3.674568 5.306240 0.971535
3.732422 5.806240 0.588851
3.608646 6.268180 0.588851
3.270482 6.606343 0.588851
2.808542 6.730120 0.588851
2.346603 6.606343 0.588851
2.008439 6.268180 0.588851
1.884663 5.806240 0.588851
2.008439 5.344300 0.588851
2.346603 5.006137 0.588851
2.808542 4.882361 0.588851
3.270482 5.006137 0.588851
3.608646 5.344300 0.588851
3.515649 5.806240 0.264428
3.420915 6.159793 0.264428
3.162096 6.418613 0.264428
2.808542 6.513347 0.264428
2.454989 6.418613 0.264428
2.196170 6.159793 0.264428
2.101436 5.806240 0.264428
2.196170 5.452687 0.264428
2.454989 5.193868 0.264428
2.808542 5.099133 0.264428
3.162096 5.193868 0.264428
3.420915 5.452687 0.264428
3.191226 5.806240 0.047655
3.139956 5.997582 0.047655
2.999884 6.137654 0.047655
2.808542 6.188924 0.047655
2.617201 6.137654 0.047655
2.477129 5.997582 0.047655
2.425859 5.806240 0.047655
2.477129 5.614898 0.047655
2.617201 5.474827 0.047655
2.808542 5.423557 0.047655
2.999884 5.474827 0.047655
3.139956 5.614898 0.047655
2.808542 5.806240 -0.028465
1.184996 7.251854 0.904714
1.567680 7.251854 0.828594
1.516410 7.443196 0.828594
1.376338 7.583268 0.828594
1.184996 7.634538 0.828594
0.993654 7.583268 0.828594
0.853583 7.443196 0.828594
0.802313 7.251854 0.828594
0.853583 7.060513 0.828594
0.993654 6.920441 0.828594
1.184996 6.869171 0.828594
1.376338 6.920441 0.828594
1.516410 7.060513 0.828594
1.892103 7.251854 0.611821
1.797369 7.605408 0.611821
1.538550 7.864227 0.611821
1.184996 7.958961 0.611821
0.831443 7.864227 0.611821
0.572624 7.605408 0.611821
0.477889 7.251854 0.611821
0.572624 6.898301 0.611821
0.831443 6.639482 0.611821
1.184996 6.544748 0.611821
1.538550 6.639482 0.611821
1.797369 6.898301 0.611821
2.108876 7.251854 0.287398
1.985099 7.713794 0.287398
1.646936 8.051958 0.287398
1.184996 8.175734 0.287398
0.723056 8.051958 0.287398
0.384893 7.713794 0.287398
0.261117 7.251854 0.287398
0.384893 6.789915 0.287398
0.723056 6.451751 0.287398
1.184996 6.327975 0.287398
1.646936 6.451751 0.287398
1.985099 6.789915 0.287398
2.184996 7.251854 -0.095286
2.051022 7.751854 -0.095286
1.684996 8.117880 -0.095286
1.184996 8.251854 -0.095286
0.684996 8.117880 -0.095286
0.318971 7.751854 -0.095286
0.184996 7.251854 -0.095286
0.318971 6.751854 -0.095286
0.684996 6.385829 -0.095286
1.184996 6.251854 -0.095286
1.684996 6.385829 -0.095286
2.051022 6.751854 -0.095286
2.108876 7.251854 -0.477969
1.985099 7.713794 -0.477969
1.646936 8.051958 -0.477969
1.184996 8.175734 -0.477969
0.723056 8.051958 -0.477969
0.384893 7.713794 -0.477969
0.261117 7.251854 -0.477969
0.384893 6.789915 -0.477969
0.723056 6.451751 -0.477969
1.184996 6.327975 -0.477969
1.646936 6.451751 -0.477969
1.985099 6.789915 -0.477969
1.892103 7.251854 -0.802393
1.797369 7.605408 -0.802393
1.538550 7.864227 -0.802393
1.184996 7.958961 -0.802393
0.831443 7.864227 -0.802393
0.572624 7.605408 -0.802393
0.477889 7.251854 -0.802393
0.572624 6.898301 -0.802393
0.831443 6.639482 -0.802393
1.184996 6.544748 -0.802393
1.538550 6.639482 -0.802393
1.797369 6.898301 -0.802393
1.567680 7.251854 -1.019165
1.516410 7.443196 -1.019165
1.376338 7.583268 -1.019165
1.184996 7.634538 -1.019165
0.993654 7.583268 -1.019165
0.853583 7.443196 -1.019165
0.802313 7.251854 -1.019165
0.853583 7.060513 -1.019165
0.993654 6.920441 -1.019165
1.184996 6.869171 -1.019165
1.376338 6.920441 -1.019165
1.516410 7.060513 -1.019165
1.184996 7.251854 -1.095286
-1.901109 8.334951 1.446523
-1.518426 8.334951 1.370402
-1.569696 8.526293 1.370402
-1.709768 8.666365 1.370402
-1.901109 8.717635 1.370402
-2.092451 8.666365 1.370402
-2.232523 8.526293 1.370402
-2.283793 8.334951 1.370402
-2.232523 8.143610 1.370402
-2.092451 8.003538 1.370402
-1.901109 7.952268 1.370402
-1.709768 8.003538 1.370402
-1.569696 8.143610 1.370402
-1.194002 8.334951 1.153630
-1.288737 8.688505 1.153630
-1.547556 8.947324 1.153630
-1.901109 9.042058 1.153630
-2.254663 8.947324 1.153630
-2.513482 8.688505 1.153630
-2.608216 8.334951 1.153630
-2.513482 7.981398 1.153630
-2.254663 7.722579 1.153630
-1.901109 7.627845 1.153630
-1.547556 7.722579 1.153630
-1.288737 7.981398 1.153630
-0.977230 8.334951 0.829206
-1.101006 8.796891 0.829206
-1.439169 9.135055 0.829206
-1.901109 9.258831 0.829206
-2.363049 9.135055 0.829206
-2.701212 8.796891 0.829206
-2.824989 8.334951 0.829206
-2.701212 7.873012 0.829206
-2.363049 7.534848 0.829206
-1.901109 7.411072 0.829206
-1.439169 7.534848 0.829206
-1.101006 7.873012 0.829206
-0.901109 8.334951 0.446523
-1.035084 8.834951 0.446523
-1.401109 9.200977 0.446523
-1.901109 9.334951 0.446523
-2.401109 9.200977 0.446523
-2.767135 8.834951 0.446523
-2.901109 8.334951 0.446523
-2.767135 7.834951 0.446523
-2.401109 7.468926 0.446523
-1.901109 7.334951 0.446523
-1.401109 7.468926 0.446523
-1.035084 7.834951 0.446523
-0.977230 8.334951 0.063839
-1.101006 8.796891 0.063839
-1.439169 9.135055 0.063839
-1.901109 9.258831 0.063839
-2.363049 9.135055 0.063839
-2.701212 8.796891 0.063839
-2.824989 8.334951 0.063839
-2.701212 7.873012 0.063839
-2.363049 7.534848 0.063839
-1.901109 7.411072 0.063839
-1.439169 7.534848 0.063839
-1.101006 7.873012 0.063839
-1.194002 8.334951 -0.260584
-1.288737 8.688505 -0.260584
-1.547556 8.947324 -0.260584
-1.901109 9.042058 -0.260584
-2.254663 8.947324 -0.260584
-2.513482 8.688505 -0.260584
-2.608216 8.334951 -0.260584
-2.513482 7.981398 -0.260584
-2.254663 7.722579 -0.260584
-1.901109 7.627845 -0.260584
-1.547556 7.722579 -0.260584
-1.288737 7.981398 -0.260584
-1.518426 8.334951 -0.477357
-1.569696 8.526293 -0.477357
-1.709768 8.666365 -0.477357
-1.901109 8.717635 -0.477357
-2.092451 8.666365 -0.477357
-2.232523 8.526293 -0.477357
-2.283793 8.334951 -0.477357
-2.232523 8.143610 -0.477357
-2.092451 8.003538 -0.477357
-1.901109 7.952268 -0.477357
-1.709768 8.003538 -0.477357
-1.569696 8.143610 -0.477357
-1.901109 8.334951 -0.553477
-4.091691 10.362764 1.388623
-3.709008 10.362764 1.312502
-3.760278 10.554106 1.312502
-3.900350 10.694178 1.312502
-4.091691 10.745448 1.312502
-4.283033 10.694178 1.312502
-4.423105 10.554106 1.312502
-4.474375 10.362764 1.312502
-4.423105 10.171423 1.312502
-4.283033 10.031351 1.312502
-4.091691 9.980081 1.312502
-3.900350 10.031351 1.312502
-3.760278 10.171423 1.312502
-3.384585 10.362764 1.095729
-3.479319 10.716318 1.095729
-3.738138 10.975137 1.095729
-4.091691 11.069871 1.095729
-4.445245 10.975137 1.095729
-4.704064 10.716318 1.095729
-4.798798 10.362764 1.095729
-4.704064 10.009211 1.095729
-4.445245 9.750392 1.095729
-4.091691 9.655658 1.095729
-3.738138 9.750392 1.095729
-3.479319 10.009211 1.095729
-3.167812 10.362764 0.771306
-3.291588 10.824704 0.771306
-3.629752 11.162868 0.771306
-4.091691 11.286644 0.771306
-4.553631 11.162868 0.771306
-4.891795 10.824704 0.771306
-5.015571 10.362764 0.771306
-4.891795 9.900825 0.771306
-4.553631 9.562661 0.771306
-4.091691 9.438885 0.771306
-3.629752 9.562661 0.771306
-3.291588 9.900825 0.771306
-3.091691 10.362764 0.388623
-3.225666 10.862764 0.388623
-3.591691 11.228790 0.388623
-4.091691 11.362764 0.388623
-4.591691 11.228790 0.388623
-4.957717 10.862764 0.388623
-5.091691 10.362764 0.388623
-4.957717 9.862764 0.388623
-4.591691 9.496739 0.388623
-4.091691 9.362764 0.388623
-3.591691 9.496739 0.388623
-3.225666 9.862764 0.388623
-3.167812 10.362764 0.005939
-3.291588 10.824704 0.005939
-3.629752 11.162868 0.005939
-4.091691 11.286644 0.005939
-4.553631 11.162868 0.005939
-4.891795 10.824704 0.005939
-5.015571 10.362764 0.005939
-4.891795 9.900825 0.005939
-4.553631 9.562661 0.005939
-4.091691 9.438885 0.005939
-3.629752 9.562661 0.005939
-3.291588 9.900825 0.005939
-3.384585 10.362764 -0.318484
-3.479319 10.716318 -0.318484
-3.738138 10.975137 -0.318484
-4.091691 11.069871 -0.318484
-4.445245 10.975137 -0.318484
-4.704064 10.716318 -0.318484
-4.798798 10.362764 -0.318484
-4.704064 10.009211 -0.318484
-4.445245 9.750392 -0.318484
-4.091691 9.655658 -0.318484
-3.738138 9.750392 -0.318484
-3.479319 10.009211 -0.318484
-3.709008 10.362764 -0.535257
-3.760278 10.554106 -0.535257
-3.900350 10.694178 -0.535257
-4.091691 10.745448 -0.535257
-4.283033 10.694178 -0.535257
-4.423105 10.554106 -0.535257
-4.474375 10.362764 -0.535257
-4.423105 10.171423 -0.535257
-4.283033 10.031351 -0.535257
-4.091691 9.980081 -0.535257
-3.900350 10.031351 -0.535257
-3.760278 10.171423 -0.535257
-4.091691 10.362764 -0.611377
-2.663840 11.953450 -0.024174
-2.281156 11.953450 -0.100295
-2.332426 12.144792 -0.100295
-2.472498 12.284864 -0.100295
-2.663840 12.336134 -0.100295
-2.855181 12.284864 -0.100295
-2.995253 12.144792 -0.100295
-3.046523 11.953450 -0.100295
-2.995253 11.762108 -0.100295
-2.855181 11.622037 -0.100295
-2.663840 11.570767 -0.100295
-2.472498 11.622037 -0.100295
-2.332426 11.762108 -0.100295
-1.956733 11.953450 -0.317068
-2.051467 12.307004 -0.317068
-2.310286 12.565823 -0.317068
-2.663840 12.660557 -0.317068
-3.017393 12.565823 -0.317068
-3.276212 12.307004 -0.317068
-3.370946 11.953450 -0.317068
-3.276212 11.599897 -0.317068
-3.017393 11.341078 -0.317068
-2.663840 11.246343 -0.317068
-2.310286 11.341078 -0.317068
-2.051467 11.599897 -0.317068
-1.739960 11.953450 -0.641491
-1.863736 12.415390 -0.641491
-2.201900 12.753553 -0.641491
-2.663840 12.877330 -0.641491
-3.125779 12.753553 -0.641491
-3.463943 12.415390 -0.641491
-3.587719 11.953450 -0.641491
-3.463943 11.491510 -0.641491
-3.125779 11.153347 -0.641491
-2.663840 11.029571 -0.641491
-2.201900 11.153347 -0.641491
-1.863736 11.491510 -0.641491
-1.663840 11.953450 -1.024174
-1.797814 12.453450 -1.024174
-2.163840 12.819476 -1.024174
-2.663840 12.953450 -1.024174
-3.163840 12.819476 -1.024174
-3.529865 12.453450 -1.024174
-3.663840 11.953450 -1.024174
-3.529865 11.453450 -1.024174
-3.163840 11.087425 -1.024174
-2.663840 10.953450 -1.024174
-2.163840 11.087425 -1.024174
-1.797814 11.453450 -1.024174
-1.739960 11.953450 -1.406858
-1.863736 12.415390 -1.406858
-2.201900 12.753553 -1.406858
-2.663840 12.877330 -1.406858
-3.125779 12.753553 -1.406858
-3.463943 12.415390 -1.406858
-3.587719 11.953450 -1.406858
-3.463943 11.491510 -1.406858
-3.125779 11.153347 -1.406858
-2.663840 11.029571 -1.406858
-2.201900 11.153347 -1.406858
-1.863736 11.491510 -1.406858
-1.956733 11.953450 -1.731281
-2.051467 12.307004 -1.731281
-2.310286 12.565823 -1.731281
-2.663840 12.660557 -1.731281
-3.017393 12.565823 -1.731281
-3.276212 12.307004 -1.731281
-3.370946 11.953450 -1.731281
-3.276212 11.599897 -1.731281
-3.017393 11.341078 -1.731281
-2.663840 11.246343 -1.731281
-2.310286 11.341078 -1.731281
-2.051467 11.599897 -1.731281
-2.281156 11.953450 -1.948054
-2.332426 12.144792 -1.948054
-2.472498 12.284864 -1.948054
-2.663840 12.336134 -1.948054
-2.855181 12.284864 -1.948054
-2.995253 12.144792 -1.948054
-3.046523 11.953450 -1.948054
-2.995253 11.762108 -1.948054
-2.855181 11.622037 -1.948054
-2.663840 11.570767 -1.948054
-2.472498 11.622037 -1.948054
-2.332426 11.762108 -1.948054
-2.663840 11.953450 -2.024174
-0.755420 13.929626 -0.911965
-0.372737 13.929626 -0.988086
-0.424006 14.120967 -0.988086
-0.564078 14.261039 -0.988086
-0.755420 14.312309 -0.988086
-0.946762 14.261039 -0.988086
-1.086834 14.120967 -0.988086
-1.138103 13.929626 -0.988086
-1.086834 13.738284 -0.988086
-0.946762 13.598212 -0.988086
-0.755420 13.546942 -0.988086
-0.564078 13.598212 -0.988086
-0.424006 13.738284 -0.988086
-0.048313 13.929626 -1.204859
-0.143048 14.283179 -1.204859
-0.401867 14.541998 -1.204859
-0.755420 14.636732 -1.204859
-1.108973 14.541998 -1.204859
-1.367792 14.283179 -1.204859
-1.462527 13.929626 -1.204859
-1.367792 13.576072 -1.204859
-1.108973 13.317253 -1.204859
-0.755420 13.222519 -1.204859
-0.401867 13.317253 -1.204859
-0.143048 13.576072 -1.204859
0.168460 13.929626 -1.529282
0.044683 14.391565 -1.529282
-0.293480 14.729729 -1.529282
-0.755420 14.853505 -1.529282
-1.217360 14.729729 -1.529282
-1.555523 14.391565 -1.529282
-1.679300 13.929626 -1.529282
-1.555523 13.467686 -1.529282
-1.217360 13.129522 -1.529282
-0.755420 13.005746 -1.529282
-0.293480 13.129522 -1.529282
0.044683 13.467686 -1.529282
0.244580 13.929626 -1.911965
0.110605 14.429626 -1.911965
-0.255420 14.795651 -1.911965
-0.755420 14.929626 -1.911965
-1.255420 14.795651 -1.911965
-1.621445 14.429626 -1.911965
-1.755420 13.929626 -1.911965
-1.621445 13.429626 -1.911965
-1.255420 13.063600 -1.911965
-0.755420 12.929626 -1.911965
-0.255420 13.063600 -1.911965
0.110605 13.429626 -1.911965
0.168460 13.929626 -2.294649
0.044683 14.391565 -2.294649
-0.293480 14.729729 -2.294649
-0.755420 14.853505 -2.294649
-1.217360 14.729729 -2.294649
-1.555523 14.391565 -2.294649
-1.679300 13.929626 -2.294649
-1.555523 13.467686 -2.294649
-1.217360 13.129522 -2.294649
-0.755420 13.005746 -2.294649
-0.293480 13.129522 -2.294649
0.044683 13.467686 -2.294649
-0.048313 13.929626 -2.619072
-0.143048 14.283179 -2.619072
-0.401867 14.541998 -2.619072
-0.755420 14.636732 -2.619072
-1.108973 14.541998 -2.619072
-1.367792 14.283179 -2.619072
-1.462527 13.929626 -2.619072
-1.367792 13.576072 -2.619072
-1.108973 13.317253 -2.619072
-0.755420 13.222519 -2.619072
-0.401867 13.317253 -2.619072
-0.143048 13.576072 -2.619072
-0.372737 13.929626 -2.835845
-0.424006 14.120967 -2.835845
-0.564078 14.261039 -2.835845
-0.755420 14.312309 -2.835845
-0.946762 14.261039 -2.835845
-1.086834 14.120967 -2.835845
-1.138103 13.929626 -2.835845
-1.086834 13.738284 -2.835845
-0.946762 13.598212 -2.835845
-0.755420 13.546942 -2.835845
-0.564078 13.598212 -2.835845
-0.424006 13.738284 -2.835845
-0.755420 13.929626 -2.911965
0.165042 15.472417 -1.010669
0.547725 15.472417 -1.086789
0.496455 15.663759 -1.086789
0.356383 15.803830 -1.086789
0.165042 15.855100 -1.086789
-0.026300 15.803830 -1.086789
-0.166372 15.663759 -1.086789
-0.217642 15.472417 -1.086789
-0.166372 15.281075 -1.086789
-0.026300 15.141003 -1.086789
0.165042 15.089733 -1.086789
0.356383 15.141003 -1.086789
0.496455 15.281075 -1.086789
0.872149 15.472417 -1.303562
0.777414 15.825970 -1.303562
0.518595 16.084789 -1.303562
0.165042 16.179524 -1.303562
-0.188512 16.084789 -1.303562
-0.447331 15.825970 -1.303562
-0.542065 15.472417 -1.303562
-0.447331 15.118863 -1.303562
-0.188512 14.860044 -1.303562
0.165042 14.765310 -1.303562
0.518595 14.860044 -1.303562
0.777414 15.118863 -1.303562
1.088921 15.472417 -1.627985
0.965145 15.934357 -1.627985
0.626982 16.272520 -1.627985
0.165042 16.396296 -1.627985
-0.296898 16.272520 -1.627985
-0.635061 15.934357 -1.627985
-0.758838 15.472417 -1.627985
-0.635061 15.010477 -1.627985
-0.296898 14.672314 -1.627985
0.165042 14.548537 -1.627985
0.626982 14.672314 -1.627985
0.965145 15.010477 -1.627985
1.165042 15.472417 -2.010669
1.031067 15.972417 -2.010669
0.665042 16.338442 -2.010669
0.165042 16.472417 -2.010669
-0.334958 16.338442 -2.010669
-0.700984 15.972417 -2.010669
-0.834958 15.472417 -2.010669
-0.700984 14.972417 -2.010669
-0.334958 14.606391 -2.010669
0.165042 14.472417 -2.010669
0.665042 14.606391 -2.010669
1.031067 14.972417 -2.010669
1.088921 15.472417 -2.393352
0.965145 15.934357 -2.393352
0.626982 16.272520 -2.393352
0.165042 16.396296 -2.393352
-0.296898 16.272520 -2.393352
-0.635061 15.934357 -2.393352
-0.758838 15.472417 -2.393352
-0.635061 15.010477 -2.393352
-0.296898 14.672314 -2.393352
0.165042 14.548537 -2.393352
0.626982 14.672314 -2.393352
0.965145 15.010477 -2.393352
0.872149 15.472417 -2.717776
0.777414 15.825970 -2.717776
0.518595 16.084789 -2.717776
0.165042 16.179524 -2.717776
-0.188512 16.084789 -2.717776
-0.447331 15.825970 -2.717776
-0.542065 15.472417 -2.717776
-0.447331 15.118863 -2.717776
-0.188512 14.860044 -2.717776
0.165042 14.765310 -2.717776
0.518595 14.860044 -2.717776
0.777414 15.118863 -2.717776
0.547725 15.472417 -2.934548
0.496455 15.663759 -2.934548
0.356383 15.803830 -2.934548
0.165042 15.855100 -2.934548
-0.026300 15.803830 -2.934548
-0.166372 15.663759 -2.934548
-0.217642 15.472417 -2.934548
-0.166372 15.281075 -2.934548
-0.026300 15.141003 -2.934548
0.165042 15.089733 -2.934548
0.356383 15.141003 -2.934548
0.496455 15.281075 -2.934548
0.165042 15.472417 -3.010669
1.284648 17.621716 -0.820713
1.667331 17.621716 -0.896833
1.616062 17.813057 -0.896833
1.475990 17.953129 -0.896833
1.284648 18.004399 -0.896833
1.093306 17.953129 -0.896833
0.953234 17.813057 -0.896833
0.901965 17.621716 -0.896833
0.953234 17.430374 -0.896833
1.093306 17.290302 -0.896833
1.284648 17.239032 -0.896833
1.475990 17.290302 -0.896833
1.616062 17.430374 -0.896833
1.991755 17.621716 -1.113606
1.897020 17.975269 -1.113606
1.638201 18.234088 -1.113606
1.284648 18.328822 -1.113606
0.931095 18.234088 -1.113606
0.672276 17.975269 -1.113606
0.577541 17.621716 -1.113606
0.672276 17.268162 -1.113606
0.931095 17.009343 -1.113606
1.284648 16.914609 -1.113606
1.638201 17.009343 -1.113606
1.897020 17.268162 -1.113606
2.208528 17.621716 -1.438029
2.084751 18.083655 -1.438029
1.746588 18.421819 -1.438029
1.284648 18.545595 -1.438029
0.822708 18.421819 -1.438029
0.484545 18.083655 -1.438029
0.360769 17.621716 -1.438029
0.484545 17.159776 -1.438029
0.822708 16.821612 -1.438029
1.284648 16.697836 -1.438029
1.746588 16.821612 -1.438029
2.084751 17.159776 -1.438029
2.284648 17.621716 -1.820713
2.150673 18.121716 -1.820713
1.784648 18.487741 -1.820713
1.284648 18.621716 -1.820713
0.784648 18.487741 -1.820713
0.418623 18.121716 -1.820713
0.284648 17.621716 -1.820713
0.418623 17.121716 -1.820713
0.784648 16.755690 -1.820713
1.284648 16.621716 -1.820713
1.784648 16.755690 -1.820713
2.150673 17.121716 -1.820713
2.208528 17.621716 -2.203396
2.084751 18.083655 -2.203396
1.746588 18.421819 -2.203396
1.284648 18.545595 -2.203396
0.822708 18.421819 -2.203396
0.484545 18.083655 -2.203396
0.360769 17.621716 -2.203396
0.484545 17.159776 -2.203396
0.822708 16.821612 -2.203396
1.284648 16.697836 -2.203396
1.746588 16.821612 -2.203396
2.084751 17.159776 -2.203396
1.991755 17.621716 -2.527820
1.897020 17.975269 -2.527820
1.638201 18.234088 -2.527820
1.284648 18.328822 -2.527820
0.931095 18.234088 -2.527820
0.672276 17.975269 -2.527820
0.577541 17.621716 -2.527820
0.672276 17.268162 -2.527820
0.931095 17.009343 -2.527820
1.284648 16.914609 -2.527820
1.638201 17.009343 -2.527820
1.897020 17.268162 -2.527820
1.667331 17.621716 -2.744592
1.616062 17.813057 -2.744592
1.475990 17.953129 -2.744592
1.284648 18.004399 -2.744592
1.093306 17.953129 -2.744592
0.953234 17.813057 -2.744592
0.901965 17.621716 -2.744592
0.953234 17.430374 -2.744592
1.093306 17.290302 -2.744592
1.284648 17.239032 -2.744592
1.475990 17.290302 -2.744592
1.616062 17.430374 -2.744592
1.284648 17.621716 -2.820713
2.223705 19.837191 -0.535891
2.606388 19.837191 -0.612011
2.555119 20.028532 -0.612011
2.415047 20.168604 -0.612011
2.223705 20.219874 -0.612011
2.032363 20.168604 -0.612011
1.892291 20.028532 -0.612011
1.841022 19.837191 -0.612011
1.892291 19.645849 -0.612011
2.032363 19.505777 -0.612011
2.223705 19.454507 -0.612011
2.415047 19.505777 -0.612011
2.555119 19.645849 -0.612011
2.930812 19.837191 -0.828784
2.836077 20.190744 -0.828784
2.577258 20.449563 -0.828784
2.223705 20.544297 -0.828784
1.870152 20.449563 -0.828784
1.611333 20.190744 -0.828784
1.516598 19.837191 -0.828784
1.611333 19.483637 -0.828784
1.870152 19.224818 -0.828784
2.223705 19.130084 -0.828784
2.577258 19.224818 -0.828784
2.836077 19.483637 -0.828784
3.147585 19.837191 -1.153207
3.023808 20.299130 -1.153207
2.685645 20.637294 -1.153207
2.223705 20.761070 -1.153207
1.761765 20.637294 -1.153207
1.423602 20.299130 -1.153207
1.299826 19.837191 -1.153207
1.423602 19.375251 -1.153207
1.761765 19.037087 -1.153207
2.223705 18.913311 -1.153207
2.685645 19.037087 -1.153207
3.023808 19.375251 -1.153207
3.223705 19.837191 -1.535891
3.089730 20.337191 -1.535891
2.723705 20.703216 -1.535891
2.223705 20.837191 -1.535891
1.723705 20.703216 -1.535891
1.357680 20.337191 -1.535891
1.223705 19.837191 -1.535891
1.357680 19.337191 -1.535891
1.723705 18.971165 -1.535891
2.223705 18.837191 -1.535891
2.723705 18.971165 -1.535891
3.089730 19.337191 -1.535891
3.147585 19.837191 -1.918574
3.023808 20.299130 -1.918574
2.685645 20.637294 -1.918574
2.223705 20.761070 -1.918574
1.761765 20.637294 -1.918574
1.423602 20.299130 -1.918574
1.299826 19.837191 -1.918574
1.423602 19.375251 -1.918574
1.761765 19.037087 -1.918574
2.223705 18.913311 -1.918574
2.685645 19.037087 -1.918574
3.023808 19.375251 -1.918574
2.930812 19.837191 -2.242997
2.836077 20.190744 -2.242997
2.577258 20.449563 -2.242997
2.223705 20.544297 -2.242997
1.870152 20.449563 -2.242997
1.611333 20.190744 -2.242997
1.516598 19.837191 -2.242997
1.611333 19.483637 -2.242997
1.870152 19.224818 -2.242997
2.223705 19.130084 -2.242997
2.577258 19.224818 -2.242997
2.836077 19.483637 -2.242997
2.606388 19.837191 -2.459770
2.555119 20.028532 -2.459770
2.415047 20.168604 -2.459770
2.223705 20.219874 -2.459770
2.032363 20.168604 -2.459770
1.892291 20.028532 -2.459770
1.841022 19.837191 -2.459770
1.892291 19.645849 -2.459770
2.032363 19.505777 -2.459770
2.223705 19.454507 -2.459770
2.415047 19.505777 -2.459770
2.555119 19.645849 -2.459770
2.223705 19.837191 -2.535891
3.721285 22.019346 -0.040616
4.103969 22.019346 -0.116737
4.052699 22.210688 -0.116737
3.912627 22.350760 -0.116737
3.721285 22.402030 -0.116737
3.529944 22.350760 -0.116737
3.389872 22.210688 -0.116737
3.338602 22.019346 -0.116737
3.389872 21.828005 -0.116737
3.529944 21.687933 -0.116737
3.721285 21.636663 -0.116737
3.912627 21.687933 -0.116737
4.052699 21.828005 -0.116737
4.428392 22.019346 -0.333509
4.333658 22.372900 -0.333509
4.074839 22.631719 -0.333509
3.721285 22.726453 -0.333509
3.367732 22.631719 -0.333509
3.108913 22.372900 -0.333509
3.014179 22.019346 -0.333509
3.108913 21.665793 -0.333509
3.367732 21.406974 -0.333509
3.721285 21.312239 -0.333509
4.074839 21.406974 -0.333509
4.333658 21.665793 -0.333509
4.645165 22.019346 -0.657933
4.521388 22.481286 -0.657933
4.183225 22.819449 -0.657933
3.721285 22.943226 -0.657933
3.259346 22.819449 -0.657933
2.921182 22.481286 -0.657933
2.797406 22.019346 -0.657933
2.921182 21.557406 -0.657933
3.259346 21.219243 -0.657933
3.721285 21.095467 -0.657933
4.183225 21.219243 -0.657933
4.521388 21.557406 -0.657933
4.721285 22.019346 -1.040616
4.587311 22.519346 -1.040616
4.221285 22.885372 -1.040616
3.721285 23.019346 -1.040616
3.221285 22.885372 -1.040616
2.855260 22.519346 -1.040616
2.721285 22.019346 -1.040616
2.855260 21.519346 -1.040616
3.221285 21.153321 -1.040616
3.721285 21.019346 -1.040616
4.221285 21.153321 -1.040616
4.587311 21.519346 -1.040616
4.645165 22.019346 -1.423300
4.521388 22.481286 -1.423300
4.183225 22.819449 -1.423300
3.721285 22.943226 -1.423300
3.259346 22.819449 -1.423300
2.921182 22.481286 -1.423300
2.797406 22.019346 -1.423300
2.921182 21.557406 -1.423300
3.259346 21.219243 -1.423300
3.721285 21.095467 -1.423300
4.183225 21.219243 -1.423300
4.521388 21.557406 -1.423300
4.428392 22.019346 -1.747723
4.333658 22.372900 -1.747723
4.074839 22.631719 -1.747723
3.721285 22.726453 -1.747723
3.367732 22.631719 -1.747723
3.108913 22.372900 -1.747723
3.014179 22.019346 -1.747723
3.108913 21.665793 -1.747723
3.367732 21.406974 -1.747723
3.721285 21.312239 -1.747723
4.074839 21.406974 -1.747723
4.333658 21.665793 -1.747723
4.103969 22.019346 -1.964496
4.052699 22.210688 -1.964496
3.912627 22.350760 -1.964496
3.721285 22.402030 -1.964496
3.529944 22.350760 -1.964496
3.389872 22.210688 -1.964496
3.338602 22.019346 -1.964496
3.389872 21.828005 -1.964496
3.529944 21.687933 -1.964496
3.721285 21.636663 -1.964496
3.912627 21.687933 -1.964496
4.052699 21.828005 -1.964496
3.721285 22.019346 -2.040616
4.372499 23.583147 0.771569
4.755182 23.583147 0.695449
4.703913 23.774489 0.695449
4.563841 23.914561 0.695449
4.372499 23.965830 0.695449
4.181157 23.914561 0.695449
4.041085 23.774489 0.695449
3.989816 23.583147 0.695449
4.041085 23.391805 0.695449
4.181157 23.251733 0.695449
4.372499 23.200464 0.695449
4.563841 23.251733 0.695449
4.703913 23.391805 0.695449
5.079606 23.583147 0.478676
4.984871 23.936700 0.478676
4.726052 24.195519 0.478676
4.372499 24.290254 0.478676
4.018946 24.195519 0.478676
3.760127 23.936700 0.478676
3.665392 23.583147 0.478676
3.760127 23.229594 0.478676
4.018946 22.970775 0.478676
4.372499 22.876040 0.478676
4.726052 22.970775 0.478676
4.984871 23.229594 0.478676
5.296379 23.583147 0.154253
5.172602 24.045087 0.154253
4.834439 24.383250 0.154253
4.372499 24.507027 0.154253
3.910559 24.383250 0.154253
3.572396 24.045087 0.154253
3.448619 23.583147 0.154253
3.572396 23.121207 0.154253
3.910559 22.783044 0.154253
4.372499 22.659268 0.154253
4.834439 22.783044 0.154253
5.172602 23.121207 0.154253
5.372499 23.583147 -0.228431
5.238524 24.083147 -0.228431
4.872499 24.449172 -0.228431
4.372499 24.583147 -0.228431
3.872499 24.449172 -0.228431
3.506474 24.083147 -0.228431
3.372499 23.583147 -0.228431
3.506474 23.083147 -0.228431
3.872499 22.717122 -0.228431
4.372499 22.583147 -0.228431
4.872499 22.717122 -0.228431
5.238524 23.083147 -0.228431
5.296379 23.583147 -0.611114
5.172602 24.045087 -0.611114
4.834439 24.383250 -0.611114
4.372499 24.507027 -0.611114
3.910559 24.383250 -0.611114
3.572396 24.045087 -0.611114
3.448619 23.583147 -0.611114
3.572396 23.121207 -0.611114
3.910559 22.783044 -0.611114
4.372499 22.659268 -0.611114
4.834439 22.783044 -0.611114
5.172602 23.121207 -0.611114
5.079606 23.583147 -0.935537
4.984871 23.936700 -0.935537
4.726052 24.195519 -0.935537
4.372499 24.290254 -0.935537
4.018946 24.195519 -0.935537
3.760127 23.936700 -0.935537
3.665392 23.583147 -0.935537
3.760127 23.229594 -0.935537
4.018946 22.970775 -0.935537
4.372499 22.876040 -0.935537
4.726052 22.970775 -0.935537
4.984871 23.229594 -0.935537
4.755182 23.583147 -1.152310
4.703913 23.774489 -1.152310
4.563841 23.914561 -1.152310
4.372499 23.965830 -1.152310
4.181157 23.914561 -1.152310
4.041085 23.774489 -1.152310
3.989816 23.583147 -1.152310
4.041085 23.391805 -1.152310
4.181157 23.251733 -1.152310
4.372499 23.200464 -1.152310
4.563841 23.251733 -1.152310
4.703913 23.391805 -1.152310
4.372499 23.583147 -1.228431
4.658543 25.344137 2.721076
5.041227 25.344137 2.644955
4.989957 25.535479 2.644955
4.849885 25.675551 2.644955
4.658543 25.726821 2.644955
4.467201 25.675551 2.644955
4.327130 25.535479 2.644955
4.275860 25.344137 2.644955
4.327130 25.152795 2.644955
4.467201 25.012724 2.644955
4.658543 24.961454 2.644955
4.849885 25.012724 2.644955
4.989957 25.152795 2.644955
5.365650 25.344137 2.428183
5.270916 25.697691 2.428183
5.012097 25.956510 2.428183
4.658543 26.051244 2.428183
4.304990 25.956510 2.428183
4.046171 25.697691 2.428183
3.951436 25.344137 2.428183
4.046171 24.990584 2.428183
4.304990 24.731765 2.428183
4.658543 24.637030 2.428183
5.012097 24.731765 2.428183
5.270916 24.990584 2.428183
5.582423 25.344137 2.103759
5.458646 25.806077 2.103759
5.120483 26.144240 2.103759
4.658543 26.268017 2.103759
4.196603 26.144240 2.103759
3.858440 25.806077 2.103759
3.734664 25.344137 2.103759
3.858440 24.882197 2.103759
4.196603 24.544034 2.103759
4.658543 24.420258 2.103759
5.120483 24.544034 2.103759
5.458646 24.882197 2.103759
5.658543 25.344137 1.721076
5.524569 25.844137 1.721076
5.158543 26.210163 1.721076
4.658543 26.344137 1.721076
4.158543 26.210163 1.721076
3.792518 25.844137 1.721076
3.658543 25.344137 1.721076
3.792518 24.844137 1.721076
4.158543 24.478112 1.721076
4.658543 24.344137 1.721076
5.158543 24.478112 1.721076
5.524569 24.844137 1.721076
5.582423 25.344137 1.338392
5.458646 25.806077 1.338392
5.120483 26.144240 1.338392
4.658543 26.268017 1.338392
4.196603 26.144240 1.338392
3.858440 25.806077 1.338392
3.734664 25.344137 1.338392
3.858440 24.882197 1.338392
4.196603 24.544034 1.338392
4.658543 24.420258 1.338392
5.120483 24.544034 1.338392
5.458646 24.882197 1.338392
5.365650 25.344137 1.013969
5.270916 25.697691 1.013969
5.012097 25.956510 1.013969
4.658543 26.051244 1.013969
4.304990 25.956510 1.013969
4.046171 25.697691 1.013969
3.951436 25.344137 1.013969
4.046171 24.990584 1.013969
4.304990 24.731765 1.013969
4.658543 24.637030 1.013969
5.012097 24.731765 1.013969
5.270916 24.990584 1.013969
5.041227 25.344137 0.797196
4.989957 25.535479 0.797196
4.849885 25.675551 0.797196
4.658543 25.726821 0.797196
4.467201 25.675551 0.797196
4.327130 25.535479 0.797196
4.275860 25.344137 0.797196
4.327130 25.152795 0.797196
4.467201 25.012724 0.797196
4.658543 24.961454 0.797196
4.849885 25.012724 0.797196
4.989957 25.152795 0.797196
4.658543 25.344137 0.721076
1.575678 -26.998756 -10.526427
1.958362 -26.998756 -10.602548
1.907092 -26.807415 -10.602548
1.767020 -26.667343 -10.602548
1.575678 -26.616073 -10.602548
1.384337 -26.667343 -10.602548
1.244265 -26.807415 -10.602548
1.192995 -26.998756 -10.602548
1.244265 -27.190098 -10.602548
1.384337 -27.330170 -10.602548
1.575678 -27.381440 -10.602548
1.767020 -27.330170 -10.602548
1.907092 -27.190098 -10.602548
2.282785 -26.998756 -10.819320
2.188051 -26.645203 -10.819320
1.929232 -26.386384 -10.819320
1.575678 -26.291650 -10.819320
1.222125 -26.386384 -10.819320
0.963306 -26.645203 -10.819320
0.868572 -26.998756 -10.819320
0.963306 -27.352310 -10.819320
1.222125 -27.611129 -10.819320
1.575678 -27.705863 -10.819320
1.929232 -27.611129 -10.819320
2.188051 -27.352310 -10.819320
2.499558 -26.998756 -11.143744
2.375781 -26.536817 -11.143744
2.037618 -26.198653 -11.143744
1.575678 -26.074877 -11.143744
1.113739 -26.198653 -11.143744
0.775575 -26.536817 -11.143744
0.651799 -26.998756 -11.143744
0.775575 -27.460696 -11.143744
1.113739 -27.798860 -11.143744
1.575678 -27.922636 -11.143744
2.037618 -27.798860 -11.143744
2.375781 -27.460696 -11.143744
2.575678 -26.998756 -11.526427
2.441704 -26.498756 -11.526427
2.075678 -26.132731 -11.526427
1.575678 -25.998756 -11.526427
1.075678 -26.132731 -11.526427
0.709653 -26.498756 -11.526427
0.575678 -26.998756 -11.526427
0.709653 -27.498756 -11.526427
1.075678 -27.864782 -11.526427
1.575678 -27.998756 -11.526427
2.075678 -27.864782 -11.526427
2.441704 -27.498756 -11.526427
2.499558 -26.998756 -11.909111
2.375781 -26.536817 -11.909111
2.037618 -26.198653 -11.909111
1.575678 -26.074877 -11.909111
1.113739 -26.198653 -11.909111
0.775575 -26.536817 -11.909111
0.651799 -26.998756 -11.909111
0.775575 -27.460696 -11.909111
1.113739 -27.798860 -11.909111
1.575678 -27.922636 -11.909111
2.037618 -27.798860 -11.909111
2.375781 -27.460696 -11.909111
2.282785 -26.998756 -12.233534
2.188051 -26.645203 -12.233534
1.929232 -26.386384 -12.233534
1.575678 -26.291650 -12.233534
1.222125 -26.386384 -12.233534
0.963306 -26.645203 -12.233534
0.868572 -26.998756 -12.233534
0.963306 -27.352310 -12.233534
1.222125 -27.611129 -12.233534
1.575678 -27.705863 -12.233534
1.929232 -27.611129 -12.233534
2.188051 -27.352310 -12.233534
1.958362 -26.998756 -12.450307
1.907092 -26.807415 -12.450307
1.767020 -26.667343 -12.450307
1.575678 -26.616073 -12.450307
1.384337 -26.667343 -12.450307
1.244265 -26.807415 -12.450307
1.192995 -26.998756 -12.450307
1.244265 -27.190098 -12.450307
1.384337 -27.330170 -12.450307
1.575678 -27.381440 -12.450307
1.767020 -27.330170 -12.450307
1.907092 -27.190098 -12.450307
1.575678 -26.998756 -12.526427
-1.328428 -25.861069 -11.376670
-0.945744 -25.861069 -11.452790
-0.997014 -25.669727 -11.452790
-1.137086 -25.529655 -11.452790
-1.328428 -25.478385 -11.452790
-1.519770 -25.529655 -11.452790
-1.659841 -25.669727 -11.452790
-1.711111 -25.861069 -11.452790
-1.659841 -26.052410 -11.452790
-1.519770 -26.192482 -11.452790
-1.328428 -26.243752 -11.452790
-1.137086 -26.192482 -11.452790
-0.997014 -26.052410 -11.452790
-0.621321 -25.861069 -11.669563
-0.716055 -25.507515 -11.669563
-0.974875 -25.248696 -11.669563
-1.328428 -25.153962 -11.669563
-1.681981 -25.248696 -11.669563
-1.940800 -25.507515 -11.669563
-2.035535 -25.861069 -11.669563
-1.940800 -26.214622 -11.669563
-1.681981 -26.473441 -11.669563
-1.328428 -26.568176 -11.669563
-0.974875 -26.473441 -11.669563
-0.716055 -26.214622 -11.669563
-0.404548 -25.861069 -11.993986
-0.528325 -25.399129 -11.993986
-0.866488 -25.060966 -11.993986
-1.328428 -24.937189 -11.993986
-1.790368 -25.060966 -11.993986
-2.128531 -25.399129 -11.993986
-2.252307 -25.861069 -11.993986
-2.128531 -26.323008 -11.993986
-1.790368 -26.661172 -11.993986
-1.328428 -26.784948 -11.993986
-0.866488 -26.661172 -11.993986
-0.528325 -26.323008 -11.993986
-0.328428 -25.861069 -12.376670
-0.462403 -25.361069 -12.376670
-0.828428 -24.995043 -12.376670
-1.328428 -24.861069 -12.376670
-1.828428 -24.995043 -12.376670
-2.194453 -25.361069 -12.376670
-2.328428 -25.861069 -12.376670
-2.194453 -26.361069 -12.376670
-1.828428 -26.727094 -12.376670
-1.328428 -26.861069 -12.376670
-0.828428 -26.727094 -12.376670
-0.462403 -26.361069 -12.376670
-0.404548 -25.861069 -12.759353
-0.528325 -25.399129 -12.759353
-0.866488 -25.060966 -12.759353
-1.328428 -24.937189 -12.759353
-1.790368 -25.060966 -12.759353
-2.128531 -25.399129 -12.759353
-2.252307 -25.861069 -12.759353
-2.128531 -26.323008 -12.759353
-1.790368 -26.661172 -12.759353
-1.328428 -26.784948 -12.759353
-0.866488 -26.661172 -12.759353
-0.528325 -26.323008 -12.759353
-0.621321 -25.861069 -13.083777
-0.716055 -25.507515 -13.083777
-0.974875 -25.248696 -13.083777
-1.328428 -25.153962 -13.083777
-1.681981 -25.248696 -13.083777
-1.940800 -25.507515 -13.083777
-2.035535 -25.861069 -13.083777
-1.940800 -26.214622 -13.083777
-1.681981 -26.473441 -13.083777
-1.328428 -26.568176 -13.083777
-0.974875 -26.473441 -13.083777
-0.716055 -26.214622 -13.083777
-0.945744 -25.861069 -13.300549
-0.997014 -25.669727 -13.300549
-1.137086 -25.529655 -13.300549
-1.328428 -25.478385 -13.300549
-1.519770 -25.529655 -13.300549
-1.659841 -25.669727 -13.300549
-1.711111 -25.861069 -13.300549
-1.659841 -26.052410 -13.300549
-1.519770 -26.192482 -13.300549
-1.328428 -26.243752 -13.300549
-1.137086 -26.192482 -13.300549
-0.997014 -26.052410 -13.300549
-1.328428 -25.861069 -13.376670
-4.860688 -26.034727 -10.549099
-4.478005 -26.034727 -10.625219
-4.529275 -25.843385 -10.625219
-4.669346 -25.703314 -10.625219
-4.860688 -25.652044 -10.625219
-5.052030 -25.703314 -10.625219
-5.192102 -25.843385 -10.625219
-5.243372 -26.034727 -10.625219
-5.192102 -26.226069 -10.625219
-5.052030 -26.366141 -10.625219
-4.860688 -26.417411 -10.625219
-4.669346 -26.366141 -10.625219
-4.529275 -26.226069 -10.625219
-4.153581 -26.034727 -10.841992
-4.248316 -25.681174 -10.841992
-4.507135 -25.422355 -10.841992
-4.860688 -25.327620 -10.841992
-5.214242 -25.422355 -10.841992
-5.473061 -25.681174 -10.841992
-5.567795 -26.034727 -10.841992
-5.473061 -26.388280 -10.841992
-5.214242 -26.647100 -10.841992
-4.860688 -26.741834 -10.841992
-4.507135 -26.647100 -10.841992
-4.248316 -26.388280 -10.841992
-3.936809 -26.034727 -11.166416
-4.060585 -25.572787 -11.166416
-4.398748 -25.234624 -11.166416
-4.860688 -25.110848 -11.166416
-5.322628 -25.234624 -11.166416
-5.660791 -25.572787 -11.166416
-5.784568 -26.034727 -11.166416
-5.660791 -26.496667 -11.166416
-5.322628 -26.834830 -11.166416
-4.860688 -26.958607 -11.166416
-4.398748 -26.834830 -11.166416
-4.060585 -26.496667 -11.166416
-3.860688 -26.034727 -11.549099
-3.994663 -25.534727 -11.549099
-4.360688 -25.168702 -11.549099
-4.860688 -25.034727 -11.549099
-5.360688 -25.168702 -11.549099
-5.726714 -25.534727 -11.549099
-5.860688 -26.034727 -11.549099
-5.726714 -26.534727 -11.549099
-5.360688 -26.900753 -11.549099
-4.860688 -27.034727 -11.549099
-4.360688 -26.900753 -11.549099
-3.994663 -26.534727 -11.549099
-3.936809 -26.034727 -11.931782
-4.060585 -25.572787 -11.931782
-4.398748 -25.234624 -11.931782
-4.860688 -25.110848 -11.931782
-5.322628 -25.234624 -11.931782
-5.660791 -25.572787 -11.931782
-5.784568 -26.034727 -11.931782
-5.660791 -26.496667 -11.931782
-5.322628 -26.834830 -11.931782
-4.860688 -26.958607 -11.931782
-4.398748 -26.834830 -11.931782
-4.060585 -26.496667 -11.931782
-4.153581 -26.034727 -12.256206
-4.248316 -25.681174 -12.256206
-4.507135 -25.422355 -12.256206
-4.860688 -25.327620 -12.256206
-5.214242 -25.422355 -12.256206
-5.473061 -25.681174 -12.256206
-5.567795 -26.034727 -12.256206
-5.473061 -26.388280 -12.256206
-5.214242 -26.647100 -12.256206
-4.860688 -26.741834 -12.256206
-4.507135 -26.647100 -12.256206
-4.248316 -26.388280 -12.256206
-4.478005 -26.034727 -12.472979
-4.529275 -25.843385 -12.472979
-4.669346 -25.703314 -12.472979
-4.860688 -25.652044 -12.472979
-5.052030 -25.703314 -12.472979
-5.192102 -25.843385 -12.472979
-5.243372 -26.034727 -12.472979
-5.192102 -26.226069 -12.472979
-5.052030 -26.366141 -12.472979
-4.860688 -26.417411 -12.472979
-4.669346 -26.366141 -12.472979
-4.529275 -26.226069 -12.472979
-4.860688 -26.034727 -12.549099
-7.514491 -25.788065 -9.744249
-7.131807 -25.788065 -9.820370
-7.183077 -25.596723 -9.820370
-7.323149 -25.456651 -9.820370
-7.514491 -25.405382 -9.820370
-7.705832 -25.456651 -9.820370
-7.845904 -25.596723 -9.820370
-7.897174 -25.788065 -9.820370
-7.845904 -25.979407 -9.820370
-7.705832 -26.119479 -9.820370
-7.514491 -26.170748 -9.820370
-7.323149 -26.119479 -9.820370
-7.183077 -25.979407 -9.820370
-6.807384 -25.788065 -10.037143
-6.902118 -25.434512 -10.037143
-7.160937 -25.175693 -10.037143
-7.514491 -25.080958 -10.037143
-7.868044 -25.175693 -10.037143
-8.126863 -25.434512 -10.037143
-8.221597 -25.788065 -10.037143
-8.126863 -26.141618 -10.037143
-7.868044 -26.400437 -10.037143
-7.514491 -26.495172 -10.037143
-7.160937 -26.400437 -10.037143
-6.902118 -26.141618 -10.037143
-6.590611 -25.788065 -10.361566
-6.714387 -25.326125 -10.361566
-7.052551 -24.987962 -10.361566
-7.514491 -24.864185 -10.361566
-7.976430 -24.987962 -10.361566
-8.314594 -25.326125 -10.361566
-8.438370 -25.788065 -10.361566
-8.314594 -26.250005 -10.361566
-7.976430 -26.588168 -10.361566
-7.514491 -26.711944 -10.361566
-7.052551 -26.588168 -10.361566
-6.714387 -26.250005 -10.361566
-6.514491 -25.788065 -10.744249
-6.648465 -25.288065 -10.744249
-7.014491 -24.922040 -10.744249
-7.514491 -24.788065 -10.744249
-8.014491 -24.922040 -10.744249
-8.380516 -25.288065 -10.744249
-8.514491 -25.788065 -10.744249
-8.380516 -26.288065 -10.744249
-8.014491 -26.654090 -10.744249
-7.514491 -26.788065 -10.744249
-7.014491 -26.654090 -10.744249
-6.648465 -26.288065 -10.744249
-6.590611 -25.788065 -11.126933
-6.714387 -25.326125 -11.126933
-7.052551 -24.987962 -11.126933
-7.514491 -24.864185 -11.126933
-7.976430 -24.987962 -11.126933
-8.314594 -25.326125 -11.126933
-8.438370 -25.788065 -11.126933
-8.314594 -26.250005 -11.126933
-7.976430 -26.588168 -11.126933
-7.514491 -26.711944 -11.126933
-7.052551 -26.588168 -11.126933
-6.714387 -26.250005 -11.126933
-6.807384 -25.788065 -11.451356
-6.902118 -25.434512 -11.451356
-7.160937 -25.175693 -11.451356
-7.514491 -25.080958 -11.451356
-7.868044 -25.175693 -11.451356
-8.126863 -25.434512 -11.451356
-8.221597 -25.788065 -11.451356
-8.126863 -26.141618 -11.451356
-7.868044 -26.400437 -11.451356
-7.514491 -26.495172 -11.451356
-7.160937 -26.400437 -11.451356
-6.902118 -26.141618 -11.451356
-7.131807 -25.788065 -11.668129
-7.183077 -25.596723 -11.668129
-7.323149 -25.456651 -11.668129
-7.514491 -25.405382 -11.668129
-7.705832 -25.456651 -11.668129
-7.845904 -25.596723 -11.668129
-7.897174 -25.788065 -11.668129
-7.845904 -25.979407 -11.668129
-7.705832 -26.119479 -11.668129
-7.514491 -26.170748 -11.668129
-7.323149 -26.119479 -11.668129
-7.183077 -25.979407 -11.668129
-7.514491 -25.788065 -11.744249
-8.392506 -22.441172 -10.449055
-8.009822 -22.441172 -10.525175
-8.061092 -22.249830 -10.525175
-8.201164 -22.109758 -10.525175
-8.392506 -22.058488 -10.525175
-8.583847 -22.109758 -10.525175
-8.723919 -22.249830 -10.525175
-8.775189 -22.441172 -10.525175
-8.723919 -22.632513 -10.525175
-8.583847 -22.772585 -10.525175
-8.392506 -22.823855 -10.525175
-8.201164 -22.772585 -10.525175
-8.061092 -22.632513 -10.525175
-7.685399 -22.441172 -10.741948
-7.780133 -22.087618 -10.741948
-8.038952 -21.828799 -10.741948
-8.392506 -21.734065 -10.741948
-8.746059 -21.828799 -10.741948
-9.004878 -22.087618 -10.741948
-9.099612 -22.441172 -10.741948
-9.004878 -22.794725 -10.741948
-8.746059 -23.053544 -10.741948
-8.392506 -23.148278 -10.741948
-8.038952 -23.053544 -10.741948
-7.780133 -22.794725 -10.741948
-7.468626 -22.441172 -11.066371
-7.592403 -21.979232 -11.066371
-7.930566 -21.641069 -11.066371
-8.392506 -21.517292 -11.066371
-8.854445 -21.641069 -11.066371
-9.192609 -21.979232 -11.066371
-9.316385 -22.441172 -11.066371
-9.192609 -22.903111 -11.066371
-8.854445 -23.241275 -11.066371
-8.392506 -23.365051 -11.066371
-7.930566 -23.241275 -11.066371
-7.592403 -22.903111 -11.066371
-7.392506 -22.441172 -11.449055
-7.526480 -21.941172 -11.449055
-7.892506 -21.575146 -11.449055
-8.392506 -21.441172 -11.449055
-8.892506 -21.575146 -11.449055
-9.258531 -21.941172 -11.449055
-9.392506 -22.441172 -11.449055
-9.258531 -22.941172 -11.449055
-8.892506 -23.307197 -11.449055
-8.392506 -23.441172 -11.449055
-7.892506 -23.307197 -11.449055
-7.526480 -22.941172 -11.449055
-7.468626 -22.441172 -11.831738
-7.592403 -21.979232 -11.831738
-7.930566 -21.641069 -11.831738
-8.392506 -21.517292 -11.831738
-8.854445 -21.641069 -11.831738
-9.192609 -21.979232 -11.831738
-9.316385 -22.441172 -11.831738
-9.192609 -22.903111 -11.831738
-8.854445 -23.241275 -11.831738
-8.392506 -23.365051 -11.831738
-7.930566 -23.241275 -11.831738
-7.592403 -22.903111 -11.831738
-7.685399 -22.441172 -12.156161
-7.780133 -22.087618 -12.156161
-8.038952 -21.828799 -12.156161
-8.392506 -21.734065 -12.156161
-8.746059 -21.828799 -12.156161
-9.004878 -22.087618 -12.156161
-9.099612 -22.441172 -12.156161
-9.004878 -22.794725 -12.156161
-8.746059 -23.053544 -12.156161
-8.392506 -23.148278 -12.156161
-8.038952 -23.053544 -12.156161
-7.780133 -22.794725 -12.156161
-8.009822 -22.441172 -12.372934
-8.061092 -22.249830 -12.372934
-8.201164 -22.109758 -12.372934
-8.392506 -22.058488 -12.372934
-8.583847 -22.109758 -12.372934
-8.723919 -22.249830 -12.372934
-8.775189 -22.441172 -12.372934
-8.723919 -22.632513 -12.372934
-8.583847 -22.772585 -12.372934
-8.392506 -22.823855 -12.372934
-8.201164 -22.772585 -12.372934
-8.061092 -22.632513 -12.372934
-8.392506 -22.441172 -12.449055
-8.168100 -19.294756 -10.212997
-7.785417 -19.294756 -10.289118
-7.836687 -19.103414 -10.289118
-7.976759 -18.963342 -10.289118
-8.168100 -18.912073 -10.289118
-8.359442 -18.963342 -10.289118
-8.499514 -19.103414 -10.289118
-8.550784 -19.294756 -10.289118
-8.499514 -19.486098 -10.289118
-8.359442 -19.626170 -10.289118
-8.168100 -19.677439 -10.289118
-7.976759 -19.626170 -10.289118
-7.836687 -19.486098 -10.289118
-7.460994 -19.294756 -10.505891
-7.555728 -18.941203 -10.505891
-7.814547 -18.682383 -10.505891
-8.168100 -18.587649 -10.505891
-8.521654 -18.682383 -10.505891
-8.780473 -18.941203 -10.505891
-8.875207 -19.294756 -10.505891
-8.780473 -19.648309 -10.505891
-8.521654 -19.907128 -10.505891
-8.168100 -20.001863 -10.505891
-7.814547 -19.907128 -10.505891
-7.555728 -19.648309 -10.505891
-7.244221 -19.294756 -10.830314
-7.367997 -18.832816 -10.830314
-7.706161 -18.494653 -10.830314
-8.168100 -18.370876 -10.830314
-8.630040 -18.494653 -10.830314
-8.968204 -18.832816 -10.830314
-9.091980 -19.294756 -10.830314
-8.968204 -19.756696 -10.830314
-8.630040 -20.094859 -10.830314
-8.168100 -20.218635 -10.830314
-7.706161 -20.094859 -10.830314
-7.367997 -19.756696 -10.830314
-7.168100 -19.294756 -11.212997
-7.302075 -18.794756 -11.212997
-7.668100 -18.428731 -11.212997
-8.168100 -18.294756 -11.212997
-8.668100 -18.428731 -11.212997
-9.034126 -18.794756 -11.212997
-9.168100 -19.294756 -11.212997
-9.034126 -19.794756 -11.212997
-8.668100 -20.160781 -11.212997
-8.168100 -20.294756 -11.212997
-7.668100 -20.160781 -11.212997
-7.302075 -19.794756 -11.212997
-7.244221 -19.294756 -11.595681
-7.367997 -18.832816 -11.595681
-7.706161 -18.494653 -11.595681
-8.168100 -18.370876 -11.595681
-8.630040 -18.494653 -11.595681
-8.968204 -18.832816 -11.595681
-9.091980 -19.294756 -11.595681
-8.968204 -19.756696 -11.595681
-8.630040 -20.094859 -11.595681
-8.168100 -20.218635 -11.595681
-7.706161 -20.094859 -11.595681
-7.367997 -19.756696 -11.595681
-7.460994 -19.294756 -11.920104
-7.555728 -18.941203 -11.920104
-7.814547 -18.682383 -11.920104
-8.168100 -18.587649 -11.920104
-8.521654 -18.682383 -11.920104
-8.780473 -18.941203 -11.920104
-8.875207 -19.294756 -11.920104
-8.780473 -19.648309 -11.920104
-8.521654 -19.907128 -11.920104
-8.168100 -20.001863 -11.920104
-7.814547 -19.907128 -11.920104
-7.555728 -19.648309 -11.920104
-7.785417 -19.294756 -12.136877
-7.836687 -19.103414 -12.136877
-7.976759 -18.963342 -12.136877
-8.168100 -18.912073 -12.136877
-8.359442 -18.963342 -12.136877
-8.499514 -19.103414 -12.136877
-8.550784 -19.294756 -12.136877
-8.499514 -19.486098 -12.136877
-8.359442 -19.626170 -12.136877
-8.168100 -19.677439 -12.136877
-7.976759 -19.626170 -12.136877
-7.836687 -19.486098 -12.136877
-8.168100 -19.294756 -12.212997
-7.838824 -16.645697 -9.373751
-7.456140 -16.645697 -9.449871
-7.507410 -16.454355 -9.449871
-7.647482 -16.314283 -9.449871
-7.838824 -16.263013 -9.449871
-8.030166 -16.314283 -9.449871
-8.170237 -16.454355 -9.449871
-8.221507 -16.645697 -9.449871
-8.170237 -16.837038 -9.449871
-8.030166 -16.977110 -9.449871
-7.838824 -17.028380 -9.449871
-7.647482 -16.977110 -9.449871
-7.507410 -16.837038 -9.449871
-7.131717 -16.645697 -9.666644
-7.226451 -16.292143 -9.666644
-7.485270 -16.033324 -9.666644
-7.838824 -15.938590 -9.666644
-8.192377 -16.033324 -9.666644
-8.451196 -16.292143 -9.666644
-8.545931 -16.645697 -9.666644
-8.451196 -16.999250 -9.666644
-8.192377 -17.258069 -9.666644
-7.838824 -17.352803 -9.666644
-7.485270 -17.258069 -9.666644
-7.226451 -16.999250 -9.666644
-6.914944 -16.645697 -9.991067
-7.038721 -16.183757 -9.991067
-7.376884 -15.845593 -9.991067
-7.838824 -15.721817 -9.991067
-8.300764 -15.845593 -9.991067
-8.638927 -16.183757 -9.991067
-8.762703 -16.645697 -9.991067
-8.638927 -17.107636 -9.991067
-8.300764 -17.445800 -9.991067
-7.838824 -17.569576 -9.991067
-7.376884 -17.445800 -9.991067
-7.038721 -17.107636 -9.991067
-6.838824 -16.645697 -10.373751
-6.972798 -16.145697 -10.373751
-7.338824 -15.779671 -10.373751
-7.838824 -15.645697 -10.373751
-8.338824 -15.779671 -10.373751
-8.704849 -16.145697 -10.373751
-8.838824 -16.645697 -10.373751
-8.704849 -17.145697 -10.373751
-8.338824 -17.511722 -10.373751
-7.838824 -17.645697 -10.373751
-7.338824 -17.511722 -10.373751
-6.972798 -17.145697 -10.373751
-6.914944 -16.645697 -10.756434
-7.038721 -16.183757 -10.756434
-7.376884 -15.845593 -10.756434
-7.838824 -15.721817 -10.756434
-8.300764 -15.845593 -10.756434
-8.638927 -16.183757 -10.756434
-8.762703 -16.645697 -10.756434
-8.638927 -17.107636 -10.756434
-8.300764 -17.445800 -10.756434
-7.838824 -17.569576 -10.756434
-7.376884 -17.445800 -10.756434
-7.038721 -17.107636 -10.756434
-7.131717 -16.645697 -11.080857
-7.226451 -16.292143 -11.080857
-7.485270 -16.033324 -11.080857
-7.838824 -15.938590 -11.080857
-8.192377 -16.033324 -11.080857
-8.451196 -16.292143 -11.080857
-8.545931 -16.645697 -11.080857
-8.451196 -16.999250 -11.080857
-8.192377 -17.258069 -11.080857
-7.838824 -17.352803 -11.080857
-7.485270 -17.258069 -11.080857
-7.226451 -16.999250 -11.080857
-7.456140 -16.645697 -11.297630
-7.507410 -16.454355 -11.297630
-7.647482 -16.314283 -11.297630
-7.838824 -16.263013 -11.297630
-8.030166 -16.314283 -11.297630
-8.170237 -16.454355 -11.297630
-8.221507 -16.645697 -11.297630
-8.170237 -16.837038 -11.297630
-8.030166 -16.977110 -11.297630
-7.838824 -17.028380 -11.297630
-7.647482 -16.977110 -11.297630
-7.507410 -16.837038 -11.297630
-7.838824 -16.645697 -11.373751
-7.500525 -13.598577 -8.025707
-7.117842 -13.598577 -8.101828
-7.169112 -13.407235 -8.101828
-7.309184 -13.267163 -8.101828
-7.500525 -13.215893 -8.101828
-7.691867 -13.267163 -8.101828
-7.831939 -13.407235 -8.101828
-7.883209 -13.598577 -8.101828
-7.831939 -13.789918 -8.101828
-7.691867 -13.929990 -8.101828
-7.500525 -13.981260 -8.101828
-7.309184 -13.929990 -8.101828
-7.169112 -13.789918 -8.101828
-6.793419 -13.598577 -8.318600
-6.888153 -13.245023 -8.318600
-7.146972 -12.986204 -8.318600
-7.500525 -12.891470 -8.318600
-7.854079 -12.986204 -8.318600
-8.112898 -13.245023 -8.318600
-8.207632 -13.598577 -8.318600
-8.112898 -13.952130 -8.318600
-7.854079 -14.210949 -8.318600
-7.500525 -14.305683 -8.318600
-7.146972 -14.210949 -8.318600
-6.888153 -13.952130 -8.318600
-6.576646 -13.598577 -8.643024
-6.700422 -13.136637 -8.643024
-7.038586 -12.798473 -8.643024
-7.500525 -12.674697 -8.643024
-7.962465 -12.798473 -8.643024
-8.300629 -13.136637 -8.643024
-8.424405 -13.598577 -8.643024
-8.300629 -14.060516 -8.643024
-7.962465 -14.398680 -8.643024
-7.500525 -14.522456 -8.643024
-7.038586 -14.398680 -8.643024
-6.700422 -14.060516 -8.643024
-6.500525 -13.598577 -9.025707
-6.634500 -13.098577 -9.025707
-7.000525 -12.732551 -9.025707
-7.500525 -12.598577 -9.025707
-8.000525 -12.732551 -9.025707
-8.366551 -13.098577 -9.025707
-8.500525 -13.598577 -9.025707
-8.366551 -14.098577 -9.025707
-8.000525 -14.464602 -9.025707
-7.500525 -14.598577 -9.025707
-7.000525 -14.464602 -9.025707
-6.634500 -14.098577 -9.025707
-6.576646 -13.598577 -9.408391
-6.700422 -13.136637 -9.408391
-7.038586 -12.798473 -9.408391
-7.500525 -12.674697 -9.408391
-7.962465 -12.798473 -9.408391
-8.300629 -13.136637 -9.408391
-8.424405 -13.598577 -9.408391
-8.300629 -14.060516 -9.408391
-7.962465 -14.398680 -9.408391
-7.500525 -14.522456 -9.408391
-7.038586 -14.398680 -9.408391
-6.700422 -14.060516 -9.408391
-6.793419 -13.598577 -9.732814
-6.888153 -13.245023 -9.732814
-7.146972 -12.986204 -9.732814
-7.500525 -12.891470 -9.732814
-7.854079 -12.986204 -9.732814
-8.112898 -13.245023 -9.732814
-8.207632 -13.598577 -9.732814
-8.112898 -13.952130 -9.732814
-7.854079 -14.210949 -9.732814
-7.500525 -14.305683 -9.732814
-7.146972 -14.210949 -9.732814
-6.888153 -13.952130 -9.732814
-7.117842 -13.598577 -9.949587
-7.169112 -13.407235 -9.949587
-7.309184 -13.267163 -9.949587
-7.500525 -13.215893 -9.949587
-7.691867 -13.267163 -9.949587
-7.831939 -13.407235 -9.949587
-7.883209 -13.598577 -9.949587
-7.831939 -13.789918 -9.949587
-7.691867 -13.929990 -9.949587
-7.500525 -13.981260 -9.949587
-7.309184 -13.929990 -9.949587
-7.169112 -13.789918 -9.949587
-7.500525 -13.598577 -10.025707
-3.937201 -10.512703 -6.944553
-3.554517 -10.512703 -7.020673
-3.605787 -10.321361 -7.020673
-3.745859 -10.181289 -7.020673
-3.937201 -10.130020 -7.020673
-4.128542 -10.181289 -7.020673
-4.268614 -10.321361 -7.020673
-4.319884 -10.512703 -7.020673
-4.268614 -10.704045 -7.020673
-4.128542 -10.844117 -7.020673
-3.937201 -10.895386 -7.020673
-3.745859 -10.844117 -7.020673
-3.605787 -10.704045 -7.020673
-3.230094 -10.512703 -7.237446
-3.324828 -10.159150 -7.237446
-3.583647 -9.900331 -7.237446
-3.937201 -9.805596 -7.237446
-4.290754 -9.900331 -7.237446
-4.549573 -10.159150 -7.237446
-4.644307 -10.512703 -7.237446
-4.549573 -10.866256 -7.237446
-4.290754 -11.125075 -7.237446
-3.937201 -11.219810 -7.237446
-3.583647 -11.125075 -7.237446
-3.324828 -10.866256 -7.237446
-3.013321 -10.512703 -7.561869
-3.137097 -10.050763 -7.561869
-3.475261 -9.712600 -7.561869
-3.937201 -9.588823 -7.561869
-4.399140 -9.712600 -7.561869
-4.737304 -10.050763 -7.561869
-4.861080 -10.512703 -7.561869
-4.737304 -10.974643 -7.561869
-4.399140 -11.312806 -7.561869
-3.937201 -11.436582 -7.561869
-3.475261 -11.312806 -7.561869
-3.137097 -10.974643 -7.561869
-2.937201 -10.512703 -7.944553
-3.071175 -10.012703 -7.944553
-3.437201 -9.646678 -7.944553
-3.937201 -9.512703 -7.944553
-4.437201 -9.646678 -7.944553
-4.803226 -10.012703 -7.944553
-4.937201 -10.512703 -7.944553
-4.803226 -11.012703 -7.944553
-4.437201 -11.378728 -7.944553
-3.937201 -11.512703 -7.944553
-3.437201 -11.378728 -7.944553
-3.071175 -11.012703 -7.944553
-3.013321 -10.512703 -8.327236
-3.137097 -10.050763 -8.327236
-3.475261 -9.712600 -8.327236
-3.937201 -9.588823 -8.327236
-4.399140 -9.712600 -8.327236
-4.737304 -10.050763 -8.327236
-4.861080 -10.512703 -8.327236
-4.737304 -10.974643 -8.327236
-4.399140 -11.312806 -8.327236
-3.937201 -11.436582 -8.327236
-3.475261 -11.312806 -8.327236
-3.137097 -10.974643 -8.327236
-3.230094 -10.512703 -8.651660
-3.324828 -10.159150 -8.651660
-3.583647 -9.900331 -8.651660
-3.937201 -9.805596 -8.651660
-4.290754 -9.900331 -8.651660
-4.549573 -10.159150 -8.651660
-4.644307 -10.512703 -8.651660
-4.549573 -10.866256 -8.651660
-4.290754 -11.125075 -8.651660
-3.937201 -11.219810 -8.651660
-3.583647 -11.125075 -8.651660
-3.324828 -10.866256 -8.651660
-3.554517 -10.512703 -8.868432
-3.605787 -10.321361 -8.868432
-3.745859 -10.181289 -8.868432
-3.937201 -10.130020 -8.868432
-4.128542 -10.181289 -8.868432
-4.268614 -10.321361 -8.868432
-4.319884 -10.512703 -8.868432
-4.268614 -10.704045 -8.868432
-4.128542 -10.844117 -8.868432
-3.937201 -10.895386 -8.868432
-3.745859 -10.844117 -8.868432
-3.605787 -10.704045 -8.868432
-3.937201 -10.512703 -8.944553
-1.332844 -10.097977 -6.400133
-0.950161 -10.097977 -6.476253
-1.001430 -9.906635 -6.476253
-1.141502 -9.766563 -6.476253
-1.332844 -9.715293 -6.476253
-1.524186 -9.766563 -6.476253
-1.664258 -9.906635 -6.476253
-1.715527 -10.097977 -6.476253
-1.664258 -10.289318 -6.476253
-1.524186 -10.429390 -6.476253
-1.332844 -10.480660 -6.476253
-1.141502 -10.429390 -6.476253
-1.001430 -10.289318 -6.476253
-0.625737 -10.097977 -6.693026
-0.720472 -9.744423 -6.693026
-0.979291 -9.485604 -6.693026
-1.332844 -9.390870 -6.693026
-1.686397 -9.485604 -6.693026
-1.945216 -9.744423 -6.693026
-2.039951 -10.097977 -6.693026
-1.945216 -10.451530 -6.693026
-1.686397 -10.710349 -6.693026
-1.332844 -10.805083 -6.693026
-0.979291 -10.710349 -6.693026
-0.720472 -10.451530 -6.693026
-0.408964 -10.097977 -7.017449
-0.532741 -9.636037 -7.017449
-0.870904 -9.297874 -7.017449
-1.332844 -9.174097 -7.017449
-1.794784 -9.297874 -7.017449
-2.132947 -9.636037 -7.017449
-2.256724 -10.097977 -7.017449
-2.132947 -10.559916 -7.017449
-1.794784 -10.898080 -7.017449
-1.332844 -11.021856 -7.017449
-0.870904 -10.898080 -7.017449
-0.532741 -10.559916 -7.017449
-0.332844 -10.097977 -7.400133
-0.466819 -9.597977 -7.400133
-0.832844 -9.231951 -7.400133
-1.332844 -9.097977 -7.400133
-1.832844 -9.231951 -7.400133
-2.198869 -9.597977 -7.400133
-2.332844 -10.097977 -7.400133
-2.198869 -10.597977 -7.400133
-1.832844 -10.964002 -7.400133
-1.332844 -11.097977 -7.400133
-0.832844 -10.964002 -7.400133
-0.466819 -10.597977 -7.400133
-0.408964 -10.097977 -7.782816
-0.532741 -9.636037 -7.782816
-0.870904 -9.297874 -7.782816
-1.332844 -9.174097 -7.782816
-1.794784 -9.297874 -7.782816
-2.132947 -9.636037 -7.782816
-2.256724 -10.097977 -7.782816
-2.132947 -10.559916 -7.782816
-1.794784 -10.898080 -7.782816
-1.332844 -11.021856 -7.782816
-0.870904 -10.898080 -7.782816
-0.532741 -10.559916 -7.782816
-0.625737 -10.097977 -8.107239
-0.720472 -9.744423 -8.107239
-0.979291 -9.485604 -8.107239
-1.332844 -9.390870 -8.107239
-1.686397 -9.485604 -8.107239
-1.945216 -9.744423 -8.107239
-2.039951 -10.097977 -8.107239
-1.945216 -10.451530 -8.107239
-1.686397 -10.710349 -8.107239
-1.332844 -10.805083 -8.107239
-0.979291 -10.710349 -8.107239
-0.720472 -10.451530 -8.107239
-0.950161 -10.097977 -8.324012
-1.001430 -9.906635 -8.324012
-1.141502 -9.766563 -8.324012
-1.332844 -9.715293 -8.324012
-1.524186 -9.766563 -8.324012
-1.664258 -9.906635 -8.324012
-1.715527 -10.097977 -8.324012
-1.664258 -10.289318 -8.324012
-1.524186 -10.429390 -8.324012
-1.332844 -10.480660 -8.324012
-1.141502 -10.429390 -8.324012
-1.001430 -10.289318 -8.324012
-1.332844 -10.097977 -8.400133
23.557707 -20.420563 24.295626
23.940390 -20.420563 24.219505
23.889120 -20.229221 24.219505
23.749049 -20.089149 24.219505
23.557707 -20.037879 24.219505
23.366365 -20.089149 24.219505
23.226293 -20.229221 24.219505
23.175023 -20.420563 24.219505
23.226293 -20.611904 24.219505
23.366365 -20.751976 24.219505
23.557707 -20.803246 24.219505
23.749049 -20.751976 24.219505
23.889120 -20.611904 24.219505
24.264814 -20.420563 24.002732
24.170079 -20.067009 24.002732
23.911260 -19.808190 24.002732
23.557707 -19.713456 24.002732
23.204153 -19.808190 24.002732
22.945334 -20.067009 24.002732
22.850600 -20.420563 24.002732
22.945334 -20.774116 24.002732
23.204153 -21.032935 24.002732
23.557707 -21.127670 24.002732
23.911260 -21.032935 24.002732
24.170079 -20.774116 24.002732
24.481586 -20.420563 23.678309
24.357810 -19.958623 23.678309
24.019647 -19.620460 23.678309
23.557707 -19.496683 23.678309
23.095767 -19.620460 23.678309
22.757604 -19.958623 23.678309
22.633827 -20.420563 23.678309
22.757604 -20.882503 23.678309
23.095767 -21.220666 23.678309
23.557707 -21.344442 23.678309
24.019647 -21.220666 23.678309
24.357810 -20.882503 23.678309
24.557707 -20.420563 23.295626
24.423732 -19.920563 23.295626
24.057707 -19.554537 23.295626
23.557707 -19.420563 23.295626
23.057707 -19.554537 23.295626
22.691681 -19.920563 23.295626
22.557707 -20.420563 23.295626
22.691681 -20.920563 23.295626
23.057707 -21.286588 23.295626
23.557707 -21.420563 23.295626
24.057707 -21.286588 23.295626
24.423732 -20.920563 23.295626
24.481586 -20.420563 22.912942
24.357810 -19.958623 22.912942
24.019647 -19.620460 22.912942
23.557707 -19.496683 22.912942
23.095767 -19.620460 22.912942
22.757604 -19.958623 22.912942
22.633827 -20.420563 22.912942
22.757604 -20.882503 22.912942
23.095767 -21.220666 22.912942
23.557707 -21.344442 22.912942
24.019647 -21.220666 22.912942
24.357810 -20.882503 22.912942
24.264814 -20.420563 22.588519
24.170079 -20.067009 22.588519
23.911260 -19.808190 22.588519
23.557707 -19.713456 22.588519
23.204153 -19.808190 22.588519
22.945334 -20.067009 22.588519
22.850600 -20.420563 22.588519
22.945334 -20.774116 22.588519
23.204153 -21.032935 22.588519
23.557707 -21.127670 22.588519
23.911260 -21.032935 22.588519
24.170079 -20.774116 22.588519
23.940390 -20.420563 22.371746
23.889120 -20.229221 22.371746
23.749049 -20.089149 22.371746
23.557707 -20.037879 22.371746
23.366365 -20.089149 22.371746
23.226293 -20.229221 22.371746
23.175023 -20.420563 22.371746
23.226293 -20.611904 22.371746
23.366365 -20.751976 22.371746
23.557707 -20.803246 22.371746
23.749049 -20.751976 22.371746
23.889120 -20.611904 22.371746
23.557707 -20.420563 22.295626
21.646294 -19.586512 27.055246
22.028977 -19.586512 26.979126
21.977707 -19.395170 26.979126
21.837635 -19.255098 26.979126
21.646294 -19.203828 26.979126
21.454952 -19.255098 26.979126
21.314880 -19.395170 26.979126
21.263610 -19.586512 26.979126
21.314880 -19.777853 26.979126
21.454952 -19.917925 26.979126
21.646294 -19.969195 26.979126
21.837635 -19.917925 26.979126
21.977707 -19.777853 26.979126
22.353400 -19.586512 26.762353
22.258666 -19.232958 26.762353
21.999847 -18.974139 26.762353
21.646294 -18.879405 26.762353
21.292740 -18.974139 26.762353
21.033921 -19.232958 26.762353
20.939187 -19.586512 26.762353
21.033921 -19.940065 26.762353
21.292740 -20.198884 26.762353
21.646294 -20.293618 26.762353
21.999847 -20.198884 26.762353
22.258666 -19.940065 26.762353
22.570173 -19.586512 26.437930
22.446397 -19.124572 26.437930
22.108233 -18.786408 26.437930
21.646294 -18.662632 26.437930
21.184354 -18.786408 26.437930
20.846190 -19.124572 26.437930
20.722414 -19.586512 26.437930
20.846190 -20.048451 26.437930
21.184354 -20.386615 26.437930
21.646294 -20.510391 26.437930
22.108233 -20.386615 26.437930
22.446397 -20.048451 26.437930
22.646294 -19.586512 26.055246
22.512319 -19.086512 26.055246
22.146294 -18.720486 26.055246
21.646294 -18.586512 26.055246
21.146294 -18.720486 26.055246
20.780268 -19.086512 26.055246
20.646294 -19.586512 26.055246
20.780268 -20.086512 26.055246
21.146294 -20.452537 26.055246
21.646294 -20.586512 26.055246
22.146294 -20.452537 26.055246
22.512319 -20.086512 26.055246
22.570173 -19.586512 25.672563
22.446397 -19.124572 25.672563
22.108233 -18.786408 25.672563
21.646294 -18.662632 25.672563
21.184354 -18.786408 25.672563
20.846190 -19.124572 25.672563
20.722414 -19.586512 25.672563
20.846190 -20.048451 25.672563
21.184354 -20.386615 25.672563
21.646294 -20.510391 25.672563
22.108233 -20.386615 25.672563
22.446397 -20.048451 25.672563
22.353400 -19.586512 25.348140
22.258666 -19.232958 25.348140
21.999847 -18.974139 25.348140
21.646294 -18.879405 25.348140
21.292740 -18.974139 25.348140
21.033921 -19.232958 25.348140
20.939187 -19.586512 25.348140
21.033921 -19.940065 25.348140
21.292740 -20.198884 25.348140
21.646294 -20.293618 25.348140
21.999847 -20.198884 25.348140
22.258666 -19.940065 25.348140
22.028977 -19.586512 25.131367
21.977707 -19.395170 25.131367
21.837635 -19.255098 25.131367
21.646294 -19.203828 25.131367
21.454952 -19.255098 25.131367
21.314880 -19.395170 25.131367
21.263610 -19.586512 25.131367
21.314880 -19.777853 25.131367
21.454952 -19.917925 25.131367
21.646294 -19.969195 25.131367
21.837635 -19.917925 25.131367
21.977707 -19.777853 25.131367
21.646294 -19.586512 25.055246
27.698341 6.014753 34.182201
28.081025 6.014753 34.106081
28.029755 6.206095 34.106081
27.889683 6.346167 34.106081
27.698341 6.397437 34.106081
27.507000 6.346167 34.106081
27.366928 6.206095 34.106081
27.315658 6.014753 34.106081
27.366928 5.823412 34.106081
27.507000 5.683340 34.106081
27.698341 5.632070 34.106081
27.889683 5.683340 34.106081
28.029755 5.823412 34.106081
28.405448 6.014753 33.889308
28.310714 6.368307 33.889308
28.051895 6.627126 33.889308
27.698341 6.721860 33.889308
27.344788 6.627126 33.889308
27.085969 6.368307 33.889308
26.991235 6.014753 33.889308
27.085969 5.661200 33.889308
27.344788 5.402381 33.889308
27.698341 5.307647 33.889308
28.051895 5.402381 33.889308
28.310714 5.661200 33.889308
28.622221 6.014753 33.564885
28.498445 6.476693 33.564885
28.160281 6.814856 33.564885
27.698341 6.938633 33.564885
27.236402 6.814856 33.564885
26.898238 6.476693 33.564885
26.774462 6.014753 33.564885
26.898238 5.552814 33.564885
27.236402 5.214650 33.564885
27.698341 5.090874 33.564885
28.160281 5.214650 33.564885
28.498445 5.552814 33.564885
28.698341 6.014753 33.182201
28.564367 6.514753 33.182201
28.198341 6.880779 33.182201
27.698341 7.014753 33.182201
27.198341 6.880779 33.182201
26.832316 6.514753 33.182201
26.698341 6.014753 33.182201
26.832316 5.514753 33.182201
27.198341 5.148728 33.182201
27.698341 5.014753 33.182201
28.198341 5.148728 33.182201
28.564367 5.514753 33.182201
28.622221 6.014753 32.799518
28.498445 6.476693 32.799518
28.160281 6.814856 32.799518
27.698341 6.938633 32.799518
27.236402 6.814856 32.799518
26.898238 6.476693 32.799518
26.774462 6.014753 32.799518
26.898238 5.552814 32.799518
27.236402 5.214650 32.799518
27.698341 5.090874 32.799518
28.160281 5.214650 32.799518
28.498445 5.552814 32.799518
28.405448 6.014753 32.475095
28.310714 6.368307 32.475095
28.051895 6.627126 32.475095
27.698341 6.721860 32.475095
27.344788 6.627126 32.475095
27.085969 6.368307 32.475095
26.991235 6.014753 32.475095
27.085969 5.661200 32.475095
27.344788 5.402381 32.475095
27.698341 5.307647 32.475095
28.051895 5.402381 32.475095
28.310714 5.661200 32.475095
28.081025 6.014753 32.258322
28.029755 6.206095 32.258322
27.889683 6.346167 32.258322
27.698341 6.397437 32.258322
27.507000 6.346167 32.258322
27.366928 6.206095 32.258322
27.315658 6.014753 32.258322
27.366928 5.823412 32.258322
27.507000 5.683340 32.258322
27.698341 5.632070 32.258322
27.889683 5.683340 32.258322
28.029755 5.823412 32.258322
27.698341 6.014753 32.182201
25.551352 3.379859 37.180222
25.934035 3.379859 37.104101
25.882765 3.571201 37.104101
25.742693 3.711273 37.104101
25.551352 3.762543 37.104101
25.360010 3.711273 37.104101
25.219938 3.571201 37.104101
25.168668 3.379859 37.104101
25.219938 3.188517 37.104101
25.360010 3.048446 37.104101
25.551352 2.997176 37.104101
25.742693 3.048446 37.104101
25.882765 3.188517 37.104101
26.258458 3.379859 36.887328
26.163724 3.733413 36.887328
25.904905 3.992232 36.887328
25.551352 4.086966 36.887328
25.197798 3.992232 36.887328
24.938979 3.733413 36.887328
24.844245 3.379859 36.887328
24.938979 3.026306 36.887328
25.197798 2.767487 36.887328
25.551352 2.672752 36.887328
25.904905 2.767487 36.887328
26.163724 3.026306 36.887328
26.475231 3.379859 36.562905
26.351455 3.841799 36.562905
26.013291 4.179962 36.562905
25.551352 4.303739 36.562905
25.089412 4.179962 36.562905
24.751248 3.841799 36.562905
24.627472 3.379859 36.562905
24.751248 2.917919 36.562905
25.089412 2.579756 36.562905
25.551352 2.455980 36.562905
26.013291 2.579756 36.562905
26.351455 2.917919 36.562905
26.551352 3.379859 36.180222
26.417377 3.879859 36.180222
26.051352 4.245885 36.180222
25.551352 4.379859 36.180222
25.051352 4.245885 36.180222
24.685326 3.879859 36.180222
24.551352 3.379859 36.180222
24.685326 2.879859 36.180222
25.051352 2.513834 36.180222
25.551352 2.379859 36.180222
26.051352 2.513834 36.180222
26.417377 2.879859 36.180222
26.475231 3.379859 35.797538
26.351455 3.841799 35.797538
26.013291 4.179962 35.797538
25.551352 4.303739 35.797538
25.089412 4.179962 35.797538
24.751248 3.841799 35.797538
24.627472 3.379859 35.797538
24.751248 2.917919 35.797538
25.089412 2.579756 35.797538
25.551352 2.455980 35.797538
26.013291 2.579756 35.797538
26.351455 2.917919 35.797538
26.258458 3.379859 35.473115
26.163724 3.733413 35.473115
25.904905 3.992232 35.473115
25.551352 4.086966 35.473115
25.197798 3.992232 35.473115
24.938979 3.733413 35.473115
24.844245 3.379859 35.473115
24.938979 3.026306 35.473115
25.197798 2.767487 35.473115
25.551352 2.672752 35.473115
25.904905 2.767487 35.473115
26.163724 3.026306 35.473115
25.934035 3.379859 35.256342
25.882765 3.571201 35.256342
25.742693 3.711273 35.256342
25.551352 3.762543 35.256342
25.360010 3.711273 35.256342
25.219938 3.571201 35.256342
25.168668 3.379859 35.256342
25.219938 3.188517 35.256342
25.360010 3.048446 35.256342
25.551352 2.997176 35.256342
25.742693 3.048446 35.256342
25.882765 3.188517 35.256342
25.551352 3.379859 35.180222
24.501205 1.537584 36.906586
24.883889 1.537584 36.830465
24.832619 1.728926 36.830465
24.692547 1.868997 36.830465
24.501205 1.920267 36.830465
24.309864 1.868997 36.830465
24.169792 1.728926 36.830465
24.118522 1.537584 36.830465
24.169792 1.346242 36.830465
24.309864 1.206170 36.830465
24.501205 1.154900 36.830465
24.692547 1.206170 36.830465
24.832619 1.346242 36.830465
25.208312 1.537584 36.613692
25.113578 1.891137 36.613692
24.854759 2.149956 36.613692
24.501205 2.244691 36.613692
24.147652 2.149956 36.613692
23.888833 1.891137 36.613692
23.794099 1.537584 36.613692
23.888833 1.184030 36.613692
24.147652 0.925211 36.613692
24.501205 0.830477 36.613692
24.854759 0.925211 36.613692
25.113578 1.184030 36.613692
25.425085 1.537584 36.289269
25.301309 1.999524 36.289269
24.963145 2.337687 36.289269
24.501205 2.461463 36.289269
24.039266 2.337687 36.289269
23.701102 1.999524 36.289269
23.577326 1.537584 36.289269
23.701102 1.075644 36.289269
24.039266 0.737481 36.289269
24.501205 0.613704 36.289269
24.963145 0.737481 36.289269
25.301309 1.075644 36.289269
25.501205 1.537584 35.906586
25.367231 2.037584 35.906586
25.001205 2.403609 35.906586
24.501205 2.537584 35.906586
24.001205 2.403609 35.906586
23.635180 2.037584 35.906586
23.501205 1.537584 35.906586
23.635180 1.037584 35.906586
24.001205 0.671558 35.906586
24.501205 0.537584 35.906586
25.001205 0.671558 35.906586
25.367231 1.037584 35.906586
25.425085 1.537584 35.523902
25.301309 1.999524 35.523902
24.963145 2.337687 35.523902
24.501205 2.461463 35.523902
24.039266 2.337687 35.523902
23.701102 1.999524 35.523902
23.577326 1.537584 35.523902
23.701102 1.075644 35.523902
24.039266 0.737481 35.523902
24.501205 0.613704 35.523902
24.963145 0.737481 35.523902
25.301309 1.075644 35.523902
25.208312 1.537584 35.199479
25.113578 1.891137 35.199479
24.854759 2.149956 35.199479
24.501205 2.244691 35.199479
24.147652 2.149956 35.199479
23.888833 1.891137 35.199479
23.794099 1.537584 35.199479
23.888833 1.184030 35.199479
24.147652 0.925211 35.199479
24.501205 0.830477 35.199479
24.854759 0.925211 35.199479
25.113578 1.184030 35.199479
24.883889 1.537584 34.982706
24.832619 1.728926 34.982706
24.692547 1.868997 34.982706
24.501205 1.920267 34.982706
24.309864 1.868997 34.982706
24.169792 1.728926 34.982706
24.118522 1.537584 34.982706
24.169792 1.346242 34.982706
24.309864 1.206170 34.982706
24.501205 1.154900 34.982706
24.692547 1.206170 34.982706
24.832619 1.346242 34.982706
24.501205 1.537584 34.906586
19.162346 -2.751014 37.968307
19.545029 -2.751014 37.892187
19.493759 -2.559672 37.892187
19.353688 -2.419600 37.892187
19.162346 -2.368331 37.892187
18.971004 -2.419600 37.892187
18.830932 -2.559672 37.892187
18.779662 -2.751014 37.892187
18.830932 -2.942356 37.892187
18.971004 -3.082428 37.892187
19.162346 -3.133697 37.892187
19.353688 -3.082428 37.892187
19.493759 -2.942356 37.892187
19.869453 -2.751014 37.675414
19.774718 -2.397461 37.675414
19.515899 -2.138642 37.675414
19.162346 -2.043907 37.675414
18.808792 -2.138642 37.675414
18.549973 -2.397461 37.675414
18.455239 -2.751014 37.675414
18.549973 -3.104567 37.675414
18.808792 -3.363386 37.675414
19.162346 -3.458121 37.675414
19.515899 -3.363386 37.675414
19.774718 -3.104567 37.675414
20.086225 -2.751014 37.350991
19.962449 -2.289074 37.350991
19.624286 -1.950911 37.350991
19.162346 -1.827134 37.350991
18.700406 -1.950911 37.350991
18.362243 -2.289074 37.350991
18.238466 -2.751014 37.350991
18.362243 -3.212954 37.350991
18.700406 -3.551117 37.350991
19.162346 -3.674894 37.350991
19.624286 -3.551117 37.350991
19.962449 -3.212954 37.350991
20.162346 -2.751014 36.968307
20.028371 -2.251014 36.968307
19.662346 -1.884989 36.968307
19.162346 -1.751014 36.968307
18.662346 -1.884989 36.968307
18.296320 -2.251014 36.968307
18.162346 -2.751014 36.968307
18.296320 -3.251014 36.968307
18.662346 -3.617039 36.968307
19.162346 -3.751014 36.968307
19.662346 -3.617039 36.968307
20.028371 -3.251014 36.968307
20.086225 -2.751014 36.585624
19.962449 -2.289074 36.585624
19.624286 -1.950911 36.585624
19.162346 -1.827134 36.585624
18.700406 -1.950911 36.585624
18.362243 -2.289074 36.585624
18.238466 -2.751014 36.585624
18.362243 -3.212954 36.585624
18.700406 -3.551117 36.585624
19.162346 -3.674894 36.585624
19.624286 -3.551117 36.585624
19.962449 -3.212954 36.585624
19.869453 -2.751014 36.261201
19.774718 -2.397461 36.261201
19.515899 -2.138642 36.261201
19.162346 -2.043907 36.261201
18.808792 -2.138642 36.261201
18.549973 -2.397461 36.261201
18.455239 -2.751014 36.261201
18.549973 -3.104567 36.261201
18.808792 -3.363386 36.261201
19.162346 -3.458121 36.261201
19.515899 -3.363386 36.261201
19.774718 -3.104567 36.261201
19.545029 -2.751014 36.044428
19.493759 -2.559672 36.044428
19.353688 -2.419600 36.044428
19.162346 -2.368331 36.044428
18.971004 -2.419600 36.044428
18.830932 -2.559672 36.044428
18.779662 -2.751014 36.044428
18.830932 -2.942356 36.044428
18.971004 -3.082428 36.044428
19.162346 -3.133697 36.044428
19.353688 -3.082428 36.044428
19.493759 -2.942356 36.044428
19.162346 -2.751014 35.968307
19.493687 -16.486786 29.979443
19.876370 -16.486786 29.903322
19.825100 -16.295444 29.903322
19.685028 -16.155372 29.903322
19.493687 -16.104102 29.903322
19.302345 -16.155372 29.903322
19.162273 -16.295444 29.903322
19.111003 -16.486786 29.903322
19.162273 -16.678128 29.903322
19.302345 -16.818199 29.903322
19.493687 -16.869469 29.903322
19.685028 -16.818199 29.903322
19.825100 -16.678128 29.903322
20.200793 -16.486786 29.686549
20.106059 -16.133232 29.686549
19.847240 -15.874413 29.686549
19.493687 -15.779679 29.686549
19.140133 -15.874413 29.686549
18.881314 -16.133232 29.686549
18.786580 -16.486786 29.686549
18.881314 -16.840339 29.686549
19.140133 -17.099158 29.686549
19.493687 -17.193893 29.686549
19.847240 -17.099158 29.686549
20.106059 -16.840339 29.686549
20.417566 -16.486786 29.362126
20.293790 -16.024846 29.362126
19.955626 -15.686683 29.362126
19.493687 -15.562906 29.362126
19.031747 -15.686683 29.362126
18.693584 -16.024846 29.362126
18.569807 -16.486786 29.362126
18.693584 -16.948726 29.362126
19.031747 -17.286889 29.362126
19.493687 -17.410665 29.362126
19.955626 -17.286889 29.362126
20.293790 -16.948726 29.362126
20.493687 -16.486786 28.979443
20.359712 -15.986786 28.979443
19.993687 -15.620760 28.979443
19.493687 -15.486786 28.979443
18.993687 -15.620760 28.979443
18.627661 -15.986786 28.979443
18.493687 -16.486786 28.979443
18.627661 -16.986786 28.979443
18.993687 -17.352811 28.979443
19.493687 -17.486786 28.979443
19.993687 -17.352811 28.979443
20.359712 -16.986786 28.979443
20.417566 -16.486786 28.596759
20.293790 -16.024846 28.596759
19.955626 -15.686683 28.596759
19.493687 -15.562906 28.596759
19.031747 -15.686683 28.596759
18.693584 -16.024846 28.596759
18.569807 -16.486786 28.596759
18.693584 -16.948726 28.596759
19.031747 -17.286889 28.596759
19.493687 -17.410665 28.596759
19.955626 -17.286889 28.596759
20.293790 -16.948726 28.596759
20.200793 -16.486786 28.272336
20.106059 -16.133232 28.272336
19.847240 -15.874413 28.272336
19.493687 -15.779679 28.272336
19.140133 -15.874413 28.272336
18.881314 -16.133232 28.272336
18.786580 -16.486786 28.272336
18.881314 -16.840339 28.272336
19.140133 -17.099158 28.272336
19.493687 -17.193893 28.272336
19.847240 -17.099158 28.272336
20.106059 -16.840339 28.272336
19.876370 -16.486786 28.055563
19.825100 -16.295444 28.055563
19.685028 -16.155372 28.055563
19.493687 -16.104102 28.055563
19.302345 -16.155372 28.055563
19.162273 -16.295444 28.055563
19.111003 -16.486786 28.055563
19.162273 -16.678128 28.055563
19.302345 -16.818199 28.055563
19.493687 -16.869469 28.055563
19.685028 -16.818199 28.055563
19.825100 -16.678128 28.055563
19.493687 -16.486786 27.979443
19.048615 -9.973913 33.627178
19.431298 -9.973913 33.551058
19.380028 -9.782571 33.551058
19.239956 -9.642500 33.551058
19.048615 -9.591230 33.551058
18.857273 -9.642500 33.551058
18.717201 -9.782571 33.551058
18.665931 -9.973913 33.551058
18.717201 -10.165255 33.551058
18.857273 -10.305327 33.551058
19.048615 -10.356597 33.551058
19.239956 -10.305327 33.551058
19.380028 -10.165255 33.551058
19.755721 -9.973913 33.334285
19.660987 -9.620360 33.334285
19.402168 -9.361541 33.334285
19.048615 -9.266806 33.334285
18.695061 -9.361541 33.334285
18.436242 -9.620360 33.334285
18.341508 -9.973913 33.334285
18.436242 -10.327467 33.334285
18.695061 -10.586286 33.334285
19.048615 -10.681020 33.334285
19.402168 -10.586286 33.334285
19.660987 -10.327467 33.334285
19.972494 -9.973913 33.009862
19.848718 -9.511973 33.009862
19.510554 -9.173810 33.009862
19.048615 -9.050034 33.009862
18.586675 -9.173810 33.009862
18.248511 -9.511973 33.009862
18.124735 -9.973913 33.009862
18.248511 -10.435853 33.009862
18.586675 -10.774016 33.009862
19.048615 -10.897793 33.009862
19.510554 -10.774016 33.009862
19.848718 -10.435853 33.009862
20.048615 -9.973913 32.627178
19.914640 -9.473913 32.627178
19.548615 -9.107888 32.627178
19.048615 -8.973913 32.627178
18.548615 -9.107888 32.627178
18.182589 -9.473913 32.627178
18.048615 -9.973913 32.627178
18.182589 -10.473913 32.627178
18.548615 -10.839939 32.627178
19.048615 -10.973913 32.627178
19.548615 -10.839939 32.627178
19.914640 -10.473913 32.627178
19.972494 -9.973913 32.244495
19.848718 -9.511973 32.244495
19.510554 -9.173810 32.244495
19.048615 -9.050034 32.244495
18.586675 -9.173810 32.244495
18.248511 -9.511973 32.244495
18.124735 -9.973913 32.244495
18.248511 -10.435853 32.244495
18.586675 -10.774016 32.244495
19.048615 -10.897793 32.244495
19.510554 -10.774016 32.244495
19.848718 -10.435853 32.244495
19.755721 -9.973913 31.920071
19.660987 -9.620360 31.920071
19.402168 -9.361541 31.920071
19.048615 -9.266806 31.920071
18.695061 -9.361541 31.920071
18.436242 -9.620360 31.920071
18.341508 -9.973913 31.920071
18.436242 -10.327467 31.920071
18.695061 -10.586286 31.920071
19.048615 -10.681020 31.920071
19.402168 -10.586286 31.920071
19.660987 -10.327467 31.920071
19.431298 -9.973913 31.703299
19.380028 -9.782571 31.703299
19.239956 -9.642500 31.703299
19.048615 -9.591230 31.703299
18.857273 -9.642500 31.703299
18.717201 -9.782571 31.703299
18.665931 -9.973913 31.703299
18.717201 -10.165255 31.703299
18.857273 -10.305327 31.703299
19.048615 -10.356597 31.703299
19.239956 -10.305327 31.703299
19.380028 -10.165255 31.703299
19.048615 -9.973913 31.627178
20.249630 -5.001542 35.646915
20.632313 -5.001542 35.570795
20.581044 -4.810200 35.570795
20.440972 -4.670129 35.570795
20.249630 -4.618859 35.570795
20.058288 -4.670129 35.570795
19.918216 -4.810200 35.570795
19.866947 -5.001542 35.570795
19.918216 -5.192884 35.570795
20.058288 -5.332956 35.570795
20.249630 -5.384226 35.570795
20.440972 -5.332956 35.570795
20.581044 -5.192884 35.570795
20.956737 -5.001542 35.354022
20.862002 -4.647989 35.354022
20.603183 -4.389170 35.354022
20.249630 -4.294435 35.354022
19.896077 -4.389170 35.354022
19.637258 -4.647989 35.354022
19.542523 -5.001542 35.354022
19.637258 -5.355095 35.354022
19.896077 -5.613915 35.354022
20.249630 -5.708649 35.354022
20.603183 -5.613915 35.354022
20.862002 -5.355095 35.354022
21.173510 -5.001542 35.029599
21.049733 -4.539602 35.029599
20.711570 -4.201439 35.029599
20.249630 -4.077663 35.029599
19.787690 -4.201439 35.029599
19.449527 -4.539602 35.029599
19.325750 -5.001542 35.029599
19.449527 -5.463482 35.029599
19.787690 -5.801645 35.029599
20.249630 -5.925422 35.029599
20.711570 -5.801645 35.029599
21.049733 -5.463482 35.029599
21.249630 -5.001542 34.646915
21.115655 -4.501542 34.646915
20.749630 -4.135517 34.646915
20.249630 -4.001542 34.646915
19.749630 -4.135517 34.646915
19.383605 -4.501542 34.646915
19.249630 -5.001542 34.646915
19.383605 -5.501542 34.646915
19.749630 -5.867567 34.646915
20.249630 -6.001542 34.646915
20.749630 -5.867567 34.646915
21.115655 -5.501542 34.646915
21.173510 -5.001542 34.264232
21.049733 -4.539602 34.264232
20.711570 -4.201439 34.264232
20.249630 -4.077663 34.264232
19.787690 -4.201439 34.264232
19.449527 -4.539602 34.264232
19.325750 -5.001542 34.264232
19.449527 -5.463482 34.264232
19.787690 -5.801645 34.264232
20.249630 -5.925422 34.264232
20.711570 -5.801645 34.264232
21.049733 -5.463482 34.264232
20.956737 -5.001542 33.939809
20.862002 -4.647989 33.939809
20.603183 -4.389170 33.939809
20.249630 -4.294435 33.939809
19.896077 -4.389170 33.939809
19.637258 -4.647989 33.939809
19.542523 -5.001542 33.939809
19.637258 -5.355095 33.939809
19.896077 -5.613915 33.939809
20.249630 -5.708649 33.939809
20.603183 -5.613915 33.939809
20.862002 -5.355095 33.939809
20.632313 -5.001542 33.723036
20.581044 -4.810200 33.723036
20.440972 -4.670129 33.723036
20.249630 -4.618859 33.723036
20.058288 -4.670129 33.723036
19.918216 -4.810200 33.723036
19.866947 -5.001542 33.723036
19.918216 -5.192884 33.723036
20.058288 -5.332956 33.723036
20.249630 -5.384226 33.723036
20.440972 -5.332956 33.723036
20.581044 -5.192884 33.723036
20.249630 -5.001542 33.646915
18.969336 -13.299096 31.504250
19.352019 -13.299096 31.428129
19.300749 -13.107754 31.428129
19.160677 -12.967683 31.428129
18.969336 -12.916413 31.428129
18.777994 -12.967683 31.428129
18.637922 -13.107754 31.428129
18.586652 -13.299096 31.428129
18.637922 -13.490438 31.428129
18.777994 -13.630510 31.428129
18.969336 -13.681780 31.428129
19.160677 -13.630510 31.428129
19.300749 -13.490438 31.428129
19.676442 -13.299096 31.211356
19.581708 -12.945543 31.211356
19.322889 -12.686724 31.211356
18.969336 -12.591989 31.211356
18.615782 -12.686724 31.211356
18.356963 -12.945543 31.211356
18.262229 -13.299096 31.211356
18.356963 -13.652649 31.211356
18.615782 -13.911469 31.211356
18.969336 -14.006203 31.211356
19.322889 -13.911469 31.211356
19.581708 -13.652649 31.211356
19.893215 -13.299096 30.886933
19.769439 -12.837156 30.886933
19.431275 -12.498993 30.886933
18.969336 -12.375217 30.886933
18.507396 -12.498993 30.886933
18.169232 -12.837156 30.886933
18.045456 -13.299096 30.886933
18.169232 -13.761036 30.886933
18.507396 -14.099199 30.886933
18.969336 -14.222976 30.886933
19.431275 -14.099199 30.886933
19.769439 -13.761036 30.886933
19.969336 -13.299096 30.504250
19.835361 -12.799096 30.504250
19.469336 -12.433071 30.504250
18.969336 -12.299096 30.504250
18.469336 -12.433071 30.504250
18.103310 -12.799096 30.504250
17.969336 -13.299096 30.504250
18.103310 -13.799096 30.504250
18.469336 -14.165122 30.504250
18.969336 -14.299096 30.504250
19.469336 -14.165122 30.504250
19.835361 -13.799096 30.504250
19.893215 -13.299096 30.121566
19.769439 -12.837156 30.121566
19.431275 -12.498993 30.121566
18.969336 -12.375217 30.121566
18.507396 -12.498993 30.121566
18.169232 -12.837156 30.121566
18.045456 -13.299096 30.121566
18.169232 -13.761036 30.121566
18.507396 -14.099199 30.121566
18.969336 -14.222976 30.121566
19.431275 -14.099199 30.121566
19.769439 -13.761036 30.121566
19.676442 -13.299096 29.797143
19.581708 -12.945543 29.797143
19.322889 -12.686724 29.797143
18.969336 -12.591989 29.797143
18.615782 -12.686724 29.797143
18.356963 -12.945543 29.797143
18.262229 -13.299096 29.797143
18.356963 -13.652649 29.797143
18.615782 -13.911469 29.797143
18.969336 -14.006203 29.797143
19.322889 -13.911469 29.797143
19.581708 -13.652649 29.797143
19.352019 -13.299096 29.580370
19.300749 -13.107754 29.580370
19.160677 -12.967683 29.580370
18.969336 -12.916413 29.580370
18.777994 -12.967683 29.580370
18.637922 -13.107754 29.580370
18.586652 -13.299096 29.580370
18.637922 -13.490438 29.580370
18.777994 -13.630510 29.580370
18.969336 -13.681780 29.580370
19.160677 -13.630510 29.580370
19.300749 -13.490438 29.580370
18.969336 -13.299096 29.504250
19.735802 -7.100157 34.673630
20.118485 -7.100157 34.597509
20.067215 -6.908815 34.597509
19.927143 -6.768743 34.597509
19.735802 -6.717473 34.597509
19.544460 -6.768743 34.597509
19.404388 -6.908815 34.597509
19.353118 -7.100157 34.597509
19.404388 -7.291499 34.597509
19.544460 -7.431570 34.597509
19.735802 -7.482840 34.597509
19.927143 -7.431570 34.597509
20.067215 -7.291499 34.597509
20.442908 -7.100157 34.380737
20.348174 -6.746603 34.380737
20.089355 -6.487784 34.380737
19.735802 -6.393050 34.380737
19.382248 -6.487784 34.380737
19.123429 -6.746603 34.380737
19.028695 -7.100157 34.380737
19.123429 -7.453710 34.380737
19.382248 -7.712529 34.380737
19.735802 -7.807264 34.380737
20.089355 -7.712529 34.380737
20.348174 -7.453710 34.380737
20.659681 -7.100157 34.056313
20.535905 -6.638217 34.056313
20.197741 -6.300054 34.056313
19.735802 -6.176277 34.056313
19.273862 -6.300054 34.056313
18.935699 -6.638217 34.056313
18.811922 -7.100157 34.056313
18.935699 -7.562097 34.056313
19.273862 -7.900260 34.056313
19.735802 -8.024036 34.056313
20.197741 -7.900260 34.056313
20.535905 -7.562097 34.056313
20.735802 -7.100157 33.673630
20.601827 -6.600157 33.673630
20.235802 -6.234131 33.673630
19.735802 -6.100157 33.673630
19.235802 -6.234131 33.673630
18.869776 -6.600157 33.673630
18.735802 -7.100157 33.673630
18.869776 -7.600157 33.673630
19.235802 -7.966182 33.673630
19.735802 -8.100157 33.673630
20.235802 -7.966182 33.673630
20.601827 -7.600157 33.673630
20.659681 -7.100157 33.290946
20.535905 -6.638217 33.290946
20.197741 -6.300054 33.290946
19.735802 -6.176277 33.290946
19.273862 -6.300054 33.290946
18.935699 -6.638217 33.290946
18.811922 -7.100157 33.290946
18.935699 -7.562097 33.290946
19.273862 -7.900260 33.290946
19.735802 -8.024036 33.290946
20.197741 -7.900260 33.290946
20.535905 -7.562097 33.290946
20.442908 -7.100157 32.966523
20.348174 -6.746603 32.966523
20.089355 -6.487784 32.966523
19.735802 -6.393050 32.966523
19.382248 -6.487784 32.966523
19.123429 -6.746603 32.966523
19.028695 -7.100157 32.966523
19.123429 -7.453710 32.966523
19.382248 -7.712529 32.966523
19.735802 -7.807264 32.966523
20.089355 -7.712529 32.966523
20.348174 -7.453710 32.966523
20.118485 -7.100157 32.749750
20.067215 -6.908815 32.749750
19.927143 -6.768743 32.749750
19.735802 -6.717473 32.749750
19.544460 -6.768743 32.749750
19.404388 -6.908815 32.749750
19.353118 -7.100157 32.749750
19.404388 -7.291499 32.749750
19.544460 -7.431570 32.749750
19.735802 -7.482840 32.749750
19.927143 -7.431570 32.749750
20.067215 -7.291499 32.749750
19.735802 -7.100157 32.673630
22.211506 -0.378585 37.363033
22.594189 -0.378585 37.286913
22.542919 -0.187243 37.286913
22.402848 -0.047171 37.286913
22.211506 0.004099 37.286913
22.020164 -0.047171 37.286913
21.880092 -0.187243 37.286913
21.828822 -0.378585 37.286913
21.880092 -0.569926 37.286913
22.020164 -0.709998 37.286913
22.211506 -0.761268 37.286913
22.402848 -0.709998 37.286913
22.542919 -0.569926 37.286913
22.918613 -0.378585 37.070140
22.823878 -0.025031 37.070140
22.565059 0.233788 37.070140
22.211506 0.328522 37.070140
21.857952 0.233788 37.070140
21.599133 -0.025031 37.070140
21.504399 -0.378585 37.070140
21.599133 -0.732138 37.070140
21.857952 -0.990957 37.070140
22.211506 -1.085691 37.070140
22.565059 -0.990957 37.070140
22.823878 -0.732138 37.070140
23.135385 -0.378585 36.745717
23.011609 0.083355 36.745717
22.673446 0.421518 36.745717
22.211506 0.545295 36.745717
21.749566 0.421518 36.745717
21.411403 0.083355 36.745717
21.287626 -0.378585 36.745717
21.411403 -0.840524 36.745717
21.749566 -1.178688 36.745717
22.211506 -1.302464 36.745717
22.673446 -1.178688 36.745717
23.011609 -0.840524 36.745717
23.211506 -0.378585 36.363033
23.077531 0.121415 36.363033
22.711506 0.487441 36.363033
22.211506 0.621415 36.363033
21.711506 0.487441 36.363033
21.345480 0.121415 36.363033
21.211506 -0.378585 36.363033
21.345480 -0.878585 36.363033
21.711506 -1.244610 36.363033
22.211506 -1.378585 36.363033
22.711506 -1.244610 36.363033
23.077531 -0.878585 36.363033
23.135385 -0.378585 35.980350
23.011609 0.083355 35.980350
22.673446 0.421518 35.980350
22.211506 0.545295 35.980350
21.749566 0.421518 35.980350
21.411403 0.083355 35.980350
21.287626 -0.378585 35.980350
21.411403 -0.840524 35.980350
21.749566 -1.178688 35.980350
22.211506 -1.302464 35.980350
22.673446 -1.178688 35.980350
23.011609 -0.840524 35.980350
22.918613 -0.378585 35.655927
22.823878 -0.025031 35.655927
22.565059 0.233788 35.655927
22.211506 0.328522 35.655927
21.857952 0.233788 35.655927
21.599133 -0.025031 35.655927
21.504399 -0.378585 35.655927
21.599133 -0.732138 35.655927
21.857952 -0.990957 35.655927
22.211506 -1.085691 35.655927
22.565059 -0.990957 35.655927
22.823878 -0.732138 35.655927
22.594189 -0.378585 35.439154
22.542919 -0.187243 35.439154
22.402848 -0.047171 35.439154
22.211506 0.004099 35.439154
22.020164 -0.047171 35.439154
21.880092 -0.187243 35.439154
21.828822 -0.378585 35.439154
21.880092 -0.569926 35.439154
22.020164 -0.709998 35.439154
22.211506 -0.761268 35.439154
22.402848 -0.709998 35.439154
22.542919 -0.569926 35.439154
22.211506 -0.378585 35.363033
21.524437 -18.264654 27.920748
21.907120 -18.264654 27.844627
21.855851 -18.073312 27.844627
21.715779 -17.933241 27.844627
21.524437 -17.881971 27.844627
21.333095 -17.933241 27.844627
21.193023 -18.073312 27.844627
21.141754 -18.264654 27.844627
21.193023 -18.455996 27.844627
21.333095 -18.596068 27.844627
21.524437 -18.647338 27.844627
21.715779 -18.596068 27.844627
21.855851 -18.455996 27.844627
22.231544 -18.264654 27.627855
22.136809 -17.911101 27.627855
21.877990 -17.652282 27.627855
21.524437 -17.557547 27.627855
21.170884 -17.652282 27.627855
20.912065 -17.911101 27.627855
20.817330 -18.264654 27.627855
20.912065 -18.618208 27.627855
21.170884 -18.877027 27.627855
21.524437 -18.971761 27.627855
21.877990 -18.877027 27.627855
22.136809 -18.618208 27.627855
22.448316 -18.264654 27.303431
22.324540 -17.802714 27.303431
21.986377 -17.464551 27.303431
21.524437 -17.340775 27.303431
21.062497 -17.464551 27.303431
20.724334 -17.802714 27.303431
20.600557 -18.264654 27.303431
20.724334 -18.726594 27.303431
21.062497 -19.064757 27.303431
21.524437 -19.188534 27.303431
21.986377 -19.064757 27.303431
22.324540 -18.726594 27.303431
22.524437 -18.264654 26.920748
22.390462 -17.764654 26.920748
22.024437 -17.398629 26.920748
21.524437 -17.264654 26.920748
21.024437 -17.398629 26.920748
20.658412 -17.764654 26.920748
20.524437 -18.264654 26.920748
20.658412 -18.764654 26.920748
21.024437 -19.130680 26.920748
21.524437 -19.264654 26.920748
22.024437 -19.130680 26.920748
22.390462 -18.764654 26.920748
22.448316 -18.264654 26.538064
22.324540 -17.802714 26.538064
21.986377 -17.464551 26.538064
21.524437 -17.340775 26.538064
21.062497 -17.464551 26.538064
20.724334 -17.802714 26.538064
20.600557 -18.264654 26.538064
20.724334 -18.726594 26.538064
21.062497 -19.064757 26.538064
21.524437 -19.188534 26.538064
21.986377 -19.064757 26.538064
22.324540 -18.726594 26.538064
22.231544 -18.264654 26.213641
22.136809 -17.911101 26.213641
21.877990 -17.652282 26.213641
21.524437 -17.557547 26.213641
21.170884 -17.652282 26.213641
20.912065 -17.911101 26.213641
20.817330 -18.264654 26.213641
20.912065 -18.618208 26.213641
21.170884 -18.877027 26.213641
21.524437 -18.971761 26.213641
21.877990 -18.877027 26.213641
22.136809 -18.618208 26.213641
21.907120 -18.264654 25.996868
21.855851 -18.073312 25.996868
21.715779 -17.933241 25.996868
21.524437 -17.881971 25.996868
21.333095 -17.933241 25.996868
21.193023 -18.073312 25.996868
21.141754 -18.264654 25.996868
21.193023 -18.455996 25.996868
21.333095 -18.596068 25.996868
21.524437 -18.647338 25.996868
21.715779 -18.596068 25.996868
21.855851 -18.455996 25.996868
21.524437 -18.264654 25.920748
-6.083384 -11.854830 -7.576753
-5.700701 -11.854830 -7.652873
-5.751970 -11.663488 -7.652873
-5.892042 -11.523416 -7.652873
-6.083384 -11.472146 -7.652873
-6.274726 -11.523416 -7.652873
-6.414798 -11.663488 -7.652873
-6.466067 -11.854830 -7.652873
-6.414798 -12.046172 -7.652873
-6.274726 -12.186243 -7.652873
-6.083384 -12.237513 -7.652873
-5.892042 -12.186243 -7.652873
-5.751970 -12.046172 -7.652873
-5.376277 -11.854830 -7.869646
-5.471012 -11.501276 -7.869646
-5.729831 -11.242457 -7.869646
-6.083384 -11.147723 -7.869646
-6.436937 -11.242457 -7.869646
-6.695756 -11.501276 -7.869646
-6.790491 -11.854830 -7.869646
-6.695756 -12.208383 -7.869646
-6.436937 -12.467202 -7.869646
-6.083384 -12.561937 -7.869646
-5.729831 -12.467202 -7.869646
-5.471012 -12.208383 -7.869646
-5.159505 -11.854830 -8.194069
-5.283281 -11.392890 -8.194069
-5.621444 -11.054727 -8.194069
-6.083384 -10.930950 -8.194069
-6.545324 -11.054727 -8.194069
-6.883487 -11.392890 -8.194069
-7.007264 -11.854830 -8.194069
-6.883487 -12.316770 -8.194069
-6.545324 -12.654933 -8.194069
-6.083384 -12.778709 -8.194069
-5.621444 -12.654933 -8.194069
-5.283281 -12.316770 -8.194069
-5.083384 -11.854830 -8.576753
-5.217359 -11.354830 -8.576753
-5.583384 -10.988804 -8.576753
-6.083384 -10.854830 -8.576753
-6.583384 -10.988804 -8.576753
-6.949409 -11.354830 -8.576753
-7.083384 -11.854830 -8.576753
-6.949409 -12.354830 -8.576753
-6.583384 -12.720855 -8.576753
-6.083384 -12.854830 -8.576753
-5.583384 -12.720855 -8.576753
-5.217359 -12.354830 -8.576753
-5.159505 -11.854830 -8.959436
-5.283281 -11.392890 -8.959436
-5.621444 -11.054727 -8.959436
-6.083384 -10.930950 -8.959436
-6.545324 -11.054727 -8.959436
-6.883487 -11.392890 -8.959436
-7.007264 -11.854830 -8.959436
-6.883487 -12.316770 -8.959436
-6.545324 -12.654933 -8.959436
-6.083384 -12.778709 -8.959436
-5.621444 -12.654933 -8.959436
-5.283281 -12.316770 -8.959436
-5.376277 -11.854830 -9.283859
-5.471012 -11.501276 -9.283859
-5.729831 -11.242457 -9.283859
-6.083384 -11.147723 -9.283859
-6.436937 -11.242457 -9.283859
-6.695756 -11.501276 -9.283859
-6.790491 -11.854830 -9.283859
-6.695756 -12.208383 -9.283859
-6.436937 -12.467202 -9.283859
-6.083384 -12.561937 -9.283859
-5.729831 -12.467202 -9.283859
-5.471012 -12.208383 -9.283859
-5.700701 -11.854830 -9.500632
-5.751970 -11.663488 -9.500632
-5.892042 -11.523416 -9.500632
-6.083384 -11.472146 -9.500632
-6.274726 -11.523416 -9.500632
-6.414798 -11.663488 -9.500632
-6.466067 -11.854830 -9.500632
-6.414798 -12.046172 -9.500632
-6.274726 -12.186243 -9.500632
-6.083384 -12.237513 -9.500632
-5.892042 -12.186243 -9.500632
-5.751970 -12.046172 -9.500632
-6.083384 -11.854830 -9.576753
3 0 1 2
3 0 2 3
3 0 3 4
3 0 4 5
3 0 5 6
3 0 6 7
3 0 7 8
3 0 8 9
3 0 9 10
3 0 10 11
3 0 11 12
3 0 12 1
3 1 13 2
3 2 13 14
3 2 14 3
3 3 14 15
3 3 15 4
3 4 15 16
3 4 16 5
3 5 16 17
3 5 17 6
3 6 17 18
3 6 18 7
3 7 18 19
3 7 19 8
3 8 19 20
3 8 20 9
3 9 20 21
3 9 21 10
3 10 21 22
3 10 22 11
3 11 22 23
3 11 23 12
3 12 23 24
3 12 24 1
3 1 24 13
3 13 25 14
3 14 25 26
3 14 26 15
3 15 26 27
3 15 27 16
3 16 27 28
3 16 28 17
3 17 28 29
3 17 29 18
3 18 29 30
3 18 30 19
3 19 30 31
3 19 31 20
3 20 31 32
3 20 32 21
3 21 32 33
3 21 33 22
3 22 33 34
3 22 34 23
3 23 34 35
3 23 35 24
3 24 35 36
3 24 36 13
3 13 36 25
3 25 37 26
3 26 37 38
3 26 38 27
3 27 38 39
3 27 39 28
3 28 39 40
3 28 40 29
3 29 40 41
3 29 41 30
3 30 41 42
3 30 42 31
3 31 42 43
3 31 43 32
3 32 43 44
3 32 44 33
3 33 44 45
3 33 45 34
3 34 45 46
3 34 46 35
3 35 46 47
3 35 47 36
3 36 47 48
3 36 48 25
3 25 48 37
3 37 49 38
3 38 49 50
3 38 50 39
3 39 50 51
3 39 51 40
3 40 51 52
3 40 52 41
3 41 52 53
3 41 53 42
3 42 53 54
3 42 54 43
3 43 54 55
3 43 55 44
3 44 55 56
3 44 56 45
3 45 56 57
3 45 57 46
3 46 57 58
3 46 58 47
3 47 58 59
3 47 59 48
3 48 59 60
3 48 60 37
3 37 60 49
3 49 61 50
3 50 61 62
3 50 62 51
3 51 62 63
3 51 63 52
3 52 63 64
3 52 64 53
3 53 64 65
3 53 65 54
3 54 65 66
3 54 66 55
3 55 66 67
3 55 67 56
3 56 67 68
3 56 68 57
3 57 68 69
3 57 69 58
3 58 69 70
3 58 70 59
3 59 70 71
3 59 71 60
3 60 71 72
3 60 72 49
3 49 72 61
3 61 73 62
3 62 73 74
3 62 74 63
3 63 74 75
3 63 75 64
3 64 75 76
3 64 76 65
3 65 76 77
3 65 77 66
3 66 77 78
3 66 78 67
3 67 78 79
3 67 79 68
3 68 79 80
3 68 80 69
3 69 80 81
3 69 81 70
3 70 81 82
3 70 82 71
3 71 82 83
3 71 83 72
3 72 83 84
3 72 84 61
3 61 84 73
3 85 74 73
3 85 75 74
3 85 76 75
3 85 77 76
3 85 78 77
3 85 79 78
3 85 80 79
3 85 81 80
3 85 82 81
3 85 83 82
3 85 84 83
3 85 73 84
3 86 87 88
3 86 88 89
3 86 89 90
3 86 90 91
3 86 91 92
3 86 92 93
3 86 93 94
3 86 94 95
3 86 95 96
3 86 96 97
3 86 97 98
3 86 98 87
3 87 99 88
3 88 99 100
3 88 100 89
3 89 100 101
3 89 101 90
3 90 101 102
3 90 102 91
3 91 102 103
3 91 103 92
3 92 103 104
3 92 104 93
3 93 104 105
3 93 105 94
3 94 105 106
3 94 106 95
3 95 106 107
3 95 107 96
3 96 107 108
3 96 108 97
3 97 108 109
3 97 109 98
3 98 109 110
3 98 110 87
3 87 110 99
3 99 111 100
3 100 111 112
3 100 112 101
3 101 112 113
3 101 113 102
3 102 113 114
3 102 114 103
3 103 114 115
3 103 115 104
3 104 115 116
3 104 116 105
3 105 116 117
3 105 117 106
3 106 117 118
3 106 118 107
3 107 118 119
3 107 119 108
3 108 119 120
3 108 120 109
3 109 120 121
3 109 121 110
3 110 121 122
3 110 122 99
3 99 122 111
3 111 123 112
3 112 123 124
3 112 124 113
3 113 124 125
3 113 125 114
3 114 125 126
3 114 126 115
3 115 126 127
3 115 127 116
3 116 127 128
3 116 128 117
3 117 128 129
3 117 129 118
3 118 129 130
3 118 130 119
3 119 130 131
3 119 131 120
3 120 131 132
3 120 132 121
3 121 132 133
3 121 133 122
3 122 133 134
3 122 134 111
3 111 134 123
3 123 135 124
3 124 135 136
3 124 136 125
3 125 136 137
3 125 137 126
3 126 137 138
3 126 138 127
3 127 138 139
3 127 139 128
3 128 139 140
3 128 140 129
3 129 140 141
3 129 141 130
3 130 141 142
3 130 142 131
3 131 142 143
3 131 143 132
3 132 143 144
3 132 144 133
3 133 144 145
3 133 145 134
3 134 145 146
3 134 146 123
3 123 146 135
3 135 147 136
3 136 147 148
3 136 148 137
3 137 148 149
3 137 149 138
3 138 149 150
3 138 150 139
3 139 150 151
3 139 151 140
3 140 151 152
3 140 152 141
3 141 152 153
3 141 153 142
3 142 153 154
3 142 154 143
3 143 154 155
3 143 155 144
3 144 155 156
3 144 156 145
3 145 156 157
3 145 157 146
3 146 157 158
3 146 158 135
3 135 158 147
3 147 159 148
3 148 159 160
3 148 160 149
3 149 160 161
3 149 161 150
3 150 161 162
3 150 162 151
3 151 162 163
3 151 163 152
3 152 163 164
3 152 164 153
3 153 164 165
3 153 165 154
3 154 165 166
3 154 166 155
3 155 166 167
3 155 167 156
3 156 167 168
3 156 168 157
3 157 168 169
3 157 169 158
3 158 169 170
3 158 170 147
3 147 170 159
3 171 160 159
3 171 161 160
3 171 162 161
3 171 163 162
3 171 164 163
3 171 165 164
3 171 166 165
3 171 167 166
3 171 168 167
3 171 169 168
3 171 170 169
3 171 159 170
3 172 173 174
3 172 174 175
3 172 175 176
3 172 176 177
3 172 177 178
3 172 178 179
3 172 179 180
3 172 180 181
3 172 181 182
3 172 182 183
3 172 183 184
3 172 184 173
3 173 185 174
3 174 185 186
3 174 186 175
3 175 186 187
3 175 187 176
3 176 187 188
3 176 188 177
3 177 188 189
3 177 189 178
3 178 189 190
3 178 190 179
3 179 190 191
3 179 191 180
3 180 191 192
3 180 192 181
3 181 192 193
3 181 193 182
3 182 193 194
3 182 194 183
3 183 194 195
3 183 195 184
3 184 195 196
3 184 196 173
3 173 196 185
3 185 197 186
3 186 197 198
3 186 198 187
3 187 198 199
3 187 199 188
3 188 199 200
3 188 200 189
3 189 200 201
3 189 201 190
3 190 201 202
3 190 202 191
3 191 202 203
3 191 203 192
3 192 203 204
3 192 204 193
3 193 204 205
3 193 205 194
3 194 205 206
3 194 206 195
3 195 206 207
3 195 207 196
3 196 207 208
3 196 208 185
3 185 208 197
3 197 209 198
3 198 209 210
3 198 210 199
3 199 210 211
3 199 211 200
3 200 211 212
3 200 212 201
3 201 212 213
3 201 213 202
3 202 213 214
3 202 214 203
3 203 214 215
3 203 215 204
3 204 215 216
3 204 216 205
3 205 216 217
3 205 217 206
3 206 217 218
3 206 218 207
3 207 218 219
3 207 219 208
3 208 219 220
3 208 220 197
3 197 220 209
3 209 221 210
3 210 221 222
3 210 222 211
3 211 222 223
3 211 223 212
3 212 223 224
3 212 224 213
3 213 224 225
3 213 225 214
3 214 225 226
3 214 226 215
3 215 226 227
3 215 227 216
3 216 227 228
3 216 228 217
3 217 228 229
3 217 229 218
3 218 229 230
3 218 230 219
3 219 230 231
3 219 231 220
3 220 231 232
3 220 232 209
3 209 232 221
3 221 233 222
3 222 233 234
3 222 234 223
3 223 234 235
3 223 235 224
3 224 235 236
3 224 236 225
3 225 236 237
3 225 237 226
3 226 237 238
3 226 238 227
3 227 238 239
3 227 239 228
3 228 239 240
3 228 240 229
3 229 240 241
3 229 241 230
3 230 241 242
3 230 242 231
3 231 242 243
3 231 243 232
3 232 243 244
3 232 244 221
3 221 244 233
3 233 245 234
3 234 245 246
3 234 246 235
3 235 246 247
3 235 247 236
3 236 247 248
3 236 248 237
3 237 248 249
3 237 249 238
3 238 249 250
3 238 250 239
3 239 250 251
3 239 251 240
3 240 251 252
3 240 252 241
3 241 252 253
3 241 253 242
3 242 253 254
3 242 254 243
3 243 254 255
3 243 255 244
3 244 255 256
3 244 256 233
3 233 256 245
3 257 246 245
3 257 247 246
3 257 248 247
3 257 249 248
3 257 250 249
3 257 251 250
3 257 252 251
3 257 253 252
3 257 254 253
3 257 255 254
3 257 256 255
3 257 245 256
3 258 259 260
3 258 260 261
3 258 261 262
3 258 262 263
3 258 263 264
3 258 264 265
3 258 265 266
3 258 266 267
3 258 267 268
3 258 268 269
3 258 269 270
3 258 270 259
3 259 271 260
3 260 271 272
3 260 272 261
3 261 272 273
3 261 273 262
3 262 273 274
3 262 274 263
3 263 274 275
3 263 275 264
3 264 275 276
3 264 276 265
3 265 276 277
3 265 277 266
3 266 277 278
3 266 278 267
3 267 278 279
3 267 279 268
3 268 279 280
3 268 280 269
3 269 280 281
3 269 281 270
3 270 281 282
3 270 282 259
3 259 282 271
3 271 283 272
3 272 283 284
3 272 284 273
3 273 284 285
3 273 285 274
3 274 285 286
3 274 286 275
3 275 286 287
3 275 287 276
3 276 287 288
3 276 288 277
3 277 288 289
3 277 289 278
3 278 289 290
3 278 290 279
3 279 290 291
3 279 291 280
3 280 291 292
3 280 292 281
3 281 292 293
3 281 293 282
3 282 293 294
3 282 294 271
3 271 294 283
3 283 295 284
3 284 295 296
3 284 296 285
3 285 296 297
3 285 297 286
3 286 297 298
3 286 298 287
3 287 298 299
3 287 299 288
3 288 299 300
3 288 300 289
3 289 300 301
3 289 301 290
3 290 301 302
3 290 302 291
3 291 302 303
3 291 303 292
3 292 303 304
3 292 304 293
3 293 304 305
3 293 305 294
3 294 305 306
3 294 306 283
3 283 306 295
3 295 307 296
3 296 307 308
3 296 308 297
3 297 308 309
3 297 309 298
3 298 309 310
3 298 310 299
3 299 310 311
3 299 311 300
3 300 311 312
3 300 312 301
3 301 312 313
3 301 313 302
3 302 313 314
3 302 314 303
3 303 314 315
3 303 315 304
3 304 315 316
3 304 316 305
3 305 316 317
3 305 317 306
3 306 317 318
3 306 318 295
3 295 318 307
3 307 319 308
3 308 319 320
3 308 320 309
3 309 320 321
3 309 321 310
3 310 321 322
3 310 322 311
3 311 322 323
3 311 323 312
3 312 323 324
3 312 324 313
3 313 324 325
3 313 325 314
3 314 325 326
3 314 326 315
3 315 326 327
3 315 327 316
3 316 327 328
3 316 328 317
3 317 328 329
3 317 329 318
3 318 329 330
3 318 330 307
3 307 330 319
3 319 331 320
3 320 331 332
3 320 332 321
3 321 332 333
3 321 333 322
3 322 333 334
3 322 334 323
3 323 334 335
3 323 335 324
3 324 335 336
3 324 336 325
3 325 336 337
3 325 337 326
3 326 337 338
3 326 338 327
3 327 338 339
3 327 339 328
3 328 339 340
3 328 340 329
3 329 340 341
3 329 341 330
3 330 341 342
3 330 342 319
3 319 342 331
3 343 332 331
3 343 333 332
3 343 334 333
3 343 335 334
3 343 336 335
3 343 337 336
3 343 338 337
3 343 339 338
3 343 340 339
3 343 341 340
3 343 342 341
3 343 331 342
3 344 345 346
3 344 346 347
3 344 347 348
3 344 348 349
3 344 349 350
3 344 350 351
3 344 351 352
3 344 352 353
3 344 353 354
3 344 354 355
3 344 355 356
3 344 356 345
3 345 357 346
3 346 357 358
3 346 358 347
3 347 358 359
3 347 359 348
3 348 359 360
3 348 360 349
3 349 360 361
3 349 361 350
3 350 361 362
3 350 362 351
3 351 362 363
3 351 363 352
3 352 363 364
3 352 364 353
3 353 364 365
3 353 365 354
3 354 365 366
3 354 366 355
3 355 366 367
3 355 367 356
3 356 367 368
3 356 368 345
3 345 368 357
3 357 369 358
3 358 369 370
3 358 370 359
3 359 370 371
3 359 371 360
3 360 371 372
3 360 372 361
3 361 372 373
3 361 373 362
3 362 373 374
3 362 374 363
3 363 374 375
3 363 375 364
3 364 375 376
3 364 376 365
3 365 376 377
3 365 377 366
3 366 377 378
3 366 378 367
3 367 378 379
3 367 379 368
3 368 379 380
3 368 380 357
3 357 380 369
3 369 381 370
3 370 381 382
3 370 382 371
3 371 382 383
3 371 383 372
3 372 383 384
3 372 384 373
3 373 384 385
3 373 385 374
3 374 385 386
3 374 386 375
3 375 386 387
3 375 387 376
3 376 387 388
3 376 388 377
3 377 388 389
3 377 389 378
3 378 389 390
3 378 390 379
3 379 390 391
3 379 391 380
3 380 391 392
3 380 392 369
3 369 392 381
3 381 393 382
3 382 393 394
3 382 394 383
3 383 394 395
3 383 395 384
3 384 395 396
3 384 396 385
3 385 396 397
3 385 397 386
3 386 397 398
3 386 398 387
3 387 398 399
3 387 399 388
3 388 399 400
3 388 400 389
3 389 400 401
3 389 401 390
3 390 401 402
3 390 402 391
3 391 402 403
3 391 403 392
3 392 403 404
3 392 404 381
3 381 404 393
3 393 405 394
3 394 405 406
3 394 406 395
3 395 406 407
3 395 407 396
3 396 407 408
3 396 408 397
3 397 408 409
3 397 409 398
3 398 409 410
3 398 410 399
3 399 410 411
3 399 411 400
3 400 411 412
3 400 412 401
3 401 412 413
3 401 413 402
3 402 413 414
3 402 414 403
3 403 414 415
3 403 415 404
3 404 415 416
3 404 416 393
3 393 416 405
3 405 417 406
3 406 417 418
3 406 418 407
3 407 418 419
3 407 419 408
3 408 419 420
3 408 420 409
3 409 420 421
3 409 421 410
3 410 421 422
3 410 422 411
3 411 422 423
3 411 423 412
3 412 423 424
3 412 424 413
3 413 424 425
3 413 425 414
3 414 425 426
3 414 426 415
3 415 426 427
3 415 427 416
3 416 427 428
3 416 428 405
3 405 428 417
3 429 418 417
3 429 419 418
3 429 420 419
3 429 421 420
3 429 422 421
3 429 423 422
3 429 424 423
3 429 425 424
3 429 426 425
3 429 427 426
3 429 428 427
3 429 417 428
3 430 431 432
3 430 432 433
3 430 433 434
3 430 434 435
3 430 435 436
3 430 436 437
3 430 437 438
3 430 438 439
3 430 439 440
3 430 440 441
3 430 441 442
3 430 442 431
3 431 443 432
3 432 443 444
3 432 444 433
3 433 444 445
3 433 445 434
3 434 445 446
3 434 446 435
3 435 446 447
3 435 447 436
3 436 447 448
3 436 448 437
3 437 448 449
3 437 449 438
3 438 449 450
3 438 450 439
3 439 450 451
3 439 451 440
3 440 451 452
3 440 452 441
3 441 452 453
3 441 453 442
3 442 453 454
3 442 454 431
3 431 454 443
3 443 455 444
3 444 455 456
3 444 456 445
3 445 456 457
3 445 457 446
3 446 457 458
3 446 458 447
3 447 458 459
3 447 459 448
3 448 459 460
3 448 460 449
3 449 460 461
3 449 461 450
3 450 461 462
3 450 462 451
3 451 462 463
3 451 463 452
3 452 463 464
3 452 464 453
3 453 464 465
3 453 465 454
3 454 465 466
3 454 466 443
3 443 466 455
3 455 467 456
3 456 467 468
3 456 468 457
3 457 468 469
3 457 469 458
3 458 469 470
3 458 470 459
3 459 470 471
3 459 471 460
3 460 471 472
3 460 472 461
3 461 472 473
3 461 473 462
3 462 473 474
3 462 474 463
3 463 474 475
3 463 475 464
3 464 475 476
3 464 476 465
3 465 476 477
3 465 477 466
3 466 477 478
3 466 478 455
3 455 478 467
3 467 479 468
3 468 479 480
3 468 480 469
3 469 480 481
3 469 481 470
3 470 481 482
3 470 482 471
3 471 482 483
3 471 483 472
3 472 483 484
3 472 484 473
3 473 484 485
3 473 485 474
3 474 485 486
3 474 486 475
3 475 486 487
3 475 487 476
3 476 487 488
3 476 488 477
3 477 488 489
3 477 489 478
3 478 489 490
3 478 490 467
3 467 490 479
3 479 491 480
3 480 491 492
3 480 492 481
3 481 492 493
3 481 493 482
3 482 493 494
3 482 494 483
3 483 494 495
3 483 495 484
3 484 495 496
3 484 496 485
3 485 496 497
3 485 497 486
3 486 497 498
3 486 498 487
3 487 498 499
3 487 499 488
3 488 499 500
3 488 500 489
3 489 500 501
3 489 501 490
3 490 501 502
3 490 502 479
3 479 502 491
3 491 503 492
3 492 503 504
3 492 504 493
3 493 504 505
3 493 505 494
3 494 505 506
3 494 506 495
3 495 506 507
3 495 507 496
3 496 507 508
3 496 508 497
3 497 508 509
3 497 509 498
3 498 509 510
3 498 510 499
3 499 510 511
3 499 511 500
3 500 511 512
3 500 512 501
3 501 512 513
3 501 513 502
3 502 513 514
3 502 514 491
3 491 514 503
3 515 504 503
3 515 505 504
3 515 506 505
3 515 507 506
3 515 508 507
3 515 509 508
3 515 510 509
3 515 511 510
3 515 512 511
3 515 513 512
3 515 514 513
3 515 503 514
3 516 517 518
3 516 518 519
3 516 519 520
3 516 520 521
3 516 521 522
3 516 522 523
3 516 523 524
3 516 524 525
3 516 525 526
3 516 526 527
3 516 527 528
3 516 528 517
3 517 529 518
3 518 529 530
3 518 530 519
3 519 530 531
3 519 531 520
3 520 531 532
3 520 532 521
3 521 532 533
3 521 533 522
3 522 533 534
3 522 534 523
3 523 534 535
3 523 535 524
3 524 535 536
3 524 536 525
3 525 536 537
3 525 537 526
3 526 537 538
3 526 538 527
3 527 538 539
3 527 539 528
3 528 539 540
3 528 540 517
3 517 540 529
3 529 541 530
3 530 541 542
3 530 542 531
3 531 542 543
3 531 543 532
3 532 543 544
3 532 544 533
3 533 544 545
3 533 545 534
3 534 545 546
3 534 546 535
3 535 546 547
3 535 547 536
3 536 547 548
3 536 548 537
3 537 548 549
3 537 549 538
3 538 549 550
3 538 550 539
3 539 550 551
3 539 551 540
3 540 551 552
3 540 552 529
3 529 552 541
3 541 553 542
3 542 553 554
3 542 554 543
3 543 554 555
3 543 555 544
3 544 555 556
3 544 556 545
3 545 556 557
3 545 557 546
3 546 557 558
3 546 558 547
3 547 558 559
3 547 559 548
3 548 559 560
3 548 560 549
3 549 560 561
3 549 561 550
3 550 561 562
3 550 562 551
3 551 562 563
3 551 563 552
3 552 563 564
3 552 564 541
3 541 564 553
3 553 565 554
3 554 565 566
3 554 566 555
3 555 566 567
3 555 567 556
3 556 567 568
3 556 568 557
3 557 568 569
3 557 569 558
3 558 569 570
3 558 570 559
3 559 570 571
3 559 571 560
3 560 571 572
3 560 572 561
3 561 572 573
3 561 573 562
3 562 573 574
3 562 574 563
3 563 574 575
3 563 575 564
3 564 575 576
3 564 576 553
3 553 576 565
3 565 577 566
3 566 577 578
3 566 578 567
3 567 578 579
3 567 579 568
3 568 579 580
3 568 580 569
3 569 580 581
3 569 581 570
3 570 581 582
3 570 582 571
3 571 582 583
3 571 583 572
3 572 583 584
3 572 584 573
3 573 584 585
3 573 585 574
3 574 585 586
3 574 586 575
3 575 586 587
3 575 587 576
3 576 587 588
3 576 588 565
3 565 588 577
3 577 589 578
3 578 589 590
3 578 590 579
3 579 590 591
3 579 591 580
3 580 591 592
3 580 592 581
3 581 592 593
3 581 593 582
3 582 593 594
3 582 594 583
3 583 594 595
3 583 595 584
3 584 595 596
3 584 596 585
3 585 596 597
3 585 597 586
3 586 597 598
3 586 598 587
3 587 598 599
3 587 599 588
3 588 599 600
3 588 600 577
3 577 600 589
3 601 590 589
3 601 591 590
3 601 592 591
3 601 593 592
3 601 594 593
3 601 595 594
3 601 596 595
3 601 597 596
3 601 598 597
3 601 599 598
3 601 600 599
3 601 589 600
3 602 603 604
3 602 604 605
3 602 605 606
3 602 606 607
3 602 607 608
3 602 608 609
3 602 609 610
3 602 610 611
3 602 611 612
3 602 612 613
3 602 613 614
3 602 614 603
3 603 615 604
3 604 615 616
3 604 616 605
3 605 616 617
3 605 617 606
3 606 617 618
3 606 618 607
3 607 618 619
3 607 619 608
3 608 619 620
3 608 620 609
3 609 620 621
3 609 621 610
3 610 621 622
3 610 622 611
3 611 622 623
3 611 623 612
3 612 623 624
3 612 624 613
3 613 624 625
3 613 625 614
3 614 625 626
3 614 626 603
3 603 626 615
3 615 627 616
3 616 627 628
3 616 628 617
3 617 628 629
3 617 629 618
3 618 629 630
3 618 630 619
3 619 630 631
3 619 631 620
3 620 631 632
3 620 632 621
3 621 632 633
3 621 633 622
3 622 633 634
3 622 634 623
3 623 634 635
3 623 635 624
3 624 635 636
3 624 636 625
3 625 636 637
3 625 637 626
3 626 637 638
3 626 638 615
3 615 638 627
3 627 639 628
3 628 639 640
3 628 640 629
3 629 640 641
3 629 641 630
3 630 641 642
3 630 642 631
3 631 642 643
3 631 643 632
3 632 643 644
3 632 644 633
3 633 644 645
3 633 645 634
3 634 645 646
3 634 646 635
3 635 646 647
3 635 647 636
3 636 647 648
3 636 648 637
3 637 648 649
3 637 649 638
3 638 649 650
3 638 650 627
3 627 650 639
3 639 651 640
3 640 651 652
3 640 652 641
3 641 652 653
3 641 653 642
3 642 653 654
3 642 654 643
3 643 654 655
3 643 655 644
3 644 655 656
3 644 656 645
3 645 656 657
3 645 657 646
3 646 657 658
3 646 658 647
3 647 658 659
3 647 659 648
3 648 659 660
3 648 660 649
3 649 660 661
3 649 661 650
3 650 661 662
3 650 662 639
3 639 662 651
3 651 663 652
3 652 663 664
3 652 664 653
3 653 664 665
3 653 665 654
3 654 665 666
3 654 666 655
3 655 666 667
3 655 667 656
3 656 667 668
3 656 668 657
3 657 668 669
3 657 669 658
3 658 669 670
3 658 670 659
3 659 670 671
3 659 671 660
3 660 671 672
3 660 672 661
3 661 672 673
3 661 673 662
3 662 673 674
3 662 674 651
3 651 674 663
3 663 675 664
3 664 675 676
3 664 676 665
3 665 676 677
3 665 677 666
3 666 677 678
3 666 678 667
3 667 678 679
3 667 679 668
3 668 679 680
3 668 680 669
3 669 680 681
3 669 681 670
3 670 681 682
3 670 682 671
3 671 682 683
3 671 683 672
3 672 683 684
3 672 684 673
3 673 684 685
3 673 685 674
3 674 685 686
3 674 686 663
3 663 686 675
3 687 676 675
3 687 677 676
3 687 678 677
3 687 679 678
3 687 680 679
3 687 681 680
3 687 682 681
3 687 683 682
3 687 684 683
3 687 685 684
3 687 686 685
3 687 675 686
3 688 689 690
3 688 690 691
3 688 691 692
3 688 692 693
3 688 693 694
3 688 694 695
3 688 695 696
3 688 696 697
3 688 697 698
3 688 698 699
3 688 699 700
3 688 700 689
3 689 701 690
3 690 701 702
3 690 702 691
3 691 702 703
3 691 703 692
3 692 703 704
3 692 704 693
3 693 704 705
3 693 705 694
3 694 705 706
3 694 706 695
3 695 706 707
3 695 707 696
3 696 707 708
3 696 708 697
3 697 708 709
3 697 709 698
3 698 709 710
3 698 710 699
3 699 710 711
3 699 711 700
3 700 711 712
3 700 712 689
3 689 712 701
3 701 713 702
3 702 713 714
3 702 714 703
3 703 714 715
3 703 715 704
3 704 715 716
3 704 716 705
3 705 716 717
3 705 717 706
3 706 717 718
3 706 718 707
3 707 718 719
3 707 719 708
3 708 719 720
3 708 720 709
3 709 720 721
3 709 721 710
3 710 721 722
3 710 722 711
3 711 722 723
3 711 723 712
3 712 723 724
3 712 724 701
3 701 724 713
3 713 725 714
3 714 725 726
3 714 726 715
3 715 726 727
3 715 727 716
3 716 727 728
3 716 728 717
3 717 728 729
3 717 729 718
3 718 729 730
3 718 730 719
3 719 730 731
3 719 731 720
3 720 731 732
3 720 732 721
3 721 732 733
3 721 733 722
3 722 733 734
3 722 734 723
3 723 734 735
3 723 735 724
3 724 735 736
3 724 736 713
3 713 736 725
3 725 737 726
3 726 737 738
3 726 738 727
3 727 738 739
3 727 739 728
3 728 739 740
3 728 740 729
3 729 740 741
3 729 741 730
3 730 741 742
3 730 742 731
3 731 742 743
3 731 743 732
3 732 743 744
3 732 744 733
3 733 744 745
3 733 745 734
3 734 745 746
3 734 746 735
3 735 746 747
3 735 747 736
3 736 747 748
3 736 748 725
3 725 748 737
3 737 749 738
3 738 749 750
3 738 750 739
3 739 750 751
3 739 751 740
3 740 751 752
3 740 752 741
3 741 752 753
3 741 753 742
3 742 753 754
3 742 754 743
3 743 754 755
3 743 755 744
3 744 755 756
3 744 756 745
3 745 756 757
3 745 757 746
3 746 757 758
3 746 758 747
3 747 758 759
3 747 759 748
3 748 759 760
3 748 760 737
3 737 760 749
3 749 761 750
3 750 761 762
3 750 762 751
3 751 762 763
3 751 763 752
3 752 763 764
3 752 764 753
3 753 764 765
3 753 765 754
3 754 765 766
3 754 766 755
3 755 766 767
3 755 767 756
3 756 767 768
3 756 768 757
3 757 768 769
3 757 769 758
3 758 769 770
3 758 770 759
3 759 770 771
3 759 771 760
3 760 771 772
3 760 772 749
3 749 772 761
3 773 762 761
3 773 763 762
3 773 764 763
3 773 765 764
3 773 766 765
3 773 767 766
3 773 768 767
3 773 769 768
3 773 770 769
3 773 771 770
3 773 772 771
3 773 761 772
3 774 775 776
3 774 776 777
3 774 777 778
3 774 778 779
3 774 779 780
3 774 780 781
3 774 781 782
3 774 782 783
3 774 783 784
3 774 784 785
3 774 785 786
3 774 786 775
3 775 787 776
3 776 787 788
3 776 788 777
3 777 788 789
3 777 789 778
3 778 789 790
3 778 790 779
3 779 790 791
3 779 791 780
3 780 791 792
3 780 792 781
3 781 792 793
3 781 793 782
3 782 793 794
3 782 794 783
3 783 794 795
3 783 795 784
3 784 795 796
3 784 796 785
3 785 796 797
3 785 797 786
3 786 797 798
3 786 798 775
3 775 798 787
3 787 799 788
3 788 799 800
3 788 800 789
3 789 800 801
3 789 801 790
3 790 801 802
3 790 802 791
3 791 802 803
3 791 803 792
3 792 803 804
3 792 804 793
3 793 804 805
3 793 805 794
3 794 805 806
3 794 806 795
3 795 806 807
3 795 807 796
3 796 807 808
3 796 808 797
3 797 808 809
3 797 809 798
3 798 809 810
3 798 810 787
3 787 810 799
3 799 811 800
3 800 811 812
3 800 812 801
3 801 812 813
3 801 813 802
3 802 813 814
3 802 814 803
3 803 814 815
3 803 815 804
3 804 815 816
3 804 816 805
3 805 816 817
3 805 817 806
3 806 817 818
3 806 818 807
3 807 818 819
3 807 819 808
3 808 819 820
3 808 820 809
3 809 820 821
3 809 821 810
3 810 821 822
3 810 822 799
3 799 822 811
3 811 823 812
3 812 823 824
3 812 824 813
3 813 824 825
3 813 825 814
3 814 825 826
3 814 826 815
3 815 826 827
3 815 827 816
3 816 827 828
3 816 828 817
3 817 828 829
3 817 829 818
3 818 829 830
3 818 830 819
3 819 830 831
3 819 831 820
3 820 831 832
3 820 832 821
3 821 832 833
3 821 833 822
3 822 833 834
3 822 834 811
3 811 834 823
3 823 835 824
3 824 835 836
3 824 836 825
3 825 836 837
3 825 837 826
3 826 837 838
3 826 838 827
3 827 838 839
3 827 839 828
3 828 839 840
3 828 840 829
3 829 840 841
3 829 841 830
3 830 841 842
3 830 842 831
3 831 842 843
3 831 843 832
3 832 843 844
3 832 844 833
3 833 844 845
3 833 845 834
3 834 845 846
3 834 846 823
3 823 846 835
3 835 847 836
3 836 847 848
3 836 848 837
3 837 848 849
3 837 849 838
3 838 849 850
3 838 850 839
3 839 850 851
3 839 851 840
3 840 851 852
3 840 852 841
3 841 852 853
3 841 853 842
3 842 853 854
3 842 854 843
3 843 854 855
3 843 855 844
3 844 855 856
3 844 856 845
3 845 856 857
3 845 857 846
3 846 857 858
3 846 858 835
3 835 858 847
3 859 848 847
3 859 849 848
3 859 850 849
3 859 851 850
3 859 852 851
3 859 853 852
3 859 854 853
3 859 855 854
3 859 856 855
3 859 857 856
3 859 858 857
3 859 847 858
3 860 861 862
3 860 862 863
3 860 863 864
3 860 864 865
3 860 865 866
3 860 866 867
3 860 867 868
3 860 868 869
3 860 869 870
3 860 870 871
3 860 871 872
3 860 872 861
3 861 873 862
3 862 873 874
3 862 874 863
3 863 874 875
3 863 875 864
3 864 875 876
3 864 876 865
3 865 876 877
3 865 877 866
3 866 877 878
3 866 878 867
3 867 878 879
3 867 879 868
3 868 879 880
3 868 880 869
3 869 880 881
3 869 881 870
3 870 881 882
3 870 882 871
3 871 882 883
3 871 883 872
3 872 883 884
3 872 884 861
3 861 884 873
3 873 885 874
3 874 885 886
3 874 886 875
3 875 886 887
3 875 887 876
3 876 887 888
3 876 888 877
3 877 888 889
3 877 889 878
3 878 889 890
3 878 890 879
3 879 890 891
3 879 891 880
3 880 891 892
3 880 892 881
3 881 892 893
3 881 893 882
3 882 893 894
3 882 894 883
3 883 894 895
3 883 895 884
3 884 895 896
3 884 896 873
3 873 896 885
3 885 897 886
3 886 897 898
3 886 898 887
3 887 898 899
3 887 899 888
3 888 899 900
3 888 900 889
3 889 900 901
3 889 901 890
3 890 901 902
3 890 902 891
3 891 902 903
3 891 903 892
3 892 903 904
3 892 904 893
3 893 904 905
3 893 905 894
3 894 905 906
3 894 906 895
3 895 906 907
3 895 907 896
3 896 907 908
3 896 908 885
3 885 908 897
3 897 909 898
3 898 909 910
3 898 910 899
3 899 910 911
3 899 911 900
3 900 911 912
3 900 912 901
3 901 912 913
3 901 913 902
3 902 913 914
3 902 914 903
3 903 914 915
3 903 915 904
3 904 915 916
3 904 916 905
3 905 916 917
3 905 917 906
3 906 917 918
3 906 918 907
3 907 918 919
3 907 919 908
3 908 919 920
3 908 920 897
3 897 920 909
3 909 921 910
3 910 921 922
3 910 922 911
3 911 922 923
3 911 923 912
3 912 923 924
3 912 924 913
3 913 924 925
3 913 925 914
3 914 925 926
3 914 926 915
3 915 926 927
3 915 927 916
3 916 927 928
3 916 928 917
3 917 928 929
3 917 929 918
3 918 929 930
3 918 930 919
3 919 930 931
3 919 931 920
3 920 931 932
3 920 932 909
3 909 932 921
3 921 933 922
3 922 933 934
3 922 934 923
3 923 934 935
3 923 935 924
3 924 935 936
3 924 936 925
3 925 936 937
3 925 937 926
3 926 937 938
3 926 938 927
3 927 938 939
3 927 939 928
3 928 939 940
3 928 940 929
3 929 940 941
3 929 941 930
3 930 941 942
3 930 942 931
3 931 942 943
3 931 943 932
3 932 943 944
3 932 944 921
3 921 944 933
3 945 934 933
3 945 935 934
3 945 936 935
3 945 937 936
3 945 938 937
3 945 939 938
3 945 940 939
3 945 941 940
3 945 942 941
3 945 943 942
3 945 944 943
3 945 933 944
3 946 947 948
3 946 948 949
3 946 949 950
3 946 950 951
3 946 951 952
3 946 952 953
3 946 953 954
3 946 954 955
3 946 955 956
3 946 956 957
3 946 957 958
3 946 958 947
3 947 959 948
3 948 959 960
3 948 960 949
3 949 960 961
3 949 961 950
3 950 961 962
3 950 962 951
3 951 962 963
3 951 963 952
3 952 963 964
3 952 964 953
3 953 964 965
3 953 965 954
3 954 965 966
3 954 966 955
3 955 966 967
3 955 967 956
3 956 967 968
3 956 968 957
3 957 968 969
3 957 969 958
3 958 969 970
3 958 970 947
3 947 970 959
3 959 971 960
3 960 971 972
3 960 972 961
3 961 972 973
3 961 973 962
3 962 973 974
3 962 974 963
3 963 974 975
3 963 975 964
3 964 975 976
3 964 976 965
3 965 976 977
3 965 977 966
3 966 977 978
3 966 978 967
3 967 978 979
3 967 979 968
3 968 979 980
3 968 980 969
3 969 980 981
3 969 981 970
3 970 981 982
3 970 982 959
3 959 982 971
3 971 983 972
3 972 983 984
3 972 984 973
3 973 984 985
3 973 985 974
3 974 985 986
3 974 986 975
3 975 986 987
3 975 987 976
3 976 987 988
3 976 988 977
3 977 988 989
3 977 989 978
3 978 989 990
3 978 990 979
3 979 990 991
3 979 991 980
3 980 991 992
3 980 992 981
3 981 992 993
3 981 993 982
3 982 993 994
3 982 994 971
3 971 994 983
3 983 995 984
3 984 995 996
3 984 996 985
3 985 996 997
3 985 997 986
3 986 997 998
3 986 998 987
3 987 998 999
3 987 999 988
3 988 999 1000
3 988 1000 989
3 989 1000 1001
3 989 1001 990
3 990 1001 1002
3 990 1002 991
3 991 1002 1003
3 991 1003 992
3 992 1003 1004
3 992 1004 993
3 993 1004 1005
3 993 1005 994
3 994 1005 1006
3 994 1006 983
3 983 1006 995
3 995 1007 996
3 996 1007 1008
3 996 1008 997
3 997 1008 1009
3 997 1009 998
3 998 1009 1010
3 998 1010 999
3 999 1010 1011
3 999 1011 1000
3 1000 1011 1012
3 1000 1012 1001
3 1001 1012 1013
3 1001 1013 1002
3 1002 1013 1014
3 1002 1014 1003
3 1003 1014 1015
3 1003 1015 1004
3 1004 1015 1016
3 1004 1016 1005
3 1005 1016 1017
3 1005 1017 1006
3 1006 1017 1018
3 1006 1018 995
3 995 1018 1007
3 1007 1019 1008
3 1008 1019 1020
3 1008 1020 1009
3 1009 1020 1021
3 1009 1021 1010
3 1010 1021 1022
3 1010 1022 1011
3 1011 1022 1023
3 1011 1023 1012
3 1012 1023 1024
3 1012 1024 1013
3 1013 1024 1025
3 1013 1025 1014
3 1014 1025 1026
3 1014 1026 1015
3 1015 1026 1027
3 1015 1027 1016
3 1016 1027 1028
3 1016 1028 1017
3 1017 1028 1029
3 1017 1029 1018
3 1018 1029 1030
3 1018 1030 1007
3 1007 1030 1019
3 1031 1020 1019
3 1031 1021 1020
3 1031 1022 1021
3 1031 1023 1022
3 1031 1024 1023
3 1031 1025 1024
3 1031 1026 1025
3 1031 1027 1026
3 1031 1028 1027
3 1031 1029 1028
3 1031 1030 1029
3 1031 1019 1030
3 1032 1033 1034
3 1032 1034 1035
3 1032 1035 1036
3 1032 1036 1037
3 1032 1037 1038
3 1032 1038 1039
3 1032 1039 1040
3 1032 1040 1041
3 1032 1041 1042
3 1032 1042 1043
3 1032 1043 1044
3 1032 1044 1033
3 1033 1045 1034
3 1034 1045 1046
3 1034 1046 1035
3 1035 1046 1047
3 1035 1047 1036
3 1036 1047 1048
3 1036 1048 1037
3 1037 1048 1049
3 1037 1049 1038
3 1038 1049 1050
3 1038 1050 1039
3 1039 1050 1051
3 1039 1051 1040
3 1040 1051 1052
3 1040 1052 1041
3 1041 1052 1053
3 1041 1053 1042
3 1042 1053 1054
3 1042 1054 1043
3 1043 1054 1055
3 1043 1055 1044
3 1044 1055 1056
3 1044 1056 1033
3 1033 1056 1045
3 1045 1057 1046
3 1046 1057 1058
3 1046 1058 1047
3 1047 1058 1059
3 1047 1059 1048
3 1048 1059 1060
3 1048 1060 1049
3 1049 1060 1061
3 1049 1061 1050
3 1050 1061 1062
3 1050 1062 1051
3 1051 1062 1063
3 1051 1063 1052
3 1052 1063 1064
3 1052 1064 1053
3 1053 1064 1065
3 1053 1065 1054
3 1054 1065 1066
3 1054 1066 1055
3 1055 1066 1067
3 1055 1067 1056
3 1056 1067 1068
3 1056 1068 1045
3 1045 1068 1057
3 1057 1069 1058
3 1058 1069 1070
3 1058 1070 1059
3 1059 1070 1071
3 1059 1071 1060
3 1060 1071 1072
3 1060 1072 1061
3 1061 1072 1073
3 1061 1073 1062
3 1062 1073 1074
3 1062 1074 1063
3 1063 1074 1075
3 1063 1075 1064
3 1064 1075 1076
3 1064 1076 1065
3 1065 1076 1077
3 1065 1077 1066
3 1066 1077 1078
3 1066 1078 1067
3 1067 1078 1079
3 1067 1079 1068
3 1068 1079 1080
3 1068 1080 1057
3 1057 1080 1069
3 1069 1081 1070
3 1070 1081 1082
3 1070 1082 1071
3 1071 1082 1083
3 1071 1083 1072
3 1072 1083 1084
3 1072 1084 1073
3 1073 1084 1085
3 1073 1085 1074
3 1074 1085 1086
3 1074 1086 1075
3 1075 1086 1087
3 1075 1087 1076
3 1076 1087 1088
3 1076 1088 1077
3 1077 1088 1089
3 1077 1089 1078
3 1078 1089 1090
3 1078 1090 1079
3 1079 1090 1091
3 1079 1091 1080
3 1080 1091 1092
3 1080 1092 1069
3 1069 1092 1081
3 1081 1093 1082
3 1082 1093 1094
3 1082 1094 1083
3 1083 1094 1095
3 1083 1095 1084
3 1084 1095 1096
3 1084 1096 1085
3 1085 1096 1097
3 1085 1097 1086
3 1086 1097 1098
3 1086 1098 1087
3 1087 1098 1099
3 1087 1099 1088
3 1088 1099 1100
3 1088 1100 1089
3 1089 1100 1101
3 1089 1101 1090
3 1090 1101 1102
3 1090 1102 1091
3 1091 1102 1103
3 1091 1103 1092
3 1092 1103 1104
3 1092 1104 1081
3 1081 1104 1093
3 1093 1105 1094
3 1094 1105 1106
3 1094 1106 1095
3 1095 1106 1107
3 1095 1107 1096
3 1096 1107 1108
3 1096 1108 1097
3 1097 1108 1109
3 1097 1109 1098
3 1098 1109 1110
3 1098 1110 1099
3 1099 1110 1111
3 1099 1111 1100
3 1100 1111 1112
3 1100 1112 1101
3 1101 1112 1113
3 1101 1113 1102
3 1102 1113 1114
3 1102 1114 1103
3 1103 1114 1115
3 1103 1115 1104
3 1104 1115 1116
3 1104 1116 1093
3 1093 1116 1105
3 1117 1106 1105
3 1117 1107 1106
3 1117 1108 1107
3 1117 1109 1108
3 1117 1110 1109
3 1117 1111 1110
3 1117 1112 1111
3 1117 1113 1112
3 1117 1114 1113
3 1117 1115 1114
3 1117 1116 1115
3 1117 1105 1116
3 1118 1119 1120
3 1118 1120 1121
3 1118 1121 1122
3 1118 1122 1123
3 1118 1123 1124
3 1118 1124 1125
3 1118 1125 1126
3 1118 1126 1127
3 1118 1127 1128
3 1118 1128 1129
3 1118 1129 1130
3 1118 1130 1119
3 1119 1131 1120
3 1120 1131 1132
3 1120 1132 1121
3 1121 1132 1133
3 1121 1133 1122
3 1122 1133 1134
3 1122 1134 1123
3 1123 1134 1135
3 1123 1135 1124
3 1124 1135 1136
3 1124 1136 1125
3 1125 1136 1137
3 1125 1137 1126
3 1126 1137 1138
3 1126 1138 1127
3 1127 1138 1139
3 1127 1139 1128
3 1128 1139 1140
3 1128 1140 1129
3 1129 1140 1141
3 1129 1141 1130
3 1130 1141 1142
3 1130 1142 1119
3 1119 1142 1131
3 1131 1143 1132
3 1132 1143 1144
3 1132 1144 1133
3 1133 1144 1145
3 1133 1145 1134
3 1134 1145 1146
3 1134 1146 1135
3 1135 1146 1147
3 1135 1147 1136
3 1136 1147 1148
3 1136 1148 1137
3 1137 1148 1149
3 1137 1149 1138
3 1138 1149 1150
3 1138 1150 1139
3 1139 1150 1151
3 1139 1151 1140
3 1140 1151 1152
3 1140 1152 1141
3 1141 1152 1153
3 1141 1153 1142
3 1142 1153 1154
3 1142 1154 1131
3 1131 1154 1143
3 1143 1155 1144
3 1144 1155 1156
3 1144 1156 1145
3 1145 1156 1157
3 1145 1157 1146
3 1146 1157 1158
3 1146 1158 1147
3 1147 1158 1159
3 1147 1159 1148
3 1148 1159 1160
3 1148 1160 1149
3 1149 1160 1161
3 1149 1161 1150
3 1150 1161 1162
3 1150 1162 1151
3 1151 1162 1163
3 1151 1163 1152
3 1152 1163 1164
3 1152 1164 1153
3 1153 1164 1165
3 1153 1165 1154
3 1154 1165 1166
3 1154 1166 1143
3 1143 1166 1155
3 1155 1167 1156
3 1156 1167 1168
3 1156 1168 1157
3 1157 1168 1169
3 1157 1169 1158
3 1158 1169 1170
3 1158 1170 1159
3 1159 1170 1171
3 1159 1171 1160
3 1160 1171 1172
3 1160 1172 1161
3 1161 1172 1173
3 1161 1173 1162
3 1162 1173 1174
3 1162 1174 1163
3 1163 1174 1175
3 1163 1175 1164
3 1164 1175 1176
3 1164 1176 1165
3 1165 1176 1177
3 1165 1177 1166
3 1166 1177 1178
3 1166 1178 1155
3 1155 1178 1167
3 1167 1179 1168
3 1168 1179 1180
3 1168 1180 1169
3 1169 1180 1181
3 1169 1181 1170
3 1170 1181 1182
3 1170 1182 1171
3 1171 1182 1183
3 1171 1183 1172
3 1172 1183 1184
3 1172 1184 1173
3 1173 1184 1185
3 1173 1185 1174
3 1174 1185 1186
3 1174 1186 1175
3 1175 1186 1187
3 1175 1187 1176
3 1176 1187 1188
3 1176 1188 1177
3 1177 1188 1189
3 1177 1189 1178
3 1178 1189 1190
3 1178 1190 1167
3 1167 1190 1179
3 1179 1191 1180
3 1180 1191 1192
3 1180 1192 1181
3 1181 1192 1193
3 1181 1193 1182
3 1182 1193 1194
3 1182 1194 1183
3 1183 1194 1195
3 1183 1195 1184
3 1184 1195 1196
3 1184 1196 1185
3 1185 1196 1197
3 1185 1197 1186
3 1186 1197 1198
3 1186 1198 1187
3 1187 1198 1199
3 1187 1199 1188
3 1188 1199 1200
3 1188 1200 1189
3 1189 1200 1201
3 1189 1201 1190
3 1190 1201 1202
3 1190 1202 1179
3 1179 1202 1191
3 1203 1192 1191
3 1203 1193 1192
3 1203 1194 1193
3 1203 1195 1194
3 1203 1196 1195
3 1203 1197 1196
3 1203 1198 1197
3 1203 1199 1198
3 1203 1200 1199
3 1203 1201 1200
3 1203 1202 1201
3 1203 1191 1202
3 1204 1205 1206
3 1204 1206 1207
3 1204 1207 1208
3 1204 1208 1209
3 1204 1209 1210
3 1204 1210 1211
3 1204 1211 1212
3 1204 1212 1213
3 1204 1213 1214
3 1204 1214 1215
3 1204 1215 1216
3 1204 1216 1205
3 1205 1217 1206
3 1206 1217 1218
3 1206 1218 1207
3 1207 1218 1219
3 1207 1219 1208
3 1208 1219 1220
3 1208 1220 1209
3 1209 1220 1221
3 1209 1221 1210
3 1210 1221 1222
3 1210 1222 1211
3 1211 1222 1223
3 1211 1223 1212
3 1212 1223 1224
3 1212 1224 1213
3 1213 1224 1225
3 1213 1225 1214
3 1214 1225 1226
3 1214 1226 1215
3 1215 1226 1227
3 1215 1227 1216
3 1216 1227 1228
3 1216 1228 1205
3 1205 1228 1217
3 1217 1229 1218
3 1218 1229 1230
3 1218 1230 1219
3 1219 1230 1231
3 1219 1231 1220
3 1220 1231 1232
3 1220 1232 1221
3 1221 1232 1233
3 1221 1233 1222
3 1222 1233 1234
3 1222 1234 1223
3 1223 1234 1235
3 1223 1235 1224
3 1224 1235 1236
3 1224 1236 1225
3 1225 1236 1237
3 1225 1237 1226
3 1226 1237 1238
3 1226 1238 1227
3 1227 1238 1239
3 1227 1239 1228
3 1228 1239 1240
3 1228 1240 1217
3 1217 1240 1229
3 1229 1241 1230
3 1230 1241 1242
3 1230 1242 1231
3 1231 1242 1243
3 1231 1243 1232
3 1232 1243 1244
3 1232 1244 1233
3 1233 1244 1245
3 1233 1245 1234
3 1234 1245 1246
3 1234 1246 1235
3 1235 1246 1247
3 1235 1247 1236
3 1236 1247 1248
3 1236 1248 1237
3 1237 1248 1249
3 1237 1249 1238
3 1238 1249 1250
3 1238 1250 1239
3 1239 1250 1251
3 1239 1251 1240
3 1240 1251 1252
3 1240 1252 1229
3 1229 1252 1241
3 1241 1253 1242
3 1242 1253 1254
3 1242 1254 1243
3 1243 1254 1255
3 1243 1255 1244
3 1244 1255 1256
3 1244 1256 1245
3 1245 1256 1257
3 1245 1257 1246
3 1246 1257 1258
3 1246 1258 1247
3 1247 1258 1259
3 1247 1259 1248
3 1248 1259 1260
3 1248 1260 1249
3 1249 1260 1261
3 1249 1261 1250
3 1250 1261 1262
3 1250 1262 1251
3 1251 1262 1263
3 1251 1263 1252
3 1252 1263 1264
3 1252 1264 1241
3 1241 1264 1253
3 1253 1265 1254
3 1254 1265 1266
3 1254 1266 1255
3 1255 1266 1267
3 1255 1267 1256
3 1256 1267 1268
3 1256 1268 1257
3 1257 1268 1269
3 1257 1269 1258
3 1258 1269 1270
3 1258 1270 1259
3 1259 1270 1271
3 1259 1271 1260
3 1260 1271 1272
3 1260 1272 1261
3 1261 1272 1273
3 1261 1273 1262
3 1262 1273 1274
3 1262 1274 1263
3 1263 1274 1275
3 1263 1275 1264
3 1264 1275 1276
3 1264 1276 1253
3 1253 1276 1265
3 1265 1277 1266
3 1266 1277 1278
3 1266 1278 1267
3 1267 1278 1279
3 1267 1279 1268
3 1268 1279 1280
3 1268 1280 1269
3 1269 1280 1281
3 1269 1281 1270
3 1270 1281 1282
3 1270 1282 1271
3 1271 1282 1283
3 1271 1283 1272
3 1272 1283 1284
3 1272 1284 1273
3 1273 1284 1285
3 1273 1285 1274
3 1274 1285 1286
3 1274 1286 1275
3 1275 1286 1287
3 1275 1287 1276
3 1276 1287 1288
3 1276 1288 1265
3 1265 1288 1277
3 1289 1278 1277
3 1289 1279 1278
3 1289 1280 1279
3 1289 1281 1280
3 1289 1282 1281
3 1289 1283 1282
3 1289 1284 1283
3 1289 1285 1284
3 1289 1286 1285
3 1289 1287 1286
3 1289 1288 1287
3 1289 1277 1288
3 1290 1291 1292
3 1290 1292 1293
3 1290 1293 1294
3 1290 1294 1295
3 1290 1295 1296
3 1290 1296 1297
3 1290 1297 1298
3 1290 1298 1299
3 1290 1299 1300
3 1290 1300 1301
3 1290 1301 1302
3 1290 1302 1291
3 1291 1303 1292
3 1292 1303 1304
3 1292 1304 1293
3 1293 1304 1305
3 1293 1305 1294
3 1294 1305 1306
3 1294 1306 1295
3 1295 1306 1307
3 1295 1307 1296
3 1296 1307 1308
3 1296 1308 1297
3 1297 1308 1309
3 1297 1309 1298
3 1298 1309 1310
3 1298 1310 1299
3 1299 1310 1311
3 1299 1311 1300
3 1300 1311 1312
3 1300 1312 1301
3 1301 1312 1313
3 1301 1313 1302
3 1302 1313 1314
3 1302 1314 1291
3 1291 1314 1303
3 1303 1315 1304
3 1304 1315 1316
3 1304 1316 1305
3 1305 1316 1317
3 1305 1317 1306
3 1306 1317 1318
3 1306 1318 1307
3 1307 1318 1319
3 1307 1319 1308
3 1308 1319 1320
3 1308 1320 1309
3 1309 1320 1321
3 1309 1321 1310
3 1310 1321 1322
3 1310 1322 1311
3 1311 1322 1323
3 1311 1323 1312
3 1312 1323 1324
3 1312 1324 1313
3 1313 1324 1325
3 1313 1325 1314
3 1314 1325 1326
3 1314 1326 1303
3 1303 1326 1315
3 1315 1327 1316
3 1316 1327 1328
3 1316 1328 1317
3 1317 1328 1329
3 1317 1329 1318
3 1318 1329 1330
3 1318 1330 1319
3 1319 1330 1331
3 1319 1331 1320
3 1320 1331 1332
3 1320 1332 1321
3 1321 1332 1333
3 1321 1333 1322
3 1322 1333 1334
3 1322 1334 1323
3 1323 1334 1335
3 1323 1335 1324
3 1324 1335 1336
3 1324 1336 1325
3 1325 1336 1337
3 1325 1337 1326
3 1326 1337 1338
3 1326 1338 1315
3 1315 1338 1327
3 1327 1339 1328
3 1328 1339 1340
3 1328 1340 1329
3 1329 1340 1341
3 1329 1341 1330
3 1330 1341 1342
3 1330 1342 1331
3 1331 1342 1343
3 1331 1343 1332
3 1332 1343 1344
3 1332 1344 1333
3 1333 1344 1345
3 1333 1345 1334
3 1334 1345 1346
3 1334 1346 1335
3 1335 1346 1347
3 1335 1347 1336
3 1336 1347 1348
3 1336 1348 1337
3 1337 1348 1349
3 1337 1349 1338
3 1338 1349 1350
3 1338 1350 1327
3 1327 1350 1339
3 1339 1351 1340
3 1340 1351 1352
3 1340 1352 1341
3 1341 1352 1353
3 1341 1353 1342
3 1342 1353 1354
3 1342 1354 1343
3 1343 1354 1355
3 1343 1355 1344
3 1344 1355 1356
3 1344 1356 1345
3 1345 1356 1357
3 1345 1357 1346
3 1346 1357 1358
3 1346 1358 1347
3 1347 1358 1359
3 1347 1359 1348
3 1348 1359 1360
3 1348 1360 1349
3 1349 1360 1361
3 1349 1361 1350
3 1350 1361 1362
3 1350 1362 1339
3 1339 1362 1351
3 1351 1363 1352
3 1352 1363 1364
3 1352 1364 1353
3 1353 1364 1365
3 1353 1365 1354
3 1354 1365 1366
3 1354 1366 1355
3 1355 1366 1367
3 1355 1367 1356
3 1356 1367 1368
3 1356 1368 1357
3 1357 1368 1369
3 1357 1369 1358
3 1358 1369 1370
3 1358 1370 1359
3 1359 1370 1371
3 1359 1371 1360
3 1360 1371 1372
3 1360 1372 1361
3 1361 1372 1373
3 1361 1373 1362
3 1362 1373 1374
3 1362 1374 1351
3 1351 1374 1363
3 1375 1364 1363
3 1375 1365 1364
3 1375 1366 1365
3 1375 1367 1366
3 1375 1368 1367
3 1375 1369 1368
3 1375 1370 1369
3 1375 1371 1370
3 1375 1372 1371
3 1375 1373 1372
3 1375 1374 1373
3 1375 1363 1374
3 1376 1377 1378
3 1376 1378 1379
3 1376 1379 1380
3 1376 1380 1381
3 1376 1381 1382
3 1376 1382 1383
3 1376 1383 1384
3 1376 1384 1385
3 1376 1385 1386
3 1376 1386 1387
3 1376 1387 1388
3 1376 1388 1377
3 1377 1389 1378
3 1378 1389 1390
3 1378 1390 1379
3 1379 1390 1391
3 1379 1391 1380
3 1380 1391 1392
3 1380 1392 1381
3 1381 1392 1393
3 1381 1393 1382
3 1382 1393 1394
3 1382 1394 1383
3 1383 1394 1395
3 1383 1395 1384
3 1384 1395 1396
3 1384 1396 1385
3 1385 1396 1397
3 1385 1397 1386
3 1386 1397 1398
3 1386 1398 1387
3 1387 1398 1399
3 1387 1399 1388
3 1388 1399 1400
3 1388 1400 1377
3 1377 1400 1389
3 1389 1401 1390
3 1390 1401 1402
3 1390 1402 1391
3 1391 1402 1403
3 1391 1403 1392
3 1392 1403 1404
3 1392 1404 1393
3 1393 1404 1405
3 1393 1405 1394
3 1394 1405 1406
3 1394 1406 1395
3 1395 1406 1407
3 1395 1407 1396
3 1396 1407 1408
3 1396 1408 1397
3 1397 1408 1409
3 1397 1409 1398
3 1398 1409 1410
3 1398 1410 1399
3 1399 1410 1411
3 1399 1411 1400
3 1400 1411 1412
3 1400 1412 1389
3 1389 1412 1401
3 1401 1413 1402
3 1402 1413 1414
3 1402 1414 1403
3 1403 1414 1415
3 1403 1415 1404
3 1404 1415 1416
3 1404 1416 1405
3 1405 1416 1417
3 1405 1417 1406
3 1406 1417 1418
3 1406 1418 1407
3 1407 1418 1419
3 1407 1419 1408
3 1408 1419 1420
3 1408 1420 1409
3 1409 1420 1421
3 1409 1421 1410
3 1410 1421 1422
3 1410 1422 1411
3 1411 1422 1423
3 1411 1423 1412
3 1412 1423 1424
3 1412 1424 1401
3 1401 1424 1413
3 1413 1425 1414
3 1414 1425 1426
3 1414 1426 1415
3 1415 1426 1427
3 1415 1427 1416
3 1416 1427 1428
3 1416 1428 1417
3 1417 1428 1429
3 1417 1429 1418
3 1418 1429 1430
3 1418 1430 1419
3 1419 1430 1431
3 1419 1431 1420
3 1420 1431 1432
3 1420 1432 1421
3 1421 1432 1433
3 1421 1433 1422
3 1422 1433 1434
3 1422 1434 1423
3 1423 1434 1435
3 1423 1435 1424
3 1424 1435 1436
3 1424 1436 1413
3 1413 1436 1425
3 1425 1437 1426
3 1426 1437 1438
3 1426 1438 1427
3 1427 1438 1439
3 1427 1439 1428
3 1428 1439 1440
3 1428 1440 1429
3 1429 1440 1441
3 1429 1441 1430
3 1430 1441 1442
3 1430 1442 1431
3 1431 1442 1443
3 1431 1443 1432
3 1432 1443 1444
3 1432 1444 1433
3 1433 1444 1445
3 1433 1445 1434
3 1434 1445 1446
3 1434 1446 1435
3 1435 1446 1447
3 1435 1447 1436
3 1436 1447 1448
3 1436 1448 1425
3 1425 1448 1437
3 1437 1449 1438
3 1438 1449 1450
3 1438 1450 1439
3 1439 1450 1451
3 1439 1451 1440
3 1440 1451 1452
3 1440 1452 1441
3 1441 1452 1453
3 1441 1453 1442
3 1442 1453 1454
3 1442 1454 1443
3 1443 1454 1455
3 1443 1455 1444
3 1444 1455 1456
3 1444 1456 1445
3 1445 1456 1457
3 1445 1457 1446
3 1446 1457 1458
3 1446 1458 1447
3 1447 1458 1459
3 1447 1459 1448
3 1448 1459 1460
3 1448 1460 1437
3 1437 1460 1449
3 1461 1450 1449
3 1461 1451 1450
3 1461 1452 1451
3 1461 1453 1452
3 1461 1454 1453
3 1461 1455 1454
3 1461 1456 1455
3 1461 1457 1456
3 1461 1458 1457
3 1461 1459 1458
3 1461 1460 1459
3 1461 1449 1460
3 1462 1463 1464
3 1462 1464 1465
3 1462 1465 1466
3 1462 1466 1467
3 1462 1467 1468
3 1462 1468 1469
3 1462 1469 1470
3 1462 1470 1471
3 1462 1471 1472
3 1462 1472 1473
3 1462 1473 1474
3 1462 1474 1463
3 1463 1475 1464
3 1464 1475 1476
3 1464 1476 1465
3 1465 1476 1477
3 1465 1477 1466
3 1466 1477 1478
3 1466 1478 1467
3 1467 1478 1479
3 1467 1479 1468
3 1468 1479 1480
3 1468 1480 1469
3 1469 1480 1481
3 1469 1481 1470
3 1470 1481 1482
3 1470 1482 1471
3 1471 1482 1483
3 1471 1483 1472
3 1472 1483 1484
3 1472 1484 1473
3 1473 1484 1485
3 1473 1485 1474
3 1474 1485 1486
3 1474 1486 1463
3 1463 1486 1475
3 1475 1487 1476
3 1476 1487 1488
3 1476 1488 1477
3 1477 1488 1489
3 1477 1489 1478
3 1478 1489 1490
3 1478 1490 1479
3 1479 1490 1491
3 1479 1491 1480
3 1480 1491 1492
3 1480 1492 1481
3 1481 1492 1493
3 1481 1493 1482
3 1482 1493 1494
3 1482 1494 1483
3 1483 1494 1495
3 1483 1495 1484
3 1484 1495 1496
3 1484 1496 1485
3 1485 1496 1497
3 1485 1497 1486
3 1486 1497 1498
3 1486 1498 1475
3 1475 1498 1487
3 1487 1499 1488
3 1488 1499 1500
3 1488 1500 1489
3 1489 1500 1501
3 1489 1501 1490
3 1490 1501 1502
3 1490 1502 1491
3 1491 1502 1503
3 1491 1503 1492
3 1492 1503 1504
3 1492 1504 1493
3 1493 1504 1505
3 1493 1505 1494
3 1494 1505 1506
3 1494 1506 1495
3 1495 1506 1507
3 1495 1507 1496
3 1496 1507 1508
3 1496 1508 1497
3 1497 1508 1509
3 1497 1509 1498
3 1498 1509 1510
3 1498 1510 1487
3 1487 1510 1499
3 1499 1511 1500
3 1500 1511 1512
3 1500 1512 1501
3 1501 1512 1513
3 1501 1513 1502
3 1502 1513 1514
3 1502 1514 1503
3 1503 1514 1515
3 1503 1515 1504
3 1504 1515 1516
3 1504 1516 1505
3 1505 1516 1517
3 1505 1517 1506
3 1506 1517 1518
3 1506 1518 1507
3 1507 1518 1519
3 1507 1519 1508
3 1508 1519 1520
3 1508 1520 1509
3 1509 1520 1521
3 1509 1521 1510
3 1510 1521 1522
3 1510 1522 1499
3 1499 1522 1511
3 1511 1523 1512
3 1512 1523 1524
3 1512 1524 1513
3 1513 1524 1525
3 1513 1525 1514
3 1514 1525 1526
3 1514 1526 1515
3 1515 1526 1527
3 1515 1527 1516
3 1516 1527 1528
3 1516 1528 1517
3 1517 1528 1529
3 1517 1529 1518
3 1518 1529 1530
3 1518 1530 1519
3 1519 1530 1531
3 1519 1531 1520
3 1520 1531 1532
3 1520 1532 1521
3 1521 1532 1533
3 1521 1533 1522
3 1522 1533 1534
3 1522 1534 1511
3 1511 1534 1523
3 1523 1535 1524
3 1524 1535 1536
3 1524 1536 1525
3 1525 1536 1537
3 1525 1537 1526
3 1526 1537 1538
3 1526 1538 1527
3 1527 1538 1539
3 1527 1539 1528
3 1528 1539 1540
3 1528 1540 1529
3 1529 1540 1541
3 1529 1541 1530
3 1530 1541 1542
3 1530 1542 1531
3 1531 1542 1543
3 1531 1543 1532
3 1532 1543 1544
3 1532 1544 1533
3 1533 1544 1545
3 1533 1545 1534
3 1534 1545 1546
3 1534 1546 1523
3 1523 1546 1535
3 1547 1536 1535
3 1547 1537 1536
3 1547 1538 1537
3 1547 1539 1538
3 1547 1540 1539
3 1547 1541 1540
3 1547 1542 1541
3 1547 1543 1542
3 1547 1544 1543
3 1547 1545 1544
3 1547 1546 1545
3 1547 1535 1546
3 1548 1549 1550
3 1548 1550 1551
3 1548 1551 1552
3 1548 1552 1553
3 1548 1553 1554
3 1548 1554 1555
3 1548 1555 1556
3 1548 1556 1557
3 1548 1557 1558
3 1548 1558 1559
3 1548 1559 1560
3 1548 1560 1549
3 1549 1561 1550
3 1550 1561 1562
3 1550 1562 1551
3 1551 1562 1563
3 1551 1563 1552
3 1552 1563 1564
3 1552 1564 1553
3 1553 1564 1565
3 1553 1565 1554
3 1554 1565 1566
3 1554 1566 1555
3 1555 1566 1567
3 1555 1567 1556
3 1556 1567 1568
3 1556 1568 1557
3 1557 1568 1569
3 1557 1569 1558
3 1558 1569 1570
3 1558 1570 1559
3 1559 1570 1571
3 1559 1571 1560
3 1560 1571 1572
3 1560 1572 1549
3 1549 1572 1561
3 1561 1573 1562
3 1562 1573 1574
3 1562 1574 1563
3 1563 1574 1575
3 1563 1575 1564
3 1564 1575 1576
3 1564 1576 1565
3 1565 1576 1577
3 1565 1577 1566
3 1566 1577 1578
3 1566 1578 1567
3 1567 1578 1579
3 1567 1579 1568
3 1568 1579 1580
3 1568 1580 1569
3 1569 1580 1581
3 1569 1581 1570
3 1570 1581 1582
3 1570 1582 1571
3 1571 1582 1583
3 1571 1583 1572
3 1572 1583 1584
3 1572 1584 1561
3 1561 1584 1573
3 1573 1585 1574
3 1574 1585 1586
3 1574 1586 1575
3 1575 1586 1587
3 1575 1587 1576
3 1576 1587 1588
3 1576 1588 1577
3 1577 1588 1589
3 1577 1589 1578
3 1578 1589 1590
3 1578 1590 1579
3 1579 1590 1591
3 1579 1591 1580
3 1580 1591 1592
3 1580 1592 1581
3 1581 1592 1593
3 1581 1593 1582
3 1582 1593 1594
3 1582 1594 1583
3 1583 1594 1595
3 1583 1595 1584
3 1584 1595 1596
3 1584 1596 1573
3 1573 1596 1585
3 1585 1597 1586
3 1586 1597 1598
3 1586 1598 1587
3 1587 1598 1599
3 1587 1599 1588
3 1588 1599 1600
3 1588 1600 1589
3 1589 1600 1601
3 1589 1601 1590
3 1590 1601 1602
3 1590 1602 1591
3 1591 1602 1603
3 1591 1603 1592
3 1592 1603 1604
3 1592 1604 1593
3 1593 1604 1605
3 1593 1605 1594
3 1594 1605 1606
3 1594 1606 1595
3 1595 1606 1607
3 1595 1607 1596
3 1596 1607 1608
3 1596 1608 1585
3 1585 1608 1597
3 1597 1609 1598
3 1598 1609 1610
3 1598 1610 1599
3 1599 1610 1611
3 1599 1611 1600
3 1600 1611 1612
3 1600 1612 1601
3 1601 1612 1613
3 1601 1613 1602
3 1602 1613 1614
3 1602 1614 1603
3 1603 1614 1615
3 1603 1615 1604
3 1604 1615 1616
3 1604 1616 1605
3 1605 1616 1617
3 1605 1617 1606
3 1606 1617 1618
3 1606 1618 1607
3 1607 1618 1619
3 1607 1619 1608
3 1608 1619 1620
3 1608 1620 1597
3 1597 1620 1609
3 1609 1621 1610
3 1610 1621 1622
3 1610 1622 1611
3 1611 1622 1623
3 1611 1623 1612
3 1612 1623 1624
3 1612 1624 1613
3 1613 1624 1625
3 1613 1625 1614
3 1614 1625 1626
3 1614 1626 1615
3 1615 1626 1627
3 1615 1627 1616
3 1616 1627 1628
3 1616 1628 1617
3 1617 1628 1629
3 1617 1629 1618
3 1618 1629 1630
3 1618 1630 1619
3 1619 1630 1631
3 1619 1631 1620
3 1620 1631 1632
3 1620 1632 1609
3 1609 1632 1621
3 1633 1622 1621
3 1633 1623 1622
3 1633 1624 1623
3 1633 1625 1624
3 1633 1626 1625
3 1633 1627 1626
3 1633 1628 1627
3 1633 1629 1628
3 1633 1630 1629
3 1633 1631 1630
3 1633 1632 1631
3 1633 1621 1632
3 1634 1635 1636
3 1634 1636 1637
3 1634 1637 1638
3 1634 1638 1639
3 1634 1639 1640
3 1634 1640 1641
3 1634 1641 1642
3 1634 1642 1643
3 1634 1643 1644
3 1634 1644 1645
3 1634 1645 1646
3 1634 1646 1635
3 1635 1647 1636
3 1636 1647 1648
3 1636 1648 1637
3 1637 1648 1649
3 1637 1649 1638
3 1638 1649 1650
3 1638 1650 1639
3 1639 1650 1651
3 1639 1651 1640
3 1640 1651 1652
3 1640 1652 1641
3 1641 1652 1653
3 1641 1653 1642
3 1642 1653 1654
3 1642 1654 1643
3 1643 1654 1655
3 1643 1655 1644
3 1644 1655 1656
3 1644 1656 1645
3 1645 1656 1657
3 1645 1657 1646
3 1646 1657 1658
3 1646 1658 1635
3 1635 1658 1647
3 1647 1659 1648
3 1648 1659 1660
3 1648 1660 1649
3 1649 1660 1661
3 1649 1661 1650
3 1650 1661 1662
3 1650 1662 1651
3 1651 1662 1663
3 1651 1663 1652
3 1652 1663 1664
3 1652 1664 1653
3 1653 1664 1665
3 1653 1665 1654
3 1654 1665 1666
3 1654 1666 1655
3 1655 1666 1667
3 1655 1667 1656
3 1656 1667 1668
3 1656 1668 1657
3 1657 1668 1669
3 1657 1669 1658
3 1658 1669 1670
3 1658 1670 1647
3 1647 1670 1659
3 1659 1671 1660
3 1660 1671 1672
3 1660 1672 1661
3 1661 1672 1673
3 1661 1673 1662
3 1662 1673 1674
3 1662 1674 1663
3 1663 1674 1675
3 1663 1675 1664
3 1664 1675 1676
3 1664 1676 1665
3 1665 1676 1677
3 1665 1677 1666
3 1666 1677 1678
3 1666 1678 1667
3 1667 1678 1679
3 1667 1679 1668
3 1668 1679 1680
3 1668 1680 1669
3 1669 1680 1681
3 1669 1681 1670
3 1670 1681 1682
3 1670 1682 1659
3 1659 1682 1671
3 1671 1683 1672
3 1672 1683 1684
3 1672 1684 1673
3 1673 1684 1685
3 1673 1685 1674
3 1674 1685 1686
3 1674 1686 1675
3 1675 1686 1687
3 1675 1687 1676
3 1676 1687 1688
3 1676 1688 1677
3 1677 1688 1689
3 1677 1689 1678
3 1678 1689 1690
3 1678 1690 1679
3 1679 1690 1691
3 1679 1691 1680
3 1680 1691 1692
3 1680 1692 1681
3 1681 1692 1693
3 1681 1693 1682
3 1682 1693 1694
3 1682 1694 1671
3 1671 1694 1683
3 1683 1695 1684
3 1684 1695 1696
3 1684 1696 1685
3 1685 1696 1697
3 1685 1697 1686
3 1686 1697 1698
3 1686 1698 1687
3 1687 1698 1699
3 1687 1699 1688
3 1688 1699 1700
3 1688 1700 1689
3 1689 1700 1701
3 1689 1701 1690
3 1690 1701 1702
3 1690 1702 1691
3 1691 1702 1703
3 1691 1703 1692
3 1692 1703 1704
3 1692 1704 1693
3 1693 1704 1705
3 1693 1705 1694
3 1694 1705 1706
3 1694 1706 1683
3 1683 1706 1695
3 1695 1707 1696
3 1696 1707 1708
3 1696 1708 1697
3 1697 1708 1709
3 1697 1709 1698
3 1698 1709 1710
3 1698 1710 1699
3 1699 1710 1711
3 1699 1711 1700
3 1700 1711 1712
3 1700 1712 1701
3 1701 1712 1713
3 1701 1713 1702
3 1702 1713 1714
3 1702 1714 1703
3 1703 1714 1715
3 1703 1715 1704
3 1704 1715 1716
3 1704 1716 1705
3 1705 1716 1717
3 1705 1717 1706
3 1706 1717 1718
3 1706 1718 1695
3 1695 1718 1707
3 1719 1708 1707
3 1719 1709 1708
3 1719 1710 1709
3 1719 1711 1710
3 1719 1712 1711
3 1719 1713 1712
3 1719 1714 1713
3 1719 1715 1714
3 1719 1716 1715
3 1719 1717 1716
3 1719 1718 1717
3 1719 1707 1718
3 1720 1721 1722
3 1720 1722 1723
3 1720 1723 1724
3 1720 1724 1725
3 1720 1725 1726
3 1720 1726 1727
3 1720 1727 1728
3 1720 1728 1729
3 1720 1729 1730
3 1720 1730 1731
3 1720 1731 1732
3 1720 1732 1721
3 1721 1733 1722
3 1722 1733 1734
3 1722 1734 1723
3 1723 1734 1735
3 1723 1735 1724
3 1724 1735 1736
3 1724 1736 1725
3 1725 1736 1737
3 1725 1737 1726
3 1726 1737 1738
3 1726 1738 1727
3 1727 1738 1739
3 1727 1739 1728
3 1728 1739 1740
3 1728 1740 1729
3 1729 1740 1741
3 1729 1741 1730
3 1730 1741 1742
3 1730 1742 1731
3 1731 1742 1743
3 1731 1743 1732
3 1732 1743 1744
3 1732 1744 1721
3 1721 1744 1733
3 1733 1745 1734
3 1734 1745 1746
3 1734 1746 1735
3 1735 1746 1747
3 1735 1747 1736
3 1736 1747 1748
3 1736 1748 1737
3 1737 1748 1749
3 1737 1749 1738
3 1738 1749 1750
3 1738 1750 1739
3 1739 1750 1751
3 1739 1751 1740
3 1740 1751 1752
3 1740 1752 1741
3 1741 1752 1753
3 1741 1753 1742
3 1742 1753 1754
3 1742 1754 1743
3 1743 1754 1755
3 1743 1755 1744
3 1744 1755 1756
3 1744 1756 1733
3 1733 1756 1745
3 1745 1757 1746
3 1746 1757 1758
3 1746 1758 1747
3 1747 1758 1759
3 1747 1759 1748
3 1748 1759 1760
3 1748 1760 1749
3 1749 1760 1761
3 1749 1761 1750
3 1750 1761 1762
3 1750 1762 1751
3 1751 1762 1763
3 1751 1763 1752
3 1752 1763 1764
3 1752 1764 1753
3 1753 1764 1765
3 1753 1765 1754
3 1754 1765 1766
3 1754 1766 1755
3 1755 1766 1767
3 1755 1767 1756
3 1756 1767 1768
3 1756 1768 1745
3 1745 1768 1757
3 1757 1769 1758
3 1758 1769 1770
3 1758 1770 1759
3 1759 1770 1771
3 1759 1771 1760
3 1760 1771 1772
3 1760 1772 1761
3 1761 1772 1773
3 1761 1773 1762
3 1762 1773 1774
3 1762 1774 1763
3 1763 1774 1775
3 1763 1775 1764
3 1764 1775 1776
3 1764 1776 1765
3 1765 1776 1777
3 1765 1777 1766
3 1766 1777 1778
3 1766 1778 1767
3 1767 1778 1779
3 1767 1779 1768
3 1768 1779 1780
3 1768 1780 1757
3 1757 1780 1769
3 1769 1781 1770
3 1770 1781 1782
3 1770 1782 1771
3 1771 1782 1783
3 1771 1783 1772
3 1772 1783 1784
3 1772 1784 1773
3 1773 1784 1785
3 1773 1785 1774
3 1774 1785 1786
3 1774 1786 1775
3 1775 1786 1787
3 1775 1787 1776
3 1776 1787 1788
3 1776 1788 1777
3 1777 1788 1789
3 1777 1789 1778
3 1778 1789 1790
3 1778 1790 1779
3 1779 1790 1791
3 1779 1791 1780
3 1780 1791 1792
3 1780 1792 1769
3 1769 1792 1781
3 1781 1793 1782
3 1782 1793 1794
3 1782 1794 1783
3 1783 1794 1795
3 1783 1795 1784
3 1784 1795 1796
3 1784 1796 1785
3 1785 1796 1797
3 1785 1797 1786
3 1786 1797 1798
3 1786 1798 1787
3 1787 1798 1799
3 1787 1799 1788
3 1788 1799 1800
3 1788 1800 1789
3 1789 1800 1801
3 1789 1801 1790
3 1790 1801 1802
3 1790 1802 1791
3 1791 1802 1803
3 1791 1803 1792
3 1792 1803 1804
3 1792 1804 1781
3 1781 1804 1793
3 1805 1794 1793
3 1805 1795 1794
3 1805 1796 1795
3 1805 1797 1796
3 1805 1798 1797
3 1805 1799 1798
3 1805 1800 1799
3 1805 1801 1800
3 1805 1802 1801
3 1805 1803 1802
3 1805 1804 1803
3 1805 1793 1804
3 1806 1807 1808
3 1806 1808 1809
3 1806 1809 1810
3 1806 1810 1811
3 1806 1811 1812
3 1806 1812 1813
3 1806 1813 1814
3 1806 1814 1815
3 1806 1815 1816
3 1806 1816 1817
3 1806 1817 1818
3 1806 1818 1807
3 1807 1819 1808
3 1808 1819 1820
3 1808 1820 1809
3 1809 1820 1821
3 1809 1821 1810
3 1810 1821 1822
3 1810 1822 1811
3 1811 1822 1823
3 1811 1823 1812
3 1812 1823 1824
3 1812 1824 1813
3 1813 1824 1825
3 1813 1825 1814
3 1814 1825 1826
3 1814 1826 1815
3 1815 1826 1827
3 1815 1827 1816
3 1816 1827 1828
3 1816 1828 1817
3 1817 1828 1829
3 1817 1829 1818
3 1818 1829 1830
3 1818 1830 1807
3 1807 1830 1819
3 1819 1831 1820
3 1820 1831 1832
3 1820 1832 1821
3 1821 1832 1833
3 1821 1833 1822
3 1822 1833 1834
3 1822 1834 1823
3 1823 1834 1835
3 1823 1835 1824
3 1824 1835 1836
3 1824 1836 1825
3 1825 1836 1837
3 1825 1837 1826
3 1826 1837 1838
3 1826 1838 1827
3 1827 1838 1839
3 1827 1839 1828
3 1828 1839 1840
3 1828 1840 1829
3 1829 1840 1841
3 1829 1841 1830
3 1830 1841 1842
3 1830 1842 1819
3 1819 1842 1831
3 1831 1843 1832
3 1832 1843 1844
3 1832 1844 1833
3 1833 1844 1845
3 1833 1845 1834
3 1834 1845 1846
3 1834 1846 1835
3 1835 1846 1847
3 1835 1847 1836
3 1836 1847 1848
3 1836 1848 1837
3 1837 1848 1849
3 1837 1849 1838
3 1838 1849 1850
3 1838 1850 1839
3 1839 1850 1851
3 1839 1851 1840
3 1840 1851 1852
3 1840 1852 1841
3 1841 1852 1853
3 1841 1853 1842
3 1842 1853 1854
3 1842 1854 1831
3 1831 1854 1843
3 1843 1855 1844
3 1844 1855 1856
3 1844 1856 1845
3 1845 1856 1857
3 1845 1857 1846
3 1846 1857 1858
3 1846 1858 1847
3 1847 1858 1859
3 1847 1859 1848
3 1848 1859 1860
3 1848 1860 1849
3 1849 1860 1861
3 1849 1861 1850
3 1850 1861 1862
3 1850 1862 1851
3 1851 1862 1863
3 1851 1863 1852
3 1852 1863 1864
3 1852 1864 1853
3 1853 1864 1865
3 1853 1865 1854
3 1854 1865 1866
3 1854 1866 1843
3 1843 1866 1855
3 1855 1867 1856
3 1856 1867 1868
3 1856 1868 1857
3 1857 1868 1869
3 1857 1869 1858
3 1858 1869 1870
3 1858 1870 1859
3 1859 1870 1871
3 1859 1871 1860
3 1860 1871 1872
3 1860 1872 1861
3 1861 1872 1873
3 1861 1873 1862
3 1862 1873 1874
3 1862 1874 1863
3 1863 1874 1875
3 1863 1875 1864
3 1864 1875 1876
3 1864 1876 1865
3 1865 1876 1877
3 1865 1877 1866
3 1866 1877 1878
3 1866 1878 1855
3 1855 1878 1867
3 1867 1879 1868
3 1868 1879 1880
3 1868 1880 1869
3 1869 1880 1881
3 1869 1881 1870
3 1870 1881 1882
3 1870 1882 1871
3 1871 1882 1883
3 1871 1883 1872
3 1872 1883 1884
3 1872 1884 1873
3 1873 1884 1885
3 1873 1885 1874
3 1874 1885 1886
3 1874 1886 1875
3 1875 1886 1887
3 1875 1887 1876
3 1876 1887 1888
3 1876 1888 1877
3 1877 1888 1889
3 1877 1889 1878
3 1878 1889 1890
3 1878 1890 1867
3 1867 1890 1879
3 1891 1880 1879
3 1891 1881 1880
3 1891 1882 1881
3 1891 1883 1882
3 1891 1884 1883
3 1891 1885 1884
3 1891 1886 1885
3 1891 1887 1886
3 1891 1888 1887
3 1891 1889 1888
3 1891 1890 1889
3 1891 1879 1890
3 1892 1893 1894
3 1892 1894 1895
3 1892 1895 1896
3 1892 1896 1897
3 1892 1897 1898
3 1892 1898 1899
3 1892 1899 1900
3 1892 1900 1901
3 1892 1901 1902
3 1892 1902 1903
3 1892 1903 1904
3 1892 1904 1893
3 1893 1905 1894
3 1894 1905 1906
3 1894 1906 1895
3 1895 1906 1907
3 1895 1907 1896
3 1896 1907 1908
3 1896 1908 1897
3 1897 1908 1909
3 1897 1909 1898
3 1898 1909 1910
3 1898 1910 1899
3 1899 1910 1911
3 1899 1911 1900
3 1900 1911 1912
3 1900 1912 1901
3 1901 1912 1913
3 1901 1913 1902
3 1902 1913 1914
3 1902 1914 1903
3 1903 1914 1915
3 1903 1915 1904
3 1904 1915 1916
3 1904 1916 1893
3 1893 1916 1905
3 1905 1917 1906
3 1906 1917 1918
3 1906 1918 1907
3 1907 1918 1919
3 1907 1919 1908
3 1908 1919 1920
3 1908 1920 1909
3 1909 1920 1921
3 1909 1921 1910
3 1910 1921 1922
3 1910 1922 1911
3 1911 1922 1923
3 1911 1923 1912
3 1912 1923 1924
3 1912 1924 1913
3 1913 1924 1925
3 1913 1925 1914
3 1914 1925 1926
3 1914 1926 1915
3 1915 1926 1927
3 1915 1927 1916
3 1916 1927 1928
3 1916 1928 1905
3 1905 1928 1917
3 1917 1929 1918
3 1918 1929 1930
3 1918 1930 1919
3 1919 1930 1931
3 1919 1931 1920
3 1920 1931 1932
3 1920 1932 1921
3 1921 1932 1933
3 1921 1933 1922
3 1922 1933 1934
3 1922 1934 1923
3 1923 1934 1935
3 1923 1935 1924
3 1924 1935 1936
3 1924 1936 1925
3 1925 1936 1937
3 1925 1937 1926
3 1926 1937 1938
3 1926 1938 1927
3 1927 1938 1939
3 1927 1939 1928
3 1928 1939 1940
3 1928 1940 1917
3 1917 1940 1929
3 1929 1941 1930
3 1930 1941 1942
3 1930 1942 1931
3 1931 1942 1943
3 1931 1943 1932
3 1932 1943 1944
3 1932 1944 1933
3 1933 1944 1945
3 1933 1945 1934
3 1934 1945 1946
3 1934 1946 1935
3 1935 1946 1947
3 1935 1947 1936
3 1936 1947 1948
3 1936 1948 1937
3 1937 1948 1949
3 1937 1949 1938
3 1938 1949 1950
3 1938 1950 1939
3 1939 1950 1951
3 1939 1951 1940
3 1940 1951 1952
3 1940 1952 1929
3 1929 1952 1941
3 1941 1953 1942
3 1942 1953 1954
3 1942 1954 1943
3 1943 1954 1955
3 1943 1955 1944
3 1944 1955 1956
3 1944 1956 1945
3 1945 1956 1957
3 1945 1957 1946
3 1946 1957 1958
3 1946 1958 1947
3 1947 1958 1959
3 1947 1959 1948
3 1948 1959 1960
3 1948 1960 1949
3 1949 1960 1961
3 1949 1961 1950
3 1950 1961 1962
3 1950 1962 1951
3 1951 1962 1963
3 1951 1963 1952
3 1952 1963 1964
3 1952 1964 1941
3 1941 1964 1953
3 1953 1965 1954
3 1954 1965 1966
3 1954 1966 1955
3 1955 1966 1967
3 1955 1967 1956
3 1956 1967 1968
3 1956 1968 1957
3 1957 1968 1969
3 1957 1969 1958
3 1958 1969 1970
3 1958 1970 1959
3 1959 1970 1971
3 1959 1971 1960
3 1960 1971 1972
3 1960 1972 1961
3 1961 1972 1973
3 1961 1973 1962
3 1962 1973 1974
3 1962 1974 1963
3 1963 1974 1975
3 1963 1975 1964
3 1964 1975 1976
3 1964 1976 1953
3 1953 1976 1965
3 1977 1966 1965
3 1977 1967 1966
3 1977 1968 1967
3 1977 1969 1968
3 1977 1970 1969
3 1977 1971 1970
3 1977 1972 1971
3 1977 1973 1972
3 1977 1974 1973
3 1977 1975 1974
3 1977 1976 1975
3 1977 1965 1976
3 1978 1979 1980
3 1978 1980 1981
3 1978 1981 1982
3 1978 1982 1983
3 1978 1983 1984
3 1978 1984 1985
3 1978 1985 1986
3 1978 1986 1987
3 1978 1987 1988
3 1978 1988 1989
3 1978 1989 1990
3 1978 1990 1979
3 1979 1991 1980
3 1980 1991 1992
3 1980 1992 1981
3 1981 1992 1993
3 1981 1993 1982
3 1982 1993 1994
3 1982 1994 1983
3 1983 1994 1995
3 1983 1995 1984
3 1984 1995 1996
3 1984 1996 1985
3 1985 1996 1997
3 1985 1997 1986
3 1986 1997 1998
3 1986 1998 1987
3 1987 1998 1999
3 1987 1999 1988
3 1988 1999 2000
3 1988 2000 1989
3 1989 2000 2001
3 1989 2001 1990
3 1990 2001 2002
3 1990 2002 1979
3 1979 2002 1991
3 1991 2003 1992
3 1992 2003 2004
3 1992 2004 1993
3 1993 2004 2005
3 1993 2005 1994
3 1994 2005 2006
3 1994 2006 1995
3 1995 2006 2007
3 1995 2007 1996
3 1996 2007 2008
3 1996 2008 1997
3 1997 2008 2009
3 1997 2009 1998
3 1998 2009 2010
3 1998 2010 1999
3 1999 2010 2011
3 1999 2011 2000
3 2000 2011 2012
3 2000 2012 2001
3 2001 2012 2013
3 2001 2013 2002
3 2002 2013 2014
3 2002 2014 1991
3 1991 2014 2003
3 2003 2015 2004
3 2004 2015 2016
3 2004 2016 2005
3 2005 2016 2017
3 2005 2017 2006
3 2006 2017 2018
3 2006 2018 2007
3 2007 2018 2019
3 2007 2019 2008
3 2008 2019 2020
3 2008 2020 2009
3 2009 2020 2021
3 2009 2021 2010
3 2010 2021 2022
3 2010 2022 2011
3 2011 2022 2023
3 2011 2023 2012
3 2012 2023 2024
3 2012 2024 2013
3 2013 2024 2025
3 2013 2025 2014
3 2014 2025 2026
3 2014 2026 2003
3 2003 2026 2015
3 2015 2027 2016
3 2016 2027 2028
3 2016 2028 2017
3 2017 2028 2029
3 2017 2029 2018
3 2018 2029 2030
3 2018 2030 2019
3 2019 2030 2031
3 2019 2031 2020
3 2020 2031 2032
3 2020 2032 2021
3 2021 2032 2033
3 2021 2033 2022
3 2022 2033 2034
3 2022 2034 2023
3 2023 2034 2035
3 2023 2035 2024
3 2024 2035 2036
3 2024 2036 2025
3 2025 2036 2037
3 2025 2037 2026
3 2026 2037 2038
3 2026 2038 2015
3 2015 2038 2027
3 2027 2039 2028
3 2028 2039 2040
3 2028 2040 2029
3 2029 2040 2041
3 2029 2041 2030
3 2030 2041 2042
3 2030 2042 2031
3 2031 2042 2043
3 2031 2043 2032
3 2032 2043 2044
3 2032 2044 2033
3 2033 2044 2045
3 2033 2045 2034
3 2034 2045 2046
3 2034 2046 2035
3 2035 2046 2047
3 2035 2047 2036
3 2036 2047 2048
3 2036 2048 2037
3 2037 2048 2049
3 2037 2049 2038
3 2038 2049 2050
3 2038 2050 2027
3 2027 2050 2039
3 2039 2051 2040
3 2040 2051 2052
3 2040 2052 2041
3 2041 2052 2053
3 2041 2053 2042
3 2042 2053 2054
3 2042 2054 2043
3 2043 2054 2055
3 2043 2055 2044
3 2044 2055 2056
3 2044 2056 2045
3 2045 2056 2057
3 2045 2057 2046
3 2046 2057 2058
3 2046 2058 2047
3 2047 2058 2059
3 2047 2059 2048
3 2048 2059 2060
3 2048 2060 2049
3 2049 2060 2061
3 2049 2061 2050
3 2050 2061 2062
3 2050 2062 2039
3 2039 2062 2051
3 2063 2052 2051
3 2063 2053 2052
3 2063 2054 2053
3 2063 2055 2054
3 2063 2056 2055
3 2063 2057 2056
3 2063 2058 2057
3 2063 2059 2058
3 2063 2060 2059
3 2063 2061 2060
3 2063 2062 2061
3 2063 2051 2062
3 2064 2065 2066
3 2064 2066 2067
3 2064 2067 2068
3 2064 2068 2069
3 2064 2069 2070
3 2064 2070 2071
3 2064 2071 2072
3 2064 2072 2073
3 2064 2073 2074
3 2064 2074 2075
3 2064 2075 2076
3 2064 2076 2065
3 2065 2077 2066
3 2066 2077 2078
3 2066 2078 2067
3 2067 2078 2079
3 2067 2079 2068
3 2068 2079 2080
3 2068 2080 2069
3 2069 2080 2081
3 2069 2081 2070
3 2070 2081 2082
3 2070 2082 2071
3 2071 2082 2083
3 2071 2083 2072
3 2072 2083 2084
3 2072 2084 2073
3 2073 2084 2085
3 2073 2085 2074
3 2074 2085 2086
3 2074 2086 2075
3 2075 2086 2087
3 2075 2087 2076
3 2076 2087 2088
3 2076 2088 2065
3 2065 2088 2077
3 2077 2089 2078
3 2078 2089 2090
3 2078 2090 2079
3 2079 2090 2091
3 2079 2091 2080
3 2080 2091 2092
3 2080 2092 2081
3 2081 2092 2093
3 2081 2093 2082
3 2082 2093 2094
3 2082 2094 2083
3 2083 2094 2095
3 2083 2095 2084
3 2084 2095 2096
3 2084 2096 2085
3 2085 2096 2097
3 2085 2097 2086
3 2086 2097 2098
3 2086 2098 2087
3 2087 2098 2099
3 2087 2099 2088
3 2088 2099 2100
3 2088 2100 2077
3 2077 2100 2089
3 2089 2101 2090
3 2090 2101 2102
3 2090 2102 2091
3 2091 2102 2103
3 2091 2103 2092
3 2092 2103 2104
3 2092 2104 2093
3 2093 2104 2105
3 2093 2105 2094
3 2094 2105 2106
3 2094 2106 2095
3 2095 2106 2107
3 2095 2107 2096
3 2096 2107 2108
3 2096 2108 2097
3 2097 2108 2109
3 2097 2109 2098
3 2098 2109 2110
3 2098 2110 2099
3 2099 2110 2111
3 2099 2111 2100
3 2100 2111 2112
3 2100 2112 2089
3 2089 2112 2101
3 2101 2113 2102
3 2102 2113 2114
3 2102 2114 2103
3 2103 2114 2115
3 2103 2115 2104
3 2104 2115 2116
3 2104 2116 2105
3 2105 2116 2117
3 2105 2117 2106
3 2106 2117 2118
3 2106 2118 2107
3 2107 2118 2119
3 2107 2119 2108
3 2108 2119 2120
3 2108 2120 2109
3 2109 2120 2121
3 2109 2121 2110
3 2110 2121 2122
3 2110 2122 2111
3 2111 2122 2123
3 2111 2123 2112
3 2112 2123 2124
3 2112 2124 2101
3 2101 2124 2113
3 2113 2125 2114
3 2114 2125 2126
3 2114 2126 2115
3 2115 2126 2127
3 2115 2127 2116
3 2116 2127 2128
3 2116 2128 2117
3 2117 2128 2129
3 2117 2129 2118
3 2118 2129 2130
3 2118 2130 2119
3 2119 2130 2131
3 2119 2131 2120
3 2120 2131 2132
3 2120 2132 2121
3 2121 2132 2133
3 2121 2133 2122
3 2122 2133 2134
3 2122 2134 2123
3 2123 2134 2135
3 2123 2135 2124
3 2124 2135 2136
3 2124 2136 2113
3 2113 2136 2125
3 2125 2137 2126
3 2126 2137 2138
3 2126 2138 2127
3 2127 2138 2139
3 2127 2139 2128
3 2128 2139 2140
3 2128 2140 2129
3 2129 2140 2141
3 2129 2141 2130
3 2130 2141 2142
3 2130 2142 2131
3 2131 2142 2143
3 2131 2143 2132
3 2132 2143 2144
3 2132 2144 2133
3 2133 2144 2145
3 2133 2145 2134
3 2134 2145 2146
3 2134 2146 2135
3 2135 2146 2147
3 2135 2147 2136
3 2136 2147 2148
3 2136 2148 2125
3 2125 2148 2137
3 2149 2138 2137
3 2149 2139 2138
3 2149 2140 2139
3 2149 2141 2140
3 2149 2142 2141
3 2149 2143 2142
3 2149 2144 2143
3 2149 2145 2144
3 2149 2146 2145
3 2149 2147 2146
3 2149 2148 2147
3 2149 2137 2148
3 2150 2151 2152
3 2150 2152 2153
3 2150 2153 2154
3 2150 2154 2155
3 2150 2155 2156
3 2150 2156 2157
3 2150 2157 2158
3 2150 2158 2159
3 2150 2159 2160
3 2150 2160 2161
3 2150 2161 2162
3 2150 2162 2151
3 2151 2163 2152
3 2152 2163 2164
3 2152 2164 2153
3 2153 2164 2165
3 2153 2165 2154
3 2154 2165 2166
3 2154 2166 2155
3 2155 2166 2167
3 2155 2167 2156
3 2156 2167 2168
3 2156 2168 2157
3 2157 2168 2169
3 2157 2169 2158
3 2158 2169 2170
3 2158 2170 2159
3 2159 2170 2171
3 2159 2171 2160
3 2160 2171 2172
3 2160 2172 2161
3 2161 2172 2173
3 2161 2173 2162
3 2162 2173 2174
3 2162 2174 2151
3 2151 2174 2163
3 2163 2175 2164
3 2164 2175 2176
3 2164 2176 2165
3 2165 2176 2177
3 2165 2177 2166
3 2166 2177 2178
3 2166 2178 2167
3 2167 2178 2179
3 2167 2179 2168
3 2168 2179 2180
3 2168 2180 2169
3 2169 2180 2181
3 2169 2181 2170
3 2170 2181 2182
3 2170 2182 2171
3 2171 2182 2183
3 2171 2183 2172
3 2172 2183 2184
3 2172 2184 2173
3 2173 2184 2185
3 2173 2185 2174
3 2174 2185 2186
3 2174 2186 2163
3 2163 2186 2175
3 2175 2187 2176
3 2176 2187 2188
3 2176 2188 2177
3 2177 2188 2189
3 2177 2189 2178
3 2178 2189 2190
3 2178 2190 2179
3 2179 2190 2191
3 2179 2191 2180
3 2180 2191 2192
3 2180 2192 2181
3 2181 2192 2193
3 2181 2193 2182
3 2182 2193 2194
3 2182 2194 2183
3 2183 2194 2195
3 2183 2195 2184
3 2184 2195 2196
3 2184 2196 2185
3 2185 2196 2197
3 2185 2197 2186
3 2186 2197 2198
3 2186 2198 2175
3 2175 2198 2187
3 2187 2199 2188
3 2188 2199 2200
3 2188 2200 2189
3 2189 2200 2201
3 2189 2201 2190
3 2190 2201 2202
3 2190 2202 2191
3 2191 2202 2203
3 2191 2203 2192
3 2192 2203 2204
3 2192 2204 2193
3 2193 2204 2205
3 2193 2205 2194
3 2194 2205 2206
3 2194 2206 2195
3 2195 2206 2207
3 2195 2207 2196
3 2196 2207 2208
3 2196 2208 2197
3 2197 2208 2209
3 2197 2209 2198
3 2198 2209 2210
3 2198 2210 2187
3 2187 2210 2199
3 2199 2211 2200
3 2200 2211 2212
3 2200 2212 2201
3 2201 2212 2213
3 2201 2213 2202
3 2202 2213 2214
3 2202 2214 2203
3 2203 2214 2215
3 2203 2215 2204
3 2204 2215 2216
3 2204 2216 2205
3 2205 2216 2217
3 2205 2217 2206
3 2206 2217 2218
3 2206 2218 2207
3 2207 2218 2219
3 2207 2219 2208
3 2208 2219 2220
3 2208 2220 2209
3 2209 2220 2221
3 2209 2221 2210
3 2210 2221 2222
3 2210 2222 2199
3 2199 2222 2211
3 2211 2223 2212
3 2212 2223 2224
3 2212 2224 2213
3 2213 2224 2225
3 2213 2225 2214
3 2214 2225 2226
3 2214 2226 2215
3 2215 2226 2227
3 2215 2227 2216
3 2216 2227 2228
3 2216 2228 2217
3 2217 2228 2229
3 2217 2229 2218
3 2218 2229 2230
3 2218 2230 2219
3 2219 2230 2231
3 2219 2231 2220
3 2220 2231 2232
3 2220 2232 2221
3 2221 2232 2233
3 2221 2233 2222
3 2222 2233 2234
3 2222 2234 2211
3 2211 2234 2223
3 2235 2224 2223
3 2235 2225 2224
3 2235 2226 2225
3 2235 2227 2226
3 2235 2228 2227
3 2235 2229 2228
3 2235 2230 2229
3 2235 2231 2230
3 2235 2232 2231
3 2235 2233 2232
3 2235 2234 2233
3 2235 2223 2234
3 2236 2237 2238
3 2236 2238 2239
3 2236 2239 2240
3 2236 2240 2241
3 2236 2241 2242
3 2236 2242 2243
3 2236 2243 2244
3 2236 2244 2245
3 2236 2245 2246
3 2236 2246 2247
3 2236 2247 2248
3 2236 2248 2237
3 2237 2249 2238
3 2238 2249 2250
3 2238 2250 2239
3 2239 2250 2251
3 2239 2251 2240
3 2240 2251 2252
3 2240 2252 2241
3 2241 2252 2253
3 2241 2253 2242
3 2242 2253 2254
3 2242 2254 2243
3 2243 2254 2255
3 2243 2255 2244
3 2244 2255 2256
3 2244 2256 2245
3 2245 2256 2257
3 2245 2257 2246
3 2246 2257 2258
3 2246 2258 2247
3 2247 2258 2259
3 2247 2259 2248
3 2248 2259 2260
3 2248 2260 2237
3 2237 2260 2249
3 2249 2261 2250
3 2250 2261 2262
3 2250 2262 2251
3 2251 2262 2263
3 2251 2263 2252
3 2252 2263 2264
3 2252 2264 2253
3 2253 2264 2265
3 2253 2265 2254
3 2254 2265 2266
3 2254 2266 2255
3 2255 2266 2267
3 2255 2267 2256
3 2256 2267 2268
3 2256 2268 2257
3 2257 2268 2269
3 2257 2269 2258
3 2258 2269 2270
3 2258 2270 2259
3 2259 2270 2271
3 2259 2271 2260
3 2260 2271 2272
3 2260 2272 2249
3 2249 2272 2261
3 2261 2273 2262
3 2262 2273 2274
3 2262 2274 2263
3 2263 2274 2275
3 2263 2275 2264
3 2264 2275 2276
3 2264 2276 2265
3 2265 2276 2277
3 2265 2277 2266
3 2266 2277 2278
3 2266 2278 2267
3 2267 2278 2279
3 2267 2279 2268
3 2268 2279 2280
3 2268 2280 2269
3 2269 2280 2281
3 2269 2281 2270
3 2270 2281 2282
3 2270 2282 2271
3 2271 2282 2283
3 2271 2283 2272
3 2272 2283 2284
3 2272 2284 2261
3 2261 2284 2273
3 2273 2285 2274
3 2274 2285 2286
3 2274 2286 2275
3 2275 2286 2287
3 2275 2287 2276
3 2276 2287 2288
3 2276 2288 2277
3 2277 2288 2289
3 2277 2289 2278
3 2278 2289 2290
3 2278 2290 2279
3 2279 2290 2291
3 2279 2291 2280
3 2280 2291 2292
3 2280 2292 2281
3 2281 2292 2293
3 2281 2293 2282
3 2282 2293 2294
3 2282 2294 2283
3 2283 2294 2295
3 2283 2295 2284
3 2284 2295 2296
3 2284 2296 2273
3 2273 2296 2285
3 2285 2297 2286
3 2286 2297 2298
3 2286 2298 2287
3 2287 2298 2299
3 2287 2299 2288
3 2288 2299 2300
3 2288 2300 2289
3 2289 2300 2301
3 2289 2301 2290
3 2290 2301 2302
3 2290 2302 2291
3 2291 2302 2303
3 2291 2303 2292
3 2292 2303 2304
3 2292 2304 2293
3 2293 2304 2305
3 2293 2305 2294
3 2294 2305 2306
3 2294 2306 2295
3 2295 2306 2307
3 2295 2307 2296
3 2296 2307 2308
3 2296 2308 2285
3 2285 2308 2297
3 2297 2309 2298
3 2298 2309 2310
3 2298 2310 2299
3 2299 2310 2311
3 2299 2311 2300
3 2300 2311 2312
3 2300 2312 2301
3 2301 2312 2313
3 2301 2313 2302
3 2302 2313 2314
3 2302 2314 2303
3 2303 2314 2315
3 2303 2315 2304
3 2304 2315 2316
3 2304 2316 2305
3 2305 2316 2317
3 2305 2317 2306
3 2306 2317 2318
3 2306 2318 2307
3 2307 2318 2319
3 2307 2319 2308
3 2308 2319 2320
3 2308 2320 2297
3 2297 2320 2309
3 2321 2310 2309
3 2321 2311 2310
3 2321 2312 2311
3 2321 2313 2312
3 2321 2314 2313
3 2321 2315 2314
3 2321 2316 2315
3 2321 2317 2316
3 2321 2318 2317
3 2321 2319 2318
3 2321 2320 2319
3 2321 2309 2320
3 2322 2323 2324
3 2322 2324 2325
3 2322 2325 2326
3 2322 2326 2327
3 2322 2327 2328
3 2322 2328 2329
3 2322 2329 2330
3 2322 2330 2331
3 2322 2331 2332
3 2322 2332 2333
3 2322 2333 2334
3 2322 2334 2323
3 2323 2335 2324
3 2324 2335 2336
3 2324 2336 2325
3 2325 2336 2337
3 2325 2337 2326
3 2326 2337 2338
3 2326 2338 2327
3 2327 2338 2339
3 2327 2339 2328
3 2328 2339 2340
3 2328 2340 2329
3 2329 2340 2341
3 2329 2341 2330
3 2330 2341 2342
3 2330 2342 2331
3 2331 2342 2343
3 2331 2343 2332
3 2332 2343 2344
3 2332 2344 2333
3 2333 2344 2345
3 2333 2345 2334
3 2334 2345 2346
3 2334 2346 2323
3 2323 2346 2335
3 2335 2347 2336
3 2336 2347 2348
3 2336 2348 2337
3 2337 2348 2349
3 2337 2349 2338
3 2338 2349 2350
3 2338 2350 2339
3 2339 2350 2351
3 2339 2351 2340
3 2340 2351 2352
3 2340 2352 2341
3 2341 2352 2353
3 2341 2353 2342
3 2342 2353 2354
3 2342 2354 2343
3 2343 2354 2355
3 2343 2355 2344
3 2344 2355 2356
3 2344 2356 2345
3 2345 2356 2357
3 2345 2357 2346
3 2346 2357 2358
3 2346 2358 2335
3 2335 2358 2347
3 2347 2359 2348
3 2348 2359 2360
3 2348 2360 2349
3 2349 2360 2361
3 2349 2361 2350
3 2350 2361 2362
3 2350 2362 2351
3 2351 2362 2363
3 2351 2363 2352
3 2352 2363 2364
3 2352 2364 2353
3 2353 2364 2365
3 2353 2365 2354
3 2354 2365 2366
3 2354 2366 2355
3 2355 2366 2367
3 2355 2367 2356
3 2356 2367 2368
3 2356 2368 2357
3 2357 2368 2369
3 2357 2369 2358
3 2358 2369 2370
3 2358 2370 2347
3 2347 2370 2359
3 2359 2371 2360
3 2360 2371 2372
3 2360 2372 2361
3 2361 2372 2373
3 2361 2373 2362
3 2362 2373 2374
3 2362 2374 2363
3 2363 2374 2375
3 2363 2375 2364
3 2364 2375 2376
3 2364 2376 2365
3 2365 2376 2377
3 2365 2377 2366
3 2366 2377 2378
3 2366 2378 2367
3 2367 2378 2379
3 2367 2379 2368
3 2368 2379 2380
3 2368 2380 2369
3 2369 2380 2381
3 2369 2381 2370
3 2370 2381 2382
3 2370 2382 2359
3 2359 2382 2371
3 2371 2383 2372
3 2372 2383 2384
3 2372 2384 2373
3 2373 2384 2385
3 2373 2385 2374
3 2374 2385 2386
3 2374 2386 2375
3 2375 2386 2387
3 2375 2387 2376
3 2376 2387 2388
3 2376 2388 2377
3 2377 2388 2389
3 2377 2389 2378
3 2378 2389 2390
3 2378 2390 2379
3 2379 2390 2391
3 2379 2391 2380
3 2380 2391 2392
3 2380 2392 2381
3 2381 2392 2393
3 2381 2393 2382
3 2382 2393 2394
3 2382 2394 2371
3 2371 2394 2383
3 2383 2395 2384
3 2384 2395 2396
3 2384 2396 2385
3 2385 2396 2397
3 2385 2397 2386
3 2386 2397 2398
3 2386 2398 2387
3 2387 2398 2399
3 2387 2399 2388
3 2388 2399 2400
3 2388 2400 2389
3 2389 2400 2401
3 2389 2401 2390
3 2390 2401 2402
3 2390 2402 2391
3 2391 2402 2403
3 2391 2403 2392
3 2392 2403 2404
3 2392 2404 2393
3 2393 2404 2405
3 2393 2405 2394
3 2394 2405 2406
3 2394 2406 2383
3 2383 2406 2395
3 2407 2396 2395
3 2407 2397 2396
3 2407 2398 2397
3 2407 2399 2398
3 2407 2400 2399
3 2407 2401 2400
3 2407 2402 2401
3 2407 2403 2402
3 2407 2404 2403
3 2407 2405 2404
3 2407 2406 2405
3 2407 2395 2406
3 2408 2409 2410
3 2408 2410 2411
3 2408 2411 2412
3 2408 2412 2413
3 2408 2413 2414
3 2408 2414 2415
3 2408 2415 2416
3 2408 2416 2417
3 2408 2417 2418
3 2408 2418 2419
3 2408 2419 2420
3 2408 2420 2409
3 2409 2421 2410
3 2410 2421 2422
3 2410 2422 2411
3 2411 2422 2423
3 2411 2423 2412
3 2412 2423 2424
3 2412 2424 2413
3 2413 2424 2425
3 2413 2425 2414
3 2414 2425 2426
3 2414 2426 2415
3 2415 2426 2427
3 2415 2427 2416
3 2416 2427 2428
3 2416 2428 2417
3 2417 2428 2429
3 2417 2429 2418
3 2418 2429 2430
3 2418 2430 2419
3 2419 2430 2431
3 2419 2431 2420
3 2420 2431 2432
3 2420 2432 2409
3 2409 2432 2421
3 2421 2433 2422
3 2422 2433 2434
3 2422 2434 2423
3 2423 2434 2435
3 2423 2435 2424
3 2424 2435 2436
3 2424 2436 2425
3 2425 2436 2437
3 2425 2437 2426
3 2426 2437 2438
3 2426 2438 2427
3 2427 2438 2439
3 2427 2439 2428
3 2428 2439 2440
3 2428 2440 2429
3 2429 2440 2441
3 2429 2441 2430
3 2430 2441 2442
3 2430 2442 2431
3 2431 2442 2443
3 2431 2443 2432
3 2432 2443 2444
3 2432 2444 2421
3 2421 2444 2433
3 2433 2445 2434
3 2434 2445 2446
3 2434 2446 2435
3 2435 2446 2447
3 2435 2447 2436
3 2436 2447 2448
3 2436 2448 2437
3 2437 2448 2449
3 2437 2449 2438
3 2438 2449 2450
3 2438 2450 2439
3 2439 2450 2451
3 2439 2451 2440
3 2440 2451 2452
3 2440 2452 2441
3 2441 2452 2453
3 2441 2453 2442
3 2442 2453 2454
3 2442 2454 2443
3 2443 2454 2455
3 2443 2455 2444
3 2444 2455 2456
3 2444 2456 2433
3 2433 2456 2445
3 2445 2457 2446
3 2446 2457 2458
3 2446 2458 2447
3 2447 2458 2459
3 2447 2459 2448
3 2448 2459 2460
3 2448 2460 2449
3 2449 2460 2461
3 2449 2461 2450
3 2450 2461 2462
3 2450 2462 2451
3 2451 2462 2463
3 2451 2463 2452
3 2452 2463 2464
3 2452 2464 2453
3 2453 2464 2465
3 2453 2465 2454
3 2454 2465 2466
3 2454 2466 2455
3 2455 2466 2467
3 2455 2467 2456
3 2456 2467 2468
3 2456 2468 2445
3 2445 2468 2457
3 2457 2469 2458
3 2458 2469 2470
3 2458 2470 2459
3 2459 2470 2471
3 2459 2471 2460
3 2460 2471 2472
3 2460 2472 2461
3 2461 2472 2473
3 2461 2473 2462
3 2462 2473 2474
3 2462 2474 2463
3 2463 2474 2475
3 2463 2475 2464
3 2464 2475 2476
3 2464 2476 2465
3 2465 2476 2477
3 2465 2477 2466
3 2466 2477 2478
3 2466 2478 2467
3 2467 2478 2479
3 2467 2479 2468
3 2468 2479 2480
3 2468 2480 2457
3 2457 2480 2469
3 2469 2481 2470
3 2470 2481 2482
3 2470 2482 2471
3 2471 2482 2483
3 2471 2483 2472
3 2472 2483 2484
3 2472 2484 2473
3 2473 2484 2485
3 2473 2485 2474
3 2474 2485 2486
3 2474 2486 2475
3 2475 2486 2487
3 2475 2487 2476
3 2476 2487 2488
3 2476 2488 2477
3 2477 2488 2489
3 2477 2489 2478
3 2478 2489 2490
3 2478 2490 2479
3 2479 2490 2491
3 2479 2491 2480
3 2480 2491 2492
3 2480 2492 2469
3 2469 2492 2481
3 2493 2482 2481
3 2493 2483 2482
3 2493 2484 2483
3 2493 2485 2484
3 2493 2486 2485
3 2493 2487 2486
3 2493 2488 2487
3 2493 2489 2488
3 2493 2490 2489
3 2493 2491 2490
3 2493 2492 2491
3 2493 2481 2492
3 2494 2495 2496
3 2494 2496 2497
3 2494 2497 2498
3 2494 2498 2499
3 2494 2499 2500
3 2494 2500 2501
3 2494 2501 2502
3 2494 2502 2503
3 2494 2503 2504
3 2494 2504 2505
3 2494 2505 2506
3 2494 2506 2495
3 2495 2507 2496
3 2496 2507 2508
3 2496 2508 2497
3 2497 2508 2509
3 2497 2509 2498
3 2498 2509 2510
3 2498 2510 2499
3 2499 2510 2511
3 2499 2511 2500
3 2500 2511 2512
3 2500 2512 2501
3 2501 2512 2513
3 2501 2513 2502
3 2502 2513 2514
3 2502 2514 2503
3 2503 2514 2515
3 2503 2515 2504
3 2504 2515 2516
3 2504 2516 2505
3 2505 2516 2517
3 2505 2517 2506
3 2506 2517 2518
3 2506 2518 2495
3 2495 2518 2507
3 2507 2519 2508
3 2508 2519 2520
3 2508 2520 2509
3 2509 2520 2521
3 2509 2521 2510
3 2510 2521 2522
3 2510 2522 2511
3 2511 2522 2523
3 2511 2523 2512
3 2512 2523 2524
3 2512 2524 2513
3 2513 2524 2525
3 2513 2525 2514
3 2514 2525 2526
3 2514 2526 2515
3 2515 2526 2527
3 2515 2527 2516
3 2516 2527 2528
3 2516 2528 2517
3 2517 2528 2529
3 2517 2529 2518
3 2518 2529 2530
3 2518 2530 2507
3 2507 2530 2519
3 2519 2531 2520
3 2520 2531 2532
3 2520 2532 2521
3 2521 2532 2533
3 2521 2533 2522
3 2522 2533 2534
3 2522 2534 2523
3 2523 2534 2535
3 2523 2535 2524
3 2524 2535 2536
3 2524 2536 2525
3 2525 2536 2537
3 2525 2537 2526
3 2526 2537 2538
3 2526 2538 2527
3 2527 2538 2539
3 2527 2539 2528
3 2528 2539 2540
3 2528 2540 2529
3 2529 2540 2541
3 2529 2541 2530
3 2530 2541 2542
3 2530 2542 2519
3 2519 2542 2531
3 2531 2543 2532
3 2532 2543 2544
3 2532 2544 2533
3 2533 2544 2545
3 2533 2545 2534
3 2534 2545 2546
3 2534 2546 2535
3 2535 2546 2547
3 2535 2547 2536
3 2536 2547 2548
3 2536 2548 2537
3 2537 2548 2549
3 2537 2549 2538
3 2538 2549 2550
3 2538 2550 2539
3 2539 2550 2551
3 2539 2551 2540
3 2540 2551 2552
3 2540 2552 2541
3 2541 2552 2553
3 2541 2553 2542
3 2542 2553 2554
3 2542 2554 2531
3 2531 2554 2543
3 2543 2555 2544
3 2544 2555 2556
3 2544 2556 2545
3 2545 2556 2557
3 2545 2557 2546
3 2546 2557 2558
3 2546 2558 2547
3 2547 2558 2559
3 2547 2559 2548
3 2548 2559 2560
3 2548 2560 2549
3 2549 2560 2561
3 2549 2561 2550
3 2550 2561 2562
3 2550 2562 2551
3 2551 2562 2563
3 2551 2563 2552
3 2552 2563 2564
3 2552 2564 2553
3 2553 2564 2565
3 2553 2565 2554
3 2554 2565 2566
3 2554 2566 2543
3 2543 2566 2555
3 2555 2567 2556
3 2556 2567 2568
3 2556 2568 2557
3 2557 2568 2569
3 2557 2569 2558
3 2558 2569 2570
3 2558 2570 2559
3 2559 2570 2571
3 2559 2571 2560
3 2560 2571 2572
3 2560 2572 2561
3 2561 2572 2573
3 2561 2573 2562
3 2562 2573 2574
3 2562 2574 2563
3 2563 2574 2575
3 2563 2575 2564
3 2564 2575 2576
3 2564 2576 2565
3 2565 2576 2577
3 2565 2577 2566
3 2566 2577 2578
3 2566 2578 2555
3 2555 2578 2567
3 2579 2568 2567
3 2579 2569 2568
3 2579 2570 2569
3 2579 2571 2570
3 2579 2572 2571
3 2579 2573 2572
3 2579 2574 2573
3 2579 2575 2574
3 2579 2576 2575
3 2579 2577 2576
3 2579 2578 2577
3 2579 2567 2578
3 2580 2581 2582
3 2580 2582 2583
3 2580 2583 2584
3 2580 2584 2585
3 2580 2585 2586
3 2580 2586 2587
3 2580 2587 2588
3 2580 2588 2589
3 2580 2589 2590
3 2580 2590 2591
3 2580 2591 2592
3 2580 2592 2581
3 2581 2593 2582
3 2582 2593 2594
3 2582 2594 2583
3 2583 2594 2595
3 2583 2595 2584
3 2584 2595 2596
3 2584 2596 2585
3 2585 2596 2597
3 2585 2597 2586
3 2586 2597 2598
3 2586 2598 2587
3 2587 2598 2599
3 2587 2599 2588
3 2588 2599 2600
3 2588 2600 2589
3 2589 2600 2601
3 2589 2601 2590
3 2590 2601 2602
3 2590 2602 2591
3 2591 2602 2603
3 2591 2603 2592
3 2592 2603 2604
3 2592 2604 2581
3 2581 2604 2593
3 2593 2605 2594
3 2594 2605 2606
3 2594 2606 2595
3 2595 2606 2607
3 2595 2607 2596
3 2596 2607 2608
3 2596 2608 2597
3 2597 2608 2609
3 2597 2609 2598
3 2598 2609 2610
3 2598 2610 2599
3 2599 2610 2611
3 2599 2611 2600
3 2600 2611 2612
3 2600 2612 2601
3 2601 2612 2613
3 2601 2613 2602
3 2602 2613 2614
3 2602 2614 2603
3 2603 2614 2615
3 2603 2615 2604
3 2604 2615 2616
3 2604 2616 2593
3 2593 2616 2605
3 2605 2617 2606
3 2606 2617 2618
3 2606 2618 2607
3 2607 2618 2619
3 2607 2619 2608
3 2608 2619 2620
3 2608 2620 2609
3 2609 2620 2621
3 2609 2621 2610
3 2610 2621 2622
3 2610 2622 2611
3 2611 2622 2623
3 2611 2623 2612
3 2612 2623 2624
3 2612 2624 2613
3 2613 2624 2625
3 2613 2625 2614
3 2614 2625 2626
3 2614 2626 2615
3 2615 2626 2627
3 2615 2627 2616
3 2616 2627 2628
3 2616 2628 2605
3 2605 2628 2617
3 2617 2629 2618
3 2618 2629 2630
3 2618 2630 2619
3 2619 2630 2631
3 2619 2631 2620
3 2620 2631 2632
3 2620 2632 2621
3 2621 2632 2633
3 2621 2633 2622
3 2622 2633 2634
3 2622 2634 2623
3 2623 2634 2635
3 2623 2635 2624
3 2624 2635 2636
3 2624 2636 2625
3 2625 2636 2637
3 2625 2637 2626
3 2626 2637 2638
3 2626 2638 2627
3 2627 2638 2639
3 2627 2639 2628
3 2628 2639 2640
3 2628 2640 2617
3 2617 2640 2629
3 2629 2641 2630
3 2630 2641 2642
3 2630 2642 2631
3 2631 2642 2643
3 2631 2643 2632
3 2632 2643 2644
3 2632 2644 2633
3 2633 2644 2645
3 2633 2645 2634
3 2634 2645 2646
3 2634 2646 2635
3 2635 2646 2647
3 2635 2647 2636
3 2636 2647 2648
3 2636 2648 2637
3 2637 2648 2649
3 2637 2649 2638
3 2638 2649 2650
3 2638 2650 2639
3 2639 2650 2651
3 2639 2651 2640
3 2640 2651 2652
3 2640 2652 2629
3 2629 2652 2641
3 2641 2653 2642
3 2642 2653 2654
3 2642 2654 2643
3 2643 2654 2655
3 2643 2655 2644
3 2644 2655 2656
3 2644 2656 2645
3 2645 2656 2657
3 2645 2657 2646
3 2646 2657 2658
3 2646 2658 2647
3 2647 2658 2659
3 2647 2659 2648
3 2648 2659 2660
3 2648 2660 2649
3 2649 2660 2661
3 2649 2661 2650
3 2650 2661 2662
3 2650 2662 2651
3 2651 2662 2663
3 2651 2663 2652
3 2652 2663 2664
3 2652 2664 2641
3 2641 2664 2653
3 2665 2654 2653
3 2665 2655 2654
3 2665 2656 2655
3 2665 2657 2656
3 2665 2658 2657
3 2665 2659 2658
3 2665 2660 2659
3 2665 2661 2660
3 2665 2662 2661
3 2665 2663 2662
3 2665 2664 2663
3 2665 2653 2664
3 2666 2667 2668
3 2666 2668 2669
3 2666 2669 2670
3 2666 2670 2671
3 2666 2671 2672
3 2666 2672 2673
3 2666 2673 2674
3 2666 2674 2675
3 2666 2675 2676
3 2666 2676 2677
3 2666 2677 2678
3 2666 2678 2667
3 2667 2679 2668
3 2668 2679 2680
3 2668 2680 2669
3 2669 2680 2681
3 2669 2681 2670
3 2670 2681 2682
3 2670 2682 2671
3 2671 2682 2683
3 2671 2683 2672
3 2672 2683 2684
3 2672 2684 2673
3 2673 2684 2685
3 2673 2685 2674
3 2674 2685 2686
3 2674 2686 2675
3 2675 2686 2687
3 2675 2687 2676
3 2676 2687 2688
3 2676 2688 2677
3 2677 2688 2689
3 2677 2689 2678
3 2678 2689 2690
3 2678 2690 2667
3 2667 2690 2679
3 2679 2691 2680
3 2680 2691 2692
3 2680 2692 2681
3 2681 2692 2693
3 2681 2693 2682
3 2682 2693 2694
3 2682 2694 2683
3 2683 2694 2695
3 2683 2695 2684
3 2684 2695 2696
3 2684 2696 2685
3 2685 2696 2697
3 2685 2697 2686
3 2686 2697 2698
3 2686 2698 2687
3 2687 2698 2699
3 2687 2699 2688
3 2688 2699 2700
3 2688 2700 2689
3 2689 2700 2701
3 2689 2701 2690
3 2690 2701 2702
3 2690 2702 2679
3 2679 2702 2691
3 2691 2703 2692
3 2692 2703 2704
3 2692 2704 2693
3 2693 2704 2705
3 2693 2705 2694
3 2694 2705 2706
3 2694 2706 2695
3 2695 2706 2707
3 2695 2707 2696
3 2696 2707 2708
3 2696 2708 2697
3 2697 2708 2709
3 2697 2709 2698
3 2698 2709 2710
3 2698 2710 2699
3 2699 2710 2711
3 2699 2711 2700
3 2700 2711 2712
3 2700 2712 2701
3 2701 2712 2713
3 2701 2713 2702
3 2702 2713 2714
3 2702 2714 2691
3 2691 2714 2703
3 2703 2715 2704
3 2704 2715 2716
3 2704 2716 2705
3 2705 2716 2717
3 2705 2717 2706
3 2706 2717 2718
3 2706 2718 2707
3 2707 2718 2719
3 2707 2719 2708
3 2708 2719 2720
3 2708 2720 2709
3 2709 2720 2721
3 2709 2721 2710
3 2710 2721 2722
3 2710 2722 2711
3 2711 2722 2723
3 2711 2723 2712
3 2712 2723 2724
3 2712 2724 2713
3 2713 2724 2725
3 2713 2725 2714
3 2714 2725 2726
3 2714 2726 2703
3 2703 2726 2715
3 2715 2727 2716
3 2716 2727 2728
3 2716 2728 2717
3 2717 2728 2729
3 2717 2729 2718
3 2718 2729 2730
3 2718 2730 2719
3 2719 2730 2731
3 2719 2731 2720
3 2720 2731 2732
3 2720 2732 2721
3 2721 2732 2733
3 2721 2733 2722
3 2722 2733 2734
3 2722 2734 2723
3 2723 2734 2735
3 2723 2735 2724
3 2724 2735 2736
3 2724 2736 2725
3 2725 2736 2737
3 2725 2737 2726
3 2726 2737 2738
3 2726 2738 2715
3 2715 2738 2727
3 2727 2739 2728
3 2728 2739 2740
3 2728 2740 2729
3 2729 2740 2741
3 2729 2741 2730
3 2730 2741 2742
3 2730 2742 2731
3 2731 2742 2743
3 2731 2743 2732
3 2732 2743 2744
3 2732 2744 2733
3 2733 2744 2745
3 2733 2745 2734
3 2734 2745 2746
3 2734 2746 2735
3 2735 2746 2747
3 2735 2747 2736
3 2736 2747 2748
3 2736 2748 2737
3 2737 2748 2749
3 2737 2749 2738
3 2738 2749 2750
3 2738 2750 2727
3 2727 2750 2739
3 2751 2740 2739
3 2751 2741 2740
3 2751 2742 2741
3 2751 2743 2742
3 2751 2744 2743
3 2751 2745 2744
3 2751 2746 2745
3 2751 2747 2746
3 2751 2748 2747
3 2751 2749 2748
3 2751 2750 2749
3 2751 2739 2750
3 2752 2753 2754
3 2752 2754 2755
3 2752 2755 2756
3 2752 2756 2757
3 2752 2757 2758
3 2752 2758 2759
3 2752 2759 2760
3 2752 2760 2761
3 2752 2761 2762
3 2752 2762 2763
3 2752 2763 2764
3 2752 2764 2753
3 2753 2765 2754
3 2754 2765 2766
3 2754 2766 2755
3 2755 2766 2767
3 2755 2767 2756
3 2756 2767 2768
3 2756 2768 2757
3 2757 2768 2769
3 2757 2769 2758
3 2758 2769 2770
3 2758 2770 2759
3 2759 2770 2771
3 2759 2771 2760
3 2760 2771 2772
3 2760 2772 2761
3 2761 2772 2773
3 2761 2773 2762
3 2762 2773 2774
3 2762 2774 2763
3 2763 2774 2775
3 2763 2775 2764
3 2764 2775 2776
3 2764 2776 2753
3 2753 2776 2765
3 2765 2777 2766
3 2766 2777 2778
3 2766 2778 2767
3 2767 2778 2779
3 2767 2779 2768
3 2768 2779 2780
3 2768 2780 2769
3 2769 2780 2781
3 2769 2781 2770
3 2770 2781 2782
3 2770 2782 2771
3 2771 2782 2783
3 2771 2783 2772
3 2772 2783 2784
3 2772 2784 2773
3 2773 2784 2785
3 2773 2785 2774
3 2774 2785 2786
3 2774 2786 2775
3 2775 2786 2787
3 2775 2787 2776
3 2776 2787 2788
3 2776 2788 2765
3 2765 2788 2777
3 2777 2789 2778
3 2778 2789 2790
3 2778 2790 2779
3 2779 2790 2791
3 2779 2791 2780
3 2780 2791 2792
3 2780 2792 2781
3 2781 2792 2793
3 2781 2793 2782
3 2782 2793 2794
3 2782 2794 2783
3 2783 2794 2795
3 2783 2795 2784
3 2784 2795 2796
3 2784 2796 2785
3 2785 2796 2797
3 2785 2797 2786
3 2786 2797 2798
3 2786 2798 2787
3 2787 2798 2799
3 2787 2799 2788
3 2788 2799 2800
3 2788 2800 2777
3 2777 2800 2789
3 2789 2801 2790
3 2790 2801 2802
3 2790 2802 2791
3 2791 2802 2803
3 2791 2803 2792
3 2792 2803 2804
3 2792 2804 2793
3 2793 2804 2805
3 2793 2805 2794
3 2794 2805 2806
3 2794 2806 2795
3 2795 2806 2807
3 2795 2807 2796
3 2796 2807 2808
3 2796 2808 2797
3 2797 2808 2809
3 2797 2809 2798
3 2798 2809 2810
3 2798 2810 2799
3 2799 2810 2811
3 2799 2811 2800
3 2800 2811 2812
3 2800 2812 2789
3 2789 2812 2801
3 2801 2813 2802
3 2802 2813 2814
3 2802 2814 2803
3 2803 2814 2815
3 2803 2815 2804
3 2804 2815 2816
3 2804 2816 2805
3 2805 2816 2817
3 2805 2817 2806
3 2806 2817 2818
3 2806 2818 2807
3 2807 2818 2819
3 2807 2819 2808
3 2808 2819 2820
3 2808 2820 2809
3 2809 2820 2821
3 2809 2821 2810
3 2810 2821 2822
3 2810 2822 2811
3 2811 2822 2823
3 2811 2823 2812
3 2812 2823 2824
3 2812 2824 2801
3 2801 2824 2813
3 2813 2825 2814
3 2814 2825 2826
3 2814 2826 2815
3 2815 2826 2827
3 2815 2827 2816
3 2816 2827 2828
3 2816 2828 2817
3 2817 2828 2829
3 2817 2829 2818
3 2818 2829 2830
3 2818 2830 2819
3 2819 2830 2831
3 2819 2831 2820
3 2820 2831 2832
3 2820 2832 2821
3 2821 2832 2833
3 2821 2833 2822
3 2822 2833 2834
3 2822 2834 2823
3 2823 2834 2835
3 2823 2835 2824
3 2824 2835 2836
3 2824 2836 2813
3 2813 2836 2825
3 2837 2826 2825
3 2837 2827 2826
3 2837 2828 2827
3 2837 2829 2828
3 2837 2830 2829
3 2837 2831 2830
3 2837 2832 2831
3 2837 2833 2832
3 2837 2834 2833
3 2837 2835 2834
3 2837 2836 2835
3 2837 2825 2836
3 2838 2839 2840
3 2838 2840 2841
3 2838 2841 2842
3 2838 2842 2843
3 2838 2843 2844
3 2838 2844 2845
3 2838 2845 2846
3 2838 2846 2847
3 2838 2847 2848
3 2838 2848 2849
3 2838 2849 2850
3 2838 2850 2839
3 2839 2851 2840
3 2840 2851 2852
3 2840 2852 2841
3 2841 2852 2853
3 2841 2853 2842
3 2842 2853 2854
3 2842 2854 2843
3 2843 2854 2855
3 2843 2855 2844
3 2844 2855 2856
3 2844 2856 2845
3 2845 2856 2857
3 2845 2857 2846
3 2846 2857 2858
3 2846 2858 2847
3 2847 2858 2859
3 2847 2859 2848
3 2848 2859 2860
3 2848 2860 2849
3 2849 2860 2861
3 2849 2861 2850
3 2850 2861 2862
3 2850 2862 2839
3 2839 2862 2851
3 2851 2863 2852
3 2852 2863 2864
3 2852 2864 2853
3 2853 2864 2865
3 2853 2865 2854
3 2854 2865 2866
3 2854 2866 2855
3 2855 2866 2867
3 2855 2867 2856
3 2856 2867 2868
3 2856 2868 2857
3 2857 2868 2869
3 2857 2869 2858
3 2858 2869 2870
3 2858 2870 2859
3 2859 2870 2871
3 2859 2871 2860
3 2860 2871 2872
3 2860 2872 2861
3 2861 2872 2873
3 2861 2873 2862
3 2862 2873 2874
3 2862 2874 2851
3 2851 2874 2863
3 2863 2875 2864
3 2864 2875 2876
3 2864 2876 2865
3 2865 2876 2877
3 2865 2877 2866
3 2866 2877 2878
3 2866 2878 2867
3 2867 2878 2879
3 2867 2879 2868
3 2868 2879 2880
3 2868 2880 2869
3 2869 2880 2881
3 2869 2881 2870
3 2870 2881 2882
3 2870 2882 2871
3 2871 2882 2883
3 2871 2883 2872
3 2872 2883 2884
3 2872 2884 2873
3 2873 2884 2885
3 2873 2885 2874
3 2874 2885 2886
3 2874 2886 2863
3 2863 2886 2875
3 2875 2887 2876
3 2876 2887 2888
3 2876 2888 2877
3 2877 2888 2889
3 2877 2889 2878
3 2878 2889 2890
3 2878 2890 2879
3 2879 2890 2891
3 2879 2891 2880
3 2880 2891 2892
3 2880 2892 2881
3 2881 2892 2893
3 2881 2893 2882
3 2882 2893 2894
3 2882 2894 2883
3 2883 2894 2895
3 2883 2895 2884
3 2884 2895 2896
3 2884 2896 2885
3 2885 2896 2897
3 2885 2897 2886
3 2886 2897 2898
3 2886 2898 2875
3 2875 2898 2887
3 2887 2899 2888
3 2888 2899 2900
3 2888 2900 2889
3 2889 2900 2901
3 2889 2901 2890
3 2890 2901 2902
3 2890 2902 2891
3 2891 2902 2903
3 2891 2903 2892
3 2892 2903 2904
3 2892 2904 2893
3 2893 2904 2905
3 2893 2905 2894
3 2894 2905 2906
3 2894 2906 2895
3 2895 2906 2907
3 2895 2907 2896
3 2896 2907 2908
3 2896 2908 2897
3 2897 2908 2909
3 2897 2909 2898
3 2898 2909 2910
3 2898 2910 2887
3 2887 2910 2899
3 2899 2911 2900
3 2900 2911 2912
3 2900 2912 2901
3 2901 2912 2913
3 2901 2913 2902
3 2902 2913 2914
3 2902 2914 2903
3 2903 2914 2915
3 2903 2915 2904
3 2904 2915 2916
3 2904 2916 2905
3 2905 2916 2917
3 2905 2917 2906
3 2906 2917 2918
3 2906 2918 2907
3 2907 2918 2919
3 2907 2919 2908
3 2908 2919 2920
3 2908 2920 2909
3 2909 2920 2921
3 2909 2921 2910
3 2910 2921 2922
3 2910 2922 2899
3 2899 2922 2911
3 2923 2912 2911
3 2923 2913 2912
3 2923 2914 2913
3 2923 2915 2914
3 2923 2916 2915
3 2923 2917 2916
3 2923 2918 2917
3 2923 2919 2918
3 2923 2920 2919
3 2923 2921 2920
3 2923 2922 2921
3 2923 2911 2922
3 2924 2925 2926
3 2924 2926 2927
3 2924 2927 2928
3 2924 2928 2929
3 2924 2929 2930
3 2924 2930 2931
3 2924 2931 2932
3 2924 2932 2933
3 2924 2933 2934
3 2924 2934 2935
3 2924 2935 2936
3 2924 2936 2925
3 2925 2937 2926
3 2926 2937 2938
3 2926 2938 2927
3 2927 2938 2939
3 2927 2939 2928
3 2928 2939 2940
3 2928 2940 2929
3 2929 2940 2941
3 2929 2941 2930
3 2930 2941 2942
3 2930 2942 2931
3 2931 2942 2943
3 2931 2943 2932
3 2932 2943 2944
3 2932 2944 2933
3 2933 2944 2945
3 2933 2945 2934
3 2934 2945 2946
3 2934 2946 2935
3 2935 2946 2947
3 2935 2947 2936
3 2936 2947 2948
3 2936 2948 2925
3 2925 2948 2937
3 2937 2949 2938
3 2938 2949 2950
3 2938 2950 2939
3 2939 2950 2951
3 2939 2951 2940
3 2940 2951 2952
3 2940 2952 2941
3 2941 2952 2953
3 2941 2953 2942
3 2942 2953 2954
3 2942 2954 2943
3 2943 2954 2955
3 2943 2955 2944
3 2944 2955 2956
3 2944 2956 2945
3 2945 2956 2957
3 2945 2957 2946
3 2946 2957 2958
3 2946 2958 2947
3 2947 2958 2959
3 2947 2959 2948
3 2948 2959 2960
3 2948 2960 2937
3 2937 2960 2949
3 2949 2961 2950
3 2950 2961 2962
3 2950 2962 2951
3 2951 2962 2963
3 2951 2963 2952
3 2952 2963 2964
3 2952 2964 2953
3 2953 2964 2965
3 2953 2965 2954
3 2954 2965 2966
3 2954 2966 2955
3 2955 2966 2967
3 2955 2967 2956
3 2956 2967 2968
3 2956 2968 2957
3 2957 2968 2969
3 2957 2969 2958
3 2958 2969 2970
3 2958 2970 2959
3 2959 2970 2971
3 2959 2971 2960
3 2960 2971 2972
3 2960 2972 2949
3 2949 2972 2961
3 2961 2973 2962
3 2962 2973 2974
3 2962 2974 2963
3 2963 2974 2975
3 2963 2975 2964
3 2964 2975 2976
3 2964 2976 2965
3 2965 2976 2977
3 2965 2977 2966
3 2966 2977 2978
3 2966 2978 2967
3 2967 2978 2979
3 2967 2979 2968
3 2968 2979 2980
3 2968 2980 2969
3 2969 2980 2981
3 2969 2981 2970
3 2970 2981 2982
3 2970 2982 2971
3 2971 2982 2983
3 2971 2983 2972
3 2972 2983 2984
3 2972 2984 2961
3 2961 2984 2973
3 2973 2985 2974
3 2974 2985 2986
3 2974 2986 2975
3 2975 2986 2987
3 2975 2987 2976
3 2976 2987 2988
3 2976 2988 2977
3 2977 2988 2989
3 2977 2989 2978
3 2978 2989 2990
3 2978 2990 2979
3 2979 2990 2991
3 2979 2991 2980
3 2980 2991 2992
3 2980 2992 2981
3 2981 2992 2993
3 2981 2993 2982
3 2982 2993 2994
3 2982 2994 2983
3 2983 2994 2995
3 2983 2995 2984
3 2984 2995 2996
3 2984 2996 2973
3 2973 2996 2985
3 2985 2997 2986
3 2986 2997 2998
3 2986 2998 2987
3 2987 2998 2999
3 2987 2999 2988
3 2988 2999 3000
3 2988 3000 2989
3 2989 3000 3001
3 2989 3001 2990
3 2990 3001 3002
3 2990 3002 2991
3 2991 3002 3003
3 2991 3003 2992
3 2992 3003 3004
3 2992 3004 2993
3 2993 3004 3005
3 2993 3005 2994
3 2994 3005 3006
3 2994 3006 2995
3 2995 3006 3007
3 2995 3007 2996
3 2996 3007 3008
3 2996 3008 2985
3 2985 3008 2997
3 3009 2998 2997
3 3009 2999 2998
3 3009 3000 2999
3 3009 3001 3000
3 3009 3002 3001
3 3009 3003 3002
3 3009 3004 3003
3 3009 3005 3004
3 3009 3006 3005
3 3009 3007 3006
3 3009 3008 3007
3 3009 2997 3008
3 3010 3011 3012
3 3010 3012 3013
3 3010 3013 3014
3 3010 3014 3015
3 3010 3015 3016
3 3010 3016 3017
3 3010 3017 3018
3 3010 3018 3019
3 3010 3019 3020
3 3010 3020 3021
3 3010 3021 3022
3 3010 3022 3011
3 3011 3023 3012
3 3012 3023 3024
3 3012 3024 3013
3 3013 3024 3025
3 3013 3025 3014
3 3014 3025 3026
3 3014 3026 3015
3 3015 3026 3027
3 3015 3027 3016
3 3016 3027 3028
3 3016 3028 3017
3 3017 3028 3029
3 3017 3029 3018
3 3018 3029 3030
3 3018 3030 3019
3 3019 3030 3031
3 3019 3031 3020
3 3020 3031 3032
3 3020 3032 3021
3 3021 3032 3033
3 3021 3033 3022
3 3022 3033 3034
3 3022 3034 3011
3 3011 3034 3023
3 3023 3035 3024
3 3024 3035 3036
3 3024 3036 3025
3 3025 3036 3037
3 3025 3037 3026
3 3026 3037 3038
3 3026 3038 3027
3 3027 3038 3039
3 3027 3039 3028
3 3028 3039 3040
3 3028 3040 3029
3 3029 3040 3041
3 3029 3041 3030
3 3030 3041 3042
3 3030 3042 3031
3 3031 3042 3043
3 3031 3043 3032
3 3032 3043 3044
3 3032 3044 3033
3 3033 3044 3045
3 3033 3045 3034
3 3034 3045 3046
3 3034 3046 3023
3 3023 3046 3035
3 3035 3047 3036
3 3036 3047 3048
3 3036 3048 3037
3 3037 3048 3049
3 3037 3049 3038
3 3038 3049 3050
3 3038 3050 3039
3 3039 3050 3051
3 3039 3051 3040
3 3040 3051 3052
3 3040 3052 3041
3 3041 3052 3053
3 3041 3053 3042
3 3042 3053 3054
3 3042 3054 3043
3 3043 3054 3055
3 3043 3055 3044
3 3044 3055 3056
3 3044 3056 3045
3 3045 3056 3057
3 3045 3057 3046
3 3046 3057 3058
3 3046 3058 3035
3 3035 3058 3047
3 3047 3059 3048
3 3048 3059 3060
3 3048 3060 3049
3 3049 3060 3061
3 3049 3061 3050
3 3050 3061 3062
3 3050 3062 3051
3 3051 3062 3063
3 3051 3063 3052
3 3052 3063 3064
3 3052 3064 3053
3 3053 3064 3065
3 3053 3065 3054
3 3054 3065 3066
3 3054 3066 3055
3 3055 3066 3067
3 3055 3067 3056
3 3056 3067 3068
3 3056 3068 3057
3 3057 3068 3069
3 3057 3069 3058
3 3058 3069 3070
3 3058 3070 3047
3 3047 3070 3059
3 3059 3071 3060
3 3060 3071 3072
3 3060 3072 3061
3 3061 3072 3073
3 3061 3073 3062
3 3062 3073 3074
3 3062 3074 3063
3 3063 3074 3075
3 3063 3075 3064
3 3064 3075 3076
3 3064 3076 3065
3 3065 3076 3077
3 3065 3077 3066
3 3066 3077 3078
3 3066 3078 3067
3 3067 3078 3079
3 3067 3079 3068
3 3068 3079 3080
3 3068 3080 3069
3 3069 3080 3081
3 3069 3081 3070
3 3070 3081 3082
3 3070 3082 3059
3 3059 3082 3071
3 3071 3083 3072
3 3072 3083 3084
3 3072 3084 3073
3 3073 3084 3085
3 3073 3085 3074
3 3074 3085 3086
3 3074 3086 3075
3 3075 3086 3087
3 3075 3087 3076
3 3076 3087 3088
3 3076 3088 3077
3 3077 3088 3089
3 3077 3089 3078
3 3078 3089 3090
3 3078 3090 3079
3 3079 3090 3091
3 3079 3091 3080
3 3080 3091 3092
3 3080 3092 3081
3 3081 3092 3093
3 3081 3093 3082
3 3082 3093 3094
3 3082 3094 3071
3 3071 3094 3083
3 3095 3084 3083
3 3095 3085 3084
3 3095 3086 3085
3 3095 3087 3086
3 3095 3088 3087
3 3095 3089 3088
3 3095 3090 3089
3 3095 3091 3090
3 3095 3092 3091
3 3095 3093 3092
3 3095 3094 3093
3 3095 3083 3094
3 3096 3097 3098
3 3096 3098 3099
3 3096 3099 3100
3 3096 3100 3101
3 3096 3101 3102
3 3096 3102 3103
3 3096 3103 3104
3 3096 3104 3105
3 3096 3105 3106
3 3096 3106 3107
3 3096 3107 3108
3 3096 3108 3097
3 3097 3109 3098
3 3098 3109 3110
3 3098 3110 3099
3 3099 3110 3111
3 3099 3111 3100
3 3100 3111 3112
3 3100 3112 3101
3 3101 3112 3113
3 3101 3113 3102
3 3102 3113 3114
3 3102 3114 3103
3 3103 3114 3115
3 3103 3115 3104
3 3104 3115 3116
3 3104 3116 3105
3 3105 3116 3117
3 3105 3117 3106
3 3106 3117 3118
3 3106 3118 3107
3 3107 3118 3119
3 3107 3119 3108
3 3108 3119 3120
3 3108 3120 3097
3 3097 3120 3109
3 3109 3121 3110
3 3110 3121 3122
3 3110 3122 3111
3 3111 3122 3123
3 3111 3123 3112
3 3112 3123 3124
3 3112 3124 3113
3 3113 3124 3125
3 3113 3125 3114
3 3114 3125 3126
3 3114 3126 3115
3 3115 3126 3127
3 3115 3127 3116
3 3116 3127 3128
3 3116 3128 3117
3 3117 3128 3129
3 3117 3129 3118
3 3118 3129 3130
3 3118 3130 3119
3 3119 3130 3131
3 3119 3131 3120
3 3120 3131 3132
3 3120 3132 3109
3 3109 3132 3121
3 3121 3133 3122
3 3122 3133 3134
3 3122 3134 3123
3 3123 3134 3135
3 3123 3135 3124
3 3124 3135 3136
3 3124 3136 3125
3 3125 3136 3137
3 3125 3137 3126
3 3126 3137 3138
3 3126 3138 3127
3 3127 3138 3139
3 3127 3139 3128
3 3128 3139 3140
3 3128 3140 3129
3 3129 3140 3141
3 3129 3141 3130
3 3130 3141 3142
3 3130 3142 3131
3 3131 3142 3143
3 3131 3143 3132
3 3132 3143 3144
3 3132 3144 3121
3 3121 3144 3133
3 3133 3145 3134
3 3134 3145 3146
3 3134 3146 3135
3 3135 3146 3147
3 3135 3147 3136
3 3136 3147 3148
3 3136 3148 3137
3 3137 3148 3149
3 3137 3149 3138
3 3138 3149 3150
3 3138 3150 3139
3 3139 3150 3151
3 3139 3151 3140
3 3140 3151 3152
3 3140 3152 3141
3 3141 3152 3153
3 3141 3153 3142
3 3142 3153 3154
3 3142 3154 3143
3 3143 3154 3155
3 3143 3155 3144
3 3144 3155 3156
3 3144 3156 3133
3 3133 3156 3145
3 3145 3157 3146
3 3146 3157 3158
3 3146 3158 3147
3 3147 3158 3159
3 3147 3159 3148
3 3148 3159 3160
3 3148 3160 3149
3 3149 3160 3161
3 3149 3161 3150
3 3150 3161 3162
3 3150 3162 3151
3 3151 3162 3163
3 3151 3163 3152
3 3152 3163 3164
3 3152 3164 3153
3 3153 3164 3165
3 3153 3165 3154
3 3154 3165 3166
3 3154 3166 3155
3 3155 3166 3167
3 3155 3167 3156
3 3156 3167 3168
3 3156 3168 3145
3 3145 3168 3157
3 3157 3169 3158
3 3158 3169 3170
3 3158 3170 3159
3 3159 3170 3171
3 3159 3171 3160
3 3160 3171 3172
3 3160 3172 3161
3 3161 3172 3173
3 3161 3173 3162
3 3162 3173 3174
3 3162 3174 3163
3 3163 3174 3175
3 3163 3175 3164
3 3164 3175 3176
3 3164 3176 3165
3 3165 3176 3177
3 3165 3177 3166
3 3166 3177 3178
3 3166 3178 3167
3 3167 3178 3179
3 3167 3179 3168
3 3168 3179 3180
3 3168 3180 3157
3 3157 3180 3169
3 3181 3170 3169
3 3181 3171 3170
3 3181 3172 3171
3 3181 3173 3172
3 3181 3174 3173
3 3181 3175 3174
3 3181 3176 3175
3 3181 3177 3176
3 3181 3178 3177
3 3181 3179 3178
3 3181 3180 3179
3 3181 3169 3180
3 3182 3183 3184
3 3182 3184 3185
3 3182 3185 3186
3 3182 3186 3187
3 3182 3187 3188
3 3182 3188 3189
3 3182 3189 3190
3 3182 3190 3191
3 3182 3191 3192
3 3182 3192 3193
3 3182 3193 3194
3 3182 3194 3183
3 3183 3195 3184
3 3184 3195 3196
3 3184 3196 3185
3 3185 3196 3197
3 3185 3197 3186
3 3186 3197 3198
3 3186 3198 3187
3 3187 3198 3199
3 3187 3199 3188
3 3188 3199 3200
3 3188 3200 3189
3 3189 3200 3201
3 3189 3201 3190
3 3190 3201 3202
3 3190 3202 3191
3 3191 3202 3203
3 3191 3203 3192
3 3192 3203 3204
3 3192 3204 3193
3 3193 3204 3205
3 3193 3205 3194
3 3194 3205 3206
3 3194 3206 3183
3 3183 3206 3195
3 3195 3207 3196
3 3196 3207 3208
3 3196 3208 3197
3 3197 3208 3209
3 3197 3209 3198
3 3198 3209 3210
3 3198 3210 3199
3 3199 3210 3211
3 3199 3211 3200
3 3200 3211 3212
3 3200 3212 3201
3 3201 3212 3213
3 3201 3213 3202
3 3202 3213 3214
3 3202 3214 3203
3 3203 3214 3215
3 3203 3215 3204
3 3204 3215 3216
3 3204 3216 3205
3 3205 3216 3217
3 3205 3217 3206
3 3206 3217 3218
3 3206 3218 3195
3 3195 3218 3207
3 3207 3219 3208
3 3208 3219 3220
3 3208 3220 3209
3 3209 3220 3221
3 3209 3221 3210
3 3210 3221 3222
3 3210 3222 3211
3 3211 3222 3223
3 3211 3223 3212
3 3212 3223 3224
3 3212 3224 3213
3 3213 3224 3225
3 3213 3225 3214
3 3214 3225 3226
3 3214 3226 3215
3 3215 3226 3227
3 3215 3227 3216
3 3216 3227 3228
3 3216 3228 3217
3 3217 3228 3229
3 3217 3229 3218
3 3218 3229 3230
3 3218 3230 3207
3 3207 3230 3219
3 3219 3231 3220
3 3220 3231 3232
3 3220 3232 3221
3 3221 3232 3233
3 3221 3233 3222
3 3222 3233 3234
3 3222 3234 3223
3 3223 3234 3235
3 3223 3235 3224
3 3224 3235 3236
3 3224 3236 3225
3 3225 3236 3237
3 3225 3237 3226
3 3226 3237 3238
3 3226 3238 3227
3 3227 3238 3239
3 3227 3239 3228
3 3228 3239 3240
3 3228 3240 3229
3 3229 3240 3241
3 3229 3241 3230
3 3230 3241 3242
3 3230 3242 3219
3 3219 3242 3231
3 3231 3243 3232
3 3232 3243 3244
3 3232 3244 3233
3 3233 3244 3245
3 3233 3245 3234
3 3234 3245 3246
3 3234 3246 3235
3 3235 3246 3247
3 3235 3247 3236
3 3236 3247 3248
3 3236 3248 3237
3 3237 3248 3249
3 3237 3249 3238
3 3238 3249 3250
3 3238 3250 3239
3 3239 3250 3251
3 3239 3251 3240
3 3240 3251 3252
3 3240 3252 3241
3 3241 3252 3253
3 3241 3253 3242
3 3242 3253 3254
3 3242 3254 3231
3 3231 3254 3243
3 3243 3255 3244
3 3244 3255 3256
3 3244 3256 3245
3 3245 3256 3257
3 3245 3257 3246
3 3246 3257 3258
3 3246 3258 3247
3 3247 3258 3259
3 3247 3259 3248
3 3248 3259 3260
3 3248 3260 3249
3 3249 3260 3261
3 3249 3261 3250
3 3250 3261 3262
3 3250 3262 3251
3 3251 3262 3263
3 3251 3263 3252
3 3252 3263 3264
3 3252 3264 3253
3 3253 3264 3265
3 3253 3265 3254
3 3254 3265 3266
3 3254 3266 3243
3 3243 3266 3255
3 3267 3256 3255
3 3267 3257 3256
3 3267 3258 3257
3 3267 3259 3258
3 3267 3260 3259
3 3267 3261 3260
3 3267 3262 3261
3 3267 3263 3262
3 3267 3264 3263
3 3267 3265 3264
3 3267 3266 3265
3 3267 3255 3266
3 3268 3269 3270
3 3268 3270 3271
3 3268 3271 3272
3 3268 3272 3273
3 3268 3273 3274
3 3268 3274 3275
3 3268 3275 3276
3 3268 3276 3277
3 3268 3277 3278
3 3268 3278 3279
3 3268 3279 3280
3 3268 3280 3269
3 3269 3281 3270
3 3270 3281 3282
3 3270 3282 3271
3 3271 3282 3283
3 3271 3283 3272
3 3272 3283 3284
3 3272 3284 3273
3 3273 3284 3285
3 3273 3285 3274
3 3274 3285 3286
3 3274 3286 3275
3 3275 3286 3287
3 3275 3287 3276
3 3276 3287 3288
3 3276 3288 3277
3 3277 3288 3289
3 3277 3289 3278
3 3278 3289 3290
3 3278 3290 3279
3 3279 3290 3291
3 3279 3291 3280
3 3280 3291 3292
3 3280 3292 3269
3 3269 3292 3281
3 3281 3293 3282
3 3282 3293 3294
3 3282 3294 3283
3 3283 3294 3295
3 3283 3295 3284
3 3284 3295 3296
3 3284 3296 3285
3 3285 3296 3297
3 3285 3297 3286
3 3286 3297 3298
3 3286 3298 3287
3 3287 3298 3299
3 3287 3299 3288
3 3288 3299 3300
3 3288 3300 3289
3 3289 3300 3301
3 3289 3301 3290
3 3290 3301 3302
3 3290 3302 3291
3 3291 3302 3303
3 3291 3303 3292
3 3292 3303 3304
3 3292 3304 3281
3 3281 3304 3293
3 3293 3305 3294
3 3294 3305 3306
3 3294 3306 3295
3 3295 3306 3307
3 3295 3307 3296
3 3296 3307 3308
3 3296 3308 3297
3 3297 3308 3309
3 3297 3309 3298
3 3298 3309 3310
3 3298 3310 3299
3 3299 3310 3311
3 3299 3311 3300
3 3300 3311 3312
3 3300 3312 3301
3 3301 3312 3313
3 3301 3313 3302
3 3302 3313 3314
3 3302 3314 3303
3 3303 3314 3315
3 3303 3315 3304
3 3304 3315 3316
3 3304 3316 3293
3 3293 3316 3305
3 3305 3317 3306
3 3306 3317 3318
3 3306 3318 3307
3 3307 3318 3319
3 3307 3319 3308
3 3308 3319 3320
3 3308 3320 3309
3 3309 3320 3321
3 3309 3321 3310
3 3310 3321 3322
3 3310 3322 3311
3 3311 3322 3323
3 3311 3323 3312
3 3312 3323 3324
3 3312 3324 3313
3 3313 3324 3325
3 3313 3325 3314
3 3314 3325 3326
3 3314 3326 3315
3 3315 3326 3327
3 3315 3327 3316
3 3316 3327 3328
3 3316 3328 3305
3 3305 3328 3317
3 3317 3329 3318
3 3318 3329 3330
3 3318 3330 3319
3 3319 3330 3331
3 3319 3331 3320
3 3320 3331 3332
3 3320 3332 3321
3 3321 3332 3333
3 3321 3333 3322
3 3322 3333 3334
3 3322 3334 3323
3 3323 3334 3335
3 3323 3335 3324
3 3324 3335 3336
3 3324 3336 3325
3 3325 3336 3337
3 3325 3337 3326
3 3326 3337 3338
3 3326 3338 3327
3 3327 3338 3339
3 3327 3339 3328
3 3328 3339 3340
3 3328 3340 3317
3 3317 3340 3329
3 3329 3341 3330
3 3330 3341 3342
3 3330 3342 3331
3 3331 3342 3343
3 3331 3343 3332
3 3332 3343 3344
3 3332 3344 3333
3 3333 3344 3345
3 3333 3345 3334
3 3334 3345 3346
3 3334 3346 3335
3 3335 3346 3347
3 3335 3347 3336
3 3336 3347 3348
3 3336 3348 3337
3 3337 3348 3349
3 3337 3349 3338
3 3338 3349 3350
3 3338 3350 3339
3 3339 3350 3351
3 3339 3351 3340
3 3340 3351 3352
3 3340 3352 3329
3 3329 3352 3341
3 3353 3342 3341
3 3353 3343 3342
3 3353 3344 3343
3 3353 3345 3344
3 3353 3346 3345
3 3353 3347 3346
3 3353 3348 3347
3 3353 3349 3348
3 3353 3350 3349
3 3353 3351 3350
3 3353 3352 3351
3 3353 3341 3352
3 3354 3355 3356
3 3354 3356 3357
3 3354 3357 3358
3 3354 3358 3359
3 3354 3359 3360
3 3354 3360 3361
3 3354 3361 3362
3 3354 3362 3363
3 3354 3363 3364
3 3354 3364 3365
3 3354 3365 3366
3 3354 3366 3355
3 3355 3367 3356
3 3356 3367 3368
3 3356 3368 3357
3 3357 3368 3369
3 3357 3369 3358
3 3358 3369 3370
3 3358 3370 3359
3 3359 3370 3371
3 3359 3371 3360
3 3360 3371 3372
3 3360 3372 3361
3 3361 3372 3373
3 3361 3373 3362
3 3362 3373 3374
3 3362 3374 3363
3 3363 3374 3375
3 3363 3375 3364
3 3364 3375 3376
3 3364 3376 3365
3 3365 3376 3377
3 3365 3377 3366
3 3366 3377 3378
3 3366 3378 3355
3 3355 3378 3367
3 3367 3379 3368
3 3368 3379 3380
3 3368 3380 3369
3 3369 3380 3381
3 3369 3381 3370
3 3370 3381 3382
3 3370 3382 3371
3 3371 3382 3383
3 3371 3383 3372
3 3372 3383 3384
3 3372 3384 3373
3 3373 3384 3385
3 3373 3385 3374
3 3374 3385 3386
3 3374 3386 3375
3 3375 3386 3387
3 3375 3387 3376
3 3376 3387 3388
3 3376 3388 3377
3 3377 3388 3389
3 3377 3389 3378
3 3378 3389 3390
3 3378 3390 3367
3 3367 3390 3379
3 3379 3391 3380
3 3380 3391 3392
3 3380 3392 3381
3 3381 3392 3393
3 3381 3393 3382
3 3382 3393 3394
3 3382 3394 3383
3 3383 3394 3395
3 3383 3395 3384
3 3384 3395 3396
3 3384 3396 3385
3 3385 3396 3397
3 3385 3397 3386
3 3386 3397 3398
3 3386 3398 3387
3 3387 3398 3399
3 3387 3399 3388
3 3388 3399 3400
3 3388 3400 3389
3 3389 3400 3401
3 3389 3401 3390
3 3390 3401 3402
3 3390 3402 3379
3 3379 3402 3391
3 3391 3403 3392
3 3392 3403 3404
3 3392 3404 3393
3 3393 3404 3405
3 3393 3405 3394
3 3394 3405 3406
3 3394 3406 3395
3 3395 3406 3407
3 3395 3407 3396
3 3396 3407 3408
3 3396 3408 3397
3 3397 3408 3409
3 3397 3409 3398
3 3398 3409 3410
3 3398 3410 3399
3 3399 3410 3411
3 3399 3411 3400
3 3400 3411 3412
3 3400 3412 3401
3 3401 3412 3413
3 3401 3413 3402
3 3402 3413 3414
3 3402 3414 3391
3 3391 3414 3403
3 3403 3415 3404
3 3404 3415 3416
3 3404 3416 3405
3 3405 3416 3417
3 3405 3417 3406
3 3406 3417 3418
3 3406 3418 3407
3 3407 3418 3419
3 3407 3419 3408
3 3408 3419 3420
3 3408 3420 3409
3 3409 3420 3421
3 3409 3421 3410
3 3410 3421 3422
3 3410 3422 3411
3 3411 3422 3423
3 3411 3423 3412
3 3412 3423 3424
3 3412 3424 3413
3 3413 3424 3425
3 3413 3425 3414
3 3414 3425 3426
3 3414 3426 3403
3 3403 3426 3415
3 3415 3427 3416
3 3416 3427 3428
3 3416 3428 3417
3 3417 3428 3429
3 3417 3429 3418
3 3418 3429 3430
3 3418 3430 3419
3 3419 3430 3431
3 3419 3431 3420
3 3420 3431 3432
3 3420 3432 3421
3 3421 3432 3433
3 3421 3433 3422
3 3422 3433 3434
3 3422 3434 3423
3 3423 3434 3435
3 3423 3435 3424
3 3424 3435 3436
3 3424 3436 3425
3 3425 3436 3437
3 3425 3437 3426
3 3426 3437 3438
3 3426 3438 3415
3 3415 3438 3427
3 3439 3428 3427
3 3439 3429 3428
3 3439 3430 3429
3 3439 3431 3430
3 3439 3432 3431
3 3439 3433 3432
3 3439 3434 3433
3 3439 3435 3434
3 3439 3436 3435
3 3439 3437 3436
3 3439 3438 3437
3 3439 3427 3438
3 3440 3441 3442
3 3440 3442 3443
3 3440 3443 3444
3 3440 3444 3445
3 3440 3445 3446
3 3440 3446 3447
3 3440 3447 3448
3 3440 3448 3449
3 3440 3449 3450
3 3440 3450 3451
3 3440 3451 3452
3 3440 3452 3441
3 3441 3453 3442
3 3442 3453 3454
3 3442 3454 3443
3 3443 3454 3455
3 3443 3455 3444
3 3444 3455 3456
3 3444 3456 3445
3 3445 3456 3457
3 3445 3457 3446
3 3446 3457 3458
3 3446 3458 3447
3 3447 3458 3459
3 3447 3459 3448
3 3448 3459 3460
3 3448 3460 3449
3 3449 3460 3461
3 3449 3461 3450
3 3450 3461 3462
3 3450 3462 3451
3 3451 3462 3463
3 3451 3463 3452
3 3452 3463 3464
3 3452 3464 3441
3 3441 3464 3453
3 3453 3465 3454
3 3454 3465 3466
3 3454 3466 3455
3 3455 3466 3467
3 3455 3467 3456
3 3456 3467 3468
3 3456 3468 3457
3 3457 3468 3469
3 3457 3469 3458
3 3458 3469 3470
3 3458 3470 3459
3 3459 3470 3471
3 3459 3471 3460
3 3460 3471 3472
3 3460 3472 3461
3 3461 3472 3473
3 3461 3473 3462
3 3462 3473 3474
3 3462 3474 3463
3 3463 3474 3475
3 3463 3475 3464
3 3464 3475 3476
3 3464 3476 3453
3 3453 3476 3465
3 3465 3477 3466
3 3466 3477 3478
3 3466 3478 3467
3 3467 3478 3479
3 3467 3479 3468
3 3468 3479 3480
3 3468 3480 3469
3 3469 3480 3481
3 3469 3481 3470
3 3470 3481 3482
3 3470 3482 3471
3 3471 3482 3483
3 3471 3483 3472
3 3472 3483 3484
3 3472 3484 3473
3 3473 3484 3485
3 3473 3485 3474
3 3474 3485 3486
3 3474 3486 3475
3 3475 3486 3487
3 3475 3487 3476
3 3476 3487 3488
3 3476 3488 3465
3 3465 3488 3477
3 3477 3489 3478
3 3478 3489 3490
3 3478 3490 3479
3 3479 3490 3491
3 3479 3491 3480
3 3480 3491 3492
3 3480 3492 3481
3 3481 3492 3493
3 3481 3493 3482
3 3482 3493 3494
3 3482 3494 3483
3 3483 3494 3495
3 3483 3495 3484
3 3484 3495 3496
3 3484 3496 3485
3 3485 3496 3497
3 3485 3497 3486
3 3486 3497 3498
3 3486 3498 3487
3 3487 3498 3499
3 3487 3499 3488
3 3488 3499 3500
3 3488 3500 3477
3 3477 3500 3489
3 3489 3501 3490
3 3490 3501 3502
3 3490 3502 3491
3 3491 3502 3503
3 3491 3503 3492
3 3492 3503 3504
3 3492 3504 3493
3 3493 3504 3505
3 3493 3505 3494
3 3494 3505 3506
3 3494 3506 3495
3 3495 3506 3507
3 3495 3507 3496
3 3496 3507 3508
3 3496 3508 3497
3 3497 3508 3509
3 3497 3509 3498
3 3498 3509 3510
3 3498 3510 3499
3 3499 3510 3511
3 3499 3511 3500
3 3500 3511 3512
3 3500 3512 3489
3 3489 3512 3501
3 3501 3513 3502
3 3502 3513 3514
3 3502 3514 3503
3 3503 3514 3515
3 3503 3515 3504
3 3504 3515 3516
3 3504 3516 3505
3 3505 3516 3517
3 3505 3517 3506
3 3506 3517 3518
3 3506 3518 3507
3 3507 3518 3519
3 3507 3519 3508
3 3508 3519 3520
3 3508 3520 3509
3 3509 3520 3521
3 3509 3521 3510
3 3510 3521 3522
3 3510 3522 3511
3 3511 3522 3523
3 3511 3523 3512
3 3512 3523 3524
3 3512 3524 3501
3 3501 3524 3513
3 3525 3514 3513
3 3525 3515 3514
3 3525 3516 3515
3 3525 3517 3516
3 3525 3518 3517
3 3525 3519 3518
3 3525 3520 3519
3 3525 3521 3520
3 3525 3522 3521
3 3525 3523 3522
3 3525 3524 3523
3 3525 3513 3524
3 3526 3527 3528
3 3526 3528 3529
3 3526 3529 3530
3 3526 3530 3531
3 3526 3531 3532
3 3526 3532 3533
3 3526 3533 3534
3 3526 3534 3535
3 3526 3535 3536
3 3526 3536 3537
3 3526 3537 3538
3 3526 3538 3527
3 3527 3539 3528
3 3528 3539 3540
3 3528 3540 3529
3 3529 3540 3541
3 3529 3541 3530
3 3530 3541 3542
3 3530 3542 3531
3 3531 3542 3543
3 3531 3543 3532
3 3532 3543 3544
3 3532 3544 3533
3 3533 3544 3545
3 3533 3545 3534
3 3534 3545 3546
3 3534 3546 3535
3 3535 3546 3547
3 3535 3547 3536
3 3536 3547 3548
3 3536 3548 3537
3 3537 3548 3549
3 3537 3549 3538
3 3538 3549 3550
3 3538 3550 3527
3 3527 3550 3539
3 3539 3551 3540
3 3540 3551 3552
3 3540 3552 3541
3 3541 3552 3553
3 3541 3553 3542
3 3542 3553 3554
3 3542 3554 3543
3 3543 3554 3555
3 3543 3555 3544
3 3544 3555 3556
3 3544 3556 3545
3 3545 3556 3557
3 3545 3557 3546
3 3546 3557 3558
3 3546 3558 3547
3 3547 3558 3559
3 3547 3559 3548
3 3548 3559 3560
3 3548 3560 3549
3 3549 3560 3561
3 3549 3561 3550
3 3550 3561 3562
3 3550 3562 3539
3 3539 3562 3551
3 3551 3563 3552
3 3552 3563 3564
3 3552 3564 3553
3 3553 3564 3565
3 3553 3565 3554
3 3554 3565 3566
3 3554 3566 3555
3 3555 3566 3567
3 3555 3567 3556
3 3556 3567 3568
3 3556 3568 3557
3 3557 3568 3569
3 3557 3569 3558
3 3558 3569 3570
3 3558 3570 3559
3 3559 3570 3571
3 3559 3571 3560
3 3560 3571 3572
3 3560 3572 3561
3 3561 3572 3573
3 3561 3573 3562
3 3562 3573 3574
3 3562 3574 3551
3 3551 3574 3563
3 3563 3575 3564
3 3564 3575 3576
3 3564 3576 3565
3 3565 3576 3577
3 3565 3577 3566
3 3566 3577 3578
3 3566 3578 3567
3 3567 3578 3579
3 3567 3579 3568
3 3568 3579 3580
3 3568 3580 3569
3 3569 3580 3581
3 3569 3581 3570
3 3570 3581 3582
3 3570 3582 3571
3 3571 3582 3583
3 3571 3583 3572
3 3572 3583 3584
3 3572 3584 3573
3 3573 3584 3585
3 3573 3585 3574
3 3574 3585 3586
3 3574 3586 3563
3 3563 3586 3575
3 3575 3587 3576
3 3576 3587 3588
3 3576 3588 3577
3 3577 3588 3589
3 3577 3589 3578
3 3578 3589 3590
3 3578 3590 3579
3 3579 3590 3591
3 3579 3591 3580
3 3580 3591 3592
3 3580 3592 3581
3 3581 3592 3593
3 3581 3593 3582
3 3582 3593 3594
3 3582 3594 3583
3 3583 3594 3595
3 3583 3595 3584
3 3584 3595 3596
3 3584 3596 3585
3 3585 3596 3597
3 3585 3597 3586
3 3586 3597 3598
3 3586 3598 3575
3 3575 3598 3587
3 3587 3599 3588
3 3588 3599 3600
3 3588 3600 3589
3 3589 3600 3601
3 3589 3601 3590
3 3590 3601 3602
3 3590 3602 3591
3 3591 3602 3603
3 3591 3603 3592
3 3592 3603 3604
3 3592 3604 3593
3 3593 3604 3605
3 3593 3605 3594
3 3594 3605 3606
3 3594 3606 3595
3 3595 3606 3607
3 3595 3607 3596
3 3596 3607 3608
3 3596 3608 3597
3 3597 3608 3609
3 3597 3609 3598
3 3598 3609 3610
3 3598 3610 3587
3 3587 3610 3599
3 3611 3600 3599
3 3611 3601 3600
3 3611 3602 3601
3 3611 3603 3602
3 3611 3604 3603
3 3611 3605 3604
3 3611 3606 3605
3 3611 3607 3606
3 3611 3608 3607
3 3611 3609 3608
3 3611 3610 3609
3 3611 3599 3610
3 3612 3613 3614
3 3612 3614 3615
3 3612 3615 3616
3 3612 3616 3617
3 3612 3617 3618
3 3612 3618 3619
3 3612 3619 3620
3 3612 3620 3621
3 3612 3621 3622
3 3612 3622 3623
3 3612 3623 3624
3 3612 3624 3613
3 3613 3625 3614
3 3614 3625 3626
3 3614 3626 3615
3 3615 3626 3627
3 3615 3627 3616
3 3616 3627 3628
3 3616 3628 3617
3 3617 3628 3629
3 3617 3629 3618
3 3618 3629 3630
3 3618 3630 3619
3 3619 3630 3631
3 3619 3631 3620
3 3620 3631 3632
3 3620 3632 3621
3 3621 3632 3633
3 3621 3633 3622
3 3622 3633 3634
3 3622 3634 3623
3 3623 3634 3635
3 3623 3635 3624
3 3624 3635 3636
3 3624 3636 3613
3 3613 3636 3625
3 3625 3637 3626
3 3626 3637 3638
3 3626 3638 3627
3 3627 3638 3639
3 3627 3639 3628
3 3628 3639 3640
3 3628 3640 3629
3 3629 3640 3641
3 3629 3641 3630
3 3630 3641 3642
3 3630 3642 3631
3 3631 3642 3643
3 3631 3643 3632
3 3632 3643 3644
3 3632 3644 3633
3 3633 3644 3645
3 3633 3645 3634
3 3634 3645 3646
3 3634 3646 3635
3 3635 3646 3647
3 3635 3647 3636
3 3636 3647 3648
3 3636 3648 3625
3 3625 3648 3637
3 3637 3649 3638
3 3638 3649 3650
3 3638 3650 3639
3 3639 3650 3651
3 3639 3651 3640
3 3640 3651 3652
3 3640 3652 3641
3 3641 3652 3653
3 3641 3653 3642
3 3642 3653 3654
3 3642 3654 3643
3 3643 3654 3655
3 3643 3655 3644
3 3644 3655 3656
3 3644 3656 3645
3 3645 3656 3657
3 3645 3657 3646
3 3646 3657 3658
3 3646 3658 3647
3 3647 3658 3659
3 3647 3659 3648
3 3648 3659 3660
3 3648 3660 3637
3 3637 3660 3649
3 3649 3661 3650
3 3650 3661 3662
3 3650 3662 3651
3 3651 3662 3663
3 3651 3663 3652
3 3652 3663 3664
3 3652 3664 3653
3 3653 3664 3665
3 3653 3665 3654
3 3654 3665 3666
3 3654 3666 3655
3 3655 3666 3667
3 3655 3667 3656
3 3656 3667 3668
3 3656 3668 3657
3 3657 3668 3669
3 3657 3669 3658
3 3658 3669 3670
3 3658 3670 3659
3 3659 3670 3671
3 3659 3671 3660
3 3660 3671 3672
3 3660 3672 3649
3 3649 3672 3661
3 3661 3673 3662
3 3662 3673 3674
3 3662 3674 3663
3 3663 3674 3675
3 3663 3675 3664
3 3664 3675 3676
3 3664 3676 3665
3 3665 3676 3677
3 3665 3677 3666
3 3666 3677 3678
3 3666 3678 3667
3 3667 3678 3679
3 3667 3679 3668
3 3668 3679 3680
3 3668 3680 3669
3 3669 3680 3681
3 3669 3681 3670
3 3670 3681 3682
3 3670 3682 3671
3 3671 3682 3683
3 3671 3683 3672
3 3672 3683 3684
3 3672 3684 3661
3 3661 3684 3673
3 3673 3685 3674
3 3674 3685 3686
3 3674 3686 3675
3 3675 3686 3687
3 3675 3687 3676
3 3676 3687 3688
3 3676 3688 3677
3 3677 3688 3689
3 3677 3689 3678
3 3678 3689 3690
3 3678 3690 3679
3 3679 3690 3691
3 3679 3691 3680
3 3680 3691 3692
3 3680 3692 3681
3 3681 3692 3693
3 3681 3693 3682
3 3682 3693 3694
3 3682 3694 3683
3 3683 3694 3695
3 3683 3695 3684
3 3684 3695 3696
3 3684 3696 3673
3 3673 3696 3685
3 3697 3686 3685
3 3697 3687 3686
3 3697 3688 3687
3 3697 3689 3688
3 3697 3690 3689
3 3697 3691 3690
3 3697 3692 3691
3 3697 3693 3692
3 3697 3694 3693
3 3697 3695 3694
3 3697 3696 3695
3 3697 3685 3696
3 3698 3699 3700
3 3698 3700 3701
3 3698 3701 3702
3 3698 3702 3703
3 3698 3703 3704
3 3698 3704 3705
3 3698 3705 3706
3 3698 3706 3707
3 3698 3707 3708
3 3698 3708 3709
3 3698 3709 3710
3 3698 3710 3699
3 3699 3711 3700
3 3700 3711 3712
3 3700 3712 3701
3 3701 3712 3713
3 3701 3713 3702
3 3702 3713 3714
3 3702 3714 3703
3 3703 3714 3715
3 3703 3715 3704
3 3704 3715 3716
3 3704 3716 3705
3 3705 3716 3717
3 3705 3717 3706
3 3706 3717 3718
3 3706 3718 3707
3 3707 3718 3719
3 3707 3719 3708
3 3708 3719 3720
3 3708 3720 3709
3 3709 3720 3721
3 3709 3721 3710
3 3710 3721 3722
3 3710 3722 3699
3 3699 3722 3711
3 3711 3723 3712
3 3712 3723 3724
3 3712 3724 3713
3 3713 3724 3725
3 3713 3725 3714
3 3714 3725 3726
3 3714 3726 3715
3 3715 3726 3727
3 3715 3727 3716
3 3716 3727 3728
3 3716 3728 3717
3 3717 3728 3729
3 3717 3729 3718
3 3718 3729 3730
3 3718 3730 3719
3 3719 3730 3731
3 3719 3731 3720
3 3720 3731 3732
3 3720 3732 3721
3 3721 3732 3733
3 3721 3733 3722
3 3722 3733 3734
3 3722 3734 3711
3 3711 3734 3723
3 3723 3735 3724
3 3724 3735 3736
3 3724 3736 3725
3 3725 3736 3737
3 3725 3737 3726
3 3726 3737 3738
3 3726 3738 3727
3 3727 3738 3739
3 3727 3739 3728
3 3728 3739 3740
3 3728 3740 3729
3 3729 3740 3741
3 3729 3741 3730
3 3730 3741 3742
3 3730 3742 3731
3 3731 3742 3743
3 3731 3743 3732
3 3732 3743 3744
3 3732 3744 3733
3 3733 3744 3745
3 3733 3745 3734
3 3734 3745 3746
3 3734 3746 3723
3 3723 3746 3735
3 3735 3747 3736
3 3736 3747 3748
3 3736 3748 3737
3 3737 3748 3749
3 3737 3749 3738
3 3738 3749 3750
3 3738 3750 3739
3 3739 3750 3751
3 3739 3751 3740
3 3740 3751 3752
3 3740 3752 3741
3 3741 3752 3753
3 3741 3753 3742
3 3742 3753 3754
3 3742 3754 3743
3 3743 3754 3755
3 3743 3755 3744
3 3744 3755 3756
3 3744 3756 3745
3 3745 3756 3757
3 3745 3757 3746
3 3746 3757 3758
3 3746 3758 3735
3 3735 3758 3747
3 3747 3759 3748
3 3748 3759 3760
3 3748 3760 3749
3 3749 3760 3761
3 3749 3761 3750
3 3750 3761 3762
3 3750 3762 3751
3 3751 3762 3763
3 3751 3763 3752
3 3752 3763 3764
3 3752 3764 3753
3 3753 3764 3765
3 3753 3765 3754
3 3754 3765 3766
3 3754 3766 3755
3 3755 3766 3767
3 3755 3767 3756
3 3756 3767 3768
3 3756 3768 3757
3 3757 3768 3769
3 3757 3769 3758
3 3758 3769 3770
3 3758 3770 3747
3 3747 3770 3759
3 3759 3771 3760
3 3760 3771 3772
3 3760 3772 3761
3 3761 3772 3773
3 3761 3773 3762
3 3762 3773 3774
3 3762 3774 3763
3 3763 3774 3775
3 3763 3775 3764
3 3764 3775 3776
3 3764 3776 3765
3 3765 3776 3777
3 3765 3777 3766
3 3766 3777 3778
3 3766 3778 3767
3 3767 3778 3779
3 3767 3779 3768
3 3768 3779 3780
3 3768 3780 3769
3 3769 3780 3781
3 3769 3781 3770
3 3770 3781 3782
3 3770 3782 3759
3 3759 3782 3771
3 3783 3772 3771
3 3783 3773 3772
3 3783 3774 3773
3 3783 3775 3774
3 3783 3776 3775
3 3783 3777 3776
3 3783 3778 3777
3 3783 3779 3778
3 3783 3780 3779
3 3783 3781 3780
3 3783 3782 3781
3 3783 3771 3782
3 3784 3785 3786
3 3784 3786 3787
3 3784 3787 3788
3 3784 3788 3789
3 3784 3789 3790
3 3784 3790 3791
3 3784 3791 3792
3 3784 3792 3793
3 3784 3793 3794
3 3784 3794 3795
3 3784 3795 3796
3 3784 3796 3785
3 3785 3797 3786
3 3786 3797 3798
3 3786 3798 3787
3 3787 3798 3799
3 3787 3799 3788
3 3788 3799 3800
3 3788 3800 3789
3 3789 3800 3801
3 3789 3801 3790
3 3790 3801 3802
3 3790 3802 3791
3 3791 3802 3803
3 3791 3803 3792
3 3792 3803 3804
3 3792 3804 3793
3 3793 3804 3805
3 3793 3805 3794
3 3794 3805 3806
3 3794 3806 3795
3 3795 3806 3807
3 3795 3807 3796
3 3796 3807 3808
3 3796 3808 3785
3 3785 3808 3797
3 3797 3809 3798
3 3798 3809 3810
3 3798 3810 3799
3 3799 3810 3811
3 3799 3811 3800
3 3800 3811 3812
3 3800 3812 3801
3 3801 3812 3813
3 3801 3813 3802
3 3802 3813 3814
3 3802 3814 3803
3 3803 3814 3815
3 3803 3815 3804
3 3804 3815 3816
3 3804 3816 3805
3 3805 3816 3817
3 3805 3817 3806
3 3806 3817 3818
3 3806 3818 3807
3 3807 3818 3819
3 3807 3819 3808
3 3808 3819 3820
3 3808 3820 3797
3 3797 3820 3809
3 3809 3821 3810
3 3810 3821 3822
3 3810 3822 3811
3 3811 3822 3823
3 3811 3823 3812
3 3812 3823 3824
3 3812 3824 3813
3 3813 3824 3825
3 3813 3825 3814
3 3814 3825 3826
3 3814 3826 3815
3 3815 3826 3827
3 3815 3827 3816
3 3816 3827 3828
3 3816 3828 3817
3 3817 3828 3829
3 3817 3829 3818
3 3818 3829 3830
3 3818 3830 3819
3 3819 3830 3831
3 3819 3831 3820
3 3820 3831 3832
3 3820 3832 3809
3 3809 3832 3821
3 3821 3833 3822
3 3822 3833 3834
3 3822 3834 3823
3 3823 3834 3835
3 3823 3835 3824
3 3824 3835 3836
3 3824 3836 3825
3 3825 3836 3837
3 3825 3837 3826
3 3826 3837 3838
3 3826 3838 3827
3 3827 3838 3839
3 3827 3839 3828
3 3828 3839 3840
3 3828 3840 3829
3 3829 3840 3841
3 3829 3841 3830
3 3830 3841 3842
3 3830 3842 3831
3 3831 3842 3843
3 3831 3843 3832
3 3832 3843 3844
3 3832 3844 3821
3 3821 3844 3833
3 3833 3845 3834
3 3834 3845 3846
3 3834 3846 3835
3 3835 3846 3847
3 3835 3847 3836
3 3836 3847 3848
3 3836 3848 3837
3 3837 3848 3849
3 3837 3849 3838
3 3838 3849 3850
3 3838 3850 3839
3 3839 3850 3851
3 3839 3851 3840
3 3840 3851 3852
3 3840 3852 3841
3 3841 3852 3853
3 3841 3853 3842
3 3842 3853 3854
3 3842 3854 3843
3 3843 3854 3855
3 3843 3855 3844
3 3844 3855 3856
3 3844 3856 3833
3 3833 3856 3845
3 3845 3857 3846
3 3846 3857 3858
3 3846 3858 3847
3 3847 3858 3859
3 3847 3859 3848
3 3848 3859 3860
3 3848 3860 3849
3 3849 3860 3861
3 3849 3861 3850
3 3850 3861 3862
3 3850 3862 3851
3 3851 3862 3863
3 3851 3863 3852
3 3852 3863 3864
3 3852 3864 3853
3 3853 3864 3865
3 3853 3865 3854
3 3854 3865 3866
3 3854 3866 3855
3 3855 3866 3867
3 3855 3867 3856
3 3856 3867 3868
3 3856 3868 3845
3 3845 3868 3857
3 3869 3858 3857
3 3869 3859 3858
3 3869 3860 3859
3 3869 3861 3860
3 3869 3862 3861
3 3869 3863 3862
3 3869 3864 3863
3 3869 3865 3864
3 3869 3866 3865
3 3869 3867 3866
3 3869 3868 3867
3 3869 3857 3868
3 3870 3871 3872
3 3870 3872 3873
3 3870 3873 3874
3 3870 3874 3875
3 3870 3875 3876
3 3870 3876 3877
3 3870 3877 3878
3 3870 3878 3879
3 3870 3879 3880
3 3870 3880 3881
3 3870 3881 3882
3 3870 3882 3871
3 3871 3883 3872
3 3872 3883 3884
3 3872 3884 3873
3 3873 3884 3885
3 3873 3885 3874
3 3874 3885 3886
3 3874 3886 3875
3 3875 3886 3887
3 3875 3887 3876
3 3876 3887 3888
3 3876 3888 3877
3 3877 3888 3889
3 3877 3889 3878
3 3878 3889 3890
3 3878 3890 3879
3 3879 3890 3891
3 3879 3891 3880
3 3880 3891 3892
3 3880 3892 3881
3 3881 3892 3893
3 3881 3893 3882
3 3882 3893 3894
3 3882 3894 3871
3 3871 3894 3883
3 3883 3895 3884
3 3884 3895 3896
3 3884 3896 3885
3 3885 3896 3897
3 3885 3897 3886
3 3886 3897 3898
3 3886 3898 3887
3 3887 3898 3899
3 3887 3899 3888
3 3888 3899 3900
3 3888 3900 3889
3 3889 3900 3901
3 3889 3901 3890
3 3890 3901 3902
3 3890 3902 3891
3 3891 3902 3903
3 3891 3903 3892
3 3892 3903 3904
3 3892 3904 3893
3 3893 3904 3905
3 3893 3905 3894
3 3894 3905 3906
3 3894 3906 3883
3 3883 3906 3895
3 3895 3907 3896
3 3896 3907 3908
3 3896 3908 3897
3 3897 3908 3909
3 3897 3909 3898
3 3898 3909 3910
3 3898 3910 3899
3 3899 3910 3911
3 3899 3911 3900
3 3900 3911 3912
3 3900 3912 3901
3 3901 3912 3913
3 3901 3913 3902
3 3902 3913 3914
3 3902 3914 3903
3 3903 3914 3915
3 3903 3915 3904
3 3904 3915 3916
3 3904 3916 3905
3 3905 3916 3917
3 3905 3917 3906
3 3906 3917 3918
3 3906 3918 3895
3 3895 3918 3907
3 3907 3919 3908
3 3908 3919 3920
3 3908 3920 3909
3 3909 3920 3921
3 3909 3921 3910
3 3910 3921 3922
3 3910 3922 3911
3 3911 3922 3923
3 3911 3923 3912
3 3912 3923 3924
3 3912 3924 3913
3 3913 3924 3925
3 3913 3925 3914
3 3914 3925 3926
3 3914 3926 3915
3 3915 3926 3927
3 3915 3927 3916
3 3916 3927 3928
3 3916 3928 3917
3 3917 3928 3929
3 3917 3929 3918
3 3918 3929 3930
3 3918 3930 3907
3 3907 3930 3919
3 3919 3931 3920
3 3920 3931 3932
3 3920 3932 3921
3 3921 3932 3933
3 3921 3933 3922
3 3922 3933 3934
3 3922 3934 3923
3 3923 3934 3935
3 3923 3935 3924
3 3924 3935 3936
3 3924 3936 3925
3 3925 3936 3937
3 3925 3937 3926
3 3926 3937 3938
3 3926 3938 3927
3 3927 3938 3939
3 3927 3939 3928
3 3928 3939 3940
3 3928 3940 3929
3 3929 3940 3941
3 3929 3941 3930
3 3930 3941 3942
3 3930 3942 3919
3 3919 3942 3931
3 3931 3943 3932
3 3932 3943 3944
3 3932 3944 3933
3 3933 3944 3945
3 3933 3945 3934
3 3934 3945 3946
3 3934 3946 3935
3 3935 3946 3947
3 3935 3947 3936
3 3936 3947 3948
3 3936 3948 3937
3 3937 3948 3949
3 3937 3949 3938
3 3938 3949 3950
3 3938 3950 3939
3 3939 3950 3951
3 3939 3951 3940
3 3940 3951 3952
3 3940 3952 3941
3 3941 3952 3953
3 3941 3953 3942
3 3942 3953 3954
3 3942 3954 3931
3 3931 3954 3943
3 3955 3944 3943
3 3955 3945 3944
3 3955 3946 3945
3 3955 3947 3946
3 3955 3948 3947
3 3955 3949 3948
3 3955 3950 3949
3 3955 3951 3950
3 3955 3952 3951
3 3955 3953 3952
3 3955 3954 3953
3 3955 3943 3954
3 3956 3957 3958
3 3956 3958 3959
3 3956 3959 3960
3 3956 3960 3961
3 3956 3961 3962
3 3956 3962 3963
3 3956 3963 3964
3 3956 3964 3965
3 3956 3965 3966
3 3956 3966 3967
3 3956 3967 3968
3 3956 3968 3957
3 3957 3969 3958
3 3958 3969 3970
3 3958 3970 3959
3 3959 3970 3971
3 3959 3971 3960
3 3960 3971 3972
3 3960 3972 3961
3 3961 3972 3973
3 3961 3973 3962
3 3962 3973 3974
3 3962 3974 3963
3 3963 3974 3975
3 3963 3975 3964
3 3964 3975 3976
3 3964 3976 3965
3 3965 3976 3977
3 3965 3977 3966
3 3966 3977 3978
3 3966 3978 3967
3 3967 3978 3979
3 3967 3979 3968
3 3968 3979 3980
3 3968 3980 3957
3 3957 3980 3969
3 3969 3981 3970
3 3970 3981 3982
3 3970 3982 3971
3 3971 3982 3983
3 3971 3983 3972
3 3972 3983 3984
3 3972 3984 3973
3 3973 3984 3985
3 3973 3985 3974
3 3974 3985 3986
3 3974 3986 3975
3 3975 3986 3987
3 3975 3987 3976
3 3976 3987 3988
3 3976 3988 3977
3 3977 3988 3989
3 3977 3989 3978
3 3978 3989 3990
3 3978 3990 3979
3 3979 3990 3991
3 3979 3991 3980
3 3980 3991 3992
3 3980 3992 3969
3 3969 3992 3981
3 3981 3993 3982
3 3982 3993 3994
3 3982 3994 3983
3 3983 3994 3995
3 3983 3995 3984
3 3984 3995 3996
3 3984 3996 3985
3 3985 3996 3997
3 3985 3997 3986
3 3986 3997 3998
3 3986 3998 3987
3 3987 3998 3999
3 3987 3999 3988
3 3988 3999 4000
3 3988 4000 3989
3 3989 4000 4001
3 3989 4001 3990
3 3990 4001 4002
3 3990 4002 3991
3 3991 4002 4003
3 3991 4003 3992
3 3992 4003 4004
3 3992 4004 3981
3 3981 4004 3993
3 3993 4005 3994
3 3994 4005 4006
3 3994 4006 3995
3 3995 4006 4007
3 3995 4007 3996
3 3996 4007 4008
3 3996 4008 3997
3 3997 4008 4009
3 3997 4009 3998
3 3998 4009 4010
3 3998 4010 3999
3 3999 4010 4011
3 3999 4011 4000
3 4000 4011 4012
3 4000 4012 4001
3 4001 4012 4013
3 4001 4013 4002
3 4002 4013 4014
3 4002 4014 4003
3 4003 4014 4015
3 4003 4015 4004
3 4004 4015 4016
3 4004 4016 3993
3 3993 4016 4005
3 4005 4017 4006
3 4006 4017 4018
3 4006 4018 4007
3 4007 4018 4019
3 4007 4019 4008
3 4008 4019 4020
3 4008 4020 4009
3 4009 4020 4021
3 4009 4021 4010
3 4010 4021 4022
3 4010 4022 4011
3 4011 4022 4023
3 4011 4023 4012
3 4012 4023 4024
3 4012 4024 4013
3 4013 4024 4025
3 4013 4025 4014
3 4014 4025 4026
3 4014 4026 4015
3 4015 4026 4027
3 4015 4027 4016
3 4016 4027 4028
3 4016 4028 4005
3 4005 4028 4017
3 4017 4029 4018
3 4018 4029 4030
3 4018 4030 4019
3 4019 4030 4031
3 4019 4031 4020
3 4020 4031 4032
3 4020 4032 4021
3 4021 4032 4033
3 4021 4033 4022
3 4022 4033 4034
3 4022 4034 4023
3 4023 4034 4035
3 4023 4035 4024
3 4024 4035 4036
3 4024 4036 4025
3 4025 4036 4037
3 4025 4037 4026
3 4026 4037 4038
3 4026 4038 4027
3 4027 4038 4039
3 4027 4039 4028
3 4028 4039 4040
3 4028 4040 4017
3 4017 4040 4029
3 4041 4030 4029
3 4041 4031 4030
3 4041 4032 4031
3 4041 4033 4032
3 4041 4034 4033
3 4041 4035 4034
3 4041 4036 4035
3 4041 4037 4036
3 4041 4038 4037
3 4041 4039 4038
3 4041 4040 4039
3 4041 4029 4040
3 4042 4043 4044
3 4042 4044 4045
3 4042 4045 4046
3 4042 4046 4047
3 4042 4047 4048
3 4042 4048 4049
3 4042 4049 4050
3 4042 4050 4051
3 4042 4051 4052
3 4042 4052 4053
3 4042 4053 4054
3 4042 4054 4043
3 4043 4055 4044
3 4044 4055 4056
3 4044 4056 4045
3 4045 4056 4057
3 4045 4057 4046
3 4046 4057 4058
3 4046 4058 4047
3 4047 4058 4059
3 4047 4059 4048
3 4048 4059 4060
3 4048 4060 4049
3 4049 4060 4061
3 4049 4061 4050
3 4050 4061 4062
3 4050 4062 4051
3 4051 4062 4063
3 4051 4063 4052
3 4052 4063 4064
3 4052 4064 4053
3 4053 4064 4065
3 4053 4065 4054
3 4054 4065 4066
3 4054 4066 4043
3 4043 4066 4055
3 4055 4067 4056
3 4056 4067 4068
3 4056 4068 4057
3 4057 4068 4069
3 4057 4069 4058
3 4058 4069 4070
3 4058 4070 4059
3 4059 4070 4071
3 4059 4071 4060
3 4060 4071 4072
3 4060 4072 4061
3 4061 4072 4073
3 4061 4073 4062
3 4062 4073 4074
3 4062 4074 4063
3 4063 4074 4075
3 4063 4075 4064
3 4064 4075 4076
3 4064 4076 4065
3 4065 4076 4077
3 4065 4077 4066
3 4066 4077 4078
3 4066 4078 4055
3 4055 4078 4067
3 4067 4079 4068
3 4068 4079 4080
3 4068 4080 4069
3 4069 4080 4081
3 4069 4081 4070
3 4070 4081 4082
3 4070 4082 4071
3 4071 4082 4083
3 4071 4083 4072
3 4072 4083 4084
3 4072 4084 4073
3 4073 4084 4085
3 4073 4085 4074
3 4074 4085 4086
3 4074 4086 4075
3 4075 4086 4087
3 4075 4087 4076
3 4076 4087 4088
3 4076 4088 4077
3 4077 4088 4089
3 4077 4089 4078
3 4078 4089 4090
3 4078 4090 4067
3 4067 4090 4079
3 4079 4091 4080
3 4080 4091 4092
3 4080 4092 4081
3 4081 4092 4093
3 4081 4093 4082
3 4082 4093 4094
3 4082 4094 4083
3 4083 4094 4095
3 4083 4095 4084
3 4084 4095 4096
3 4084 4096 4085
3 4085 4096 4097
3 4085 4097 4086
3 4086 4097 4098
3 4086 4098 4087
3 4087 4098 4099
3 4087 4099 4088
3 4088 4099 4100
3 4088 4100 4089
3 4089 4100 4101
3 4089 4101 4090
3 4090 4101 4102
3 4090 4102 4079
3 4079 4102 4091
3 4091 4103 4092
3 4092 4103 4104
3 4092 4104 4093
3 4093 4104 4105
3 4093 4105 4094
3 4094 4105 4106
3 4094 4106 4095
3 4095 4106 4107
3 4095 4107 4096
3 4096 4107 4108
3 4096 4108 4097
3 4097 4108 4109
3 4097 4109 4098
3 4098 4109 4110
3 4098 4110 4099
3 4099 4110 4111
3 4099 4111 4100
3 4100 4111 4112
3 4100 4112 4101
3 4101 4112 4113
3 4101 4113 4102
3 4102 4113 4114
3 4102 4114 4091
3 4091 4114 4103
3 4103 4115 4104
3 4104 4115 4116
3 4104 4116 4105
3 4105 4116 4117
3 4105 4117 4106
3 4106 4117 4118
3 4106 4118 4107
3 4107 4118 4119
3 4107 4119 4108
3 4108 4119 4120
3 4108 4120 4109
3 4109 4120 4121
3 4109 4121 4110
3 4110 4121 4122
3 4110 4122 4111
3 4111 4122 4123
3 4111 4123 4112
3 4112 4123 4124
3 4112 4124 4113
3 4113 4124 4125
3 4113 4125 4114
3 4114 4125 4126
3 4114 4126 4103
3 4103 4126 4115
3 4127 4116 4115
3 4127 4117 4116
3 4127 4118 4117
3 4127 4119 4118
3 4127 4120 4119
3 4127 4121 4120
3 4127 4122 4121
3 4127 4123 4122
3 4127 4124 4123
3 4127 4125 4124
3 4127 4126 4125
3 4127 4115 4126
3 4128 4129 4130
3 4128 4130 4131
3 4128 4131 4132
3 4128 4132 4133
3 4128 4133 4134
3 4128 4134 4135
3 4128 4135 4136
3 4128 4136 4137
3 4128 4137 4138
3 4128 4138 4139
3 4128 4139 4140
3 4128 4140 4129
3 4129 4141 4130
3 4130 4141 4142
3 4130 4142 4131
3 4131 4142 4143
3 4131 4143 4132
3 4132 4143 4144
3 4132 4144 4133
3 4133 4144 4145
3 4133 4145 4134
3 4134 4145 4146
3 4134 4146 4135
3 4135 4146 4147
3 4135 4147 4136
3 4136 4147 4148
3 4136 4148 4137
3 4137 4148 4149
3 4137 4149 4138
3 4138 4149 4150
3 4138 4150 4139
3 4139 4150 4151
3 4139 4151 4140
3 4140 4151 4152
3 4140 4152 4129
3 4129 4152 4141
3 4141 4153 4142
3 4142 4153 4154
3 4142 4154 4143
3 4143 4154 4155
3 4143 4155 4144
3 4144 4155 4156
3 4144 4156 4145
3 4145 4156 4157
3 4145 4157 4146
3 4146 4157 4158
3 4146 4158 4147
3 4147 4158 4159
3 4147 4159 4148
3 4148 4159 4160
3 4148 4160 4149
3 4149 4160 4161
3 4149 4161 4150
3 4150 4161 4162
3 4150 4162 4151
3 4151 4162 4163
3 4151 4163 4152
3 4152 4163 4164
3 4152 4164 4141
3 4141 4164 4153
3 4153 4165 4154
3 4154 4165 4166
3 4154 4166 4155
3 4155 4166 4167
3 4155 4167 4156
3 4156 4167 4168
3 4156 4168 4157
3 4157 4168 4169
3 4157 4169 4158
3 4158 4169 4170
3 4158 4170 4159
3 4159 4170 4171
3 4159 4171 4160
3 4160 4171 4172
3 4160 4172 4161
3 4161 4172 4173
3 4161 4173 4162
3 4162 4173 4174
3 4162 4174 4163
3 4163 4174 4175
3 4163 4175 4164
3 4164 4175 4176
3 4164 4176 4153
3 4153 4176 4165
3 4165 4177 4166
3 4166 4177 4178
3 4166 4178 4167
3 4167 4178 4179
3 4167 4179 4168
3 4168 4179 4180
3 4168 4180 4169
3 4169 4180 4181
3 4169 4181 4170
3 4170 4181 4182
3 4170 4182 4171
3 4171 4182 4183
3 4171 4183 4172
3 4172 4183 4184
3 4172 4184 4173
3 4173 4184 4185
3 4173 4185 4174
3 4174 4185 4186
3 4174 4186 4175
3 4175 4186 4187
3 4175 4187 4176
3 4176 4187 4188
3 4176 4188 4165
3 4165 4188 4177
3 4177 4189 4178
3 4178 4189 4190
3 4178 4190 4179
3 4179 4190 4191
3 4179 4191 4180
3 4180 4191 4192
3 4180 4192 4181
3 4181 4192 4193
3 4181 4193 4182
3 4182 4193 4194
3 4182 4194 4183
3 4183 4194 4195
3 4183 4195 4184
3 4184 4195 4196
3 4184 4196 4185
3 4185 4196 4197
3 4185 4197 4186
3 4186 4197 4198
3 4186 4198 4187
3 4187 4198 4199
3 4187 4199 4188
3 4188 4199 4200
3 4188 4200 4177
3 4177 4200 4189
3 4189 4201 4190
3 4190 4201 4202
3 4190 4202 4191
3 4191 4202 4203
3 4191 4203 4192
3 4192 4203 4204
3 4192 4204 4193
3 4193 4204 4205
3 4193 4205 4194
3 4194 4205 4206
3 4194 4206 4195
3 4195 4206 4207
3 4195 4207 4196
3 4196 4207 4208
3 4196 4208 4197
3 4197 4208 4209
3 4197 4209 4198
3 4198 4209 4210
3 4198 4210 4199
3 4199 4210 4211
3 4199 4211 4200
3 4200 4211 4212
3 4200 4212 4189
3 4189 4212 4201
3 4213 4202 4201
3 4213 4203 4202
3 4213 4204 4203
3 4213 4205 4204
3 4213 4206 4205
3 4213 4207 4206
3 4213 4208 4207
3 4213 4209 4208
3 4213 4210 4209
3 4213 4211 4210
3 4213 4212 4211
3 4213 4201 4212
3 4214 4215 4216
3 4214 4216 4217
3 4214 4217 4218
3 4214 4218 4219
3 4214 4219 4220
3 4214 4220 4221
3 4214 4221 4222
3 4214 4222 4223
3 4214 4223 4224
3 4214 4224 4225
3 4214 4225 4226
3 4214 4226 4215
3 4215 4227 4216
3 4216 4227 4228
3 4216 4228 4217
3 4217 4228 4229
3 4217 4229 4218
3 4218 4229 4230
3 4218 4230 4219
3 4219 4230 4231
3 4219 4231 4220
3 4220 4231 4232
3 4220 4232 4221
3 4221 4232 4233
3 4221 4233 4222
3 4222 4233 4234
3 4222 4234 4223
3 4223 4234 4235
3 4223 4235 4224
3 4224 4235 4236
3 4224 4236 4225
3 4225 4236 4237
3 4225 4237 4226
3 4226 4237 4238
3 4226 4238 4215
3 4215 4238 4227
3 4227 4239 4228
3 4228 4239 4240
3 4228 4240 4229
3 4229 4240 4241
3 4229 4241 4230
3 4230 4241 4242
3 4230 4242 4231
3 4231 4242 4243
3 4231 4243 4232
3 4232 4243 4244
3 4232 4244 4233
3 4233 4244 4245
3 4233 4245 4234
3 4234 4245 4246
3 4234 4246 4235
3 4235 4246 4247
3 4235 4247 4236
3 4236 4247 4248
3 4236 4248 4237
3 4237 4248 4249
3 4237 4249 4238
3 4238 4249 4250
3 4238 4250 4227
3 4227 4250 4239
3 4239 4251 4240
3 4240 4251 4252
3 4240 4252 4241
3 4241 4252 4253
3 4241 4253 4242
3 4242 4253 4254
3 4242 4254 4243
3 4243 4254 4255
3 4243 4255 4244
3 4244 4255 4256
3 4244 4256 4245
3 4245 4256 4257
3 4245 4257 4246
3 4246 4257 4258
3 4246 4258 4247
3 4247 4258 4259
3 4247 4259 4248
3 4248 4259 4260
3 4248 4260 4249
3 4249 4260 4261
3 4249 4261 4250
3 4250 4261 4262
3 4250 4262 4239
3 4239 4262 4251
3 4251 4263 4252
3 4252 4263 4264
3 4252 4264 4253
3 4253 4264 4265
3 4253 4265 4254
3 4254 4265 4266
3 4254 4266 4255
3 4255 4266 4267
3 4255 4267 4256
3 4256 4267 4268
3 4256 4268 4257
3 4257 4268 4269
3 4257 4269 4258
3 4258 4269 4270
3 4258 4270 4259
3 4259 4270 4271
3 4259 4271 4260
3 4260 4271 4272
3 4260 4272 4261
3 4261 4272 4273
3 4261 4273 4262
3 4262 4273 4274
3 4262 4274 4251
3 4251 4274 4263
3 4263 4275 4264
3 4264 4275 4276
3 4264 4276 4265
3 4265 4276 4277
3 4265 4277 4266
3 4266 4277 4278
3 4266 4278 4267
3 4267 4278 4279
3 4267 4279 4268
3 4268 4279 4280
3 4268 4280 4269
3 4269 4280 4281
3 4269 4281 4270
3 4270 4281 4282
3 4270 4282 4271
3 4271 4282 4283
3 4271 4283 4272
3 4272 4283 4284
3 4272 4284 4273
3 4273 4284 4285
3 4273 4285 4274
3 4274 4285 4286
3 4274 4286 4263
3 4263 4286 4275
3 4275 4287 4276
3 4276 4287 4288
3 4276 4288 4277
3 4277 4288 4289
3 4277 4289 4278
3 4278 4289 4290
3 4278 4290 4279
3 4279 4290 4291
3 4279 4291 4280
3 4280 4291 4292
3 4280 4292 4281
3 4281 4292 4293
3 4281 4293 4282
3 4282 4293 4294
3 4282 4294 4283
3 4283 4294 4295
3 4283 4295 4284
3 4284 4295 4296
3 4284 4296 4285
3 4285 4296 4297
3 4285 4297 4286
3 4286 4297 4298
3 4286 4298 4275
3 4275 4298 4287
3 4299 4288 4287
3 4299 4289 4288
3 4299 4290 4289
3 4299 4291 4290
3 4299 4292 4291
3 4299 4293 4292
3 4299 4294 4293
3 4299 4295 4294
3 4299 4296 4295
3 4299 4297 4296
3 4299 4298 4297
3 4299 4287 4298
3 4300 4301 4302
3 4300 4302 4303
3 4300 4303 4304
3 4300 4304 4305
3 4300 4305 4306
3 4300 4306 4307
3 4300 4307 4308
3 4300 4308 4309
3 4300 4309 4310
3 4300 4310 4311
3 4300 4311 4312
3 4300 4312 4301
3 4301 4313 4302
3 4302 4313 4314
3 4302 4314 4303
3 4303 4314 4315
3 4303 4315 4304
3 4304 4315 4316
3 4304 4316 4305
3 4305 4316 4317
3 4305 4317 4306
3 4306 4317 4318
3 4306 4318 4307
3 4307 4318 4319
3 4307 4319 4308
3 4308 4319 4320
3 4308 4320 4309
3 4309 4320 4321
3 4309 4321 4310
3 4310 4321 4322
3 4310 4322 4311
3 4311 4322 4323
3 4311 4323 4312
3 4312 4323 4324
3 4312 4324 4301
3 4301 4324 4313
3 4313 4325 4314
3 4314 4325 4326
3 4314 4326 4315
3 4315 4326 4327
3 4315 4327 4316
3 4316 4327 4328
3 4316 4328 4317
3 4317 4328 4329
3 4317 4329 4318
3 4318 4329 4330
3 4318 4330 4319
3 4319 4330 4331
3 4319 4331 4320
3 4320 4331 4332
3 4320 4332 4321
3 4321 4332 4333
3 4321 4333 4322
3 4322 4333 4334
3 4322 4334 4323
3 4323 4334 4335
3 4323 4335 4324
3 4324 4335 4336
3 4324 4336 4313
3 4313 4336 4325
3 4325 4337 4326
3 4326 4337 4338
3 4326 4338 4327
3 4327 4338 4339
3 4327 4339 4328
3 4328 4339 4340
3 4328 4340 4329
3 4329 4340 4341
3 4329 4341 4330
3 4330 4341 4342
3 4330 4342 4331
3 4331 4342 4343
3 4331 4343 4332
3 4332 4343 4344
3 4332 4344 4333
3 4333 4344 4345
3 4333 4345 4334
3 4334 4345 4346
3 4334 4346 4335
3 4335 4346 4347
3 4335 4347 4336
3 4336 4347 4348
3 4336 4348 4325
3 4325 4348 4337
3 4337 4349 4338
3 4338 4349 4350
3 4338 4350 4339
3 4339 4350 4351
3 4339 4351 4340
3 4340 4351 4352
3 4340 4352 4341
3 4341 4352 4353
3 4341 4353 4342
3 4342 4353 4354
3 4342 4354 4343
3 4343 4354 4355
3 4343 4355 4344
3 4344 4355 4356
3 4344 4356 4345
3 4345 4356 4357
3 4345 4357 4346
3 4346 4357 4358
3 4346 4358 4347
3 4347 4358 4359
3 4347 4359 4348
3 4348 4359 4360
3 4348 4360 4337
3 4337 4360 4349
3 4349 4361 4350
3 4350 4361 4362
3 4350 4362 4351
3 4351 4362 4363
3 4351 4363 4352
3 4352 4363 4364
3 4352 4364 4353
3 4353 4364 4365
3 4353 4365 4354
3 4354 4365 4366
3 4354 4366 4355
3 4355 4366 4367
3 4355 4367 4356
3 4356 4367 4368
3 4356 4368 4357
3 4357 4368 4369
3 4357 4369 4358
3 4358 4369 4370
3 4358 4370 4359
3 4359 4370 4371
3 4359 4371 4360
3 4360 4371 4372
3 4360 4372 4349
3 4349 4372 4361
3 4361 4373 4362
3 4362 4373 4374
3 4362 4374 4363
3 4363 4374 4375
3 4363 4375 4364
3 4364 4375 4376
3 4364 4376 4365
3 4365 4376 4377
3 4365 4377 4366
3 4366 4377 4378
3 4366 4378 4367
3 4367 4378 4379
3 4367 4379 4368
3 4368 4379 4380
3 4368 4380 4369
3 4369 4380 4381
3 4369 4381 4370
3 4370 4381 4382
3 4370 4382 4371
3 4371 4382 4383
3 4371 4383 4372
3 4372 4383 4384
3 4372 4384 4361
3 4361 4384 4373
3 4385 4374 4373
3 4385 4375 4374
3 4385 4376 4375
3 4385 4377 4376
3 4385 4378 4377
3 4385 4379 4378
3 4385 4380 4379
3 4385 4381 4380
3 4385 4382 4381
3 4385 4383 4382
3 4385 4384 4383
3 4385 4373 4384
3 4386 4387 4388
3 4386 4388 4389
3 4386 4389 4390
3 4386 4390 4391
3 4386 4391 4392
3 4386 4392 4393
3 4386 4393 4394
3 4386 4394 4395
3 4386 4395 4396
3 4386 4396 4397
3 4386 4397 4398
3 4386 4398 4387
3 4387 4399 4388
3 4388 4399 4400
3 4388 4400 4389
3 4389 4400 4401
3 4389 4401 4390
3 4390 4401 4402
3 4390 4402 4391
3 4391 4402 4403
3 4391 4403 4392
3 4392 4403 4404
3 4392 4404 4393
3 4393 4404 4405
3 4393 4405 4394
3 4394 4405 4406
3 4394 4406 4395
3 4395 4406 4407
3 4395 4407 4396
3 4396 4407 4408
3 4396 4408 4397
3 4397 4408 4409
3 4397 4409 4398
3 4398 4409 4410
3 4398 4410 4387
3 4387 4410 4399
3 4399 4411 4400
3 4400 4411 4412
3 4400 4412 4401
3 4401 4412 4413
3 4401 4413 4402
3 4402 4413 4414
3 4402 4414 4403
3 4403 4414 4415
3 4403 4415 4404
3 4404 4415 4416
3 4404 4416 4405
3 4405 4416 4417
3 4405 4417 4406
3 4406 4417 4418
3 4406 4418 4407
3 4407 4418 4419
3 4407 4419 4408
3 4408 4419 4420
3 4408 4420 4409
3 4409 4420 4421
3 4409 4421 4410
3 4410 4421 4422
3 4410 4422 4399
3 4399 4422 4411
3 4411 4423 4412
3 4412 4423 4424
3 4412 4424 4413
3 4413 4424 4425
3 4413 4425 4414
3 4414 4425 4426
3 4414 4426 4415
3 4415 4426 4427
3 4415 4427 4416
3 4416 4427 4428
3 4416 4428 4417
3 4417 4428 4429
3 4417 4429 4418
3 4418 4429 4430
3 4418 4430 4419
3 4419 4430 4431
3 4419 4431 4420
3 4420 4431 4432
3 4420 4432 4421
3 4421 4432 4433
3 4421 4433 4422
3 4422 4433 4434
3 4422 4434 4411
3 4411 4434 4423
3 4423 4435 4424
3 4424 4435 4436
3 4424 4436 4425
3 4425 4436 4437
3 4425 4437 4426
3 4426 4437 4438
3 4426 4438 4427
3 4427 4438 4439
3 4427 4439 4428
3 4428 4439 4440
3 4428 4440 4429
3 4429 4440 4441
3 4429 4441 4430
3 4430 4441 4442
3 4430 4442 4431
3 4431 4442 4443
3 4431 4443 4432
3 4432 4443 4444
3 4432 4444 4433
3 4433 4444 4445
3 4433 4445 4434
3 4434 4445 4446
3 4434 4446 4423
3 4423 4446 4435
3 4435 4447 4436
3 4436 4447 4448
3 4436 4448 4437
3 4437 4448 4449
3 4437 4449 4438
3 4438 4449 4450
3 4438 4450 4439
3 4439 4450 4451
3 4439 4451 4440
3 4440 4451 4452
3 4440 4452 4441
3 4441 4452 4453
3 4441 4453 4442
3 4442 4453 4454
3 4442 4454 4443
3 4443 4454 4455
3 4443 4455 4444
3 4444 4455 4456
3 4444 4456 4445
3 4445 4456 4457
3 4445 4457 4446
3 4446 4457 4458
3 4446 4458 4435
3 4435 4458 4447
3 4447 4459 4448
3 4448 4459 4460
3 4448 4460 4449
3 4449 4460 4461
3 4449 4461 4450
3 4450 4461 4462
3 4450 4462 4451
3 4451 4462 4463
3 4451 4463 4452
3 4452 4463 4464
3 4452 4464 4453
3 4453 4464 4465
3 4453 4465 4454
3 4454 4465 4466
3 4454 4466 4455
3 4455 4466 4467
3 4455 4467 4456
3 4456 4467 4468
3 4456 4468 4457
3 4457 4468 4469
3 4457 4469 4458
3 4458 4469 4470
3 4458 4470 4447
3 4447 4470 4459
3 4471 4460 4459
3 4471 4461 4460
3 4471 4462 4461
3 4471 4463 4462
3 4471 4464 4463
3 4471 4465 4464
3 4471 4466 4465
3 4471 4467 4466
3 4471 4468 4467
3 4471 4469 4468
3 4471 4470 4469
3 4471 4459 4470
3 4472 4473 4474
3 4472 4474 4475
3 4472 4475 4476
3 4472 4476 4477
3 4472 4477 4478
3 4472 4478 4479
3 4472 4479 4480
3 4472 4480 4481
3 4472 4481 4482
3 4472 4482 4483
3 4472 4483 4484
3 4472 4484 4473
3 4473 4485 4474
3 4474 4485 4486
3 4474 4486 4475
3 4475 4486 4487
3 4475 4487 4476
3 4476 4487 4488
3 4476 4488 4477
3 4477 4488 4489
3 4477 4489 4478
3 4478 4489 4490
3 4478 4490 4479
3 4479 4490 4491
3 4479 4491 4480
3 4480 4491 4492
3 4480 4492 4481
3 4481 4492 4493
3 4481 4493 4482
3 4482 4493 4494
3 4482 4494 4483
3 4483 4494 4495
3 4483 4495 4484
3 4484 4495 4496
3 4484 4496 4473
3 4473 4496 4485
3 4485 4497 4486
3 4486 4497 4498
3 4486 4498 4487
3 4487 4498 4499
3 4487 4499 4488
3 4488 4499 4500
3 4488 4500 4489
3 4489 4500 4501
3 4489 4501 4490
3 4490 4501 4502
3 4490 4502 4491
3 4491 4502 4503
3 4491 4503 4492
3 4492 4503 4504
3 4492 4504 4493
3 4493 4504 4505
3 4493 4505 4494
3 4494 4505 4506
3 4494 4506 4495
3 4495 4506 4507
3 4495 4507 4496
3 4496 4507 4508
3 4496 4508 4485
3 4485 4508 4497
3 4497 4509 4498
3 4498 4509 4510
3 4498 4510 4499
3 4499 4510 4511
3 4499 4511 4500
3 4500 4511 4512
3 4500 4512 4501
3 4501 4512 4513
3 4501 4513 4502
3 4502 4513 4514
3 4502 4514 4503
3 4503 4514 4515
3 4503 4515 4504
3 4504 4515 4516
3 4504 4516 4505
3 4505 4516 4517
3 4505 4517 4506
3 4506 4517 4518
3 4506 4518 4507
3 4507 4518 4519
3 4507 4519 4508
3 4508 4519 4520
3 4508 4520 4497
3 4497 4520 4509
3 4509 4521 4510
3 4510 4521 4522
3 4510 4522 4511
3 4511 4522 4523
3 4511 4523 4512
3 4512 4523 4524
3 4512 4524 4513
3 4513 4524 4525
3 4513 4525 4514
3 4514 4525 4526
3 4514 4526 4515
3 4515 4526 4527
3 4515 4527 4516
3 4516 4527 4528
3 4516 4528 4517
3 4517 4528 4529
3 4517 4529 4518
3 4518 4529 4530
3 4518 4530 4519
3 4519 4530 4531
3 4519 4531 4520
3 4520 4531 4532
3 4520 4532 4509
3 4509 4532 4521
3 4521 4533 4522
3 4522 4533 4534
3 4522 4534 4523
3 4523 4534 4535
3 4523 4535 4524
3 4524 4535 4536
3 4524 4536 4525
3 4525 4536 4537
3 4525 4537 4526
3 4526 4537 4538
3 4526 4538 4527
3 4527 4538 4539
3 4527 4539 4528
3 4528 4539 4540
3 4528 4540 4529
3 4529 4540 4541
3 4529 4541 4530
3 4530 4541 4542
3 4530 4542 4531
3 4531 4542 4543
3 4531 4543 4532
3 4532 4543 4544
3 4532 4544 4521
3 4521 4544 4533
3 4533 4545 4534
3 4534 4545 4546
3 4534 4546 4535
3 4535 4546 4547
3 4535 4547 4536
3 4536 4547 4548
3 4536 4548 4537
3 4537 4548 4549
3 4537 4549 4538
3 4538 4549 4550
3 4538 4550 4539
3 4539 4550 4551
3 4539 4551 4540
3 4540 4551 4552
3 4540 4552 4541
3 4541 4552 4553
3 4541 4553 4542
3 4542 4553 4554
3 4542 4554 4543
3 4543 4554 4555
3 4543 4555 4544
3 4544 4555 4556
3 4544 4556 4533
3 4533 4556 4545
3 4557 4546 4545
3 4557 4547 4546
3 4557 4548 4547
3 4557 4549 4548
3 4557 4550 4549
3 4557 4551 4550
3 4557 4552 4551
3 4557 4553 4552
3 4557 4554 4553
3 4557 4555 4554
3 4557 4556 4555
3 4557 4545 4556
3 4558 4559 4560
3 4558 4560 4561
3 4558 4561 4562
3 4558 4562 4563
3 4558 4563 4564
3 4558 4564 4565
3 4558 4565 4566
3 4558 4566 4567
3 4558 4567 4568
3 4558 4568 4569
3 4558 4569 4570
3 4558 4570 4559
3 4559 4571 4560
3 4560 4571 4572
3 4560 4572 4561
3 4561 4572 4573
3 4561 4573 4562
3 4562 4573 4574
3 4562 4574 4563
3 4563 4574 4575
3 4563 4575 4564
3 4564 4575 4576
3 4564 4576 4565
3 4565 4576 4577
3 4565 4577 4566
3 4566 4577 4578
3 4566 4578 4567
3 4567 4578 4579
3 4567 4579 4568
3 4568 4579 4580
3 4568 4580 4569
3 4569 4580 4581
3 4569 4581 4570
3 4570 4581 4582
3 4570 4582 4559
3 4559 4582 4571
3 4571 4583 4572
3 4572 4583 4584
3 4572 4584 4573
3 4573 4584 4585
3 4573 4585 4574
3 4574 4585 4586
3 4574 4586 4575
3 4575 4586 4587
3 4575 4587 4576
3 4576 4587 4588
3 4576 4588 4577
3 4577 4588 4589
3 4577 4589 4578
3 4578 4589 4590
3 4578 4590 4579
3 4579 4590 4591
3 4579 4591 4580
3 4580 4591 4592
3 4580 4592 4581
3 4581 4592 4593
3 4581 4593 4582
3 4582 4593 4594
3 4582 4594 4571
3 4571 4594 4583
3 4583 4595 4584
3 4584 4595 4596
3 4584 4596 4585
3 4585 4596 4597
3 4585 4597 4586
3 4586 4597 4598
3 4586 4598 4587
3 4587 4598 4599
3 4587 4599 4588
3 4588 4599 4600
3 4588 4600 4589
3 4589 4600 4601
3 4589 4601 4590
3 4590 4601 4602
3 4590 4602 4591
3 4591 4602 4603
3 4591 4603 4592
3 4592 4603 4604
3 4592 4604 4593
3 4593 4604 4605
3 4593 4605 4594
3 4594 4605 4606
3 4594 4606 4583
3 4583 4606 4595
3 4595 4607 4596
3 4596 4607 4608
3 4596 4608 4597
3 4597 4608 4609
3 4597 4609 4598
3 4598 4609 4610
3 4598 4610 4599
3 4599 4610 4611
3 4599 4611 4600
3 4600 4611 4612
3 4600 4612 4601
3 4601 4612 4613
3 4601 4613 4602
3 4602 4613 4614
3 4602 4614 4603
3 4603 4614 4615
3 4603 4615 4604
3 4604 4615 4616
3 4604 4616 4605
3 4605 4616 4617
3 4605 4617 4606
3 4606 4617 4618
3 4606 4618 4595
3 4595 4618 4607
3 4607 4619 4608
3 4608 4619 4620
3 4608 4620 4609
3 4609 4620 4621
3 4609 4621 4610
3 4610 4621 4622
3 4610 4622 4611
3 4611 4622 4623
3 4611 4623 4612
3 4612 4623 4624
3 4612 4624 4613
3 4613 4624 4625
3 4613 4625 4614
3 4614 4625 4626
3 4614 4626 4615
3 4615 4626 4627
3 4615 4627 4616
3 4616 4627 4628
3 4616 4628 4617
3 4617 4628 4629
3 4617 4629 4618
3 4618 4629 4630
3 4618 4630 4607
3 4607 4630 4619
3 4619 4631 4620
3 4620 4631 4632
3 4620 4632 4621
3 4621 4632 4633
3 4621 4633 4622
3 4622 4633 4634
3 4622 4634 4623
3 4623 4634 4635
3 4623 4635 4624
3 4624 4635 4636
3 4624 4636 4625
3 4625 4636 4637
3 4625 4637 4626
3 4626 4637 4638
3 4626 4638 4627
3 4627 4638 4639
3 4627 4639 4628
3 4628 4639 4640
3 4628 4640 4629
3 4629 4640 4641
3 4629 4641 4630
3 4630 4641 4642
3 4630 4642 4619
3 4619 4642 4631
3 4643 4632 4631
3 4643 4633 4632
3 4643 4634 4633
3 4643 4635 4634
3 4643 4636 4635
3 4643 4637 4636
3 4643 4638 4637
3 4643 4639 4638
3 4643 4640 4639
3 4643 4641 4640
3 4643 4642 4641
3 4643 4631 4642
3 4644 4645 4646
3 4644 4646 4647
3 4644 4647 4648
3 4644 4648 4649
3 4644 4649 4650
3 4644 4650 4651
3 4644 4651 4652
3 4644 4652 4653
3 4644 4653 4654
3 4644 4654 4655
3 4644 4655 4656
3 4644 4656 4645
3 4645 4657 4646
3 4646 4657 4658
3 4646 4658 4647
3 4647 4658 4659
3 4647 4659 4648
3 4648 4659 4660
3 4648 4660 4649
3 4649 4660 4661
3 4649 4661 4650
3 4650 4661 4662
3 4650 4662 4651
3 4651 4662 4663
3 4651 4663 4652
3 4652 4663 4664
3 4652 4664 4653
3 4653 4664 4665
3 4653 4665 4654
3 4654 4665 4666
3 4654 4666 4655
3 4655 4666 4667
3 4655 4667 4656
3 4656 4667 4668
3 4656 4668 4645
3 4645 4668 4657
3 4657 4669 4658
3 4658 4669 4670
3 4658 4670 4659
3 4659 4670 4671
3 4659 4671 4660
3 4660 4671 4672
3 4660 4672 4661
3 4661 4672 4673
3 4661 4673 4662
3 4662 4673 4674
3 4662 4674 4663
3 4663 4674 4675
3 4663 4675 4664
3 4664 4675 4676
3 4664 4676 4665
3 4665 4676 4677
3 4665 4677 4666
3 4666 4677 4678
3 4666 4678 4667
3 4667 4678 4679
3 4667 4679 4668
3 4668 4679 4680
3 4668 4680 4657
3 4657 4680 4669
3 4669 4681 4670
3 4670 4681 4682
3 4670 4682 4671
3 4671 4682 4683
3 4671 4683 4672
3 4672 4683 4684
3 4672 4684 4673
3 4673 4684 4685
3 4673 4685 4674
3 4674 4685 4686
3 4674 4686 4675
3 4675 4686 4687
3 4675 4687 4676
3 4676 4687 4688
3 4676 4688 4677
3 4677 4688 4689
3 4677 4689 4678
3 4678 4689 4690
3 4678 4690 4679
3 4679 4690 4691
3 4679 4691 4680
3 4680 4691 4692
3 4680 4692 4669
3 4669 4692 4681
3 4681 4693 4682
3 4682 4693 4694
3 4682 4694 4683
3 4683 4694 4695
3 4683 4695 4684
3 4684 4695 4696
3 4684 4696 4685
3 4685 4696 4697
3 4685 4697 4686
3 4686 4697 4698
3 4686 4698 4687
3 4687 4698 4699
3 4687 4699 4688
3 4688 4699 4700
3 4688 4700 4689
3 4689 4700 4701
3 4689 4701 4690
3 4690 4701 4702
3 4690 4702 4691
3 4691 4702 4703
3 4691 4703 4692
3 4692 4703 4704
3 4692 4704 4681
3 4681 4704 4693
3 4693 4705 4694
3 4694 4705 4706
3 4694 4706 4695
3 4695 4706 4707
3 4695 4707 4696
3 4696 4707 4708
3 4696 4708 4697
3 4697 4708 4709
3 4697 4709 4698
3 4698 4709 4710
3 4698 4710 4699
3 4699 4710 4711
3 4699 4711 4700
3 4700 4711 4712
3 4700 4712 4701
3 4701 4712 4713
3 4701 4713 4702
3 4702 4713 4714
3 4702 4714 4703
3 4703 4714 4715
3 4703 4715 4704
3 4704 4715 4716
3 4704 4716 4693
3 4693 4716 4705
3 4705 4717 4706
3 4706 4717 4718
3 4706 4718 4707
3 4707 4718 4719
3 4707 4719 4708
3 4708 4719 4720
3 4708 4720 4709
3 4709 4720 4721
3 4709 4721 4710
3 4710 4721 4722
3 4710 4722 4711
3 4711 4722 4723
3 4711 4723 4712
3 4712 4723 4724
3 4712 4724 4713
3 4713 4724 4725
3 4713 4725 4714
3 4714 4725 4726
3 4714 4726 4715
3 4715 4726 4727
3 4715 4727 4716
3 4716 4727 4728
3 4716 4728 4705
3 4705 4728 4717
3 4729 4718 4717
3 4729 4719 4718
3 4729 4720 4719
3 4729 4721 4720
3 4729 4722 4721
3 4729 4723 4722
3 4729 4724 4723
3 4729 4725 4724
3 4729 4726 4725
3 4729 4727 4726
3 4729 4728 4727
3 4729 4717 4728
3 4730 4731 4732
3 4730 4732 4733
3 4730 4733 4734
3 4730 4734 4735
3 4730 4735 4736
3 4730 4736 4737
3 4730 4737 4738
3 4730 4738 4739
3 4730 4739 4740
3 4730 4740 4741
3 4730 4741 4742
3 4730 4742 4731
3 4731 4743 4732
3 4732 4743 4744
3 4732 4744 4733
3 4733 4744 4745
3 4733 4745 4734
3 4734 4745 4746
3 4734 4746 4735
3 4735 4746 4747
3 4735 4747 4736
3 4736 4747 4748
3 4736 4748 4737
3 4737 4748 4749
3 4737 4749 4738
3 4738 4749 4750
3 4738 4750 4739
3 4739 4750 4751
3 4739 4751 4740
3 4740 4751 4752
3 4740 4752 4741
3 4741 4752 4753
3 4741 4753 4742
3 4742 4753 4754
3 4742 4754 4731
3 4731 4754 4743
3 4743 4755 4744
3 4744 4755 4756
3 4744 4756 4745
3 4745 4756 4757
3 4745 4757 4746
3 4746 4757 4758
3 4746 4758 4747
3 4747 4758 4759
3 4747 4759 4748
3 4748 4759 4760
3 4748 4760 4749
3 4749 4760 4761
3 4749 4761 4750
3 4750 4761 4762
3 4750 4762 4751
3 4751 4762 4763
3 4751 4763 4752
3 4752 4763 4764
3 4752 4764 4753
3 4753 4764 4765
3 4753 4765 4754
3 4754 4765 4766
3 4754 4766 4743
3 4743 4766 4755
3 4755 4767 4756
3 4756 4767 4768
3 4756 4768 4757
3 4757 4768 4769
3 4757 4769 4758
3 4758 4769 4770
3 4758 4770 4759
3 4759 4770 4771
3 4759 4771 4760
3 4760 4771 4772
3 4760 4772 4761
3 4761 4772 4773
3 4761 4773 4762
3 4762 4773 4774
3 4762 4774 4763
3 4763 4774 4775
3 4763 4775 4764
3 4764 4775 4776
3 4764 4776 4765
3 4765 4776 4777
3 4765 4777 4766
3 4766 4777 4778
3 4766 4778 4755
3 4755 4778 4767
3 4767 4779 4768
3 4768 4779 4780
3 4768 4780 4769
3 4769 4780 4781
3 4769 4781 4770
3 4770 4781 4782
3 4770 4782 4771
3 4771 4782 4783
3 4771 4783 4772
3 4772 4783 4784
3 4772 4784 4773
3 4773 4784 4785
3 4773 4785 4774
3 4774 4785 4786
3 4774 4786 4775
3 4775 4786 4787
3 4775 4787 4776
3 4776 4787 4788
3 4776 4788 4777
3 4777 4788 4789
3 4777 4789 4778
3 4778 4789 4790
3 4778 4790 4767
3 4767 4790 4779
3 4779 4791 4780
3 4780 4791 4792
3 4780 4792 4781
3 4781 4792 4793
3 4781 4793 4782
3 4782 4793 4794
3 4782 4794 4783
3 4783 4794 4795
3 4783 4795 4784
3 4784 4795 4796
3 4784 4796 4785
3 4785 4796 4797
3 4785 4797 4786
3 4786 4797 4798
3 4786 4798 4787
3 4787 4798 4799
3 4787 4799 4788
3 4788 4799 4800
3 4788 4800 4789
3 4789 4800 4801
3 4789 4801 4790
3 4790 4801 4802
3 4790 4802 4779
3 4779 4802 4791
3 4791 4803 4792
3 4792 4803 4804
3 4792 4804 4793
3 4793 4804 4805
3 4793 4805 4794
3 4794 4805 4806
3 4794 4806 4795
3 4795 4806 4807
3 4795 4807 4796
3 4796 4807 4808
3 4796 4808 4797
3 4797 4808 4809
3 4797 4809 4798
3 4798 4809 4810
3 4798 4810 4799
3 4799 4810 4811
3 4799 4811 4800
3 4800 4811 4812
3 4800 4812 4801
3 4801 4812 4813
3 4801 4813 4802
3 4802 4813 4814
3 4802 4814 4791
3 4791 4814 4803
3 4815 4804 4803
3 4815 4805 4804
3 4815 4806 4805
3 4815 4807 4806
3 4815 4808 4807
3 4815 4809 4808
3 4815 4810 4809
3 4815 4811 4810
3 4815 4812 4811
3 4815 4813 4812
3 4815 4814 4813
3 4815 4803 4814
3 4816 4817 4818
3 4816 4818 4819
3 4816 4819 4820
3 4816 4820 4821
3 4816 4821 4822
3 4816 4822 4823
3 4816 4823 4824
3 4816 4824 4825
3 4816 4825 4826
3 4816 4826 4827
3 4816 4827 4828
3 4816 4828 4817
3 4817 4829 4818
3 4818 4829 4830
3 4818 4830 4819
3 4819 4830 4831
3 4819 4831 4820
3 4820 4831 4832
3 4820 4832 4821
3 4821 4832 4833
3 4821 4833 4822
3 4822 4833 4834
3 4822 4834 4823
3 4823 4834 4835
3 4823 4835 4824
3 4824 4835 4836
3 4824 4836 4825
3 4825 4836 4837
3 4825 4837 4826
3 4826 4837 4838
3 4826 4838 4827
3 4827 4838 4839
3 4827 4839 4828
3 4828 4839 4840
3 4828 4840 4817
3 4817 4840 4829
3 4829 4841 4830
3 4830 4841 4842
3 4830 4842 4831
3 4831 4842 4843
3 4831 4843 4832
3 4832 4843 4844
3 4832 4844 4833
3 4833 4844 4845
3 4833 4845 4834
3 4834 4845 4846
3 4834 4846 4835
3 4835 4846 4847
3 4835 4847 4836
3 4836 4847 4848
3 4836 4848 4837
3 4837 4848 4849
3 4837 4849 4838
3 4838 4849 4850
3 4838 4850 4839
3 4839 4850 4851
3 4839 4851 4840
3 4840 4851 4852
3 4840 4852 4829
3 4829 4852 4841
3 4841 4853 4842
3 4842 4853 4854
3 4842 4854 4843
3 4843 4854 4855
3 4843 4855 4844
3 4844 4855 4856
3 4844 4856 4845
3 4845 4856 4857
3 4845 4857 4846
3 4846 4857 4858
3 4846 4858 4847
3 4847 4858 4859
3 4847 4859 4848
3 4848 4859 4860
3 4848 4860 4849
3 4849 4860 4861
3 4849 4861 4850
3 4850 4861 4862
3 4850 4862 4851
3 4851 4862 4863
3 4851 4863 4852
3 4852 4863 4864
3 4852 4864 4841
3 4841 4864 4853
3 4853 4865 4854
3 4854 4865 4866
3 4854 4866 4855
3 4855 4866 4867
3 4855 4867 4856
3 4856 4867 4868
3 4856 4868 4857
3 4857 4868 4869
3 4857 4869 4858
3 4858 4869 4870
3 4858 4870 4859
3 4859 4870 4871
3 4859 4871 4860
3 4860 4871 4872
3 4860 4872 4861
3 4861 4872 4873
3 4861 4873 4862
3 4862 4873 4874
3 4862 4874 4863
3 4863 4874 4875
3 4863 4875 4864
3 4864 4875 4876
3 4864 4876 4853
3 4853 4876 4865
3 4865 4877 4866
3 4866 4877 4878
3 4866 4878 4867
3 4867 4878 4879
3 4867 4879 4868
3 4868 4879 4880
3 4868 4880 4869
3 4869 4880 4881
3 4869 4881 4870
3 4870 4881 4882
3 4870 4882 4871
3 4871 4882 4883
3 4871 4883 4872
3 4872 4883 4884
3 4872 4884 4873
3 4873 4884 4885
3 4873 4885 4874
3 4874 4885 4886
3 4874 4886 4875
3 4875 4886 4887
3 4875 4887 4876
3 4876 4887 4888
3 4876 4888 4865
3 4865 4888 4877
3 4877 4889 4878
3 4878 4889 4890
3 4878 4890 4879
3 4879 4890 4891
3 4879 4891 4880
3 4880 4891 4892
3 4880 4892 4881
3 4881 4892 4893
3 4881 4893 4882
3 4882 4893 4894
3 4882 4894 4883
3 4883 4894 4895
3 4883 4895 4884
3 4884 4895 4896
3 4884 4896 4885
3 4885 4896 4897
3 4885 4897 4886
3 4886 4897 4898
3 4886 4898 4887
3 4887 4898 4899
3 4887 4899 4888
3 4888 4899 4900
3 4888 4900 4877
3 4877 4900 4889
3 4901 4890 4889
3 4901 4891 4890
3 4901 4892 4891
3 4901 4893 4892
3 4901 4894 4893
3 4901 4895 4894
3 4901 4896 4895
3 4901 4897 4896
3 4901 4898 4897
3 4901 4899 4898
3 4901 4900 4899
3 4901 4889 4900
3 4902 4903 4904
3 4902 4904 4905
3 4902 4905 4906
3 4902 4906 4907
3 4902 4907 4908
3 4902 4908 4909
3 4902 4909 4910
3 4902 4910 4911
3 4902 4911 4912
3 4902 4912 4913
3 4902 4913 4914
3 4902 4914 4903
3 4903 4915 4904
3 4904 4915 4916
3 4904 4916 4905
3 4905 4916 4917
3 4905 4917 4906
3 4906 4917 4918
3 4906 4918 4907
3 4907 4918 4919
3 4907 4919 4908
3 4908 4919 4920
3 4908 4920 4909
3 4909 4920 4921
3 4909 4921 4910
3 4910 4921 4922
3 4910 4922 4911
3 4911 4922 4923
3 4911 4923 4912
3 4912 4923 4924
3 4912 4924 4913
3 4913 4924 4925
3 4913 4925 4914
3 4914 4925 4926
3 4914 4926 4903
3 4903 4926 4915
3 4915 4927 4916
3 4916 4927 4928
3 4916 4928 4917
3 4917 4928 4929
3 4917 4929 4918
3 4918 4929 4930
3 4918 4930 4919
3 4919 4930 4931
3 4919 4931 4920
3 4920 4931 4932
3 4920 4932 4921
3 4921 4932 4933
3 4921 4933 4922
3 4922 4933 4934
3 4922 4934 4923
3 4923 4934 4935
3 4923 4935 4924
3 4924 4935 4936
3 4924 4936 4925
3 4925 4936 4937
3 4925 4937 4926
3 4926 4937 4938
3 4926 4938 4915
3 4915 4938 4927
3 4927 4939 4928
3 4928 4939 4940
3 4928 4940 4929
3 4929 4940 4941
3 4929 4941 4930
3 4930 4941 4942
3 4930 4942 4931
3 4931 4942 4943
3 4931 4943 4932
3 4932 4943 4944
3 4932 4944 4933
3 4933 4944 4945
3 4933 4945 4934
3 4934 4945 4946
3 4934 4946 4935
3 4935 4946 4947
3 4935 4947 4936
3 4936 4947 4948
3 4936 4948 4937
3 4937 4948 4949
3 4937 4949 4938
3 4938 4949 4950
3 4938 4950 4927
3 4927 4950 4939
3 4939 4951 4940
3 4940 4951 4952
3 4940 4952 4941
3 4941 4952 4953
3 4941 4953 4942
3 4942 4953 4954
3 4942 4954 4943
3 4943 4954 4955
3 4943 4955 4944
3 4944 4955 4956
3 4944 4956 4945
3 4945 4956 4957
3 4945 4957 4946
3 4946 4957 4958
3 4946 4958 4947
3 4947 4958 4959
3 4947 4959 4948
3 4948 4959 4960
3 4948 4960 4949
3 4949 4960 4961
3 4949 4961 4950
3 4950 4961 4962
3 4950 4962 4939
3 4939 4962 4951
3 4951 4963 4952
3 4952 4963 4964
3 4952 4964 4953
3 4953 4964 4965
3 4953 4965 4954
3 4954 4965 4966
3 4954 4966 4955
3 4955 4966 4967
3 4955 4967 4956
3 4956 4967 4968
3 4956 4968 4957
3 4957 4968 4969
3 4957 4969 4958
3 4958 4969 4970
3 4958 4970 4959
3 4959 4970 4971
3 4959 4971 4960
3 4960 4971 4972
3 4960 4972 4961
3 4961 4972 4973
3 4961 4973 4962
3 4962 4973 4974
3 4962 4974 4951
3 4951 4974 4963
3 4963 4975 4964
3 4964 4975 4976
3 4964 4976 4965
3 4965 4976 4977
3 4965 4977 4966
3 4966 4977 4978
3 4966 4978 4967
3 4967 4978 4979
3 4967 4979 4968
3 4968 4979 4980
3 4968 4980 4969
3 4969 4980 4981
3 4969 4981 4970
3 4970 4981 4982
3 4970 4982 4971
3 4971 4982 4983
3 4971 4983 4972
3 4972 4983 4984
3 4972 4984 4973
3 4973 4984 4985
3 4973 4985 4974
3 4974 4985 4986
3 4974 4986 4963
3 4963 4986 4975
3 4987 4976 4975
3 4987 4977 4976
3 4987 4978 4977
3 4987 4979 4978
3 4987 4980 4979
3 4987 4981 4980
3 4987 4982 4981
3 4987 4983 4982
3 4987 4984 4983
3 4987 4985 4984
3 4987 4986 4985
3 4987 4975 4986
3 4988 4989 4990
3 4988 4990 4991
3 4988 4991 4992
3 4988 4992 4993
3 4988 4993 4994
3 4988 4994 4995
3 4988 4995 4996
3 4988 4996 4997
3 4988 4997 4998
3 4988 4998 4999
3 4988 4999 5000
3 4988 5000 4989
3 4989 5001 4990
3 4990 5001 5002
3 4990 5002 4991
3 4991 5002 5003
3 4991 5003 4992
3 4992 5003 5004
3 4992 5004 4993
3 4993 5004 5005
3 4993 5005 4994
3 4994 5005 5006
3 4994 5006 4995
3 4995 5006 5007
3 4995 5007 4996
3 4996 5007 5008
3 4996 5008 4997
3 4997 5008 5009
3 4997 5009 4998
3 4998 5009 5010
3 4998 5010 4999
3 4999 5010 5011
3 4999 5011 5000
3 5000 5011 5012
3 5000 5012 4989
3 4989 5012 5001
3 5001 5013 5002
3 5002 5013 5014
3 5002 5014 5003
3 5003 5014 5015
3 5003 5015 5004
3 5004 5015 5016
3 5004 5016 5005
3 5005 5016 5017
3 5005 5017 5006
3 5006 5017 5018
3 5006 5018 5007
3 5007 5018 5019
3 5007 5019 5008
3 5008 5019 5020
3 5008 5020 5009
3 5009 5020 5021
3 5009 5021 5010
3 5010 5021 5022
3 5010 5022 5011
3 5011 5022 5023
3 5011 5023 5012
3 5012 5023 5024
3 5012 5024 5001
3 5001 5024 5013
3 5013 5025 5014
3 5014 5025 5026
3 5014 5026 5015
3 5015 5026 5027
3 5015 5027 5016
3 5016 5027 5028
3 5016 5028 5017
3 5017 5028 5029
3 5017 5029 5018
3 5018 5029 5030
3 5018 5030 5019
3 5019 5030 5031
3 5019 5031 5020
3 5020 5031 5032
3 5020 5032 5021
3 5021 5032 5033
3 5021 5033 5022
3 5022 5033 5034
3 5022 5034 5023
3 5023 5034 5035
3 5023 5035 5024
3 5024 5035 5036
3 5024 5036 5013
3 5013 5036 5025
3 5025 5037 5026
3 5026 5037 5038
3 5026 5038 5027
3 5027 5038 5039
3 5027 5039 5028
3 5028 5039 5040
3 5028 5040 5029
3 5029 5040 5041
3 5029 5041 5030
3 5030 5041 5042
3 5030 5042 5031
3 5031 5042 5043
3 5031 5043 5032
3 5032 5043 5044
3 5032 5044 5033
3 5033 5044 5045
3 5033 5045 5034
3 5034 5045 5046
3 5034 5046 5035
3 5035 5046 5047
3 5035 5047 5036
3 5036 5047 5048
3 5036 5048 5025
3 5025 5048 5037
3 5037 5049 5038
3 5038 5049 5050
3 5038 5050 5039
3 5039 5050 5051
3 5039 5051 5040
3 5040 5051 5052
3 5040 5052 5041
3 5041 5052 5053
3 5041 5053 5042
3 5042 5053 5054
3 5042 5054 5043
3 5043 5054 5055
3 5043 5055 5044
3 5044 5055 5056
3 5044 5056 5045
3 5045 5056 5057
3 5045 5057 5046
3 5046 5057 5058
3 5046 5058 5047
3 5047 5058 5059
3 5047 5059 5048
3 5048 5059 5060
3 5048 5060 5037
3 5037 5060 5049
3 5049 5061 5050
3 5050 5061 5062
3 5050 5062 5051
3 5051 5062 5063
3 5051 5063 5052
3 5052 5063 5064
3 5052 5064 5053
3 5053 5064 5065
3 5053 5065 5054
3 5054 5065 5066
3 5054 5066 5055
3 5055 5066 5067
3 5055 5067 5056
3 5056 5067 5068
3 5056 5068 5057
3 5057 5068 5069
3 5057 5069 5058
3 5058 5069 5070
3 5058 5070 5059
3 5059 5070 5071
3 5059 5071 5060
3 5060 5071 5072
3 5060 5072 5049
3 5049 5072 5061
3 5073 5062 5061
3 5073 5063 5062
3 5073 5064 5063
3 5073 5065 5064
3 5073 5066 5065
3 5073 5067 5066
3 5073 5068 5067
3 5073 5069 5068
3 5073 5070 5069
3 5073 5071 5070
3 5073 5072 5071
3 5073 5061 5072
3 5074 5075 5076
3 5074 5076 5077
3 5074 5077 5078
3 5074 5078 5079
3 5074 5079 5080
3 5074 5080 5081
3 5074 5081 5082
3 5074 5082 5083
3 5074 5083 5084
3 5074 5084 5085
3 5074 5085 5086
3 5074 5086 5075
3 5075 5087 5076
3 5076 5087 5088
3 5076 5088 5077
3 5077 5088 5089
3 5077 5089 5078
3 5078 5089 5090
3 5078 5090 5079
3 5079 5090 5091
3 5079 5091 5080
3 5080 5091 5092
3 5080 5092 5081
3 5081 5092 5093
3 5081 5093 5082
3 5082 5093 5094
3 5082 5094 5083
3 5083 5094 5095
3 5083 5095 5084
3 5084 5095 5096
3 5084 5096 5085
3 5085 5096 5097
3 5085 5097 5086
3 5086 5097 5098
3 5086 5098 5075
3 5075 5098 5087
3 5087 5099 5088
3 5088 5099 5100
3 5088 5100 5089
3 5089 5100 5101
3 5089 5101 5090
3 5090 5101 5102
3 5090 5102 5091
3 5091 5102 5103
3 5091 5103 5092
3 5092 5103 5104
3 5092 5104 5093
3 5093 5104 5105
3 5093 5105 5094
3 5094 5105 5106
3 5094 5106 5095
3 5095 5106 5107
3 5095 5107 5096
3 5096 5107 5108
3 5096 5108 5097
3 5097 5108 5109
3 5097 5109 5098
3 5098 5109 5110
3 5098 5110 5087
3 5087 5110 5099
3 5099 5111 5100
3 5100 5111 5112
3 5100 5112 5101
3 5101 5112 5113
3 5101 5113 5102
3 5102 5113 5114
3 5102 5114 5103
3 5103 5114 5115
3 5103 5115 5104
3 5104 5115 5116
3 5104 5116 5105
3 5105 5116 5117
3 5105 5117 5106
3 5106 5117 5118
3 5106 5118 5107
3 5107 5118 5119
3 5107 5119 5108
3 5108 5119 5120
3 5108 5120 5109
3 5109 5120 5121
3 5109 5121 5110
3 5110 5121 5122
3 5110 5122 5099
3 5099 5122 5111
3 5111 5123 5112
3 5112 5123 5124
3 5112 5124 5113
3 5113 5124 5125
3 5113 5125 5114
3 5114 5125 5126
3 5114 5126 5115
3 5115 5126 5127
3 5115 5127 5116
3 5116 5127 5128
3 5116 5128 5117
3 5117 5128 5129
3 5117 5129 5118
3 5118 5129 5130
3 5118 5130 5119
3 5119 5130 5131
3 5119 5131 5120
3 5120 5131 5132
3 5120 5132 5121
3 5121 5132 5133
3 5121 5133 5122
3 5122 5133 5134
3 5122 5134 5111
3 5111 5134 5123
3 5123 5135 5124
3 5124 5135 5136
3 5124 5136 5125
3 5125 5136 5137
3 5125 5137 5126
3 5126 5137 5138
3 5126 5138 5127
3 5127 5138 5139
3 5127 5139 5128
3 5128 5139 5140
3 5128 5140 5129
3 5129 5140 5141
3 5129 5141 5130
3 5130 5141 5142
3 5130 5142 5131
3 5131 5142 5143
3 5131 5143 5132
3 5132 5143 5144
3 5132 5144 5133
3 5133 5144 5145
3 5133 5145 5134
3 5134 5145 5146
3 5134 5146 5123
3 5123 5146 5135
3 5135 5147 5136
3 5136 5147 5148
3 5136 5148 5137
3 5137 5148 5149
3 5137 5149 5138
3 5138 5149 5150
3 5138 5150 5139
3 5139 5150 5151
3 5139 5151 5140
3 5140 5151 5152
3 5140 5152 5141
3 5141 5152 5153
3 5141 5153 5142
3 5142 5153 5154
3 5142 5154 5143
3 5143 5154 5155
3 5143 5155 5144
3 5144 5155 5156
3 5144 5156 5145
3 5145 5156 5157
3 5145 5157 5146
3 5146 5157 5158
3 5146 5158 5135
3 5135 5158 5147
3 5159 5148 5147
3 5159 5149 5148
3 5159 5150 5149
3 5159 5151 5150
3 5159 5152 5151
3 5159 5153 5152
3 5159 5154 5153
3 5159 5155 5154
3 5159 5156 5155
3 5159 5157 5156
3 5159 5158 5157
3 5159 5147 5158
3 5160 5161 5162
3 5160 5162 5163
3 5160 5163 5164
3 5160 5164 5165
3 5160 5165 5166
3 5160 5166 5167
3 5160 5167 5168
3 5160 5168 5169
3 5160 5169 5170
3 5160 5170 5171
3 5160 5171 5172
3 5160 5172 5161
3 5161 5173 5162
3 5162 5173 5174
3 5162 5174 5163
3 5163 5174 5175
3 5163 5175 5164
3 5164 5175 5176
3 5164 5176 5165
3 5165 5176 5177
3 5165 5177 5166
3 5166 5177 5178
3 5166 5178 5167
3 5167 5178 5179
3 5167 5179 5168
3 5168 5179 5180
3 5168 5180 5169
3 5169 5180 5181
3 5169 5181 5170
3 5170 5181 5182
3 5170 5182 5171
3 5171 5182 5183
3 5171 5183 5172
3 5172 5183 5184
3 5172 5184 5161
3 5161 5184 5173
3 5173 5185 5174
3 5174 5185 5186
3 5174 5186 5175
3 5175 5186 5187
3 5175 5187 5176
3 5176 5187 5188
3 5176 5188 5177
3 5177 5188 5189
3 5177 5189 5178
3 5178 5189 5190
3 5178 5190 5179
3 5179 5190 5191
3 5179 5191 5180
3 5180 5191 5192
3 5180 5192 5181
3 5181 5192 5193
3 5181 5193 5182
3 5182 5193 5194
3 5182 5194 5183
3 5183 5194 5195
3 5183 5195 5184
3 5184 5195 5196
3 5184 5196 5173
3 5173 5196 5185
3 5185 5197 5186
3 5186 5197 5198
3 5186 5198 5187
3 5187 5198 5199
3 5187 5199 5188
3 5188 5199 5200
3 5188 5200 5189
3 5189 5200 5201
3 5189 5201 5190
3 5190 5201 5202
3 5190 5202 5191
3 5191 5202 5203
3 5191 5203 5192
3 5192 5203 5204
3 5192 5204 5193
3 5193 5204 5205
3 5193 5205 5194
3 5194 5205 5206
3 5194 5206 5195
3 5195 5206 5207
3 5195 5207 5196
3 5196 5207 5208
3 5196 5208 5185
3 5185 5208 5197
3 5197 5209 5198
3 5198 5209 5210
3 5198 5210 5199
3 5199 5210 5211
3 5199 5211 5200
3 5200 5211 5212
3 5200 5212 5201
3 5201 5212 5213
3 5201 5213 5202
3 5202 5213 5214
3 5202 5214 5203
3 5203 5214 5215
3 5203 5215 5204
3 5204 5215 5216
3 5204 5216 5205
3 5205 5216 5217
3 5205 5217 5206
3 5206 5217 5218
3 5206 5218 5207
3 5207 5218 5219
3 5207 5219 5208
3 5208 5219 5220
3 5208 5220 5197
3 5197 5220 5209
3 5209 5221 5210
3 5210 5221 5222
3 5210 5222 5211
3 5211 5222 5223
3 5211 5223 5212
3 5212 5223 5224
3 5212 5224 5213
3 5213 5224 5225
3 5213 5225 5214
3 5214 5225 5226
3 5214 5226 5215
3 5215 5226 5227
3 5215 5227 5216
3 5216 5227 5228
3 5216 5228 5217
3 5217 5228 5229
3 5217 5229 5218
3 5218 5229 5230
3 5218 5230 5219
3 5219 5230 5231
3 5219 5231 5220
3 5220 5231 5232
3 5220 5232 5209
3 5209 5232 5221
3 5221 5233 5222
3 5222 5233 5234
3 5222 5234 5223
3 5223 5234 5235
3 5223 5235 5224
3 5224 5235 5236
3 5224 5236 5225
3 5225 5236 5237
3 5225 5237 5226
3 5226 5237 5238
3 5226 5238 5227
3 5227 5238 5239
3 5227 5239 5228
3 5228 5239 5240
3 5228 5240 5229
3 5229 5240 5241
3 5229 5241 5230
3 5230 5241 5242
3 5230 5242 5231
3 5231 5242 5243
3 5231 5243 5232
3 5232 5243 5244
3 5232 5244 5221
3 5221 5244 5233
3 5245 5234 5233
3 5245 5235 5234
3 5245 5236 5235
3 5245 5237 5236
3 5245 5238 5237
3 5245 5239 5238
3 5245 5240 5239
3 5245 5241 5240
3 5245 5242 5241
3 5245 5243 5242
3 5245 5244 5243
3 5245 5233 5244
3 5246 5247 5248
3 5246 5248 5249
3 5246 5249 5250
3 5246 5250 5251
3 5246 5251 5252
3 5246 5252 5253
3 5246 5253 5254
3 5246 5254 5255
3 5246 5255 5256
3 5246 5256 5257
3 5246 5257 5258
3 5246 5258 5247
3 5247 5259 5248
3 5248 5259 5260
3 5248 5260 5249
3 5249 5260 5261
3 5249 5261 5250
3 5250 5261 5262
3 5250 5262 5251
3 5251 5262 5263
3 5251 5263 5252
3 5252 5263 5264
3 5252 5264 5253
3 5253 5264 5265
3 5253 5265 5254
3 5254 5265 5266
3 5254 5266 5255
3 5255 5266 5267
3 5255 5267 5256
3 5256 5267 5268
3 5256 5268 5257
3 5257 5268 5269
3 5257 5269 5258
3 5258 5269 5270
3 5258 5270 5247
3 5247 5270 5259
3 5259 5271 5260
3 5260 5271 5272
3 5260 5272 5261
3 5261 5272 5273
3 5261 5273 5262
3 5262 5273 5274
3 5262 5274 5263
3 5263 5274 5275
3 5263 5275 5264
3 5264 5275 5276
3 5264 5276 5265
3 5265 5276 5277
3 5265 5277 5266
3 5266 5277 5278
3 5266 5278 5267
3 5267 5278 5279
3 5267 5279 5268
3 5268 5279 5280
3 5268 5280 5269
3 5269 5280 5281
3 5269 5281 5270
3 5270 5281 5282
3 5270 5282 5259
3 5259 5282 5271
3 5271 5283 5272
3 5272 5283 5284
3 5272 5284 5273
3 5273 5284 5285
3 5273 5285 5274
3 5274 5285 5286
3 5274 5286 5275
3 5275 5286 5287
3 5275 5287 5276
3 5276 5287 5288
3 5276 5288 5277
3 5277 5288 5289
3 5277 5289 5278
3 5278 5289 5290
3 5278 5290 5279
3 5279 5290 5291
3 5279 5291 5280
3 5280 5291 5292
3 5280 5292 5281
3 5281 5292 5293
3 5281 5293 5282
3 5282 5293 5294
3 5282 5294 5271
3 5271 5294 5283
3 5283 5295 5284
3 5284 5295 5296
3 5284 5296 5285
3 5285 5296 5297
3 5285 5297 5286
3 5286 5297 5298
3 5286 5298 5287
3 5287 5298 5299
3 5287 5299 5288
3 5288 5299 5300
3 5288 5300 5289
3 5289 5300 5301
3 5289 5301 5290
3 5290 5301 5302
3 5290 5302 5291
3 5291 5302 5303
3 5291 5303 5292
3 5292 5303 5304
3 5292 5304 5293
3 5293 5304 5305
3 5293 5305 5294
3 5294 5305 5306
3 5294 5306 5283
3 5283 5306 5295
3 5295 5307 5296
3 5296 5307 5308
3 5296 5308 5297
3 5297 5308 5309
3 5297 5309 5298
3 5298 5309 5310
3 5298 5310 5299
3 5299 5310 5311
3 5299 5311 5300
3 5300 5311 5312
3 5300 5312 5301
3 5301 5312 5313
3 5301 5313 5302
3 5302 5313 5314
3 5302 5314 5303
3 5303 5314 5315
3 5303 5315 5304
3 5304 5315 5316
3 5304 5316 5305
3 5305 5316 5317
3 5305 5317 5306
3 5306 5317 5318
3 5306 5318 5295
3 5295 5318 5307
3 5307 5319 5308
3 5308 5319 5320
3 5308 5320 5309
3 5309 5320 5321
3 5309 5321 5310
3 5310 5321 5322
3 5310 5322 5311
3 5311 5322 5323
3 5311 5323 5312
3 5312 5323 5324
3 5312 5324 5313
3 5313 5324 5325
3 5313 5325 5314
3 5314 5325 5326
3 5314 5326 5315
3 5315 5326 5327
3 5315 5327 5316
3 5316 5327 5328
3 5316 5328 5317
3 5317 5328 5329
3 5317 5329 5318
3 5318 5329 5330
3 5318 5330 5307
3 5307 5330 5319
3 5331 5320 5319
3 5331 5321 5320
3 5331 5322 5321
3 5331 5323 5322
3 5331 5324 5323
3 5331 5325 5324
3 5331 5326 5325
3 5331 5327 5326
3 5331 5328 5327
3 5331 5329 5328
3 5331 5330 5329
3 5331 5319 5330
3 5332 5333 5334
3 5332 5334 5335
3 5332 5335 5336
3 5332 5336 5337
3 5332 5337 5338
3 5332 5338 5339
3 5332 5339 5340
3 5332 5340 5341
3 5332 5341 5342
3 5332 5342 5343
3 5332 5343 5344
3 5332 5344 5333
3 5333 5345 5334
3 5334 5345 5346
3 5334 5346 5335
3 5335 5346 5347
3 5335 5347 5336
3 5336 5347 5348
3 5336 5348 5337
3 5337 5348 5349
3 5337 5349 5338
3 5338 5349 5350
3 5338 5350 5339
3 5339 5350 5351
3 5339 5351 5340
3 5340 5351 5352
3 5340 5352 5341
3 5341 5352 5353
3 5341 5353 5342
3 5342 5353 5354
3 5342 5354 5343
3 5343 5354 5355
3 5343 5355 5344
3 5344 5355 5356
3 5344 5356 5333
3 5333 5356 5345
3 5345 5357 5346
3 5346 5357 5358
3 5346 5358 5347
3 5347 5358 5359
3 5347 5359 5348
3 5348 5359 5360
3 5348 5360 5349
3 5349 5360 5361
3 5349 5361 5350
3 5350 5361 5362
3 5350 5362 5351
3 5351 5362 5363
3 5351 5363 5352
3 5352 5363 5364
3 5352 5364 5353
3 5353 5364 5365
3 5353 5365 5354
3 5354 5365 5366
3 5354 5366 5355
3 5355 5366 5367
3 5355 5367 5356
3 5356 5367 5368
3 5356 5368 5345
3 5345 5368 5357
3 5357 5369 5358
3 5358 5369 5370
3 5358 5370 5359
3 5359 5370 5371
3 5359 5371 5360
3 5360 5371 5372
3 5360 5372 5361
3 5361 5372 5373
3 5361 5373 5362
3 5362 5373 5374
3 5362 5374 5363
3 5363 5374 5375
3 5363 5375 5364
3 5364 5375 5376
3 5364 5376 5365
3 5365 5376 5377
3 5365 5377 5366
3 5366 5377 5378
3 5366 5378 5367
3 5367 5378 5379
3 5367 5379 5368
3 5368 5379 5380
3 5368 5380 5357
3 5357 5380 5369
3 5369 5381 5370
3 5370 5381 5382
3 5370 5382 5371
3 5371 5382 5383
3 5371 5383 5372
3 5372 5383 5384
3 5372 5384 5373
3 5373 5384 5385
3 5373 5385 5374
3 5374 5385 5386
3 5374 5386 5375
3 5375 5386 5387
3 5375 5387 5376
3 5376 5387 5388
3 5376 5388 5377
3 5377 5388 5389
3 5377 5389 5378
3 5378 5389 5390
3 5378 5390 5379
3 5379 5390 5391
3 5379 5391 5380
3 5380 5391 5392
3 5380 5392 5369
3 5369 5392 5381
3 5381 5393 5382
3 5382 5393 5394
3 5382 5394 5383
3 5383 5394 5395
3 5383 5395 5384
3 5384 5395 5396
3 5384 5396 5385
3 5385 5396 5397
3 5385 5397 5386
3 5386 5397 5398
3 5386 5398 5387
3 5387 5398 5399
3 5387 5399 5388
3 5388 5399 5400
3 5388 5400 5389
3 5389 5400 5401
3 5389 5401 5390
3 5390 5401 5402
3 5390 5402 5391
3 5391 5402 5403
3 5391 5403 5392
3 5392 5403 5404
3 5392 5404 5381
3 5381 5404 5393
3 5393 5405 5394
3 5394 5405 5406
3 5394 5406 5395
3 5395 5406 5407
3 5395 5407 5396
3 5396 5407 5408
3 5396 5408 5397
3 5397 5408 5409
3 5397 5409 5398
3 5398 5409 5410
3 5398 5410 5399
3 5399 5410 5411
3 5399 5411 5400
3 5400 5411 5412
3 5400 5412 5401
3 5401 5412 5413
3 5401 5413 5402
3 5402 5413 5414
3 5402 5414 5403
3 5403 5414 5415
3 5403 5415 5404
3 5404 5415 5416
3 5404 5416 5393
3 5393 5416 5405
3 5417 5406 5405
3 5417 5407 5406
3 5417 5408 5407
3 5417 5409 5408
3 5417 5410 5409
3 5417 5411 5410
3 5417 5412 5411
3 5417 5413 5412
3 5417 5414 5413
3 5417 5415 5414
3 5417 5416 5415
3 5417 5405 5416
3 5418 5419 5420
3 5418 5420 5421
3 5418 5421 5422
3 5418 5422 5423
3 5418 5423 5424
3 5418 5424 5425
3 5418 5425 5426
3 5418 5426 5427
3 5418 5427 5428
3 5418 5428 5429
3 5418 5429 5430
3 5418 5430 5419
3 5419 5431 5420
3 5420 5431 5432
3 5420 5432 5421
3 5421 5432 5433
3 5421 5433 5422
3 5422 5433 5434
3 5422 5434 5423
3 5423 5434 5435
3 5423 5435 5424
3 5424 5435 5436
3 5424 5436 5425
3 5425 5436 5437
3 5425 5437 5426
3 5426 5437 5438
3 5426 5438 5427
3 5427 5438 5439
3 5427 5439 5428
3 5428 5439 5440
3 5428 5440 5429
3 5429 5440 5441
3 5429 5441 5430
3 5430 5441 5442
3 5430 5442 5419
3 5419 5442 5431
3 5431 5443 5432
3 5432 5443 5444
3 5432 5444 5433
3 5433 5444 5445
3 5433 5445 5434
3 5434 5445 5446
3 5434 5446 5435
3 5435 5446 5447
3 5435 5447 5436
3 5436 5447 5448
3 5436 5448 5437
3 5437 5448 5449
3 5437 5449 5438
3 5438 5449 5450
3 5438 5450 5439
3 5439 5450 5451
3 5439 5451 5440
3 5440 5451 5452
3 5440 5452 5441
3 5441 5452 5453
3 5441 5453 5442
3 5442 5453 5454
3 5442 5454 5431
3 5431 5454 5443
3 5443 5455 5444
3 5444 5455 5456
3 5444 5456 5445
3 5445 5456 5457
3 5445 5457 5446
3 5446 5457 5458
3 5446 5458 5447
3 5447 5458 5459
3 5447 5459 5448
3 5448 5459 5460
3 5448 5460 5449
3 5449 5460 5461
3 5449 5461 5450
3 5450 5461 5462
3 5450 5462 5451
3 5451 5462 5463
3 5451 5463 5452
3 5452 5463 5464
3 5452 5464 5453
3 5453 5464 5465
3 5453 5465 5454
3 5454 5465 5466
3 5454 5466 5443
3 5443 5466 5455
3 5455 5467 5456
3 5456 5467 5468
3 5456 5468 5457
3 5457 5468 5469
3 5457 5469 5458
3 5458 5469 5470
3 5458 5470 5459
3 5459 5470 5471
3 5459 5471 5460
3 5460 5471 5472
3 5460 5472 5461
3 5461 5472 5473
3 5461 5473 5462
3 5462 5473 5474
3 5462 5474 5463
3 5463 5474 5475
3 5463 5475 5464
3 5464 5475 5476
3 5464 5476 5465
3 5465 5476 5477
3 5465 5477 5466
3 5466 5477 5478
3 5466 5478 5455
3 5455 5478 5467
3 5467 5479 5468
3 5468 5479 5480
3 5468 5480 5469
3 5469 5480 5481
3 5469 5481 5470
3 5470 5481 5482
3 5470 5482 5471
3 5471 5482 5483
3 5471 5483 5472
3 5472 5483 5484
3 5472 5484 5473
3 5473 5484 5485
3 5473 5485 5474
3 5474 5485 5486
3 5474 5486 5475
3 5475 5486 5487
3 5475 5487 5476
3 5476 5487 5488
3 5476 5488 5477
3 5477 5488 5489
3 5477 5489 5478
3 5478 5489 5490
3 5478 5490 5467
3 5467 5490 5479
3 5479 5491 5480
3 5480 5491 5492
3 5480 5492 5481
3 5481 5492 5493
3 5481 5493 5482
3 5482 5493 5494
3 5482 5494 5483
3 5483 5494 5495
3 5483 5495 5484
3 5484 5495 5496
3 5484 5496 5485
3 5485 5496 5497
3 5485 5497 5486
3 5486 5497 5498
3 5486 5498 5487
3 5487 5498 5499
3 5487 5499 5488
3 5488 5499 5500
3 5488 5500 5489
3 5489 5500 5501
3 5489 5501 5490
3 5490 5501 5502
3 5490 5502 5479
3 5479 5502 5491
3 5503 5492 5491
3 5503 5493 5492
3 5503 5494 5493
3 5503 5495 5494
3 5503 5496 5495
3 5503 5497 5496
3 5503 5498 5497
3 5503 5499 5498
3 5503 5500 5499
3 5503 5501 5500
3 5503 5502 5501
3 5503 5491 5502
3 5504 5505 5506
3 5504 5506 5507
3 5504 5507 5508
3 5504 5508 5509
3 5504 5509 5510
3 5504 5510 5511
3 5504 5511 5512
3 5504 5512 5513
3 5504 5513 5514
3 5504 5514 5515
3 5504 5515 5516
3 5504 5516 5505
3 5505 5517 5506
3 5506 5517 5518
3 5506 5518 5507
3 5507 5518 5519
3 5507 5519 5508
3 5508 5519 5520
3 5508 5520 5509
3 5509 5520 5521
3 5509 5521 5510
3 5510 5521 5522
3 5510 5522 5511
3 5511 5522 5523
3 5511 5523 5512
3 5512 5523 5524
3 5512 5524 5513
3 5513 5524 5525
3 5513 5525 5514
3 5514 5525 5526
3 5514 5526 5515
3 5515 5526 5527
3 5515 5527 5516
3 5516 5527 5528
3 5516 5528 5505
3 5505 5528 5517
3 5517 5529 5518
3 5518 5529 5530
3 5518 5530 5519
3 5519 5530 5531
3 5519 5531 5520
3 5520 5531 5532
3 5520 5532 5521
3 5521 5532 5533
3 5521 5533 5522
3 5522 5533 5534
3 5522 5534 5523
3 5523 5534 5535
3 5523 5535 5524
3 5524 5535 5536
3 5524 5536 5525
3 5525 5536 5537
3 5525 5537 5526
3 5526 5537 5538
3 5526 5538 5527
3 5527 5538 5539
3 5527 5539 5528
3 5528 5539 5540
3 5528 5540 5517
3 5517 5540 5529
3 5529 5541 5530
3 5530 5541 5542
3 5530 5542 5531
3 5531 5542 5543
3 5531 5543 5532
3 5532 5543 5544
3 5532 5544 5533
3 5533 5544 5545
3 5533 5545 5534
3 5534 5545 5546
3 5534 5546 5535
3 5535 5546 5547
3 5535 5547 5536
3 5536 5547 5548
3 5536 5548 5537
3 5537 5548 5549
3 5537 5549 5538
3 5538 5549 5550
3 5538 5550 5539
3 5539 5550 5551
3 5539 5551 5540
3 5540 5551 5552
3 5540 5552 5529
3 5529 5552 5541
3 5541 5553 5542
3 5542 5553 5554
3 5542 5554 5543
3 5543 5554 5555
3 5543 5555 5544
3 5544 5555 5556
3 5544 5556 5545
3 5545 5556 5557
3 5545 5557 5546
3 5546 5557 5558
3 5546 5558 5547
3 5547 5558 5559
3 5547 5559 5548
3 5548 5559 5560
3 5548 5560 5549
3 5549 5560 5561
3 5549 5561 5550
3 5550 5561 5562
3 5550 5562 5551
3 5551 5562 5563
3 5551 5563 5552
3 5552 5563 5564
3 5552 5564 5541
3 5541 5564 5553
3 5553 5565 5554
3 5554 5565 5566
3 5554 5566 5555
3 5555 5566 5567
3 5555 5567 5556
3 5556 5567 5568
3 5556 5568 5557
3 5557 5568 5569
3 5557 5569 5558
3 5558 5569 5570
3 5558 5570 5559
3 5559 5570 5571
3 5559 5571 5560
3 5560 5571 5572
3 5560 5572 5561
3 5561 5572 5573
3 5561 5573 5562
3 5562 5573 5574
3 5562 5574 5563
3 5563 5574 5575
3 5563 5575 5564
3 5564 5575 5576
3 5564 5576 5553
3 5553 5576 5565
3 5565 5577 5566
3 5566 5577 5578
3 5566 5578 5567
3 5567 5578 5579
3 5567 5579 5568
3 5568 5579 5580
3 5568 5580 5569
3 5569 5580 5581
3 5569 5581 5570
3 5570 5581 5582
3 5570 5582 5571
3 5571 5582 5583
3 5571 5583 5572
3 5572 5583 5584
3 5572 5584 5573
3 5573 5584 5585
3 5573 5585 5574
3 5574 5585 5586
3 5574 5586 5575
3 5575 5586 5587
3 5575 5587 5576
3 5576 5587 5588
3 5576 5588 5565
3 5565 5588 5577
3 5589 5578 5577
3 5589 5579 5578
3 5589 5580 5579
3 5589 5581 5580
3 5589 5582 5581
3 5589 5583 5582
3 5589 5584 5583
3 5589 5585 5584
3 5589 5586 5585
3 5589 5587 5586
3 5589 5588 5587
3 5589 5577 5588
3 5590 5591 5592
3 5590 5592 5593
3 5590 5593 5594
3 5590 5594 5595
3 5590 5595 5596
3 5590 5596 5597
3 5590 5597 5598
3 5590 5598 5599
3 5590 5599 5600
3 5590 5600 5601
3 5590 5601 5602
3 5590 5602 5591
3 5591 5603 5592
3 5592 5603 5604
3 5592 5604 5593
3 5593 5604 5605
3 5593 5605 5594
3 5594 5605 5606
3 5594 5606 5595
3 5595 5606 5607
3 5595 5607 5596
3 5596 5607 5608
3 5596 5608 5597
3 5597 5608 5609
3 5597 5609 5598
3 5598 5609 5610
3 5598 5610 5599
3 5599 5610 5611
3 5599 5611 5600
3 5600 5611 5612
3 5600 5612 5601
3 5601 5612 5613
3 5601 5613 5602
3 5602 5613 5614
3 5602 5614 5591
3 5591 5614 5603
3 5603 5615 5604
3 5604 5615 5616
3 5604 5616 5605
3 5605 5616 5617
3 5605 5617 5606
3 5606 5617 5618
3 5606 5618 5607
3 5607 5618 5619
3 5607 5619 5608
3 5608 5619 5620
3 5608 5620 5609
3 5609 5620 5621
3 5609 5621 5610
3 5610 5621 5622
3 5610 5622 5611
3 5611 5622 5623
3 5611 5623 5612
3 5612 5623 5624
3 5612 5624 5613
3 5613 5624 5625
3 5613 5625 5614
3 5614 5625 5626
3 5614 5626 5603
3 5603 5626 5615
3 5615 5627 5616
3 5616 5627 5628
3 5616 5628 5617
3 5617 5628 5629
3 5617 5629 5618
3 5618 5629 5630
3 5618 5630 5619
3 5619 5630 5631
3 5619 5631 5620
3 5620 5631 5632
3 5620 5632 5621
3 5621 5632 5633
3 5621 5633 5622
3 5622 5633 5634
3 5622 5634 5623
3 5623 5634 5635
3 5623 5635 5624
3 5624 5635 5636
3 5624 5636 5625
3 5625 5636 5637
3 5625 5637 5626
3 5626 5637 5638
3 5626 5638 5615
3 5615 5638 5627
3 5627 5639 5628
3 5628 5639 5640
3 5628 5640 5629
3 5629 5640 5641
3 5629 5641 5630
3 5630 5641 5642
3 5630 5642 5631
3 5631 5642 5643
3 5631 5643 5632
3 5632 5643 5644
3 5632 5644 5633
3 5633 5644 5645
3 5633 5645 5634
3 5634 5645 5646
3 5634 5646 5635
3 5635 5646 5647
3 5635 5647 5636
3 5636 5647 5648
3 5636 5648 5637
3 5637 5648 5649
3 5637 5649 5638
3 5638 5649 5650
3 5638 5650 5627
3 5627 5650 5639
3 5639 5651 5640
3 5640 5651 5652
3 5640 5652 5641
3 5641 5652 5653
3 5641 5653 5642
3 5642 5653 5654
3 5642 5654 5643
3 5643 5654 5655
3 5643 5655 5644
3 5644 5655 5656
3 5644 5656 5645
3 5645 5656 5657
3 5645 5657 5646
3 5646 5657 5658
3 5646 5658 5647
3 5647 5658 5659
3 5647 5659 5648
3 5648 5659 5660
3 5648 5660 5649
3 5649 5660 5661
3 5649 5661 5650
3 5650 5661 5662
3 5650 5662 5639
3 5639 5662 5651
3 5651 5663 5652
3 5652 5663 5664
3 5652 5664 5653
3 5653 5664 5665
3 5653 5665 5654
3 5654 5665 5666
3 5654 5666 5655
3 5655 5666 5667
3 5655 5667 5656
3 5656 5667 5668
3 5656 5668 5657
3 5657 5668 5669
3 5657 5669 5658
3 5658 5669 5670
3 5658 5670 5659
3 5659 5670 5671
3 5659 5671 5660
3 5660 5671 5672
3 5660 5672 5661
3 5661 5672 5673
3 5661 5673 5662
3 5662 5673 5674
3 5662 5674 5651
3 5651 5674 5663
3 5675 5664 5663
3 5675 5665 5664
3 5675 5666 5665
3 5675 5667 5666
3 5675 5668 5667
3 5675 5669 5668
3 5675 5670 5669
3 5675 5671 5670
3 5675 5672 5671
3 5675 5673 5672
3 5675 5674 5673
3 5675 5663 5674
3 5676 5677 5678
3 5676 5678 5679
3 5676 5679 5680
3 5676 5680 5681
3 5676 5681 5682
3 5676 5682 5683
3 5676 5683 5684
3 5676 5684 5685
3 5676 5685 5686
3 5676 5686 5687
3 5676 5687 5688
3 5676 5688 5677
3 5677 5689 5678
3 5678 5689 5690
3 5678 5690 5679
3 5679 5690 5691
3 5679 5691 5680
3 5680 5691 5692
3 5680 5692 5681
3 5681 5692 5693
3 5681 5693 5682
3 5682 5693 5694
3 5682 5694 5683
3 5683 5694 5695
3 5683 5695 5684
3 5684 5695 5696
3 5684 5696 5685
3 5685 5696 5697
3 5685 5697 5686
3 5686 5697 5698
3 5686 5698 5687
3 5687 5698 5699
3 5687 5699 5688
3 5688 5699 5700
3 5688 5700 5677
3 5677 5700 5689
3 5689 5701 5690
3 5690 5701 5702
3 5690 5702 5691
3 5691 5702 5703
3 5691 5703 5692
3 5692 5703 5704
3 5692 5704 5693
3 5693 5704 5705
3 5693 5705 5694
3 5694 5705 5706
3 5694 5706 5695
3 5695 5706 5707
3 5695 5707 5696
3 5696 5707 5708
3 5696 5708 5697
3 5697 5708 5709
3 5697 5709 5698
3 5698 5709 5710
3 5698 5710 5699
3 5699 5710 5711
3 5699 5711 5700
3 5700 5711 5712
3 5700 5712 5689
3 5689 5712 5701
3 5701 5713 5702
3 5702 5713 5714
3 5702 5714 5703
3 5703 5714 5715
3 5703 5715 5704
3 5704 5715 5716
3 5704 5716 5705
3 5705 5716 5717
3 5705 5717 5706
3 5706 5717 5718
3 5706 5718 5707
3 5707 5718 5719
3 5707 5719 5708
3 5708 5719 5720
3 5708 5720 5709
3 5709 5720 5721
3 5709 5721 5710
3 5710 5721 5722
3 5710 5722 5711
3 5711 5722 5723
3 5711 5723 5712
3 5712 5723 5724
3 5712 5724 5701
3 5701 5724 5713
3 5713 5725 5714
3 5714 5725 5726
3 5714 5726 5715
3 5715 5726 5727
3 5715 5727 5716
3 5716 5727 5728
3 5716 5728 5717
3 5717 5728 5729
3 5717 5729 5718
3 5718 5729 5730
3 5718 5730 5719
3 5719 5730 5731
3 5719 5731 5720
3 5720 5731 5732
3 5720 5732 5721
3 5721 5732 5733
3 5721 5733 5722
3 5722 5733 5734
3 5722 5734 5723
3 5723 5734 5735
3 5723 5735 5724
3 5724 5735 5736
3 5724 5736 5713
3 5713 5736 5725
3 5725 5737 5726
3 5726 5737 5738
3 5726 5738 5727
3 5727 5738 5739
3 5727 5739 5728
3 5728 5739 5740
3 5728 5740 5729
3 5729 5740 5741
3 5729 5741 5730
3 5730 5741 5742
3 5730 5742 5731
3 5731 5742 5743
3 5731 5743 5732
3 5732 5743 5744
3 5732 5744 5733
3 5733 5744 5745
3 5733 5745 5734
3 5734 5745 5746
3 5734 5746 5735
3 5735 5746 5747
3 5735 5747 5736
3 5736 5747 5748
3 5736 5748 5725
3 5725 5748 5737
3 5737 5749 5738
3 5738 5749 5750
3 5738 5750 5739
3 5739 5750 5751
3 5739 5751 5740
3 5740 5751 5752
3 5740 5752 5741
3 5741 5752 5753
3 5741 5753 5742
3 5742 5753 5754
3 5742 5754 5743
3 5743 5754 5755
3 5743 5755 5744
3 5744 5755 5756
3 5744 5756 5745
3 5745 5756 5757
3 5745 5757 5746
3 5746 5757 5758
3 5746 5758 5747
3 5747 5758 5759
3 5747 5759 5748
3 5748 5759 5760
3 5748 5760 5737
3 5737 5760 5749
3 5761 5750 5749
3 5761 5751 5750
3 5761 5752 5751
3 5761 5753 5752
3 5761 5754 5753
3 5761 5755 5754
3 5761 5756 5755
3 5761 5757 5756
3 5761 5758 5757
3 5761 5759 5758
3 5761 5760 5759
3 5761 5749 5760
3 5762 5763 5764
3 5762 5764 5765
3 5762 5765 5766
3 5762 5766 5767
3 5762 5767 5768
3 5762 5768 5769
3 5762 5769 5770
3 5762 5770 5771
3 5762 5771 5772
3 5762 5772 5773
3 5762 5773 5774
3 5762 5774 5763
3 5763 5775 5764
3 5764 5775 5776
3 5764 5776 5765
3 5765 5776 5777
3 5765 5777 5766
3 5766 5777 5778
3 5766 5778 5767
3 5767 5778 5779
3 5767 5779 5768
3 5768 5779 5780
3 5768 5780 5769
3 5769 5780 5781
3 5769 5781 5770
3 5770 5781 5782
3 5770 5782 5771
3 5771 5782 5783
3 5771 5783 5772
3 5772 5783 5784
3 5772 5784 5773
3 5773 5784 5785
3 5773 5785 5774
3 5774 5785 5786
3 5774 5786 5763
3 5763 5786 5775
3 5775 5787 5776
3 5776 5787 5788
3 5776 5788 5777
3 5777 5788 5789
3 5777 5789 5778
3 5778 5789 5790
3 5778 5790 5779
3 5779 5790 5791
3 5779 5791 5780
3 5780 5791 5792
3 5780 5792 5781
3 5781 5792 5793
3 5781 5793 5782
3 5782 5793 5794
3 5782 5794 5783
3 5783 5794 5795
3 5783 5795 5784
3 5784 5795 5796
3 5784 5796 5785
3 5785 5796 5797
3 5785 5797 5786
3 5786 5797 5798
3 5786 5798 5775
3 5775 5798 5787
3 5787 5799 5788
3 5788 5799 5800
3 5788 5800 5789
3 5789 5800 5801
3 5789 5801 5790
3 5790 5801 5802
3 5790 5802 5791
3 5791 5802 5803
3 5791 5803 5792
3 5792 5803 5804
3 5792 5804 5793
3 5793 5804 5805
3 5793 5805 5794
3 5794 5805 5806
3 5794 5806 5795
3 5795 5806 5807
3 5795 5807 5796
3 5796 5807 5808
3 5796 5808 5797
3 5797 5808 5809
3 5797 5809 5798
3 5798 5809 5810
3 5798 5810 5787
3 5787 5810 5799
3 5799 5811 5800
3 5800 5811 5812
3 5800 5812 5801
3 5801 5812 5813
3 5801 5813 5802
3 5802 5813 5814
3 5802 5814 5803
3 5803 5814 5815
3 5803 5815 5804
3 5804 5815 5816
3 5804 5816 5805
3 5805 5816 5817
3 5805 5817 5806
3 5806 5817 5818
3 5806 5818 5807
3 5807 5818 5819
3 5807 5819 5808
3 5808 5819 5820
3 5808 5820 5809
3 5809 5820 5821
3 5809 5821 5810
3 5810 5821 5822
3 5810 5822 5799
3 5799 5822 5811
3 5811 5823 5812
3 5812 5823 5824
3 5812 5824 5813
3 5813 5824 5825
3 5813 5825 5814
3 5814 5825 5826
3 5814 5826 5815
3 5815 5826 5827
3 5815 5827 5816
3 5816 5827 5828
3 5816 5828 5817
3 5817 5828 5829
3 5817 5829 5818
3 5818 5829 5830
3 5818 5830 5819
3 5819 5830 5831
3 5819 5831 5820
3 5820 5831 5832
3 5820 5832 5821
3 5821 5832 5833
3 5821 5833 5822
3 5822 5833 5834
3 5822 5834 5811
3 5811 5834 5823
3 5823 5835 5824
3 5824 5835 5836
3 5824 5836 5825
3 5825 5836 5837
3 5825 5837 5826
3 5826 5837 5838
3 5826 5838 5827
3 5827 5838 5839
3 5827 5839 5828
3 5828 5839 5840
3 5828 5840 5829
3 5829 5840 5841
3 5829 5841 5830
3 5830 5841 5842
3 5830 5842 5831
3 5831 5842 5843
3 5831 5843 5832
3 5832 5843 5844
3 5832 5844 5833
3 5833 5844 5845
3 5833 5845 5834
3 5834 5845 5846
3 5834 5846 5823
3 5823 5846 5835
3 5847 5836 5835
3 5847 5837 5836
3 5847 5838 5837
3 5847 5839 5838
3 5847 5840 5839
3 5847 5841 5840
3 5847 5842 5841
3 5847 5843 5842
3 5847 5844 5843
3 5847 5845 5844
3 5847 5846 5845
3 5847 5835 5846
3 5848 5849 5850
3 5848 5850 5851
3 5848 5851 5852
3 5848 5852 5853
3 5848 5853 5854
3 5848 5854 5855
3 5848 5855 5856
3 5848 5856 5857
3 5848 5857 5858
3 5848 5858 5859
3 5848 5859 5860
3 5848 5860 5849
3 5849 5861 5850
3 5850 5861 5862
3 5850 5862 5851
3 5851 5862 5863
3 5851 5863 5852
3 5852 5863 5864
3 5852 5864 5853
3 5853 5864 5865
3 5853 5865 5854
3 5854 5865 5866
3 5854 5866 5855
3 5855 5866 5867
3 5855 5867 5856
3 5856 5867 5868
3 5856 5868 5857
3 5857 5868 5869
3 5857 5869 5858
3 5858 5869 5870
3 5858 5870 5859
3 5859 5870 5871
3 5859 5871 5860
3 5860 5871 5872
3 5860 5872 5849
3 5849 5872 5861
3 5861 5873 5862
3 5862 5873 5874
3 5862 5874 5863
3 5863 5874 5875
3 5863 5875 5864
3 5864 5875 5876
3 5864 5876 5865
3 5865 5876 5877
3 5865 5877 5866
3 5866 5877 5878
3 5866 5878 5867
3 5867 5878 5879
3 5867 5879 5868
3 5868 5879 5880
3 5868 5880 5869
3 5869 5880 5881
3 5869 5881 5870
3 5870 5881 5882
3 5870 5882 5871
3 5871 5882 5883
3 5871 5883 5872
3 5872 5883 5884
3 5872 5884 5861
3 5861 5884 5873
3 5873 5885 5874
3 5874 5885 5886
3 5874 5886 5875
3 5875 5886 5887
3 5875 5887 5876
3 5876 5887 5888
3 5876 5888 5877
3 5877 5888 5889
3 5877 5889 5878
3 5878 5889 5890
3 5878 5890 5879
3 5879 5890 5891
3 5879 5891 5880
3 5880 5891 5892
3 5880 5892 5881
3 5881 5892 5893
3 5881 5893 5882
3 5882 5893 5894
3 5882 5894 5883
3 5883 5894 5895
3 5883 5895 5884
3 5884 5895 5896
3 5884 5896 5873
3 5873 5896 5885
3 5885 5897 5886
3 5886 5897 5898
3 5886 5898 5887
3 5887 5898 5899
3 5887 5899 5888
3 5888 5899 5900
3 5888 5900 5889
3 5889 5900 5901
3 5889 5901 5890
3 5890 5901 5902
3 5890 5902 5891
3 5891 5902 5903
3 5891 5903 5892
3 5892 5903 5904
3 5892 5904 5893
3 5893 5904 5905
3 5893 5905 5894
3 5894 5905 5906
3 5894 5906 5895
3 5895 5906 5907
3 5895 5907 5896
3 5896 5907 5908
3 5896 5908 5885
3 5885 5908 5897
3 5897 5909 5898
3 5898 5909 5910
3 5898 5910 5899
3 5899 5910 5911
3 5899 5911 5900
3 5900 5911 5912
3 5900 5912 5901
3 5901 5912 5913
3 5901 5913 5902
3 5902 5913 5914
3 5902 5914 5903
3 5903 5914 5915
3 5903 5915 5904
3 5904 5915 5916
3 5904 5916 5905
3 5905 5916 5917
3 5905 5917 5906
3 5906 5917 5918
3 5906 5918 5907
3 5907 5918 5919
3 5907 5919 5908
3 5908 5919 5920
3 5908 5920 5897
3 5897 5920 5909
3 5909 5921 5910
3 5910 5921 5922
3 5910 5922 5911
3 5911 5922 5923
3 5911 5923 5912
3 5912 5923 5924
3 5912 5924 5913
3 5913 5924 5925
3 5913 5925 5914
3 5914 5925 5926
3 5914 5926 5915
3 5915 5926 5927
3 5915 5927 5916
3 5916 5927 5928
3 5916 5928 5917
3 5917 5928 5929
3 5917 5929 5918
3 5918 5929 5930
3 5918 5930 5919
3 5919 5930 5931
3 5919 5931 5920
3 5920 5931 5932
3 5920 5932 5909
3 5909 5932 5921
3 5933 5922 5921
3 5933 5923 5922
3 5933 5924 5923
3 5933 5925 5924
3 5933 5926 5925
3 5933 5927 5926
3 5933 5928 5927
3 5933 5929 5928
3 5933 5930 5929
3 5933 5931 5930
3 5933 5932 5931
3 5933 5921 5932
3 5934 5935 5936
3 5934 5936 5937
3 5934 5937 5938
3 5934 5938 5939
3 5934 5939 5940
3 5934 5940 5941
3 5934 5941 5942
3 5934 5942 5943
3 5934 5943 5944
3 5934 5944 5945
3 5934 5945 5946
3 5934 5946 5935
3 5935 5947 5936
3 5936 5947 5948
3 5936 5948 5937
3 5937 5948 5949
3 5937 5949 5938
3 5938 5949 5950
3 5938 5950 5939
3 5939 5950 5951
3 5939 5951 5940
3 5940 5951 5952
3 5940 5952 5941
3 5941 5952 5953
3 5941 5953 5942
3 5942 5953 5954
3 5942 5954 5943
3 5943 5954 5955
3 5943 5955 5944
3 5944 5955 5956
3 5944 5956 5945
3 5945 5956 5957
3 5945 5957 5946
3 5946 5957 5958
3 5946 5958 5935
3 5935 5958 5947
3 5947 5959 5948
3 5948 5959 5960
3 5948 5960 5949
3 5949 5960 5961
3 5949 5961 5950
3 5950 5961 5962
3 5950 5962 5951
3 5951 5962 5963
3 5951 5963 5952
3 5952 5963 5964
3 5952 5964 5953
3 5953 5964 5965
3 5953 5965 5954
3 5954 5965 5966
3 5954 5966 5955
3 5955 5966 5967
3 5955 5967 5956
3 5956 5967 5968
3 5956 5968 5957
3 5957 5968 5969
3 5957 5969 5958
3 5958 5969 5970
3 5958 5970 5947
3 5947 5970 5959
3 5959 5971 5960
3 5960 5971 5972
3 5960 5972 5961
3 5961 5972 5973
3 5961 5973 5962
3 5962 5973 5974
3 5962 5974 5963
3 5963 5974 5975
3 5963 5975 5964
3 5964 5975 5976
3 5964 5976 5965
3 5965 5976 5977
3 5965 5977 5966
3 5966 5977 5978
3 5966 5978 5967
3 5967 5978 5979
3 5967 5979 5968
3 5968 5979 5980
3 5968 5980 5969
3 5969 5980 5981
3 5969 5981 5970
3 5970 5981 5982
3 5970 5982 5959
3 5959 5982 5971
3 5971 5983 5972
3 5972 5983 5984
3 5972 5984 5973
3 5973 5984 5985
3 5973 5985 5974
3 5974 5985 5986
3 5974 5986 5975
3 5975 5986 5987
3 5975 5987 5976
3 5976 5987 5988
3 5976 5988 5977
3 5977 5988 5989
3 5977 5989 5978
3 5978 5989 5990
3 5978 5990 5979
3 5979 5990 5991
3 5979 5991 5980
3 5980 5991 5992
3 5980 5992 5981
3 5981 5992 5993
3 5981 5993 5982
3 5982 5993 5994
3 5982 5994 5971
3 5971 5994 5983
3 5983 5995 5984
3 5984 5995 5996
3 5984 5996 5985
3 5985 5996 5997
3 5985 5997 5986
3 5986 5997 5998
3 5986 5998 5987
3 5987 5998 5999
3 5987 5999 5988
3 5988 5999 6000
3 5988 6000 5989
3 5989 6000 6001
3 5989 6001 5990
3 5990 6001 6002
3 5990 6002 5991
3 5991 6002 6003
3 5991 6003 5992
3 5992 6003 6004
3 5992 6004 5993
3 5993 6004 6005
3 5993 6005 5994
3 5994 6005 6006
3 5994 6006 5983
3 5983 6006 5995
3 5995 6007 5996
3 5996 6007 6008
3 5996 6008 5997
3 5997 6008 6009
3 5997 6009 5998
3 5998 6009 6010
3 5998 6010 5999
3 5999 6010 6011
3 5999 6011 6000
3 6000 6011 6012
3 6000 6012 6001
3 6001 6012 6013
3 6001 6013 6002
3 6002 6013 6014
3 6002 6014 6003
3 6003 6014 6015
3 6003 6015 6004
3 6004 6015 6016
3 6004 6016 6005
3 6005 6016 6017
3 6005 6017 6006
3 6006 6017 6018
3 6006 6018 5995
3 5995 6018 6007
3 6019 6008 6007
3 6019 6009 6008
3 6019 6010 6009
3 6019 6011 6010
3 6019 6012 6011
3 6019 6013 6012
3 6019 6014 6013
3 6019 6015 6014
3 6019 6016 6015
3 6019 6017 6016
3 6019 6018 6017
3 6019 6007 6018
3 6020 6021 6022
3 6020 6022 6023
3 6020 6023 6024
3 6020 6024 6025
3 6020 6025 6026
3 6020 6026 6027
3 6020 6027 6028
3 6020 6028 6029
3 6020 6029 6030
3 6020 6030 6031
3 6020 6031 6032
3 6020 6032 6021
3 6021 6033 6022
3 6022 6033 6034
3 6022 6034 6023
3 6023 6034 6035
3 6023 6035 6024
3 6024 6035 6036
3 6024 6036 6025
3 6025 6036 6037
3 6025 6037 6026
3 6026 6037 6038
3 6026 6038 6027
3 6027 6038 6039
3 6027 6039 6028
3 6028 6039 6040
3 6028 6040 6029
3 6029 6040 6041
3 6029 6041 6030
3 6030 6041 6042
3 6030 6042 6031
3 6031 6042 6043
3 6031 6043 6032
3 6032 6043 6044
3 6032 6044 6021
3 6021 6044 6033
3 6033 6045 6034
3 6034 6045 6046
3 6034 6046 6035
3 6035 6046 6047
3 6035 6047 6036
3 6036 6047 6048
3 6036 6048 6037
3 6037 6048 6049
3 6037 6049 6038
3 6038 6049 6050
3 6038 6050 6039
3 6039 6050 6051
3 6039 6051 6040
3 6040 6051 6052
3 6040 6052 6041
3 6041 6052 6053
3 6041 6053 6042
3 6042 6053 6054
3 6042 6054 6043
3 6043 6054 6055
3 6043 6055 6044
3 6044 6055 6056
3 6044 6056 6033
3 6033 6056 6045
3 6045 6057 6046
3 6046 6057 6058
3 6046 6058 6047
3 6047 6058 6059
3 6047 6059 6048
3 6048 6059 6060
3 6048 6060 6049
3 6049 6060 6061
3 6049 6061 6050
3 6050 6061 6062
3 6050 6062 6051
3 6051 6062 6063
3 6051 6063 6052
3 6052 6063 6064
3 6052 6064 6053
3 6053 6064 6065
3 6053 6065 6054
3 6054 6065 6066
3 6054 6066 6055
3 6055 6066 6067
3 6055 6067 6056
3 6056 6067 6068
3 6056 6068 6045
3 6045 6068 6057
3 6057 6069 6058
3 6058 6069 6070
3 6058 6070 6059
3 6059 6070 6071
3 6059 6071 6060
3 6060 6071 6072
3 6060 6072 6061
3 6061 6072 6073
3 6061 6073 6062
3 6062 6073 6074
3 6062 6074 6063
3 6063 6074 6075
3 6063 6075 6064
3 6064 6075 6076
3 6064 6076 6065
3 6065 6076 6077
3 6065 6077 6066
3 6066 6077 6078
3 6066 6078 6067
3 6067 6078 6079
3 6067 6079 6068
3 6068 6079 6080
3 6068 6080 6057
3 6057 6080 6069
3 6069 6081 6070
3 6070 6081 6082
3 6070 6082 6071
3 6071 6082 6083
3 6071 6083 6072
3 6072 6083 6084
3 6072 6084 6073
3 6073 6084 6085
3 6073 6085 6074
3 6074 6085 6086
3 6074 6086 6075
3 6075 6086 6087
3 6075 6087 6076
3 6076 6087 6088
3 6076 6088 6077
3 6077 6088 6089
3 6077 6089 6078
3 6078 6089 6090
3 6078 6090 6079
3 6079 6090 6091
3 6079 6091 6080
3 6080 6091 6092
3 6080 6092 6069
3 6069 6092 6081
3 6081 6093 6082
3 6082 6093 6094
3 6082 6094 6083
3 6083 6094 6095
3 6083 6095 6084
3 6084 6095 6096
3 6084 6096 6085
3 6085 6096 6097
3 6085 6097 6086
3 6086 6097 6098
3 6086 6098 6087
3 6087 6098 6099
3 6087 6099 6088
3 6088 6099 6100
3 6088 6100 6089
3 6089 6100 6101
3 6089 6101 6090
3 6090 6101 6102
3 6090 6102 6091
3 6091 6102 6103
3 6091 6103 6092
3 6092 6103 6104
3 6092 6104 6081
3 6081 6104 6093
3 6105 6094 6093
3 6105 6095 6094
3 6105 6096 6095
3 6105 6097 6096
3 6105 6098 6097
3 6105 6099 6098
3 6105 6100 6099
3 6105 6101 6100
3 6105 6102 6101
3 6105 6103 6102
3 6105 6104 6103
3 6105 6093 6104
3 6106 6107 6108
3 6106 6108 6109
3 6106 6109 6110
3 6106 6110 6111
3 6106 6111 6112
3 6106 6112 6113
3 6106 6113 6114
3 6106 6114 6115
3 6106 6115 6116
3 6106 6116 6117
3 6106 6117 6118
3 6106 6118 6107
3 6107 6119 6108
3 6108 6119 6120
3 6108 6120 6109
3 6109 6120 6121
3 6109 6121 6110
3 6110 6121 6122
3 6110 6122 6111
3 6111 6122 6123
3 6111 6123 6112
3 6112 6123 6124
3 6112 6124 6113
3 6113 6124 6125
3 6113 6125 6114
3 6114 6125 6126
3 6114 6126 6115
3 6115 6126 6127
3 6115 6127 6116
3 6116 6127 6128
3 6116 6128 6117
3 6117 6128 6129
3 6117 6129 6118
3 6118 6129 6130
3 6118 6130 6107
3 6107 6130 6119
3 6119 6131 6120
3 6120 6131 6132
3 6120 6132 6121
3 6121 6132 6133
3 6121 6133 6122
3 6122 6133 6134
3 6122 6134 6123
3 6123 6134 6135
3 6123 6135 6124
3 6124 6135 6136
3 6124 6136 6125
3 6125 6136 6137
3 6125 6137 6126
3 6126 6137 6138
3 6126 6138 6127
3 6127 6138 6139
3 6127 6139 6128
3 6128 6139 6140
3 6128 6140 6129
3 6129 6140 6141
3 6129 6141 6130
3 6130 6141 6142
3 6130 6142 6119
3 6119 6142 6131
3 6131 6143 6132
3 6132 6143 6144
3 6132 6144 6133
3 6133 6144 6145
3 6133 6145 6134
3 6134 6145 6146
3 6134 6146 6135
3 6135 6146 6147
3 6135 6147 6136
3 6136 6147 6148
3 6136 6148 6137
3 6137 6148 6149
3 6137 6149 6138
3 6138 6149 6150
3 6138 6150 6139
3 6139 6150 6151
3 6139 6151 6140
3 6140 6151 6152
3 6140 6152 6141
3 6141 6152 6153
3 6141 6153 6142
3 6142 6153 6154
3 6142 6154 6131
3 6131 6154 6143
3 6143 6155 6144
3 6144 6155 6156
3 6144 6156 6145
3 6145 6156 6157
3 6145 6157 6146
3 6146 6157 6158
3 6146 6158 6147
3 6147 6158 6159
3 6147 6159 6148
3 6148 6159 6160
3 6148 6160 6149
3 6149 6160 6161
3 6149 6161 6150
3 6150 6161 6162
3 6150 6162 6151
3 6151 6162 6163
3 6151 6163 6152
3 6152 6163 6164
3 6152 6164 6153
3 6153 6164 6165
3 6153 6165 6154
3 6154 6165 6166
3 6154 6166 6143
3 6143 6166 6155
3 6155 6167 6156
3 6156 6167 6168
3 6156 6168 6157
3 6157 6168 6169
3 6157 6169 6158
3 6158 6169 6170
3 6158 6170 6159
3 6159 6170 6171
3 6159 6171 6160
3 6160 6171 6172
3 6160 6172 6161
3 6161 6172 6173
3 6161 6173 6162
3 6162 6173 6174
3 6162 6174 6163
3 6163 6174 6175
3 6163 6175 6164
3 6164 6175 6176
3 6164 6176 6165
3 6165 6176 6177
3 6165 6177 6166
3 6166 6177 6178
3 6166 6178 6155
3 6155 6178 6167
3 6167 6179 6168
3 6168 6179 6180
3 6168 6180 6169
3 6169 6180 6181
3 6169 6181 6170
3 6170 6181 6182
3 6170 6182 6171
3 6171 6182 6183
3 6171 6183 6172
3 6172 6183 6184
3 6172 6184 6173
3 6173 6184 6185
3 6173 6185 6174
3 6174 6185 6186
3 6174 6186 6175
3 6175 6186 6187
3 6175 6187 6176
3 6176 6187 6188
3 6176 6188 6177
3 6177 6188 6189
3 6177 6189 6178
3 6178 6189 6190
3 6178 6190 6167
3 6167 6190 6179
3 6191 6180 6179
3 6191 6181 6180
3 6191 6182 6181
3 6191 6183 6182
3 6191 6184 6183
3 6191 6185 6184
3 6191 6186 6185
3 6191 6187 6186
3 6191 6188 6187
3 6191 6189 6188
3 6191 6190 6189
3 6191 6179 6190
3 6192 6193 6194
3 6192 6194 6195
3 6192 6195 6196
3 6192 6196 6197
3 6192 6197 6198
3 6192 6198 6199
3 6192 6199 6200
3 6192 6200 6201
3 6192 6201 6202
3 6192 6202 6203
3 6192 6203 6204
3 6192 6204 6193
3 6193 6205 6194
3 6194 6205 6206
3 6194 6206 6195
3 6195 6206 6207
3 6195 6207 6196
3 6196 6207 6208
3 6196 6208 6197
3 6197 6208 6209
3 6197 6209 6198
3 6198 6209 6210
3 6198 6210 6199
3 6199 6210 6211
3 6199 6211 6200
3 6200 6211 6212
3 6200 6212 6201
3 6201 6212 6213
3 6201 6213 6202
3 6202 6213 6214
3 6202 6214 6203
3 6203 6214 6215
3 6203 6215 6204
3 6204 6215 6216
3 6204 6216 6193
3 6193 6216 6205
3 6205 6217 6206
3 6206 6217 6218
3 6206 6218 6207
3 6207 6218 6219
3 6207 6219 6208
3 6208 6219 6220
3 6208 6220 6209
3 6209 6220 6221
3 6209 6221 6210
3 6210 6221 6222
3 6210 6222 6211
3 6211 6222 6223
3 6211 6223 6212
3 6212 6223 6224
3 6212 6224 6213
3 6213 6224 6225
3 6213 6225 6214
3 6214 6225 6226
3 6214 6226 6215
3 6215 6226 6227
3 6215 6227 6216
3 6216 6227 6228
3 6216 6228 6205
3 6205 6228 6217
3 6217 6229 6218
3 6218 6229 6230
3 6218 6230 6219
3 6219 6230 6231
3 6219 6231 6220
3 6220 6231 6232
3 6220 6232 6221
3 6221 6232 6233
3 6221 6233 6222
3 6222 6233 6234
3 6222 6234 6223
3 6223 6234 6235
3 6223 6235 6224
3 6224 6235 6236
3 6224 6236 6225
3 6225 6236 6237
3 6225 6237 6226
3 6226 6237 6238
3 6226 6238 6227
3 6227 6238 6239
3 6227 6239 6228
3 6228 6239 6240
3 6228 6240 6217
3 6217 6240 6229
3 6229 6241 6230
3 6230 6241 6242
3 6230 6242 6231
3 6231 6242 6243
3 6231 6243 6232
3 6232 6243 6244
3 6232 6244 6233
3 6233 6244 6245
3 6233 6245 6234
3 6234 6245 6246
3 6234 6246 6235
3 6235 6246 6247
3 6235 6247 6236
3 6236 6247 6248
3 6236 6248 6237
3 6237 6248 6249
3 6237 6249 6238
3 6238 6249 6250
3 6238 6250 6239
3 6239 6250 6251
3 6239 6251 6240
3 6240 6251 6252
3 6240 6252 6229
3 6229 6252 6241
3 6241 6253 6242
3 6242 6253 6254
3 6242 6254 6243
3 6243 6254 6255
3 6243 6255 6244
3 6244 6255 6256
3 6244 6256 6245
3 6245 6256 6257
3 6245 6257 6246
3 6246 6257 6258
3 6246 6258 6247
3 6247 6258 6259
3 6247 6259 6248
3 6248 6259 6260
3 6248 6260 6249
3 6249 6260 6261
3 6249 6261 6250
3 6250 6261 6262
3 6250 6262 6251
3 6251 6262 6263
3 6251 6263 6252
3 6252 6263 6264
3 6252 6264 6241
3 6241 6264 6253
3 6253 6265 6254
3 6254 6265 6266
3 6254 6266 6255
3 6255 6266 6267
3 6255 6267 6256
3 6256 6267 6268
3 6256 6268 6257
3 6257 6268 6269
3 6257 6269 6258
3 6258 6269 6270
3 6258 6270 6259
3 6259 6270 6271
3 6259 6271 6260
3 6260 6271 6272
3 6260 6272 6261
3 6261 6272 6273
3 6261 6273 6262
3 6262 6273 6274
3 6262 6274 6263
3 6263 6274 6275
3 6263 6275 6264
3 6264 6275 6276
3 6264 6276 6253
3 6253 6276 6265
3 6277 6266 6265
3 6277 6267 6266
3 6277 6268 6267
3 6277 6269 6268
3 6277 6270 6269
3 6277 6271 6270
3 6277 6272 6271
3 6277 6273 6272
3 6277 6274 6273
3 6277 6275 6274
3 6277 6276 6275
3 6277 6265 6276
3 6278 6279 6280
3 6278 6280 6281
3 6278 6281 6282
3 6278 6282 6283
3 6278 6283 6284
3 6278 6284 6285
3 6278 6285 6286
3 6278 6286 6287
3 6278 6287 6288
3 6278 6288 6289
3 6278 6289 6290
3 6278 6290 6279
3 6279 6291 6280
3 6280 6291 6292
3 6280 6292 6281
3 6281 6292 6293
3 6281 6293 6282
3 6282 6293 6294
3 6282 6294 6283
3 6283 6294 6295
3 6283 6295 6284
3 6284 6295 6296
3 6284 6296 6285
3 6285 6296 6297
3 6285 6297 6286
3 6286 6297 6298
3 6286 6298 6287
3 6287 6298 6299
3 6287 6299 6288
3 6288 6299 6300
3 6288 6300 6289
3 6289 6300 6301
3 6289 6301 6290
3 6290 6301 6302
3 6290 6302 6279
3 6279 6302 6291
3 6291 6303 6292
3 6292 6303 6304
3 6292 6304 6293
3 6293 6304 6305
3 6293 6305 6294
3 6294 6305 6306
3 6294 6306 6295
3 6295 6306 6307
3 6295 6307 6296
3 6296 6307 6308
3 6296 6308 6297
3 6297 6308 6309
3 6297 6309 6298
3 6298 6309 6310
3 6298 6310 6299
3 6299 6310 6311
3 6299 6311 6300
3 6300 6311 6312
3 6300 6312 6301
3 6301 6312 6313
3 6301 6313 6302
3 6302 6313 6314
3 6302 6314 6291
3 6291 6314 6303
3 6303 6315 6304
3 6304 6315 6316
3 6304 6316 6305
3 6305 6316 6317
3 6305 6317 6306
3 6306 6317 6318
3 6306 6318 6307
3 6307 6318 6319
3 6307 6319 6308
3 6308 6319 6320
3 6308 6320 6309
3 6309 6320 6321
3 6309 6321 6310
3 6310 6321 6322
3 6310 6322 6311
3 6311 6322 6323
3 6311 6323 6312
3 6312 6323 6324
3 6312 6324 6313
3 6313 6324 6325
3 6313 6325 6314
3 6314 6325 6326
3 6314 6326 6303
3 6303 6326 6315
3 6315 6327 6316
3 6316 6327 6328
3 6316 6328 6317
3 6317 6328 6329
3 6317 6329 6318
3 6318 6329 6330
3 6318 6330 6319
3 6319 6330 6331
3 6319 6331 6320
3 6320 6331 6332
3 6320 6332 6321
3 6321 6332 6333
3 6321 6333 6322
3 6322 6333 6334
3 6322 6334 6323
3 6323 6334 6335
3 6323 6335 6324
3 6324 6335 6336
3 6324 6336 6325
3 6325 6336 6337
3 6325 6337 6326
3 6326 6337 6338
3 6326 6338 6315
3 6315 6338 6327
3 6327 6339 6328
3 6328 6339 6340
3 6328 6340 6329
3 6329 6340 6341
3 6329 6341 6330
3 6330 6341 6342
3 6330 6342 6331
3 6331 6342 6343
3 6331 6343 6332
3 6332 6343 6344
3 6332 6344 6333
3 6333 6344 6345
3 6333 6345 6334
3 6334 6345 6346
3 6334 6346 6335
3 6335 6346 6347
3 6335 6347 6336
3 6336 6347 6348
3 6336 6348 6337
3 6337 6348 6349
3 6337 6349 6338
3 6338 6349 6350
3 6338 6350 6327
3 6327 6350 6339
3 6339 6351 6340
3 6340 6351 6352
3 6340 6352 6341
3 6341 6352 6353
3 6341 6353 6342
3 6342 6353 6354
3 6342 6354 6343
3 6343 6354 6355
3 6343 6355 6344
3 6344 6355 6356
3 6344 6356 6345
3 6345 6356 6357
3 6345 6357 6346
3 6346 6357 6358
3 6346 6358 6347
3 6347 6358 6359
3 6347 6359 6348
3 6348 6359 6360
3 6348 6360 6349
3 6349 6360 6361
3 6349 6361 6350
3 6350 6361 6362
3 6350 6362 6339
3 6339 6362 6351
3 6363 6352 6351
3 6363 6353 6352
3 6363 6354 6353
3 6363 6355 6354
3 6363 6356 6355
3 6363 6357 6356
3 6363 6358 6357
3 6363 6359 6358
3 6363 6360 6359
3 6363 6361 6360
3 6363 6362 6361
3 6363 6351 6362
3 6364 6365 6366
3 6364 6366 6367
3 6364 6367 6368
3 6364 6368 6369
3 6364 6369 6370
3 6364 6370 6371
3 6364 6371 6372
3 6364 6372 6373
3 6364 6373 6374
3 6364 6374 6375
3 6364 6375 6376
3 6364 6376 6365
3 6365 6377 6366
3 6366 6377 6378
3 6366 6378 6367
3 6367 6378 6379
3 6367 6379 6368
3 6368 6379 6380
3 6368 6380 6369
3 6369 6380 6381
3 6369 6381 6370
3 6370 6381 6382
3 6370 6382 6371
3 6371 6382 6383
3 6371 6383 6372
3 6372 6383 6384
3 6372 6384 6373
3 6373 6384 6385
3 6373 6385 6374
3 6374 6385 6386
3 6374 6386 6375
3 6375 6386 6387
3 6375 6387 6376
3 6376 6387 6388
3 6376 6388 6365
3 6365 6388 6377
3 6377 6389 6378
3 6378 6389 6390
3 6378 6390 6379
3 6379 6390 6391
3 6379 6391 6380
3 6380 6391 6392
3 6380 6392 6381
3 6381 6392 6393
3 6381 6393 6382
3 6382 6393 6394
3 6382 6394 6383
3 6383 6394 6395
3 6383 6395 6384
3 6384 6395 6396
3 6384 6396 6385
3 6385 6396 6397
3 6385 6397 6386
3 6386 6397 6398
3 6386 6398 6387
3 6387 6398 6399
3 6387 6399 6388
3 6388 6399 6400
3 6388 6400 6377
3 6377 6400 6389
3 6389 6401 6390
3 6390 6401 6402
3 6390 6402 6391
3 6391 6402 6403
3 6391 6403 6392
3 6392 6403 6404
3 6392 6404 6393
3 6393 6404 6405
3 6393 6405 6394
3 6394 6405 6406
3 6394 6406 6395
3 6395 6406 6407
3 6395 6407 6396
3 6396 6407 6408
3 6396 6408 6397
3 6397 6408 6409
3 6397 6409 6398
3 6398 6409 6410
3 6398 6410 6399
3 6399 6410 6411
3 6399 6411 6400
3 6400 6411 6412
3 6400 6412 6389
3 6389 6412 6401
3 6401 6413 6402
3 6402 6413 6414
3 6402 6414 6403
3 6403 6414 6415
3 6403 6415 6404
3 6404 6415 6416
3 6404 6416 6405
3 6405 6416 6417
3 6405 6417 6406
3 6406 6417 6418
3 6406 6418 6407
3 6407 6418 6419
3 6407 6419 6408
3 6408 6419 6420
3 6408 6420 6409
3 6409 6420 6421
3 6409 6421 6410
3 6410 6421 6422
3 6410 6422 6411
3 6411 6422 6423
3 6411 6423 6412
3 6412 6423 6424
3 6412 6424 6401
3 6401 6424 6413
3 6413 6425 6414
3 6414 6425 6426
3 6414 6426 6415
3 6415 6426 6427
3 6415 6427 6416
3 6416 6427 6428
3 6416 6428 6417
3 6417 6428 6429
3 6417 6429 6418
3 6418 6429 6430
3 6418 6430 6419
3 6419 6430 6431
3 6419 6431 6420
3 6420 6431 6432
3 6420 6432 6421
3 6421 6432 6433
3 6421 6433 6422
3 6422 6433 6434
3 6422 6434 6423
3 6423 6434 6435
3 6423 6435 6424
3 6424 6435 6436
3 6424 6436 6413
3 6413 6436 6425
3 6425 6437 6426
3 6426 6437 6438
3 6426 6438 6427
3 6427 6438 6439
3 6427 6439 6428
3 6428 6439 6440
3 6428 6440 6429
3 6429 6440 6441
3 6429 6441 6430
3 6430 6441 6442
3 6430 6442 6431
3 6431 6442 6443
3 6431 6443 6432
3 6432 6443 6444
3 6432 6444 6433
3 6433 6444 6445
3 6433 6445 6434
3 6434 6445 6446
3 6434 6446 6435
3 6435 6446 6447
3 6435 6447 6436
3 6436 6447 6448
3 6436 6448 6425
3 6425 6448 6437
3 6449 6438 6437
3 6449 6439 6438
3 6449 6440 6439
3 6449 6441 6440
3 6449 6442 6441
3 6449 6443 6442
3 6449 6444 6443
3 6449 6445 6444
3 6449 6446 6445
3 6449 6447 6446
3 6449 6448 6447
3 6449 6437 6448
3 6450 6451 6452
3 6450 6452 6453
3 6450 6453 6454
3 6450 6454 6455
3 6450 6455 6456
3 6450 6456 6457
3 6450 6457 6458
3 6450 6458 6459
3 6450 6459 6460
3 6450 6460 6461
3 6450 6461 6462
3 6450 6462 6451
3 6451 6463 6452
3 6452 6463 6464
3 6452 6464 6453
3 6453 6464 6465
3 6453 6465 6454
3 6454 6465 6466
3 6454 6466 6455
3 6455 6466 6467
3 6455 6467 6456
3 6456 6467 6468
3 6456 6468 6457
3 6457 6468 6469
3 6457 6469 6458
3 6458 6469 6470
3 6458 6470 6459
3 6459 6470 6471
3 6459 6471 6460
3 6460 6471 6472
3 6460 6472 6461
3 6461 6472 6473
3 6461 6473 6462
3 6462 6473 6474
3 6462 6474 6451
3 6451 6474 6463
3 6463 6475 6464
3 6464 6475 6476
3 6464 6476 6465
3 6465 6476 6477
3 6465 6477 6466
3 6466 6477 6478
3 6466 6478 6467
3 6467 6478 6479
3 6467 6479 6468
3 6468 6479 6480
3 6468 6480 6469
3 6469 6480 6481
3 6469 6481 6470
3 6470 6481 6482
3 6470 6482 6471
3 6471 6482 6483
3 6471 6483 6472
3 6472 6483 6484
3 6472 6484 6473
3 6473 6484 6485
3 6473 6485 6474
3 6474 6485 6486
3 6474 6486 6463
3 6463 6486 6475
3 6475 6487 6476
3 6476 6487 6488
3 6476 6488 6477
3 6477 6488 6489
3 6477 6489 6478
3 6478 6489 6490
3 6478 6490 6479
3 6479 6490 6491
3 6479 6491 6480
3 6480 6491 6492
3 6480 6492 6481
3 6481 6492 6493
3 6481 6493 6482
3 6482 6493 6494
3 6482 6494 6483
3 6483 6494 6495
3 6483 6495 6484
3 6484 6495 6496
3 6484 6496 6485
3 6485 6496 6497
3 6485 6497 6486
3 6486 6497 6498
3 6486 6498 6475
3 6475 6498 6487
3 6487 6499 6488
3 6488 6499 6500
3 6488 6500 6489
3 6489 6500 6501
3 6489 6501 6490
3 6490 6501 6502
3 6490 6502 6491
3 6491 6502 6503
3 6491 6503 6492
3 6492 6503 6504
3 6492 6504 6493
3 6493 6504 6505
3 6493 6505 6494
3 6494 6505 6506
3 6494 6506 6495
3 6495 6506 6507
3 6495 6507 6496
3 6496 6507 6508
3 6496 6508 6497
3 6497 6508 6509
3 6497 6509 6498
3 6498 6509 6510
3 6498 6510 6487
3 6487 6510 6499
3 6499 6511 6500
3 6500 6511 6512
3 6500 6512 6501
3 6501 6512 6513
3 6501 6513 6502
3 6502 6513 6514
3 6502 6514 6503
3 6503 6514 6515
3 6503 6515 6504
3 6504 6515 6516
3 6504 6516 6505
3 6505 6516 6517
3 6505 6517 6506
3 6506 6517 6518
3 6506 6518 6507
3 6507 6518 6519
3 6507 6519 6508
3 6508 6519 6520
3 6508 6520 6509
3 6509 6520 6521
3 6509 6521 6510
3 6510 6521 6522
3 6510 6522 6499
3 6499 6522 6511
3 6511 6523 6512
3 6512 6523 6524
3 6512 6524 6513
3 6513 6524 6525
3 6513 6525 6514
3 6514 6525 6526
3 6514 6526 6515
3 6515 6526 6527
3 6515 6527 6516
3 6516 6527 6528
3 6516 6528 6517
3 6517 6528 6529
3 6517 6529 6518
3 6518 6529 6530
3 6518 6530 6519
3 6519 6530 6531
3 6519 6531 6520
3 6520 6531 6532
3 6520 6532 6521
3 6521 6532 6533
3 6521 6533 6522
3 6522 6533 6534
3 6522 6534 6511
3 6511 6534 6523
3 6535 6524 6523
3 6535 6525 6524
3 6535 6526 6525
3 6535 6527 6526
3 6535 6528 6527
3 6535 6529 6528
3 6535 6530 6529
3 6535 6531 6530
3 6535 6532 6531
3 6535 6533 6532
3 6535 6534 6533
3 6535 6523 6534
3 6536 6537 6538
3 6536 6538 6539
3 6536 6539 6540
3 6536 6540 6541
3 6536 6541 6542
3 6536 6542 6543
3 6536 6543 6544
3 6536 6544 6545
3 6536 6545 6546
3 6536 6546 6547
3 6536 6547 6548
3 6536 6548 6537
3 6537 6549 6538
3 6538 6549 6550
3 6538 6550 6539
3 6539 6550 6551
3 6539 6551 6540
3 6540 6551 6552
3 6540 6552 6541
3 6541 6552 6553
3 6541 6553 6542
3 6542 6553 6554
3 6542 6554 6543
3 6543 6554 6555
3 6543 6555 6544
3 6544 6555 6556
3 6544 6556 6545
3 6545 6556 6557
3 6545 6557 6546
3 6546 6557 6558
3 6546 6558 6547
3 6547 6558 6559
3 6547 6559 6548
3 6548 6559 6560
3 6548 6560 6537
3 6537 6560 6549
3 6549 6561 6550
3 6550 6561 6562
3 6550 6562 6551
3 6551 6562 6563
3 6551 6563 6552
3 6552 6563 6564
3 6552 6564 6553
3 6553 6564 6565
3 6553 6565 6554
3 6554 6565 6566
3 6554 6566 6555
3 6555 6566 6567
3 6555 6567 6556
3 6556 6567 6568
3 6556 6568 6557
3 6557 6568 6569
3 6557 6569 6558
3 6558 6569 6570
3 6558 6570 6559
3 6559 6570 6571
3 6559 6571 6560
3 6560 6571 6572
3 6560 6572 6549
3 6549 6572 6561
3 6561 6573 6562
3 6562 6573 6574
3 6562 6574 6563
3 6563 6574 6575
3 6563 6575 6564
3 6564 6575 6576
3 6564 6576 6565
3 6565 6576 6577
3 6565 6577 6566
3 6566 6577 6578
3 6566 6578 6567
3 6567 6578 6579
3 6567 6579 6568
3 6568 6579 6580
3 6568 6580 6569
3 6569 6580 6581
3 6569 6581 6570
3 6570 6581 6582
3 6570 6582 6571
3 6571 6582 6583
3 6571 6583 6572
3 6572 6583 6584
3 6572 6584 6561
3 6561 6584 6573
3 6573 6585 6574
3 6574 6585 6586
3 6574 6586 6575
3 6575 6586 6587
3 6575 6587 6576
3 6576 6587 6588
3 6576 6588 6577
3 6577 6588 6589
3 6577 6589 6578
3 6578 6589 6590
3 6578 6590 6579
3 6579 6590 6591
3 6579 6591 6580
3 6580 6591 6592
3 6580 6592 6581
3 6581 6592 6593
3 6581 6593 6582
3 6582 6593 6594
3 6582 6594 6583
3 6583 6594 6595
3 6583 6595 6584
3 6584 6595 6596
3 6584 6596 6573
3 6573 6596 6585
3 6585 6597 6586
3 6586 6597 6598
3 6586 6598 6587
3 6587 6598 6599
3 6587 6599 6588
3 6588 6599 6600
3 6588 6600 6589
3 6589 6600 6601
3 6589 6601 6590
3 6590 6601 6602
3 6590 6602 6591
3 6591 6602 6603
3 6591 6603 6592
3 6592 6603 6604
3 6592 6604 6593
3 6593 6604 6605
3 6593 6605 6594
3 6594 6605 6606
3 6594 6606 6595
3 6595 6606 6607
3 6595 6607 6596
3 6596 6607 6608
3 6596 6608 6585
3 6585 6608 6597
3 6597 6609 6598
3 6598 6609 6610
3 6598 6610 6599
3 6599 6610 6611
3 6599 6611 6600
3 6600 6611 6612
3 6600 6612 6601
3 6601 6612 6613
3 6601 6613 6602
3 6602 6613 6614
3 6602 6614 6603
3 6603 6614 6615
3 6603 6615 6604
3 6604 6615 6616
3 6604 6616 6605
3 6605 6616 6617
3 6605 6617 6606
3 6606 6617 6618
3 6606 6618 6607
3 6607 6618 6619
3 6607 6619 6608
3 6608 6619 6620
3 6608 6620 6597
3 6597 6620 6609
3 6621 6610 6609
3 6621 6611 6610
3 6621 6612 6611
3 6621 6613 6612
3 6621 6614 6613
3 6621 6615 6614
3 6621 6616 6615
3 6621 6617 6616
3 6621 6618 6617
3 6621 6619 6618
3 6621 6620 6619
3 6621 6609 6620
3 6622 6623 6624
3 6622 6624 6625
3 6622 6625 6626
3 6622 6626 6627
3 6622 6627 6628
3 6622 6628 6629
3 6622 6629 6630
3 6622 6630 6631
3 6622 6631 6632
3 6622 6632 6633
3 6622 6633 6634
3 6622 6634 6623
3 6623 6635 6624
3 6624 6635 6636
3 6624 6636 6625
3 6625 6636 6637
3 6625 6637 6626
3 6626 6637 6638
3 6626 6638 6627
3 6627 6638 6639
3 6627 6639 6628
3 6628 6639 6640
3 6628 6640 6629
3 6629 6640 6641
3 6629 6641 6630
3 6630 6641 6642
3 6630 6642 6631
3 6631 6642 6643
3 6631 6643 6632
3 6632 6643 6644
3 6632 6644 6633
3 6633 6644 6645
3 6633 6645 6634
3 6634 6645 6646
3 6634 6646 6623
3 6623 6646 6635
3 6635 6647 6636
3 6636 6647 6648
3 6636 6648 6637
3 6637 6648 6649
3 6637 6649 6638
3 6638 6649 6650
3 6638 6650 6639
3 6639 6650 6651
3 6639 6651 6640
3 6640 6651 6652
3 6640 6652 6641
3 6641 6652 6653
3 6641 6653 6642
3 6642 6653 6654
3 6642 6654 6643
3 6643 6654 6655
3 6643 6655 6644
3 6644 6655 6656
3 6644 6656 6645
3 6645 6656 6657
3 6645 6657 6646
3 6646 6657 6658
3 6646 6658 6635
3 6635 6658 6647
3 6647 6659 6648
3 6648 6659 6660
3 6648 6660 6649
3 6649 6660 6661
3 6649 6661 6650
3 6650 6661 6662
3 6650 6662 6651
3 6651 6662 6663
3 6651 6663 6652
3 6652 6663 6664
3 6652 6664 6653
3 6653 6664 6665
3 6653 6665 6654
3 6654 6665 6666
3 6654 6666 6655
3 6655 6666 6667
3 6655 6667 6656
3 6656 6667 6668
3 6656 6668 6657
3 6657 6668 6669
3 6657 6669 6658
3 6658 6669 6670
3 6658 6670 6647
3 6647 6670 6659
3 6659 6671 6660
3 6660 6671 6672
3 6660 6672 6661
3 6661 6672 6673
3 6661 6673 6662
3 6662 6673 6674
3 6662 6674 6663
3 6663 6674 6675
3 6663 6675 6664
3 6664 6675 6676
3 6664 6676 6665
3 6665 6676 6677
3 6665 6677 6666
3 6666 6677 6678
3 6666 6678 6667
3 6667 6678 6679
3 6667 6679 6668
3 6668 6679 6680
3 6668 6680 6669
3 6669 6680 6681
3 6669 6681 6670
3 6670 6681 6682
3 6670 6682 6659
3 6659 6682 6671
3 6671 6683 6672
3 6672 6683 6684
3 6672 6684 6673
3 6673 6684 6685
3 6673 6685 6674
3 6674 6685 6686
3 6674 6686 6675
3 6675 6686 6687
3 6675 6687 6676
3 6676 6687 6688
3 6676 6688 6677
3 6677 6688 6689
3 6677 6689 6678
3 6678 6689 6690
3 6678 6690 6679
3 6679 6690 6691
3 6679 6691 6680
3 6680 6691 6692
3 6680 6692 6681
3 6681 6692 6693
3 6681 6693 6682
3 6682 6693 6694
3 6682 6694 6671
3 6671 6694 6683
3 6683 6695 6684
3 6684 6695 6696
3 6684 6696 6685
3 6685 6696 6697
3 6685 6697 6686
3 6686 6697 6698
3 6686 6698 6687
3 6687 6698 6699
3 6687 6699 6688
3 6688 6699 6700
3 6688 6700 6689
3 6689 6700 6701
3 6689 6701 6690
3 6690 6701 6702
3 6690 6702 6691
3 6691 6702 6703
3 6691 6703 6692
3 6692 6703 6704
3 6692 6704 6693
3 6693 6704 6705
3 6693 6705 6694
3 6694 6705 6706
3 6694 6706 6683
3 6683 6706 6695
3 6707 6696 6695
3 6707 6697 6696
3 6707 6698 6697
3 6707 6699 6698
3 6707 6700 6699
3 6707 6701 6700
3 6707 6702 6701
3 6707 6703 6702
3 6707 6704 6703
3 6707 6705 6704
3 6707 6706 6705
3 6707 6695 6706
3 6708 6709 6710
3 6708 6710 6711
3 6708 6711 6712
3 6708 6712 6713
3 6708 6713 6714
3 6708 6714 6715
3 6708 6715 6716
3 6708 6716 6717
3 6708 6717 6718
3 6708 6718 6719
3 6708 6719 6720
3 6708 6720 6709
3 6709 6721 6710
3 6710 6721 6722
3 6710 6722 6711
3 6711 6722 6723
3 6711 6723 6712
3 6712 6723 6724
3 6712 6724 6713
3 6713 6724 6725
3 6713 6725 6714
3 6714 6725 6726
3 6714 6726 6715
3 6715 6726 6727
3 6715 6727 6716
3 6716 6727 6728
3 6716 6728 6717
3 6717 6728 6729
3 6717 6729 6718
3 6718 6729 6730
3 6718 6730 6719
3 6719 6730 6731
3 6719 6731 6720
3 6720 6731 6732
3 6720 6732 6709
3 6709 6732 6721
3 6721 6733 6722
3 6722 6733 6734
3 6722 6734 6723
3 6723 6734 6735
3 6723 6735 6724
3 6724 6735 6736
3 6724 6736 6725
3 6725 6736 6737
3 6725 6737 6726
3 6726 6737 6738
3 6726 6738 6727
3 6727 6738 6739
3 6727 6739 6728
3 6728 6739 6740
3 6728 6740 6729
3 6729 6740 6741
3 6729 6741 6730
3 6730 6741 6742
3 6730 6742 6731
3 6731 6742 6743
3 6731 6743 6732
3 6732 6743 6744
3 6732 6744 6721
3 6721 6744 6733
3 6733 6745 6734
3 6734 6745 6746
3 6734 6746 6735
3 6735 6746 6747
3 6735 6747 6736
3 6736 6747 6748
3 6736 6748 6737
3 6737 6748 6749
3 6737 6749 6738
3 6738 6749 6750
3 6738 6750 6739
3 6739 6750 6751
3 6739 6751 6740
3 6740 6751 6752
3 6740 6752 6741
3 6741 6752 6753
3 6741 6753 6742
3 6742 6753 6754
3 6742 6754 6743
3 6743 6754 6755
3 6743 6755 6744
3 6744 6755 6756
3 6744 6756 6733
3 6733 6756 6745
3 6745 6757 6746
3 6746 6757 6758
3 6746 6758 6747
3 6747 6758 6759
3 6747 6759 6748
3 6748 6759 6760
3 6748 6760 6749
3 6749 6760 6761
3 6749 6761 6750
3 6750 6761 6762
3 6750 6762 6751
3 6751 6762 6763
3 6751 6763 6752
3 6752 6763 6764
3 6752 6764 6753
3 6753 6764 6765
3 6753 6765 6754
3 6754 6765 6766
3 6754 6766 6755
3 6755 6766 6767
3 6755 6767 6756
3 6756 6767 6768
3 6756 6768 6745
3 6745 6768 6757
3 6757 6769 6758
3 6758 6769 6770
3 6758 6770 6759
3 6759 6770 6771
3 6759 6771 6760
3 6760 6771 6772
3 6760 6772 6761
3 6761 6772 6773
3 6761 6773 6762
3 6762 6773 6774
3 6762 6774 6763
3 6763 6774 6775
3 6763 6775 6764
3 6764 6775 6776
3 6764 6776 6765
3 6765 6776 6777
3 6765 6777 6766
3 6766 6777 6778
3 6766 6778 6767
3 6767 6778 6779
3 6767 6779 6768
3 6768 6779 6780
3 6768 6780 6757
3 6757 6780 6769
3 6769 6781 6770
3 6770 6781 6782
3 6770 6782 6771
3 6771 6782 6783
3 6771 6783 6772
3 6772 6783 6784
3 6772 6784 6773
3 6773 6784 6785
3 6773 6785 6774
3 6774 6785 6786
3 6774 6786 6775
3 6775 6786 6787
3 6775 6787 6776
3 6776 6787 6788
3 6776 6788 6777
3 6777 6788 6789
3 6777 6789 6778
3 6778 6789 6790
3 6778 6790 6779
3 6779 6790 6791
3 6779 6791 6780
3 6780 6791 6792
3 6780 6792 6769
3 6769 6792 6781
3 6793 6782 6781
3 6793 6783 6782
3 6793 6784 6783
3 6793 6785 6784
3 6793 6786 6785
3 6793 6787 6786
3 6793 6788 6787
3 6793 6789 6788
3 6793 6790 6789
3 6793 6791 6790
3 6793 6792 6791
3 6793 6781 6792
3 6794 6795 6796
3 6794 6796 6797
3 6794 6797 6798
3 6794 6798 6799
3 6794 6799 6800
3 6794 6800 6801
3 6794 6801 6802
3 6794 6802 6803
3 6794 6803 6804
3 6794 6804 6805
3 6794 6805 6806
3 6794 6806 6795
3 6795 6807 6796
3 6796 6807 6808
3 6796 6808 6797
3 6797 6808 6809
3 6797 6809 6798
3 6798 6809 6810
3 6798 6810 6799
3 6799 6810 6811
3 6799 6811 6800
3 6800 6811 6812
3 6800 6812 6801
3 6801 6812 6813
3 6801 6813 6802
3 6802 6813 6814
3 6802 6814 6803
3 6803 6814 6815
3 6803 6815 6804
3 6804 6815 6816
3 6804 6816 6805
3 6805 6816 6817
3 6805 6817 6806
3 6806 6817 6818
3 6806 6818 6795
3 6795 6818 6807
3 6807 6819 6808
3 6808 6819 6820
3 6808 6820 6809
3 6809 6820 6821
3 6809 6821 6810
3 6810 6821 6822
3 6810 6822 6811
3 6811 6822 6823
3 6811 6823 6812
3 6812 6823 6824
3 6812 6824 6813
3 6813 6824 6825
3 6813 6825 6814
3 6814 6825 6826
3 6814 6826 6815
3 6815 6826 6827
3 6815 6827 6816
3 6816 6827 6828
3 6816 6828 6817
3 6817 6828 6829
3 6817 6829 6818
3 6818 6829 6830
3 6818 6830 6807
3 6807 6830 6819
3 6819 6831 6820
3 6820 6831 6832
3 6820 6832 6821
3 6821 6832 6833
3 6821 6833 6822
3 6822 6833 6834
3 6822 6834 6823
3 6823 6834 6835
3 6823 6835 6824
3 6824 6835 6836
3 6824 6836 6825
3 6825 6836 6837
3 6825 6837 6826
3 6826 6837 6838
3 6826 6838 6827
3 6827 6838 6839
3 6827 6839 6828
3 6828 6839 6840
3 6828 6840 6829
3 6829 6840 6841
3 6829 6841 6830
3 6830 6841 6842
3 6830 6842 6819
3 6819 6842 6831
3 6831 6843 6832
3 6832 6843 6844
3 6832 6844 6833
3 6833 6844 6845
3 6833 6845 6834
3 6834 6845 6846
3 6834 6846 6835
3 6835 6846 6847
3 6835 6847 6836
3 6836 6847 6848
3 6836 6848 6837
3 6837 6848 6849
3 6837 6849 6838
3 6838 6849 6850
3 6838 6850 6839
3 6839 6850 6851
3 6839 6851 6840
3 6840 6851 6852
3 6840 6852 6841
3 6841 6852 6853
3 6841 6853 6842
3 6842 6853 6854
3 6842 6854 6831
3 6831 6854 6843
3 6843 6855 6844
3 6844 6855 6856
3 6844 6856 6845
3 6845 6856 6857
3 6845 6857 6846
3 6846 6857 6858
3 6846 6858 6847
3 6847 6858 6859
3 6847 6859 6848
3 6848 6859 6860
3 6848 6860 6849
3 6849 6860 6861
3 6849 6861 6850
3 6850 6861 6862
3 6850 6862 6851
3 6851 6862 6863
3 6851 6863 6852
3 6852 6863 6864
3 6852 6864 6853
3 6853 6864 6865
3 6853 6865 6854
3 6854 6865 6866
3 6854 6866 6843
3 6843 6866 6855
3 6855 6867 6856
3 6856 6867 6868
3 6856 6868 6857
3 6857 6868 6869
3 6857 6869 6858
3 6858 6869 6870
3 6858 6870 6859
3 6859 6870 6871
3 6859 6871 6860
3 6860 6871 6872
3 6860 6872 6861
3 6861 6872 6873
3 6861 6873 6862
3 6862 6873 6874
3 6862 6874 6863
3 6863 6874 6875
3 6863 6875 6864
3 6864 6875 6876
3 6864 6876 6865
3 6865 6876 6877
3 6865 6877 6866
3 6866 6877 6878
3 6866 6878 6855
3 6855 6878 6867
3 6879 6868 6867
3 6879 6869 6868
3 6879 6870 6869
3 6879 6871 6870
3 6879 6872 6871
3 6879 6873 6872
3 6879 6874 6873
3 6879 6875 6874
3 6879 6876 6875
3 6879 6877 6876
3 6879 6878 6877
3 6879 6867 6878
3 6880 6881 6882
3 6880 6882 6883
3 6880 6883 6884
3 6880 6884 6885
3 6880 6885 6886
3 6880 6886 6887
3 6880 6887 6888
3 6880 6888 6889
3 6880 6889 6890
3 6880 6890 6891
3 6880 6891 6892
3 6880 6892 6881
3 6881 6893 6882
3 6882 6893 6894
3 6882 6894 6883
3 6883 6894 6895
3 6883 6895 6884
3 6884 6895 6896
3 6884 6896 6885
3 6885 6896 6897
3 6885 6897 6886
3 6886 6897 6898
3 6886 6898 6887
3 6887 6898 6899
3 6887 6899 6888
3 6888 6899 6900
3 6888 6900 6889
3 6889 6900 6901
3 6889 6901 6890
3 6890 6901 6902
3 6890 6902 6891
3 6891 6902 6903
3 6891 6903 6892
3 6892 6903 6904
3 6892 6904 6881
3 6881 6904 6893
3 6893 6905 6894
3 6894 6905 6906
3 6894 6906 6895
3 6895 6906 6907
3 6895 6907 6896
3 6896 6907 6908
3 6896 6908 6897
3 6897 6908 6909
3 6897 6909 6898
3 6898 6909 6910
3 6898 6910 6899
3 6899 6910 6911
3 6899 6911 6900
3 6900 6911 6912
3 6900 6912 6901
3 6901 6912 6913
3 6901 6913 6902
3 6902 6913 6914
3 6902 6914 6903
3 6903 6914 6915
3 6903 6915 6904
3 6904 6915 6916
3 6904 6916 6893
3 6893 6916 6905
3 6905 6917 6906
3 6906 6917 6918
3 6906 6918 6907
3 6907 6918 6919
3 6907 6919 6908
3 6908 6919 6920
3 6908 6920 6909
3 6909 6920 6921
3 6909 6921 6910
3 6910 6921 6922
3 6910 6922 6911
3 6911 6922 6923
3 6911 6923 6912
3 6912 6923 6924
3 6912 6924 6913
3 6913 6924 6925
3 6913 6925 6914
3 6914 6925 6926
3 6914 6926 6915
3 6915 6926 6927
3 6915 6927 6916
3 6916 6927 6928
3 6916 6928 6905
3 6905 6928 6917
3 6917 6929 6918
3 6918 6929 6930
3 6918 6930 6919
3 6919 6930 6931
3 6919 6931 6920
3 6920 6931 6932
3 6920 6932 6921
3 6921 6932 6933
3 6921 6933 6922
3 6922 6933 6934
3 6922 6934 6923
3 6923 6934 6935
3 6923 6935 6924
3 6924 6935 6936
3 6924 6936 6925
3 6925 6936 6937
3 6925 6937 6926
3 6926 6937 6938
3 6926 6938 6927
3 6927 6938 6939
3 6927 6939 6928
3 6928 6939 6940
3 6928 6940 6917
3 6917 6940 6929
3 6929 6941 6930
3 6930 6941 6942
3 6930 6942 6931
3 6931 6942 6943
3 6931 6943 6932
3 6932 6943 6944
3 6932 6944 6933
3 6933 6944 6945
3 6933 6945 6934
3 6934 6945 6946
3 6934 6946 6935
3 6935 6946 6947
3 6935 6947 6936
3 6936 6947 6948
3 6936 6948 6937
3 6937 6948 6949
3 6937 6949 6938
3 6938 6949 6950
3 6938 6950 6939
3 6939 6950 6951
3 6939 6951 6940
3 6940 6951 6952
3 6940 6952 6929
3 6929 6952 6941
3 6941 6953 6942
3 6942 6953 6954
3 6942 6954 6943
3 6943 6954 6955
3 6943 6955 6944
3 6944 6955 6956
3 6944 6956 6945
3 6945 6956 6957
3 6945 6957 6946
3 6946 6957 6958
3 6946 6958 6947
3 6947 6958 6959
3 6947 6959 6948
3 6948 6959 6960
3 6948 6960 6949
3 6949 6960 6961
3 6949 6961 6950
3 6950 6961 6962
3 6950 6962 6951
3 6951 6962 6963
3 6951 6963 6952
3 6952 6963 6964
3 6952 6964 6941
3 6941 6964 6953
3 6965 6954 6953
3 6965 6955 6954
3 6965 6956 6955
3 6965 6957 6956
3 6965 6958 6957
3 6965 6959 6958
3 6965 6960 6959
3 6965 6961 6960
3 6965 6962 6961
3 6965 6963 6962
3 6965 6964 6963
3 6965 6953 6964
3 6966 6967 6968
3 6966 6968 6969
3 6966 6969 6970
3 6966 6970 6971
3 6966 6971 6972
3 6966 6972 6973
3 6966 6973 6974
3 6966 6974 6975
3 6966 6975 6976
3 6966 6976 6977
3 6966 6977 6978
3 6966 6978 6967
3 6967 6979 6968
3 6968 6979 6980
3 6968 6980 6969
3 6969 6980 6981
3 6969 6981 6970
3 6970 6981 6982
3 6970 6982 6971
3 6971 6982 6983
3 6971 6983 6972
3 6972 6983 6984
3 6972 6984 6973
3 6973 6984 6985
3 6973 6985 6974
3 6974 6985 6986
3 6974 6986 6975
3 6975 6986 6987
3 6975 6987 6976
3 6976 6987 6988
3 6976 6988 6977
3 6977 6988 6989
3 6977 6989 6978
3 6978 6989 6990
3 6978 6990 6967
3 6967 6990 6979
3 6979 6991 6980
3 6980 6991 6992
3 6980 6992 6981
3 6981 6992 6993
3 6981 6993 6982
3 6982 6993 6994
3 6982 6994 6983
3 6983 6994 6995
3 6983 6995 6984
3 6984 6995 6996
3 6984 6996 6985
3 6985 6996 6997
3 6985 6997 6986
3 6986 6997 6998
3 6986 6998 6987
3 6987 6998 6999
3 6987 6999 6988
3 6988 6999 7000
3 6988 7000 6989
3 6989 7000 7001
3 6989 7001 6990
3 6990 7001 7002
3 6990 7002 6979
3 6979 7002 6991
3 6991 7003 6992
3 6992 7003 7004
3 6992 7004 6993
3 6993 7004 7005
3 6993 7005 6994
3 6994 7005 7006
3 6994 7006 6995
3 6995 7006 7007
3 6995 7007 6996
3 6996 7007 7008
3 6996 7008 6997
3 6997 7008 7009
3 6997 7009 6998
3 6998 7009 7010
3 6998 7010 6999
3 6999 7010 7011
3 6999 7011 7000
3 7000 7011 7012
3 7000 7012 7001
3 7001 7012 7013
3 7001 7013 7002
3 7002 7013 7014
3 7002 7014 6991
3 6991 7014 7003
3 7003 7015 7004
3 7004 7015 7016
3 7004 7016 7005
3 7005 7016 7017
3 7005 7017 7006
3 7006 7017 7018
3 7006 7018 7007
3 7007 7018 7019
3 7007 7019 7008
3 7008 7019 7020
3 7008 7020 7009
3 7009 7020 7021
3 7009 7021 7010
3 7010 7021 7022
3 7010 7022 7011
3 7011 7022 7023
3 7011 7023 7012
3 7012 7023 7024
3 7012 7024 7013
3 7013 7024 7025
3 7013 7025 7014
3 7014 7025 7026
3 7014 7026 7003
3 7003 7026 7015
3 7015 7027 7016
3 7016 7027 7028
3 7016 7028 7017
3 7017 7028 7029
3 7017 7029 7018
3 7018 7029 7030
3 7018 7030 7019
3 7019 7030 7031
3 7019 7031 7020
3 7020 7031 7032
3 7020 7032 7021
3 7021 7032 7033
3 7021 7033 7022
3 7022 7033 7034
3 7022 7034 7023
3 7023 7034 7035
3 7023 7035 7024
3 7024 7035 7036
3 7024 7036 7025
3 7025 7036 7037
3 7025 7037 7026
3 7026 7037 7038
3 7026 7038 7015
3 7015 7038 7027
3 7027 7039 7028
3 7028 7039 7040
3 7028 7040 7029
3 7029 7040 7041
3 7029 7041 7030
3 7030 7041 7042
3 7030 7042 7031
3 7031 7042 7043
3 7031 7043 7032
3 7032 7043 7044
3 7032 7044 7033
3 7033 7044 7045
3 7033 7045 7034
3 7034 7045 7046
3 7034 7046 7035
3 7035 7046 7047
3 7035 7047 7036
3 7036 7047 7048
3 7036 7048 7037
3 7037 7048 7049
3 7037 7049 7038
3 7038 7049 7050
3 7038 7050 7027
3 7027 7050 7039
3 7051 7040 7039
3 7051 7041 7040
3 7051 7042 7041
3 7051 7043 7042
3 7051 7044 7043
3 7051 7045 7044
3 7051 7046 7045
3 7051 7047 7046
3 7051 7048 7047
3 7051 7049 7048
3 7051 7050 7049
3 7051 7039 7050
3 7052 7053 7054
3 7052 7054 7055
3 7052 7055 7056
3 7052 7056 7057
3 7052 7057 7058
3 7052 7058 7059
3 7052 7059 7060
3 7052 7060 7061
3 7052 7061 7062
3 7052 7062 7063
3 7052 7063 7064
3 7052 7064 7053
3 7053 7065 7054
3 7054 7065 7066
3 7054 7066 7055
3 7055 7066 7067
3 7055 7067 7056
3 7056 7067 7068
3 7056 7068 7057
3 7057 7068 7069
3 7057 7069 7058
3 7058 7069 7070
3 7058 7070 7059
3 7059 7070 7071
3 7059 7071 7060
3 7060 7071 7072
3 7060 7072 7061
3 7061 7072 7073
3 7061 7073 7062
3 7062 7073 7074
3 7062 7074 7063
3 7063 7074 7075
3 7063 7075 7064
3 7064 7075 7076
3 7064 7076 7053
3 7053 7076 7065
3 7065 7077 7066
3 7066 7077 7078
3 7066 7078 7067
3 7067 7078 7079
3 7067 7079 7068
3 7068 7079 7080
3 7068 7080 7069
3 7069 7080 7081
3 7069 7081 7070
3 7070 7081 7082
3 7070 7082 7071
3 7071 7082 7083
3 7071 7083 7072
3 7072 7083 7084
3 7072 7084 7073
3 7073 7084 7085
3 7073 7085 7074
3 7074 7085 7086
3 7074 7086 7075
3 7075 7086 7087
3 7075 7087 7076
3 7076 7087 7088
3 7076 7088 7065
3 7065 7088 7077
3 7077 7089 7078
3 7078 7089 7090
3 7078 7090 7079
3 7079 7090 7091
3 7079 7091 7080
3 7080 7091 7092
3 7080 7092 7081
3 7081 7092 7093
3 7081 7093 7082
3 7082 7093 7094
3 7082 7094 7083
3 7083 7094 7095
3 7083 7095 7084
3 7084 7095 7096
3 7084 7096 7085
3 7085 7096 7097
3 7085 7097 7086
3 7086 7097 7098
3 7086 7098 7087
3 7087 7098 7099
3 7087 7099 7088
3 7088 7099 7100
3 7088 7100 7077
3 7077 7100 7089
3 7089 7101 7090
3 7090 7101 7102
3 7090 7102 7091
3 7091 7102 7103
3 7091 7103 7092
3 7092 7103 7104
3 7092 7104 7093
3 7093 7104 7105
3 7093 7105 7094
3 7094 7105 7106
3 7094 7106 7095
3 7095 7106 7107
3 7095 7107 7096
3 7096 7107 7108
3 7096 7108 7097
3 7097 7108 7109
3 7097 7109 7098
3 7098 7109 7110
3 7098 7110 7099
3 7099 7110 7111
3 7099 7111 7100
3 7100 7111 7112
3 7100 7112 7089
3 7089 7112 7101
3 7101 7113 7102
3 7102 7113 7114
3 7102 7114 7103
3 7103 7114 7115
3 7103 7115 7104
3 7104 7115 7116
3 7104 7116 7105
3 7105 7116 7117
3 7105 7117 7106
3 7106 7117 7118
3 7106 7118 7107
3 7107 7118 7119
3 7107 7119 7108
3 7108 7119 7120
3 7108 7120 7109
3 7109 7120 7121
3 7109 7121 7110
3 7110 7121 7122
3 7110 7122 7111
3 7111 7122 7123
3 7111 7123 7112
3 7112 7123 7124
3 7112 7124 7101
3 7101 7124 7113
3 7113 7125 7114
3 7114 7125 7126
3 7114 7126 7115
3 7115 7126 7127
3 7115 7127 7116
3 7116 7127 7128
3 7116 7128 7117
3 7117 7128 7129
3 7117 7129 7118
3 7118 7129 7130
3 7118 7130 7119
3 7119 7130 7131
3 7119 7131 7120
3 7120 7131 7132
3 7120 7132 7121
3 7121 7132 7133
3 7121 7133 7122
3 7122 7133 7134
3 7122 7134 7123
3 7123 7134 7135
3 7123 7135 7124
3 7124 7135 7136
3 7124 7136 7113
3 7113 7136 7125
3 7137 7126 7125
3 7137 7127 7126
3 7137 7128 7127
3 7137 7129 7128
3 7137 7130 7129
3 7137 7131 7130
3 7137 7132 7131
3 7137 7133 7132
3 7137 7134 7133
3 7137 7135 7134
3 7137 7136 7135
3 7137 7125 7136
3 7138 7139 7140
3 7138 7140 7141
3 7138 7141 7142
3 7138 7142 7143
3 7138 7143 7144
3 7138 7144 7145
3 7138 7145 7146
3 7138 7146 7147
3 7138 7147 7148
3 7138 7148 7149
3 7138 7149 7150
3 7138 7150 7139
3 7139 7151 7140
3 7140 7151 7152
3 7140 7152 7141
3 7141 7152 7153
3 7141 7153 7142
3 7142 7153 7154
3 7142 7154 7143
3 7143 7154 7155
3 7143 7155 7144
3 7144 7155 7156
3 7144 7156 7145
3 7145 7156 7157
3 7145 7157 7146
3 7146 7157 7158
3 7146 7158 7147
3 7147 7158 7159
3 7147 7159 7148
3 7148 7159 7160
3 7148 7160 7149
3 7149 7160 7161
3 7149 7161 7150
3 7150 7161 7162
3 7150 7162 7139
3 7139 7162 7151
3 7151 7163 7152
3 7152 7163 7164
3 7152 7164 7153
3 7153 7164 7165
3 7153 7165 7154
3 7154 7165 7166
3 7154 7166 7155
3 7155 7166 7167
3 7155 7167 7156
3 7156 7167 7168
3 7156 7168 7157
3 7157 7168 7169
3 7157 7169 7158
3 7158 7169 7170
3 7158 7170 7159
3 7159 7170 7171
3 7159 7171 7160
3 7160 7171 7172
3 7160 7172 7161
3 7161 7172 7173
3 7161 7173 7162
3 7162 7173 7174
3 7162 7174 7151
3 7151 7174 7163
3 7163 7175 7164
3 7164 7175 7176
3 7164 7176 7165
3 7165 7176 7177
3 7165 7177 7166
3 7166 7177 7178
3 7166 7178 7167
3 7167 7178 7179
3 7167 7179 7168
3 7168 7179 7180
3 7168 7180 7169
3 7169 7180 7181
3 7169 7181 7170
3 7170 7181 7182
3 7170 7182 7171
3 7171 7182 7183
3 7171 7183 7172
3 7172 7183 7184
3 7172 7184 7173
3 7173 7184 7185
3 7173 7185 7174
3 7174 7185 7186
3 7174 7186 7163
3 7163 7186 7175
3 7175 7187 7176
3 7176 7187 7188
3 7176 7188 7177
3 7177 7188 7189
3 7177 7189 7178
3 7178 7189 7190
3 7178 7190 7179
3 7179 7190 7191
3 7179 7191 7180
3 7180 7191 7192
3 7180 7192 7181
3 7181 7192 7193
3 7181 7193 7182
3 7182 7193 7194
3 7182 7194 7183
3 7183 7194 7195
3 7183 7195 7184
3 7184 7195 7196
3 7184 7196 7185
3 7185 7196 7197
3 7185 7197 7186
3 7186 7197 7198
3 7186 7198 7175
3 7175 7198 7187
3 7187 7199 7188
3 7188 7199 7200
3 7188 7200 7189
3 7189 7200 7201
3 7189 7201 7190
3 7190 7201 7202
3 7190 7202 7191
3 7191 7202 7203
3 7191 7203 7192
3 7192 7203 7204
3 7192 7204 7193
3 7193 7204 7205
3 7193 7205 7194
3 7194 7205 7206
3 7194 7206 7195
3 7195 7206 7207
3 7195 7207 7196
3 7196 7207 7208
3 7196 7208 7197
3 7197 7208 7209
3 7197 7209 7198
3 7198 7209 7210
3 7198 7210 7187
3 7187 7210 7199
3 7199 7211 7200
3 7200 7211 7212
3 7200 7212 7201
3 7201 7212 7213
3 7201 7213 7202
3 7202 7213 7214
3 7202 7214 7203
3 7203 7214 7215
3 7203 7215 7204
3 7204 7215 7216
3 7204 7216 7205
3 7205 7216 7217
3 7205 7217 7206
3 7206 7217 7218
3 7206 7218 7207
3 7207 7218 7219
3 7207 7219 7208
3 7208 7219 7220
3 7208 7220 7209
3 7209 7220 7221
3 7209 7221 7210
3 7210 7221 7222
3 7210 7222 7199
3 7199 7222 7211
3 7223 7212 7211
3 7223 7213 7212
3 7223 7214 7213
3 7223 7215 7214
3 7223 7216 7215
3 7223 7217 7216
3 7223 7218 7217
3 7223 7219 7218
3 7223 7220 7219
3 7223 7221 7220
3 7223 7222 7221
3 7223 7211 7222
3 7224 7225 7226
3 7224 7226 7227
3 7224 7227 7228
3 7224 7228 7229
3 7224 7229 7230
3 7224 7230 7231
3 7224 7231 7232
3 7224 7232 7233
3 7224 7233 7234
3 7224 7234 7235
3 7224 7235 7236
3 7224 7236 7225
3 7225 7237 7226
3 7226 7237 7238
3 7226 7238 7227
3 7227 7238 7239
3 7227 7239 7228
3 7228 7239 7240
3 7228 7240 7229
3 7229 7240 7241
3 7229 7241 7230
3 7230 7241 7242
3 7230 7242 7231
3 7231 7242 7243
3 7231 7243 7232
3 7232 7243 7244
3 7232 7244 7233
3 7233 7244 7245
3 7233 7245 7234
3 7234 7245 7246
3 7234 7246 7235
3 7235 7246 7247
3 7235 7247 7236
3 7236 7247 7248
3 7236 7248 7225
3 7225 7248 7237
3 7237 7249 7238
3 7238 7249 7250
3 7238 7250 7239
3 7239 7250 7251
3 7239 7251 7240
3 7240 7251 7252
3 7240 7252 7241
3 7241 7252 7253
3 7241 7253 7242
3 7242 7253 7254
3 7242 7254 7243
3 7243 7254 7255
3 7243 7255 7244
3 7244 7255 7256
3 7244 7256 7245
3 7245 7256 7257
3 7245 7257 7246
3 7246 7257 7258
3 7246 7258 7247
3 7247 7258 7259
3 7247 7259 7248
3 7248 7259 7260
3 7248 7260 7237
3 7237 7260 7249
3 7249 7261 7250
3 7250 7261 7262
3 7250 7262 7251
3 7251 7262 7263
3 7251 7263 7252
3 7252 7263 7264
3 7252 7264 7253
3 7253 7264 7265
3 7253 7265 7254
3 7254 7265 7266
3 7254 7266 7255
3 7255 7266 7267
3 7255 7267 7256
3 7256 7267 7268
3 7256 7268 7257
3 7257 7268 7269
3 7257 7269 7258
3 7258 7269 7270
3 7258 7270 7259
3 7259 7270 7271
3 7259 7271 7260
3 7260 7271 7272
3 7260 7272 7249
3 7249 7272 7261
3 7261 7273 7262
3 7262 7273 7274
3 7262 7274 7263
3 7263 7274 7275
3 7263 7275 7264
3 7264 7275 7276
3 7264 7276 7265
3 7265 7276 7277
3 7265 7277 7266
3 7266 7277 7278
3 7266 7278 7267
3 7267 7278 7279
3 7267 7279 7268
3 7268 7279 7280
3 7268 7280 7269
3 7269 7280 7281
3 7269 7281 7270
3 7270 7281 7282
3 7270 7282 7271
3 7271 7282 7283
3 7271 7283 7272
3 7272 7283 7284
3 7272 7284 7261
3 7261 7284 7273
3 7273 7285 7274
3 7274 7285 7286
3 7274 7286 7275
3 7275 7286 7287
3 7275 7287 7276
3 7276 7287 7288
3 7276 7288 7277
3 7277 7288 7289
3 7277 7289 7278
3 7278 7289 7290
3 7278 7290 7279
3 7279 7290 7291
3 7279 7291 7280
3 7280 7291 7292
3 7280 7292 7281
3 7281 7292 7293
3 7281 7293 7282
3 7282 7293 7294
3 7282 7294 7283
3 7283 7294 7295
3 7283 7295 7284
3 7284 7295 7296
3 7284 7296 7273
3 7273 7296 7285
3 7285 7297 7286
3 7286 7297 7298
3 7286 7298 7287
3 7287 7298 7299
3 7287 7299 7288
3 7288 7299 7300
3 7288 7300 7289
3 7289 7300 7301
3 7289 7301 7290
3 7290 7301 7302
3 7290 7302 7291
3 7291 7302 7303
3 7291 7303 7292
3 7292 7303 7304
3 7292 7304 7293
3 7293 7304 7305
3 7293 7305 7294
3 7294 7305 7306
3 7294 7306 7295
3 7295 7306 7307
3 7295 7307 7296
3 7296 7307 7308
3 7296 7308 7285
3 7285 7308 7297
3 7309 7298 7297
3 7309 7299 7298
3 7309 7300 7299
3 7309 7301 7300
3 7309 7302 7301
3 7309 7303 7302
3 7309 7304 7303
3 7309 7305 7304
3 7309 7306 7305
3 7309 7307 7306
3 7309 7308 7307
3 7309 7297 7308
