ply
format ascii 1.0
element vertex 8256
property float x
property float y
property float z
element face 16128
property list uchar int vertex_indices
end_header
6.601786 -1.783538 5.593453
6.984469 -1.783538 5.517333
6.933199 -1.592196 5.517333
6.793127 -1.452124 5.517333
6.601786 -1.400854 5.517333
6.410444 -1.452124 5.517333
6.270372 -1.592196 5.517333
6.219102 -1.783538 5.517333
6.270372 -1.974879 5.517333
6.410444 -2.114951 5.517333
6.601786 -2.166221 5.517333
6.793127 -2.114951 5.517333
6.933199 -1.974879 5.517333
7.308892 -1.783538 5.300560
7.214158 -1.429984 5.300560
6.955339 -1.171165 5.300560
6.601786 -1.076431 5.300560
6.248232 -1.171165 5.300560
5.989413 -1.429984 5.300560
5.894679 -1.783538 5.300560
5.989413 -2.137091 5.300560
6.248232 -2.395910 5.300560
6.601786 -2.490644 5.300560
6.955339 -2.395910 5.300560
7.214158 -2.137091 5.300560
7.525665 -1.783538 4.976137
7.401889 -1.321598 4.976137
7.063725 -0.983434 4.976137
6.601786 -0.859658 4.976137
6.139846 -0.983434 4.976137
5.801683 -1.321598 4.976137
5.677906 -1.783538 4.976137
5.801683 -2.245477 4.976137
6.139846 -2.583641 4.976137
6.601786 -2.707417 4.976137
7.063725 -2.583641 4.976137
7.401889 -2.245477 4.976137
7.601786 -1.783538 4.593453
7.467811 -1.283538 4.593453
7.101786 -0.917512 4.593453
6.601786 -0.783538 4.593453
6.101786 -0.917512 4.593453
5.735760 -1.283538 4.593453
5.601786 -1.783538 4.593453
5.735760 -2.283538 4.593453
6.101786 -2.649563 4.593453
6.601786 -2.783538 4.593453
7.101786 -2.649563 4.593453
7.467811 -2.283538 4.593453
7.525665 -1.783538 4.210770
7.401889 -1.321598 4.210770
7.063725 -0.983434 4.210770
6.601786 -0.859658 4.210770
6.139846 -0.983434 4.210770
5.801683 -1.321598 4.210770
5.677906 -1.783538 4.210770
5.801683 -2.245477 4.210770
6.139846 -2.583641 4.210770
6.601786 -2.707417 4.210770
7.063725 -2.583641 4.210770
7.401889 -2.245477 4.210770
7.308892 -1.783538 3.886347
7.214158 -1.429984 3.886347
6.955339 -1.171165 3.886347
6.601786 -1.076431 3.886347
6.248232 -1.171165 3.886347
5.989413 -1.429984 3.886347
5.894679 -1.783538 3.886347
5.989413 -2.137091 3.886347
6.248232 -2.395910 3.886347
6.601786 -2.490644 3.886347
6.955339 -2.395910 3.886347
7.214158 -2.137091 3.886347
6.984469 -1.783538 3.669574
6.933199 -1.592196 3.669574
6.793127 -1.452124 3.669574
6.601786 -1.400854 3.669574
6.410444 -1.452124 3.669574
6.270372 -1.592196 3.669574
6.219102 -1.783538 3.669574
6.270372 -1.974879 3.669574
6.410444 -2.114951 3.669574
6.601786 -2.166221 3.669574
6.793127 -2.114951 3.669574
6.933199 -1.974879 3.669574
6.601786 -1.783538 3.593453
6.265020 -3.092458 4.366741
6.647704 -3.092458 4.290620
6.596434 -2.901116 4.290620
6.456362 -2.761044 4.290620
6.265020 -2.709774 4.290620
6.073679 -2.761044 4.290620
5.933607 -2.901116 4.290620
5.882337 -3.092458 4.290620
5.933607 -3.283799 4.290620
6.073679 -3.423871 4.290620
6.265020 -3.475141 4.290620
6.456362 -3.423871 4.290620
6.596434 -3.283799 4.290620
6.972127 -3.092458 4.073848
6.877393 -2.738904 4.073848
6.618574 -2.480085 4.073848
6.265020 -2.385351 4.073848
5.911467 -2.480085 4.073848
5.652648 -2.738904 4.073848
5.557914 -3.092458 4.073848
5.652648 -3.446011 4.073848
5.911467 -3.704830 4.073848
6.265020 -3.799565 4.073848
6.618574 -3.704830 4.073848
6.877393 -3.446011 4.073848
7.188900 -3.092458 3.749424
7.065124 -2.630518 3.749424
6.726960 -2.292355 3.749424
6.265020 -2.168578 3.749424
5.803081 -2.292355 3.749424
5.464917 -2.630518 3.749424
5.341141 -3.092458 3.749424
5.464917 -3.554398 3.749424
5.803081 -3.892561 3.749424
6.265020 -4.016337 3.749424
6.726960 -3.892561 3.749424
7.065124 -3.554398 3.749424
7.265020 -3.092458 3.366741
7.131046 -2.592458 3.366741
6.765020 -2.226432 3.366741
6.265020 -2.092458 3.366741
5.765020 -2.226432 3.366741
5.398995 -2.592458 3.366741
5.265020 -3.092458 3.366741
5.398995 -3.592458 3.366741
5.765020 -3.958483 3.366741
6.265020 -4.092458 3.366741
6.765020 -3.958483 3.366741
7.131046 -3.592458 3.366741
7.188900 -3.092458 2.984058
7.065124 -2.630518 2.984058
6.726960 -2.292355 2.984058
6.265020 -2.168578 2.984058
5.803081 -2.292355 2.984058
5.464917 -2.630518 2.984058
5.341141 -3.092458 2.984058
5.464917 -3.554398 2.984058
5.803081 -3.892561 2.984058
6.265020 -4.016337 2.984058
6.726960 -3.892561 2.984058
7.065124 -3.554398 2.984058
6.972127 -3.092458 2.659634
6.877393 -2.738904 2.659634
6.618574 -2.480085 2.659634
6.265020 -2.385351 2.659634
5.911467 -2.480085 2.659634
5.652648 -2.738904 2.659634
5.557914 -3.092458 2.659634
5.652648 -3.446011 2.659634
5.911467 -3.704830 2.659634
6.265020 -3.799565 2.659634
6.618574 -3.704830 2.659634
6.877393 -3.446011 2.659634
6.647704 -3.092458 2.442861
6.596434 -2.901116 2.442861
6.456362 -2.761044 2.442861
6.265020 -2.709774 2.442861
6.073679 -2.761044 2.442861
5.933607 -2.901116 2.442861
5.882337 -3.092458 2.442861
5.933607 -3.283799 2.442861
6.073679 -3.423871 2.442861
6.265020 -3.475141 2.442861
6.456362 -3.423871 2.442861
6.596434 -3.283799 2.442861
6.265020 -3.092458 2.366741
6.145863 -3.862855 3.433874
6.528546 -3.862855 3.357753
6.477277 -3.671513 3.357753
6.337205 -3.531442 3.357753
6.145863 -3.480172 3.357753
5.954521 -3.531442 3.357753
5.814449 -3.671513 3.357753
5.763180 -3.862855 3.357753
5.814449 -4.054197 3.357753
5.954521 -4.194269 3.357753
6.145863 -4.245539 3.357753
6.337205 -4.194269 3.357753
6.477277 -4.054197 3.357753
6.852970 -3.862855 3.140980
6.758235 -3.509302 3.140980
6.499416 -3.250483 3.140980
6.145863 -3.155748 3.140980
5.792310 -3.250483 3.140980
5.533491 -3.509302 3.140980
5.438756 -3.862855 3.140980
5.533491 -4.216409 3.140980
5.792310 -4.475228 3.140980
6.145863 -4.569962 3.140980
6.499416 -4.475228 3.140980
6.758235 -4.216409 3.140980
7.069743 -3.862855 2.816557
6.945966 -3.400915 2.816557
6.607803 -3.062752 2.816557
6.145863 -2.938976 2.816557
5.683923 -3.062752 2.816557
5.345760 -3.400915 2.816557
5.221984 -3.862855 2.816557
5.345760 -4.324795 2.816557
5.683923 -4.662958 2.816557
6.145863 -4.786735 2.816557
6.607803 -4.662958 2.816557
6.945966 -4.324795 2.816557
7.145863 -3.862855 2.433874
7.011888 -3.362855 2.433874
6.645863 -2.996830 2.433874
6.145863 -2.862855 2.433874
5.645863 -2.996830 2.433874
5.279838 -3.362855 2.433874
5.145863 -3.862855 2.433874
5.279838 -4.362855 2.433874
5.645863 -4.728881 2.433874
6.145863 -4.862855 2.433874
6.645863 -4.728881 2.433874
7.011888 -4.362855 2.433874
7.069743 -3.862855 2.051190
6.945966 -3.400915 2.051190
6.607803 -3.062752 2.051190
6.145863 -2.938976 2.051190
5.683923 -3.062752 2.051190
5.345760 -3.400915 2.051190
5.221984 -3.862855 2.051190
5.345760 -4.324795 2.051190
5.683923 -4.662958 2.051190
6.145863 -4.786735 2.051190
6.607803 -4.662958 2.051190
6.945966 -4.324795 2.051190
6.852970 -3.862855 1.726767
6.758235 -3.509302 1.726767
6.499416 -3.250483 1.726767
6.145863 -3.155748 1.726767
5.792310 -3.250483 1.726767
5.533491 -3.509302 1.726767
5.438756 -3.862855 1.726767
5.533491 -4.216409 1.726767
5.792310 -4.475228 1.726767
6.145863 -4.569962 1.726767
6.499416 -4.475228 1.726767
6.758235 -4.216409 1.726767
6.528546 -3.862855 1.509994
6.477277 -3.671513 1.509994
6.337205 -3.531442 1.509994
6.145863 -3.480172 1.509994
5.954521 -3.531442 1.509994
5.814449 -3.671513 1.509994
5.763180 -3.862855 1.509994
5.814449 -4.054197 1.509994
5.954521 -4.194269 1.509994
6.145863 -4.245539 1.509994
6.337205 -4.194269 1.509994
6.477277 -4.054197 1.509994
6.145863 -3.862855 1.433874
5.406901 -4.423665 2.420454
5.789584 -4.423665 2.344334
5.738314 -4.232323 2.344334
5.598243 -4.092251 2.344334
5.406901 -4.040982 2.344334
5.215559 -4.092251 2.344334
5.075487 -4.232323 2.344334
5.024217 -4.423665 2.344334
5.075487 -4.615007 2.344334
5.215559 -4.755079 2.344334
5.406901 -4.806348 2.344334
5.598243 -4.755079 2.344334
5.738314 -4.615007 2.344334
6.114008 -4.423665 2.127561
6.019273 -4.070112 2.127561
5.760454 -3.811293 2.127561
5.406901 -3.716558 2.127561
5.053347 -3.811293 2.127561
4.794528 -4.070112 2.127561
4.699794 -4.423665 2.127561
4.794528 -4.777218 2.127561
5.053347 -5.036037 2.127561
5.406901 -5.130772 2.127561
5.760454 -5.036037 2.127561
6.019273 -4.777218 2.127561
6.330780 -4.423665 1.803137
6.207004 -3.961725 1.803137
5.868841 -3.623562 1.803137
5.406901 -3.499786 1.803137
4.944961 -3.623562 1.803137
4.606798 -3.961725 1.803137
4.483021 -4.423665 1.803137
4.606798 -4.885605 1.803137
4.944961 -5.223768 1.803137
5.406901 -5.347545 1.803137
5.868841 -5.223768 1.803137
6.207004 -4.885605 1.803137
6.406901 -4.423665 1.420454
6.272926 -3.923665 1.420454
5.906901 -3.557640 1.420454
5.406901 -3.423665 1.420454
4.906901 -3.557640 1.420454
4.540875 -3.923665 1.420454
4.406901 -4.423665 1.420454
4.540875 -4.923665 1.420454
4.906901 -5.289690 1.420454
5.406901 -5.423665 1.420454
5.906901 -5.289690 1.420454
6.272926 -4.923665 1.420454
6.330780 -4.423665 1.037771
6.207004 -3.961725 1.037771
5.868841 -3.623562 1.037771
5.406901 -3.499786 1.037771
4.944961 -3.623562 1.037771
4.606798 -3.961725 1.037771
4.483021 -4.423665 1.037771
4.606798 -4.885605 1.037771
4.944961 -5.223768 1.037771
5.406901 -5.347545 1.037771
5.868841 -5.223768 1.037771
6.207004 -4.885605 1.037771
6.114008 -4.423665 0.713347
6.019273 -4.070112 0.713347
5.760454 -3.811293 0.713347
5.406901 -3.716558 0.713347
5.053347 -3.811293 0.713347
4.794528 -4.070112 0.713347
4.699794 -4.423665 0.713347
4.794528 -4.777218 0.713347
5.053347 -5.036037 0.713347
5.406901 -5.130772 0.713347
5.760454 -5.036037 0.713347
6.019273 -4.777218 0.713347
5.789584 -4.423665 0.496574
5.738314 -4.232323 0.496574
5.598243 -4.092251 0.496574
5.406901 -4.040982 0.496574
5.215559 -4.092251 0.496574
5.075487 -4.232323 0.496574
5.024217 -4.423665 0.496574
5.075487 -4.615007 0.496574
5.215559 -4.755079 0.496574
5.406901 -4.806348 0.496574
5.598243 -4.755079 0.496574
5.738314 -4.615007 0.496574
5.406901 -4.423665 0.420454
4.577253 -4.968036 0.986046
4.959937 -4.968036 0.909925
4.908667 -4.776694 0.909925
4.768595 -4.636623 0.909925
4.577253 -4.585353 0.909925
4.385912 -4.636623 0.909925
4.245840 -4.776694 0.909925
4.194570 -4.968036 0.909925
4.245840 -5.159378 0.909925
4.385912 -5.299450 0.909925
4.577253 -5.350720 0.909925
4.768595 -5.299450 0.909925
4.908667 -5.159378 0.909925
5.284360 -4.968036 0.693153
5.189626 -4.614483 0.693153
4.930807 -4.355664 0.693153
4.577253 -4.260929 0.693153
4.223700 -4.355664 0.693153
3.964881 -4.614483 0.693153
3.870147 -4.968036 0.693153
3.964881 -5.321590 0.693153
4.223700 -5.580409 0.693153
4.577253 -5.675143 0.693153
4.930807 -5.580409 0.693153
5.189626 -5.321590 0.693153
5.501133 -4.968036 0.368729
5.377356 -4.506096 0.368729
5.039193 -4.167933 0.368729
4.577253 -4.044157 0.368729
4.115314 -4.167933 0.368729
3.777150 -4.506096 0.368729
3.653374 -4.968036 0.368729
3.777150 -5.429976 0.368729
4.115314 -5.768139 0.368729
4.577253 -5.891916 0.368729
5.039193 -5.768139 0.368729
5.377356 -5.429976 0.368729
5.577253 -4.968036 -0.013954
5.443279 -4.468036 -0.013954
5.077253 -4.102011 -0.013954
4.577253 -3.968036 -0.013954
4.077253 -4.102011 -0.013954
3.711228 -4.468036 -0.013954
3.577253 -4.968036 -0.013954
3.711228 -5.468036 -0.013954
4.077253 -5.834062 -0.013954
4.577253 -5.968036 -0.013954
5.077253 -5.834062 -0.013954
5.443279 -5.468036 -0.013954
5.501133 -4.968036 -0.396638
5.377356 -4.506096 -0.396638
5.039193 -4.167933 -0.396638
4.577253 -4.044157 -0.396638
4.115314 -4.167933 -0.396638
3.777150 -4.506096 -0.396638
3.653374 -4.968036 -0.396638
3.777150 -5.429976 -0.396638
4.115314 -5.768139 -0.396638
4.577253 -5.891916 -0.396638
5.039193 -5.768139 -0.396638
5.377356 -5.429976 -0.396638
5.284360 -4.968036 -0.721061
5.189626 -4.614483 -0.721061
4.930807 -4.355664 -0.721061
4.577253 -4.260929 -0.721061
4.223700 -4.355664 -0.721061
3.964881 -4.614483 -0.721061
3.870147 -4.968036 -0.721061
3.964881 -5.321590 -0.721061
4.223700 -5.580409 -0.721061
4.577253 -5.675143 -0.721061
4.930807 -5.580409 -0.721061
5.189626 -5.321590 -0.721061
4.959937 -4.968036 -0.937834
4.908667 -4.776694 -0.937834
4.768595 -4.636623 -0.937834
4.577253 -4.585353 -0.937834
4.385912 -4.636623 -0.937834
4.245840 -4.776694 -0.937834
4.194570 -4.968036 -0.937834
4.245840 -5.159378 -0.937834
4.385912 -5.299450 -0.937834
4.577253 -5.350720 -0.937834
4.768595 -5.299450 -0.937834
4.908667 -5.159378 -0.937834
4.577253 -4.968036 -1.013954
3.495666 -5.340860 -0.233990
3.878350 -5.340860 -0.310111
3.827080 -5.149519 -0.310111
3.687008 -5.009447 -0.310111
3.495666 -4.958177 -0.310111
3.304325 -5.009447 -0.310111
3.164253 -5.149519 -0.310111
3.112983 -5.340860 -0.310111
3.164253 -5.532202 -0.310111
3.304325 -5.672274 -0.310111
3.495666 -5.723544 -0.310111
3.687008 -5.672274 -0.310111
3.827080 -5.532202 -0.310111
4.202773 -5.340860 -0.526883
4.108039 -4.987307 -0.526883
3.849220 -4.728488 -0.526883
3.495666 -4.633754 -0.526883
3.142113 -4.728488 -0.526883
2.883294 -4.987307 -0.526883
2.788559 -5.340860 -0.526883
2.883294 -5.694414 -0.526883
3.142113 -5.953233 -0.526883
3.495666 -6.047967 -0.526883
3.849220 -5.953233 -0.526883
4.108039 -5.694414 -0.526883
4.419546 -5.340860 -0.851307
4.295769 -4.878921 -0.851307
3.957606 -4.540757 -0.851307
3.495666 -4.416981 -0.851307
3.033726 -4.540757 -0.851307
2.695563 -4.878921 -0.851307
2.571787 -5.340860 -0.851307
2.695563 -5.802800 -0.851307
3.033726 -6.140964 -0.851307
3.495666 -6.264740 -0.851307
3.957606 -6.140964 -0.851307
4.295769 -5.802800 -0.851307
4.495666 -5.340860 -1.233990
4.361692 -4.840860 -1.233990
3.995666 -4.474835 -1.233990
3.495666 -4.340860 -1.233990
2.995666 -4.474835 -1.233990
2.629641 -4.840860 -1.233990
2.495666 -5.340860 -1.233990
2.629641 -5.840860 -1.233990
2.995666 -6.206886 -1.233990
3.495666 -6.340860 -1.233990
3.995666 -6.206886 -1.233990
4.361692 -5.840860 -1.233990
4.419546 -5.340860 -1.616674
4.295769 -4.878921 -1.616674
3.957606 -4.540757 -1.616674
3.495666 -4.416981 -1.616674
3.033726 -4.540757 -1.616674
2.695563 -4.878921 -1.616674
2.571787 -5.340860 -1.616674
2.695563 -5.802800 -1.616674
3.033726 -6.140964 -1.616674
3.495666 -6.264740 -1.616674
3.957606 -6.140964 -1.616674
4.295769 -5.802800 -1.616674
4.202773 -5.340860 -1.941097
4.108039 -4.987307 -1.941097
3.849220 -4.728488 -1.941097
3.495666 -4.633754 -1.941097
3.142113 -4.728488 -1.941097
2.883294 -4.987307 -1.941097
2.788559 -5.340860 -1.941097
2.883294 -5.694414 -1.941097
3.142113 -5.953233 -1.941097
3.495666 -6.047967 -1.941097
3.849220 -5.953233 -1.941097
4.108039 -5.694414 -1.941097
3.878350 -5.340860 -2.157870
3.827080 -5.149519 -2.157870
3.687008 -5.009447 -2.157870
3.495666 -4.958177 -2.157870
3.304325 -5.009447 -2.157870
3.164253 -5.149519 -2.157870
3.112983 -5.340860 -2.157870
3.164253 -5.532202 -2.157870
3.304325 -5.672274 -2.157870
3.495666 -5.723544 -2.157870
3.687008 -5.672274 -2.157870
3.827080 -5.532202 -2.157870
3.495666 -5.340860 -2.233990
2.398965 -5.379205 -1.106938
2.781649 -5.379205 -1.183059
2.730379 -5.187863 -1.183059
2.590307 -5.047791 -1.183059
2.398965 -4.996521 -1.183059
2.207623 -5.047791 -1.183059
2.067552 -5.187863 -1.183059
2.016282 -5.379205 -1.183059
2.067552 -5.570546 -1.183059
2.207623 -5.710618 -1.183059
2.398965 -5.761888 -1.183059
2.590307 -5.710618 -1.183059
2.730379 -5.570546 -1.183059
3.106072 -5.379205 -1.399831
3.011338 -5.025651 -1.399831
2.752519 -4.766832 -1.399831
2.398965 -4.672098 -1.399831
2.045412 -4.766832 -1.399831
1.786593 -5.025651 -1.399831
1.691858 -5.379205 -1.399831
1.786593 -5.732758 -1.399831
2.045412 -5.991577 -1.399831
2.398965 -6.086312 -1.399831
2.752519 -5.991577 -1.399831
3.011338 -5.732758 -1.399831
3.322845 -5.379205 -1.724255
3.199068 -4.917265 -1.724255
2.860905 -4.579102 -1.724255
2.398965 -4.455325 -1.724255
1.937025 -4.579102 -1.724255
1.598862 -4.917265 -1.724255
1.475086 -5.379205 -1.724255
1.598862 -5.841145 -1.724255
1.937025 -6.179308 -1.724255
2.398965 -6.303084 -1.724255
2.860905 -6.179308 -1.724255
3.199068 -5.841145 -1.724255
3.398965 -5.379205 -2.106938
3.264991 -4.879205 -2.106938
2.898965 -4.513179 -2.106938
2.398965 -4.379205 -2.106938
1.898965 -4.513179 -2.106938
1.532940 -4.879205 -2.106938
1.398965 -5.379205 -2.106938
1.532940 -5.879205 -2.106938
1.898965 -6.245230 -2.106938
2.398965 -6.379205 -2.106938
2.898965 -6.245230 -2.106938
3.264991 -5.879205 -2.106938
3.322845 -5.379205 -2.489622
3.199068 -4.917265 -2.489622
2.860905 -4.579102 -2.489622
2.398965 -4.455325 -2.489622
1.937025 -4.579102 -2.489622
1.598862 -4.917265 -2.489622
1.475086 -5.379205 -2.489622
1.598862 -5.841145 -2.489622
1.937025 -6.179308 -2.489622
2.398965 -6.303084 -2.489622
2.860905 -6.179308 -2.489622
3.199068 -5.841145 -2.489622
3.106072 -5.379205 -2.814045
3.011338 -5.025651 -2.814045
2.752519 -4.766832 -2.814045
2.398965 -4.672098 -2.814045
2.045412 -4.766832 -2.814045
1.786593 -5.025651 -2.814045
1.691858 -5.379205 -2.814045
1.786593 -5.732758 -2.814045
2.045412 -5.991577 -2.814045
2.398965 -6.086312 -2.814045
2.752519 -5.991577 -2.814045
3.011338 -5.732758 -2.814045
2.781649 -5.379205 -3.030818
2.730379 -5.187863 -3.030818
2.590307 -5.047791 -3.030818
2.398965 -4.996521 -3.030818
2.207623 -5.047791 -3.030818
2.067552 -5.187863 -3.030818
2.016282 -5.379205 -3.030818
2.067552 -5.570546 -3.030818
2.207623 -5.710618 -3.030818
2.398965 -5.761888 -3.030818
2.590307 -5.710618 -3.030818
2.730379 -5.570546 -3.030818
2.398965 -5.379205 -3.106938
0.440708 -5.091686 -1.858017
0.823391 -5.091686 -1.934138
0.772122 -4.900345 -1.934138
0.632050 -4.760273 -1.934138
0.440708 -4.709003 -1.934138
0.249366 -4.760273 -1.934138
0.109294 -4.900345 -1.934138
0.058025 -5.091686 -1.934138
0.109294 -5.283028 -1.934138
0.249366 -5.423100 -1.934138
0.440708 -5.474370 -1.934138
0.632050 -5.423100 -1.934138
0.772122 -5.283028 -1.934138
1.147815 -5.091686 -2.150911
1.053080 -4.738133 -2.150911
0.794261 -4.479314 -2.150911
0.440708 -4.384579 -2.150911
0.087155 -4.479314 -2.150911
-0.171664 -4.738133 -2.150911
-0.266399 -5.091686 -2.150911
-0.171664 -5.445240 -2.150911
0.087155 -5.704059 -2.150911
0.440708 -5.798793 -2.150911
0.794261 -5.704059 -2.150911
1.053080 -5.445240 -2.150911
1.364588 -5.091686 -2.475334
1.240811 -4.629746 -2.475334
0.902648 -4.291583 -2.475334
0.440708 -4.167807 -2.475334
-0.021232 -4.291583 -2.475334
-0.359395 -4.629746 -2.475334
-0.483172 -5.091686 -2.475334
-0.359395 -5.553626 -2.475334
-0.021232 -5.891789 -2.475334
0.440708 -6.015566 -2.475334
0.902648 -5.891789 -2.475334
1.240811 -5.553626 -2.475334
1.440708 -5.091686 -2.858017
1.306733 -4.591686 -2.858017
0.940708 -4.225661 -2.858017
0.440708 -4.091686 -2.858017
-0.059292 -4.225661 -2.858017
-0.425317 -4.591686 -2.858017
-0.559292 -5.091686 -2.858017
-0.425317 -5.591686 -2.858017
-0.059292 -5.957712 -2.858017
0.440708 -6.091686 -2.858017
0.940708 -5.957712 -2.858017
1.306733 -5.591686 -2.858017
1.364588 -5.091686 -3.240701
1.240811 -4.629746 -3.240701
0.902648 -4.291583 -3.240701
0.440708 -4.167807 -3.240701
-0.021232 -4.291583 -3.240701
-0.359395 -4.629746 -3.240701
-0.483172 -5.091686 -3.240701
-0.359395 -5.553626 -3.240701
-0.021232 -5.891789 -3.240701
0.440708 -6.015566 -3.240701
0.902648 -5.891789 -3.240701
1.240811 -5.553626 -3.240701
1.147815 -5.091686 -3.565124
1.053080 -4.738133 -3.565124
0.794261 -4.479314 -3.565124
0.440708 -4.384579 -3.565124
0.087155 -4.479314 -3.565124
-0.171664 -4.738133 -3.565124
-0.266399 -5.091686 -3.565124
-0.171664 -5.445240 -3.565124
0.087155 -5.704059 -3.565124
0.440708 -5.798793 -3.565124
0.794261 -5.704059 -3.565124
1.053080 -5.445240 -3.565124
0.823391 -5.091686 -3.781897
0.772122 -4.900345 -3.781897
0.632050 -4.760273 -3.781897
0.440708 -4.709003 -3.781897
0.249366 -4.760273 -3.781897
0.109294 -4.900345 -3.781897
0.058025 -5.091686 -3.781897
0.109294 -5.283028 -3.781897
0.249366 -5.423100 -3.781897
0.440708 -5.474370 -3.781897
0.632050 -5.423100 -3.781897
0.772122 -5.283028 -3.781897
0.440708 -5.091686 -3.858017
6.162142 -0.470323 5.636948
6.544826 -0.470323 5.560827
6.493556 -0.278981 5.560827
6.353484 -0.138909 5.560827
6.162142 -0.087639 5.560827
5.970801 -0.138909 5.560827
5.830729 -0.278981 5.560827
5.779459 -0.470323 5.560827
5.830729 -0.661664 5.560827
5.970801 -0.801736 5.560827
6.162142 -0.853006 5.560827
6.353484 -0.801736 5.560827
6.493556 -0.661664 5.560827
6.869249 -0.470323 5.344054
6.774515 -0.116769 5.344054
6.515696 0.142050 5.344054
6.162142 0.236784 5.344054
5.808589 0.142050 5.344054
5.549770 -0.116769 5.344054
5.455035 -0.470323 5.344054
5.549770 -0.823876 5.344054
5.808589 -1.082695 5.344054
6.162142 -1.177430 5.344054
6.515696 -1.082695 5.344054
6.774515 -0.823876 5.344054
7.086022 -0.470323 5.019631
6.962245 -0.008383 5.019631
6.624082 0.329780 5.019631
6.162142 0.453557 5.019631
5.700203 0.329780 5.019631
5.362039 -0.008383 5.019631
5.238263 -0.470323 5.019631
5.362039 -0.932263 5.019631
5.700203 -1.270426 5.019631
6.162142 -1.394202 5.019631
6.624082 -1.270426 5.019631
6.962245 -0.932263 5.019631
7.162142 -0.470323 4.636948
7.028168 0.029677 4.636948
6.662142 0.395703 4.636948
6.162142 0.529677 4.636948
5.662142 0.395703 4.636948
5.296117 0.029677 4.636948
5.162142 -0.470323 4.636948
5.296117 -0.970323 4.636948
5.662142 -1.336348 4.636948
6.162142 -1.470323 4.636948
6.662142 -1.336348 4.636948
7.028168 -0.970323 4.636948
7.086022 -0.470323 4.254264
6.962245 -0.008383 4.254264
6.624082 0.329780 4.254264
6.162142 0.453557 4.254264
5.700203 0.329780 4.254264
5.362039 -0.008383 4.254264
5.238263 -0.470323 4.254264
5.362039 -0.932263 4.254264
5.700203 -1.270426 4.254264
6.162142 -1.394202 4.254264
6.624082 -1.270426 4.254264
6.962245 -0.932263 4.254264
6.869249 -0.470323 3.929841
6.774515 -0.116769 3.929841
6.515696 0.142050 3.929841
6.162142 0.236784 3.929841
5.808589 0.142050 3.929841
5.549770 -0.116769 3.929841
5.455035 -0.470323 3.929841
5.549770 -0.823876 3.929841
5.808589 -1.082695 3.929841
6.162142 -1.177430 3.929841
6.515696 -1.082695 3.929841
6.774515 -0.823876 3.929841
6.544826 -0.470323 3.713068
6.493556 -0.278981 3.713068
6.353484 -0.138909 3.713068
6.162142 -0.087639 3.713068
5.970801 -0.138909 3.713068
5.830729 -0.278981 3.713068
5.779459 -0.470323 3.713068
5.830729 -0.661664 3.713068
5.970801 -0.801736 3.713068
6.162142 -0.853006 3.713068
6.353484 -0.801736 3.713068
6.493556 -0.661664 3.713068
6.162142 -0.470323 3.636948
6.125201 1.333351 4.547647
6.507885 1.333351 4.471527
6.456615 1.524692 4.471527
6.316543 1.664764 4.471527
6.125201 1.716034 4.471527
5.933860 1.664764 4.471527
5.793788 1.524692 4.471527
5.742518 1.333351 4.471527
5.793788 1.142009 4.471527
5.933860 1.001937 4.471527
6.125201 0.950667 4.471527
6.316543 1.001937 4.471527
6.456615 1.142009 4.471527
6.832308 1.333351 4.254754
6.737574 1.686904 4.254754
6.478755 1.945723 4.254754
6.125201 2.040458 4.254754
5.771648 1.945723 4.254754
5.512829 1.686904 4.254754
5.418094 1.333351 4.254754
5.512829 0.979797 4.254754
5.771648 0.720978 4.254754
6.125201 0.626244 4.254754
6.478755 0.720978 4.254754
6.737574 0.979797 4.254754
7.049081 1.333351 3.930331
6.925304 1.795291 3.930331
6.587141 2.133454 3.930331
6.125201 2.257230 3.930331
5.663261 2.133454 3.930331
5.325098 1.795291 3.930331
5.201322 1.333351 3.930331
5.325098 0.871411 3.930331
5.663261 0.533248 3.930331
6.125201 0.409471 3.930331
6.587141 0.533248 3.930331
6.925304 0.871411 3.930331
7.125201 1.333351 3.547647
6.991227 1.833351 3.547647
6.625201 2.199376 3.547647
6.125201 2.333351 3.547647
5.625201 2.199376 3.547647
5.259176 1.833351 3.547647
5.125201 1.333351 3.547647
5.259176 0.833351 3.547647
5.625201 0.467325 3.547647
6.125201 0.333351 3.547647
6.625201 0.467325 3.547647
6.991227 0.833351 3.547647
7.049081 1.333351 3.164964
6.925304 1.795291 3.164964
6.587141 2.133454 3.164964
6.125201 2.257230 3.164964
5.663261 2.133454 3.164964
5.325098 1.795291 3.164964
5.201322 1.333351 3.164964
5.325098 0.871411 3.164964
5.663261 0.533248 3.164964
6.125201 0.409471 3.164964
6.587141 0.533248 3.164964
6.925304 0.871411 3.164964
6.832308 1.333351 2.840541
6.737574 1.686904 2.840541
6.478755 1.945723 2.840541
6.125201 2.040458 2.840541
5.771648 1.945723 2.840541
5.512829 1.686904 2.840541
5.418094 1.333351 2.840541
5.512829 0.979797 2.840541
5.771648 0.720978 2.840541
6.125201 0.626244 2.840541
6.478755 0.720978 2.840541
6.737574 0.979797 2.840541
6.507885 1.333351 2.623768
6.456615 1.524692 2.623768
6.316543 1.664764 2.623768
6.125201 1.716034 2.623768
5.933860 1.664764 2.623768
5.793788 1.524692 2.623768
5.742518 1.333351 2.623768
5.793788 1.142009 2.623768
5.933860 1.001937 2.623768
6.125201 0.950667 2.623768
6.316543 1.001937 2.623768
6.456615 1.142009 2.623768
6.125201 1.333351 2.547647
5.515251 2.630527 3.675001
5.897934 2.630527 3.598880
5.846664 2.821868 3.598880
5.706592 2.961940 3.598880
5.515251 3.013210 3.598880
5.323909 2.961940 3.598880
5.183837 2.821868 3.598880
5.132567 2.630527 3.598880
5.183837 2.439185 3.598880
5.323909 2.299113 3.598880
5.515251 2.247843 3.598880
5.706592 2.299113 3.598880
5.846664 2.439185 3.598880
6.222357 2.630527 3.382108
6.127623 2.984080 3.382108
5.868804 3.242899 3.382108
5.515251 3.337634 3.382108
5.161697 3.242899 3.382108
4.902878 2.984080 3.382108
4.808144 2.630527 3.382108
4.902878 2.276973 3.382108
5.161697 2.018154 3.382108
5.515251 1.923420 3.382108
5.868804 2.018154 3.382108
6.127623 2.276973 3.382108
6.439130 2.630527 3.057684
6.315354 3.092467 3.057684
5.977190 3.430630 3.057684
5.515251 3.554406 3.057684
5.053311 3.430630 3.057684
4.715148 3.092467 3.057684
4.591371 2.630527 3.057684
4.715148 2.168587 3.057684
5.053311 1.830424 3.057684
5.515251 1.706647 3.057684
5.977190 1.830424 3.057684
6.315354 2.168587 3.057684
6.515251 2.630527 2.675001
6.381276 3.130527 2.675001
6.015251 3.496552 2.675001
5.515251 3.630527 2.675001
5.015251 3.496552 2.675001
4.649225 3.130527 2.675001
4.515251 2.630527 2.675001
4.649225 2.130527 2.675001
5.015251 1.764501 2.675001
5.515251 1.630527 2.675001
6.015251 1.764501 2.675001
6.381276 2.130527 2.675001
6.439130 2.630527 2.292317
6.315354 3.092467 2.292317
5.977190 3.430630 2.292317
5.515251 3.554406 2.292317
5.053311 3.430630 2.292317
4.715148 3.092467 2.292317
4.591371 2.630527 2.292317
4.715148 2.168587 2.292317
5.053311 1.830424 2.292317
5.515251 1.706647 2.292317
5.977190 1.830424 2.292317
6.315354 2.168587 2.292317
6.222357 2.630527 1.967894
6.127623 2.984080 1.967894
5.868804 3.242899 1.967894
5.515251 3.337634 1.967894
5.161697 3.242899 1.967894
4.902878 2.984080 1.967894
4.808144 2.630527 1.967894
4.902878 2.276973 1.967894
5.161697 2.018154 1.967894
5.515251 1.923420 1.967894
5.868804 2.018154 1.967894
6.127623 2.276973 1.967894
5.897934 2.630527 1.751121
5.846664 2.821868 1.751121
5.706592 2.961940 1.751121
5.515251 3.013210 1.751121
5.323909 2.961940 1.751121
5.183837 2.821868 1.751121
5.132567 2.630527 1.751121
5.183837 2.439185 1.751121
5.323909 2.299113 1.751121
5.515251 2.247843 1.751121
5.706592 2.299113 1.751121
5.846664 2.439185 1.751121
5.515251 2.630527 1.675001
4.364543 3.407197 2.809140
4.747226 3.407197 2.733020
4.695957 3.598539 2.733020
4.555885 3.738611 2.733020
4.364543 3.789881 2.733020
4.173201 3.738611 2.733020
4.033129 3.598539 2.733020
3.981860 3.407197 2.733020
4.033129 3.215856 2.733020
4.173201 3.075784 2.733020
4.364543 3.024514 2.733020
4.555885 3.075784 2.733020
4.695957 3.215856 2.733020
5.071650 3.407197 2.516247
4.976915 3.760751 2.516247
4.718096 4.019570 2.516247
4.364543 4.114304 2.516247
4.010990 4.019570 2.516247
3.752171 3.760751 2.516247
3.657436 3.407197 2.516247
3.752171 3.053644 2.516247
4.010990 2.794825 2.516247
4.364543 2.700090 2.516247
4.718096 2.794825 2.516247
4.976915 3.053644 2.516247
5.288422 3.407197 2.191824
5.164646 3.869137 2.191824
4.826483 4.207300 2.191824
4.364543 4.331077 2.191824
3.902603 4.207300 2.191824
3.564440 3.869137 2.191824
3.440663 3.407197 2.191824
3.564440 2.945257 2.191824
3.902603 2.607094 2.191824
4.364543 2.483318 2.191824
4.826483 2.607094 2.191824
5.164646 2.945257 2.191824
5.364543 3.407197 1.809140
5.230568 3.907197 1.809140
4.864543 4.273223 1.809140
4.364543 4.407197 1.809140
3.864543 4.273223 1.809140
3.498518 3.907197 1.809140
3.364543 3.407197 1.809140
3.498518 2.907197 1.809140
3.864543 2.541172 1.809140
4.364543 2.407197 1.809140
4.864543 2.541172 1.809140
5.230568 2.907197 1.809140
5.288422 3.407197 1.426457
5.164646 3.869137 1.426457
4.826483 4.207300 1.426457
4.364543 4.331077 1.426457
3.902603 4.207300 1.426457
3.564440 3.869137 1.426457
3.440663 3.407197 1.426457
3.564440 2.945257 1.426457
3.902603 2.607094 1.426457
4.364543 2.483318 1.426457
4.826483 2.607094 1.426457
5.164646 2.945257 1.426457
5.071650 3.407197 1.102034
4.976915 3.760751 1.102034
4.718096 4.019570 1.102034
4.364543 4.114304 1.102034
4.010990 4.019570 1.102034
3.752171 3.760751 1.102034
3.657436 3.407197 1.102034
3.752171 3.053644 1.102034
4.010990 2.794825 1.102034
4.364543 2.700090 1.102034
4.718096 2.794825 1.102034
4.976915 3.053644 1.102034
4.747226 3.407197 0.885261
4.695957 3.598539 0.885261
4.555885 3.738611 0.885261
4.364543 3.789881 0.885261
4.173201 3.738611 0.885261
4.033129 3.598539 0.885261
3.981860 3.407197 0.885261
4.033129 3.215856 0.885261
4.173201 3.075784 0.885261
4.364543 3.024514 0.885261
4.555885 3.075784 0.885261
4.695957 3.215856 0.885261
4.364543 3.407197 0.809140
8.479724 -17.254356 0.259611
8.862407 -17.254356 0.183491
8.811138 -17.063015 0.183491
8.671066 -16.922943 0.183491
8.479724 -16.871673 0.183491
8.288382 -16.922943 0.183491
8.148310 -17.063015 0.183491
8.097040 -17.254356 0.183491
8.148310 -17.445698 0.183491
8.288382 -17.585770 0.183491
8.479724 -17.637040 0.183491
8.671066 -17.585770 0.183491
8.811138 -17.445698 0.183491
9.186831 -17.254356 -0.033282
9.092096 -16.900803 -0.033282
8.833277 -16.641984 -0.033282
8.479724 -16.547250 -0.033282
8.126171 -16.641984 -0.033282
7.867351 -16.900803 -0.033282
7.772617 -17.254356 -0.033282
7.867351 -17.607910 -0.033282
8.126171 -17.866729 -0.033282
8.479724 -17.961463 -0.033282
8.833277 -17.866729 -0.033282
9.092096 -17.607910 -0.033282
9.403603 -17.254356 -0.357705
9.279827 -16.792417 -0.357705
8.941664 -16.454253 -0.357705
8.479724 -16.330477 -0.357705
8.017784 -16.454253 -0.357705
7.679621 -16.792417 -0.357705
7.555844 -17.254356 -0.357705
7.679621 -17.716296 -0.357705
8.017784 -18.054460 -0.357705
8.479724 -18.178236 -0.357705
8.941664 -18.054460 -0.357705
9.279827 -17.716296 -0.357705
9.479724 -17.254356 -0.740389
9.345749 -16.754356 -0.740389
8.979724 -16.388331 -0.740389
8.479724 -16.254356 -0.740389
7.979724 -16.388331 -0.740389
7.613699 -16.754356 -0.740389
7.479724 -17.254356 -0.740389
7.613699 -17.754356 -0.740389
7.979724 -18.120382 -0.740389
8.479724 -18.254356 -0.740389
8.979724 -18.120382 -0.740389
9.345749 -17.754356 -0.740389
9.403603 -17.254356 -1.123072
9.279827 -16.792417 -1.123072
8.941664 -16.454253 -1.123072
8.479724 -16.330477 -1.123072
8.017784 -16.454253 -1.123072
7.679621 -16.792417 -1.123072
7.555844 -17.254356 -1.123072
7.679621 -17.716296 -1.123072
8.017784 -18.054460 -1.123072
8.479724 -18.178236 -1.123072
8.941664 -18.054460 -1.123072
9.279827 -17.716296 -1.123072
9.186831 -17.254356 -1.447495
9.092096 -16.900803 -1.447495
8.833277 -16.641984 -1.447495
8.479724 -16.547250 -1.447495
8.126171 -16.641984 -1.447495
7.867351 -16.900803 -1.447495
7.772617 -17.254356 -1.447495
7.867351 -17.607910 -1.447495
8.126171 -17.866729 -1.447495
8.479724 -17.961463 -1.447495
8.833277 -17.866729 -1.447495
9.092096 -17.607910 -1.447495
8.862407 -17.254356 -1.664268
8.811138 -17.063015 -1.664268
8.671066 -16.922943 -1.664268
8.479724 -16.871673 -1.664268
8.288382 -16.922943 -1.664268
8.148310 -17.063015 -1.664268
8.097040 -17.254356 -1.664268
8.148310 -17.445698 -1.664268
8.288382 -17.585770 -1.664268
8.479724 -17.637040 -1.664268
8.671066 -17.585770 -1.664268
8.811138 -17.445698 -1.664268
8.479724 -17.254356 -1.740389
9.641704 -16.982811 1.907135
10.024387 -16.982811 1.831015
9.973117 -16.791469 1.831015
9.833045 -16.651397 1.831015
9.641704 -16.600128 1.831015
9.450362 -16.651397 1.831015
9.310290 -16.791469 1.831015
9.259020 -16.982811 1.831015
9.310290 -17.174153 1.831015
9.450362 -17.314225 1.831015
9.641704 -17.365494 1.831015
9.833045 -17.314225 1.831015
9.973117 -17.174153 1.831015
10.348810 -16.982811 1.614242
10.254076 -16.629258 1.614242
9.995257 -16.370439 1.614242
9.641704 -16.275704 1.614242
9.288150 -16.370439 1.614242
9.029331 -16.629258 1.614242
8.934597 -16.982811 1.614242
9.029331 -17.336364 1.614242
9.288150 -17.595183 1.614242
9.641704 -17.689918 1.614242
9.995257 -17.595183 1.614242
10.254076 -17.336364 1.614242
10.565583 -16.982811 1.289819
10.441807 -16.520871 1.289819
10.103643 -16.182708 1.289819
9.641704 -16.058931 1.289819
9.179764 -16.182708 1.289819
8.841600 -16.520871 1.289819
8.717824 -16.982811 1.289819
8.841600 -17.444751 1.289819
9.179764 -17.782914 1.289819
9.641704 -17.906691 1.289819
10.103643 -17.782914 1.289819
10.441807 -17.444751 1.289819
10.641704 -16.982811 0.907135
10.507729 -16.482811 0.907135
10.141704 -16.116786 0.907135
9.641704 -15.982811 0.907135
9.141704 -16.116786 0.907135
8.775678 -16.482811 0.907135
8.641704 -16.982811 0.907135
8.775678 -17.482811 0.907135
9.141704 -17.848836 0.907135
9.641704 -17.982811 0.907135
10.141704 -17.848836 0.907135
10.507729 -17.482811 0.907135
10.565583 -16.982811 0.524452
10.441807 -16.520871 0.524452
10.103643 -16.182708 0.524452
9.641704 -16.058931 0.524452
9.179764 -16.182708 0.524452
8.841600 -16.520871 0.524452
8.717824 -16.982811 0.524452
8.841600 -17.444751 0.524452
9.179764 -17.782914 0.524452
9.641704 -17.906691 0.524452
10.103643 -17.782914 0.524452
10.441807 -17.444751 0.524452
10.348810 -16.982811 0.200029
10.254076 -16.629258 0.200029
9.995257 -16.370439 0.200029
9.641704 -16.275704 0.200029
9.288150 -16.370439 0.200029
9.029331 -16.629258 0.200029
8.934597 -16.982811 0.200029
9.029331 -17.336364 0.200029
9.288150 -17.595183 0.200029
9.641704 -17.689918 0.200029
9.995257 -17.595183 0.200029
10.254076 -17.336364 0.200029
10.024387 -16.982811 -0.016744
9.973117 -16.791469 -0.016744
9.833045 -16.651397 -0.016744
9.641704 -16.600128 -0.016744
9.450362 -16.651397 -0.016744
9.310290 -16.791469 -0.016744
9.259020 -16.982811 -0.016744
9.310290 -17.174153 -0.016744
9.450362 -17.314225 -0.016744
9.641704 -17.365494 -0.016744
9.833045 -17.314225 -0.016744
9.973117 -17.174153 -0.016744
9.641704 -16.982811 -0.092865
10.732324 -16.817060 2.651635
11.115007 -16.817060 2.575514
11.063737 -16.625719 2.575514
10.923665 -16.485647 2.575514
10.732324 -16.434377 2.575514
10.540982 -16.485647 2.575514
10.400910 -16.625719 2.575514
10.349640 -16.817060 2.575514
10.400910 -17.008402 2.575514
10.540982 -17.148474 2.575514
10.732324 -17.199744 2.575514
10.923665 -17.148474 2.575514
11.063737 -17.008402 2.575514
11.439430 -16.817060 2.358741
11.344696 -16.463507 2.358741
11.085877 -16.204688 2.358741
10.732324 -16.109954 2.358741
10.378770 -16.204688 2.358741
10.119951 -16.463507 2.358741
10.025217 -16.817060 2.358741
10.119951 -17.170614 2.358741
10.378770 -17.429433 2.358741
10.732324 -17.524167 2.358741
11.085877 -17.429433 2.358741
11.344696 -17.170614 2.358741
11.656203 -16.817060 2.034318
11.532427 -16.355121 2.034318
11.194263 -16.016957 2.034318
10.732324 -15.893181 2.034318
10.270384 -16.016957 2.034318
9.932221 -16.355121 2.034318
9.808444 -16.817060 2.034318
9.932221 -17.279000 2.034318
10.270384 -17.617164 2.034318
10.732324 -17.740940 2.034318
11.194263 -17.617164 2.034318
11.532427 -17.279000 2.034318
11.732324 -16.817060 1.651635
11.598349 -16.317060 1.651635
11.232324 -15.951035 1.651635
10.732324 -15.817060 1.651635
10.232324 -15.951035 1.651635
9.866298 -16.317060 1.651635
9.732324 -16.817060 1.651635
9.866298 -17.317060 1.651635
10.232324 -17.683086 1.651635
10.732324 -17.817060 1.651635
11.232324 -17.683086 1.651635
11.598349 -17.317060 1.651635
11.656203 -16.817060 1.268951
11.532427 -16.355121 1.268951
11.194263 -16.016957 1.268951
10.732324 -15.893181 1.268951
10.270384 -16.016957 1.268951
9.932221 -16.355121 1.268951
9.808444 -16.817060 1.268951
9.932221 -17.279000 1.268951
10.270384 -17.617164 1.268951
10.732324 -17.740940 1.268951
11.194263 -17.617164 1.268951
11.532427 -17.279000 1.268951
11.439430 -16.817060 0.944528
11.344696 -16.463507 0.944528
11.085877 -16.204688 0.944528
10.732324 -16.109954 0.944528
10.378770 -16.204688 0.944528
10.119951 -16.463507 0.944528
10.025217 -16.817060 0.944528
10.119951 -17.170614 0.944528
10.378770 -17.429433 0.944528
10.732324 -17.524167 0.944528
11.085877 -17.429433 0.944528
11.344696 -17.170614 0.944528
11.115007 -16.817060 0.727755
11.063737 -16.625719 0.727755
10.923665 -16.485647 0.727755
10.732324 -16.434377 0.727755
10.540982 -16.485647 0.727755
10.400910 -16.625719 0.727755
10.349640 -16.817060 0.727755
10.400910 -17.008402 0.727755
10.540982 -17.148474 0.727755
10.732324 -17.199744 0.727755
10.923665 -17.148474 0.727755
11.063737 -17.008402 0.727755
10.732324 -16.817060 0.651635
6.894701 -17.631098 -0.853976
7.277384 -17.631098 -0.930097
7.226114 -17.439756 -0.930097
7.086042 -17.299684 -0.930097
6.894701 -17.248414 -0.930097
6.703359 -17.299684 -0.930097
6.563287 -17.439756 -0.930097
6.512017 -17.631098 -0.930097
6.563287 -17.822440 -0.930097
6.703359 -17.962511 -0.930097
6.894701 -18.013781 -0.930097
7.086042 -17.962511 -0.930097
7.226114 -17.822440 -0.930097
7.601807 -17.631098 -1.146869
7.507073 -17.277544 -1.146869
7.248254 -17.018725 -1.146869
6.894701 -16.923991 -1.146869
6.541147 -17.018725 -1.146869
6.282328 -17.277544 -1.146869
6.187594 -17.631098 -1.146869
6.282328 -17.984651 -1.146869
6.541147 -18.243470 -1.146869
6.894701 -18.338205 -1.146869
7.248254 -18.243470 -1.146869
7.507073 -17.984651 -1.146869
7.818580 -17.631098 -1.471293
7.694804 -17.169158 -1.471293
7.356640 -16.830995 -1.471293
6.894701 -16.707218 -1.471293
6.432761 -16.830995 -1.471293
6.094597 -17.169158 -1.471293
5.970821 -17.631098 -1.471293
6.094597 -18.093038 -1.471293
6.432761 -18.431201 -1.471293
6.894701 -18.554977 -1.471293
7.356640 -18.431201 -1.471293
7.694804 -18.093038 -1.471293
7.894701 -17.631098 -1.853976
7.760726 -17.131098 -1.853976
7.394701 -16.765072 -1.853976
6.894701 -16.631098 -1.853976
6.394701 -16.765072 -1.853976
6.028675 -17.131098 -1.853976
5.894701 -17.631098 -1.853976
6.028675 -18.131098 -1.853976
6.394701 -18.497123 -1.853976
6.894701 -18.631098 -1.853976
7.394701 -18.497123 -1.853976
7.760726 -18.131098 -1.853976
7.818580 -17.631098 -2.236660
7.694804 -17.169158 -2.236660
7.356640 -16.830995 -2.236660
6.894701 -16.707218 -2.236660
6.432761 -16.830995 -2.236660
6.094597 -17.169158 -2.236660
5.970821 -17.631098 -2.236660
6.094597 -18.093038 -2.236660
6.432761 -18.431201 -2.236660
6.894701 -18.554977 -2.236660
7.356640 -18.431201 -2.236660
7.694804 -18.093038 -2.236660
7.601807 -17.631098 -2.561083
7.507073 -17.277544 -2.561083
7.248254 -17.018725 -2.561083
6.894701 -16.923991 -2.561083
6.541147 -17.018725 -2.561083
6.282328 -17.277544 -2.561083
6.187594 -17.631098 -2.561083
6.282328 -17.984651 -2.561083
6.541147 -18.243470 -2.561083
6.894701 -18.338205 -2.561083
7.248254 -18.243470 -2.561083
7.507073 -17.984651 -2.561083
7.277384 -17.631098 -2.777856
7.226114 -17.439756 -2.777856
7.086042 -17.299684 -2.777856
6.894701 -17.248414 -2.777856
6.703359 -17.299684 -2.777856
6.563287 -17.439756 -2.777856
6.512017 -17.631098 -2.777856
6.563287 -17.822440 -2.777856
6.703359 -17.962511 -2.777856
6.894701 -18.013781 -2.777856
7.086042 -17.962511 -2.777856
7.226114 -17.822440 -2.777856
6.894701 -17.631098 -2.853976
6.104605 -17.469086 -2.542394
6.487288 -17.469086 -2.618515
6.436018 -17.277744 -2.618515
6.295946 -17.137672 -2.618515
6.104605 -17.086402 -2.618515
5.913263 -17.137672 -2.618515
5.773191 -17.277744 -2.618515
5.721921 -17.469086 -2.618515
5.773191 -17.660427 -2.618515
5.913263 -17.800499 -2.618515
6.104605 -17.851769 -2.618515
6.295946 -17.800499 -2.618515
6.436018 -17.660427 -2.618515
6.811712 -17.469086 -2.835288
6.716977 -17.115532 -2.835288
6.458158 -16.856713 -2.835288
6.104605 -16.761979 -2.835288
5.751051 -16.856713 -2.835288
5.492232 -17.115532 -2.835288
5.397498 -17.469086 -2.835288
5.492232 -17.822639 -2.835288
5.751051 -18.081458 -2.835288
6.104605 -18.176192 -2.835288
6.458158 -18.081458 -2.835288
6.716977 -17.822639 -2.835288
7.028484 -17.469086 -3.159711
6.904708 -17.007146 -3.159711
6.566544 -16.668983 -3.159711
6.104605 -16.545206 -3.159711
5.642665 -16.668983 -3.159711
5.304502 -17.007146 -3.159711
5.180725 -17.469086 -3.159711
5.304502 -17.931025 -3.159711
5.642665 -18.269189 -3.159711
6.104605 -18.392965 -3.159711
6.566544 -18.269189 -3.159711
6.904708 -17.931025 -3.159711
7.104605 -17.469086 -3.542394
6.970630 -16.969086 -3.542394
6.604605 -16.603060 -3.542394
6.104605 -16.469086 -3.542394
5.604605 -16.603060 -3.542394
5.238579 -16.969086 -3.542394
5.104605 -17.469086 -3.542394
5.238579 -17.969086 -3.542394
5.604605 -18.335111 -3.542394
6.104605 -18.469086 -3.542394
6.604605 -18.335111 -3.542394
6.970630 -17.969086 -3.542394
7.028484 -17.469086 -3.925078
6.904708 -17.007146 -3.925078
6.566544 -16.668983 -3.925078
6.104605 -16.545206 -3.925078
5.642665 -16.668983 -3.925078
5.304502 -17.007146 -3.925078
5.180725 -17.469086 -3.925078
5.304502 -17.931025 -3.925078
5.642665 -18.269189 -3.925078
6.104605 -18.392965 -3.925078
6.566544 -18.269189 -3.925078
6.904708 -17.931025 -3.925078
6.811712 -17.469086 -4.249501
6.716977 -17.115532 -4.249501
6.458158 -16.856713 -4.249501
6.104605 -16.761979 -4.249501
5.751051 -16.856713 -4.249501
5.492232 -17.115532 -4.249501
5.397498 -17.469086 -4.249501
5.492232 -17.822639 -4.249501
5.751051 -18.081458 -4.249501
6.104605 -18.176192 -4.249501
6.458158 -18.081458 -4.249501
6.716977 -17.822639 -4.249501
6.487288 -17.469086 -4.466274
6.436018 -17.277744 -4.466274
6.295946 -17.137672 -4.466274
6.104605 -17.086402 -4.466274
5.913263 -17.137672 -4.466274
5.773191 -17.277744 -4.466274
5.721921 -17.469086 -4.466274
5.773191 -17.660427 -4.466274
5.913263 -17.800499 -4.466274
6.104605 -17.851769 -4.466274
6.295946 -17.800499 -4.466274
6.436018 -17.660427 -4.466274
6.104605 -17.469086 -4.542394
4.626887 -17.028650 -3.518772
5.009570 -17.028650 -3.594892
4.958300 -16.837309 -3.594892
4.818229 -16.697237 -3.594892
4.626887 -16.645967 -3.594892
4.435545 -16.697237 -3.594892
4.295473 -16.837309 -3.594892
4.244203 -17.028650 -3.594892
4.295473 -17.219992 -3.594892
4.435545 -17.360064 -3.594892
4.626887 -17.411334 -3.594892
4.818229 -17.360064 -3.594892
4.958300 -17.219992 -3.594892
5.333994 -17.028650 -3.811665
5.239259 -16.675097 -3.811665
4.980440 -16.416278 -3.811665
4.626887 -16.321544 -3.811665
4.273333 -16.416278 -3.811665
4.014514 -16.675097 -3.811665
3.919780 -17.028650 -3.811665
4.014514 -17.382204 -3.811665
4.273333 -17.641023 -3.811665
4.626887 -17.735757 -3.811665
4.980440 -17.641023 -3.811665
5.239259 -17.382204 -3.811665
5.550766 -17.028650 -4.136088
5.426990 -16.566711 -4.136088
5.088827 -16.228547 -4.136088
4.626887 -16.104771 -4.136088
4.164947 -16.228547 -4.136088
3.826784 -16.566711 -4.136088
3.703007 -17.028650 -4.136088
3.826784 -17.490590 -4.136088
4.164947 -17.828753 -4.136088
4.626887 -17.952530 -4.136088
5.088827 -17.828753 -4.136088
5.426990 -17.490590 -4.136088
5.626887 -17.028650 -4.518772
5.492912 -16.528650 -4.518772
5.126887 -16.162625 -4.518772
4.626887 -16.028650 -4.518772
4.126887 -16.162625 -4.518772
3.760861 -16.528650 -4.518772
3.626887 -17.028650 -4.518772
3.760861 -17.528650 -4.518772
4.126887 -17.894676 -4.518772
4.626887 -18.028650 -4.518772
5.126887 -17.894676 -4.518772
5.492912 -17.528650 -4.518772
5.550766 -17.028650 -4.901455
5.426990 -16.566711 -4.901455
5.088827 -16.228547 -4.901455
4.626887 -16.104771 -4.901455
4.164947 -16.228547 -4.901455
3.826784 -16.566711 -4.901455
3.703007 -17.028650 -4.901455
3.826784 -17.490590 -4.901455
4.164947 -17.828753 -4.901455
4.626887 -17.952530 -4.901455
5.088827 -17.828753 -4.901455
5.426990 -17.490590 -4.901455
5.333994 -17.028650 -5.225878
5.239259 -16.675097 -5.225878
4.980440 -16.416278 -5.225878
4.626887 -16.321544 -5.225878
4.273333 -16.416278 -5.225878
4.014514 -16.675097 -5.225878
3.919780 -17.028650 -5.225878
4.014514 -17.382204 -5.225878
4.273333 -17.641023 -5.225878
4.626887 -17.735757 -5.225878
4.980440 -17.641023 -5.225878
5.239259 -17.382204 -5.225878
5.009570 -17.028650 -5.442651
4.958300 -16.837309 -5.442651
4.818229 -16.697237 -5.442651
4.626887 -16.645967 -5.442651
4.435545 -16.697237 -5.442651
4.295473 -16.837309 -5.442651
4.244203 -17.028650 -5.442651
4.295473 -17.219992 -5.442651
4.435545 -17.360064 -5.442651
4.626887 -17.411334 -5.442651
4.818229 -17.360064 -5.442651
4.958300 -17.219992 -5.442651
4.626887 -17.028650 -5.518772
2.375329 -16.952902 -4.472661
2.758012 -16.952902 -4.548782
2.706742 -16.761560 -4.548782
2.566670 -16.621488 -4.548782
2.375329 -16.570218 -4.548782
2.183987 -16.621488 -4.548782
2.043915 -16.761560 -4.548782
1.992645 -16.952902 -4.548782
2.043915 -17.144244 -4.548782
2.183987 -17.284315 -4.548782
2.375329 -17.335585 -4.548782
2.566670 -17.284315 -4.548782
2.706742 -17.144244 -4.548782
3.082435 -16.952902 -4.765555
2.987701 -16.599348 -4.765555
2.728882 -16.340529 -4.765555
2.375329 -16.245795 -4.765555
2.021775 -16.340529 -4.765555
1.762956 -16.599348 -4.765555
1.668222 -16.952902 -4.765555
1.762956 -17.306455 -4.765555
2.021775 -17.565274 -4.765555
2.375329 -17.660009 -4.765555
2.728882 -17.565274 -4.765555
2.987701 -17.306455 -4.765555
3.299208 -16.952902 -5.089978
3.175432 -16.490962 -5.089978
2.837268 -16.152799 -5.089978
2.375329 -16.029022 -5.089978
1.913389 -16.152799 -5.089978
1.575225 -16.490962 -5.089978
1.451449 -16.952902 -5.089978
1.575225 -17.414842 -5.089978
1.913389 -17.753005 -5.089978
2.375329 -17.876781 -5.089978
2.837268 -17.753005 -5.089978
3.175432 -17.414842 -5.089978
3.375329 -16.952902 -5.472661
3.241354 -16.452902 -5.472661
2.875329 -16.086876 -5.472661
2.375329 -15.952902 -5.472661
1.875329 -16.086876 -5.472661
1.509303 -16.452902 -5.472661
1.375329 -16.952902 -5.472661
1.509303 -17.452902 -5.472661
1.875329 -17.818927 -5.472661
2.375329 -17.952902 -5.472661
2.875329 -17.818927 -5.472661
3.241354 -17.452902 -5.472661
3.299208 -16.952902 -5.855345
3.175432 -16.490962 -5.855345
2.837268 -16.152799 -5.855345
2.375329 -16.029022 -5.855345
1.913389 -16.152799 -5.855345
1.575225 -16.490962 -5.855345
1.451449 -16.952902 -5.855345
1.575225 -17.414842 -5.855345
1.913389 -17.753005 -5.855345
2.375329 -17.876781 -5.855345
2.837268 -17.753005 -5.855345
3.175432 -17.414842 -5.855345
3.082435 -16.952902 -6.179768
2.987701 -16.599348 -6.179768
2.728882 -16.340529 -6.179768
2.375329 -16.245795 -6.179768
2.021775 -16.340529 -6.179768
1.762956 -16.599348 -6.179768
1.668222 -16.952902 -6.179768
1.762956 -17.306455 -6.179768
2.021775 -17.565274 -6.179768
2.375329 -17.660009 -6.179768
2.728882 -17.565274 -6.179768
2.987701 -17.306455 -6.179768
2.758012 -16.952902 -6.396541
2.706742 -16.761560 -6.396541
2.566670 -16.621488 -6.396541
2.375329 -16.570218 -6.396541
2.183987 -16.621488 -6.396541
2.043915 -16.761560 -6.396541
1.992645 -16.952902 -6.396541
2.043915 -17.144244 -6.396541
2.183987 -17.284315 -6.396541
2.375329 -17.335585 -6.396541
2.566670 -17.284315 -6.396541
2.706742 -17.144244 -6.396541
2.375329 -16.952902 -6.472661
0.827145 -16.637934 -5.196055
1.209829 -16.637934 -5.272175
1.158559 -16.446592 -5.272175
1.018487 -16.306520 -5.272175
0.827145 -16.255250 -5.272175
0.635803 -16.306520 -5.272175
0.495732 -16.446592 -5.272175
0.444462 -16.637934 -5.272175
0.495732 -16.829275 -5.272175
0.635803 -16.969347 -5.272175
0.827145 -17.020617 -5.272175
1.018487 -16.969347 -5.272175
1.158559 -16.829275 -5.272175
1.534252 -16.637934 -5.488948
1.439518 -16.284380 -5.488948
1.180698 -16.025561 -5.488948
0.827145 -15.930827 -5.488948
0.473592 -16.025561 -5.488948
0.214773 -16.284380 -5.488948
0.120038 -16.637934 -5.488948
0.214773 -16.991487 -5.488948
0.473592 -17.250306 -5.488948
0.827145 -17.345041 -5.488948
1.180698 -17.250306 -5.488948
1.439518 -16.991487 -5.488948
1.751025 -16.637934 -5.813372
1.627248 -16.175994 -5.813372
1.289085 -15.837831 -5.813372
0.827145 -15.714054 -5.813372
0.365205 -15.837831 -5.813372
0.027042 -16.175994 -5.813372
-0.096734 -16.637934 -5.813372
0.027042 -17.099873 -5.813372
0.365205 -17.438037 -5.813372
0.827145 -17.561813 -5.813372
1.289085 -17.438037 -5.813372
1.627248 -17.099873 -5.813372
1.827145 -16.637934 -6.196055
1.693171 -16.137934 -6.196055
1.327145 -15.771908 -6.196055
0.827145 -15.637934 -6.196055
0.327145 -15.771908 -6.196055
-0.038880 -16.137934 -6.196055
-0.172855 -16.637934 -6.196055
-0.038880 -17.137934 -6.196055
0.327145 -17.503959 -6.196055
0.827145 -17.637934 -6.196055
1.327145 -17.503959 -6.196055
1.693171 -17.137934 -6.196055
1.751025 -16.637934 -6.578738
1.627248 -16.175994 -6.578738
1.289085 -15.837831 -6.578738
0.827145 -15.714054 -6.578738
0.365205 -15.837831 -6.578738
0.027042 -16.175994 -6.578738
-0.096734 -16.637934 -6.578738
0.027042 -17.099873 -6.578738
0.365205 -17.438037 -6.578738
0.827145 -17.561813 -6.578738
1.289085 -17.438037 -6.578738
1.627248 -17.099873 -6.578738
1.534252 -16.637934 -6.903162
1.439518 -16.284380 -6.903162
1.180698 -16.025561 -6.903162
0.827145 -15.930827 -6.903162
0.473592 -16.025561 -6.903162
0.214773 -16.284380 -6.903162
0.120038 -16.637934 -6.903162
0.214773 -16.991487 -6.903162
0.473592 -17.250306 -6.903162
0.827145 -17.345041 -6.903162
1.180698 -17.250306 -6.903162
1.439518 -16.991487 -6.903162
1.209829 -16.637934 -7.119934
1.158559 -16.446592 -7.119934
1.018487 -16.306520 -7.119934
0.827145 -16.255250 -7.119934
0.635803 -16.306520 -7.119934
0.495732 -16.446592 -7.119934
0.444462 -16.637934 -7.119934
0.495732 -16.829275 -7.119934
0.635803 -16.969347 -7.119934
0.827145 -17.020617 -7.119934
1.018487 -16.969347 -7.119934
1.158559 -16.829275 -7.119934
0.827145 -16.637934 -7.196055
-0.814409 -16.855366 -5.310457
-0.431725 -16.855366 -5.386578
-0.482995 -16.664024 -5.386578
-0.623067 -16.523952 -5.386578
-0.814409 -16.472682 -5.386578
-1.005750 -16.523952 -5.386578
-1.145822 -16.664024 -5.386578
-1.197092 -16.855366 -5.386578
-1.145822 -17.046707 -5.386578
-1.005750 -17.186779 -5.386578
-0.814409 -17.238049 -5.386578
-0.623067 -17.186779 -5.386578
-0.482995 -17.046707 -5.386578
-0.107302 -16.855366 -5.603350
-0.202036 -16.501812 -5.603350
-0.460855 -16.242993 -5.603350
-0.814409 -16.148259 -5.603350
-1.167962 -16.242993 -5.603350
-1.426781 -16.501812 -5.603350
-1.521516 -16.855366 -5.603350
-1.426781 -17.208919 -5.603350
-1.167962 -17.467738 -5.603350
-0.814409 -17.562473 -5.603350
-0.460855 -17.467738 -5.603350
-0.202036 -17.208919 -5.603350
0.109471 -16.855366 -5.927774
-0.014306 -16.393426 -5.927774
-0.352469 -16.055263 -5.927774
-0.814409 -15.931486 -5.927774
-1.276348 -16.055263 -5.927774
-1.614512 -16.393426 -5.927774
-1.738288 -16.855366 -5.927774
-1.614512 -17.317306 -5.927774
-1.276348 -17.655469 -5.927774
-0.814409 -17.779245 -5.927774
-0.352469 -17.655469 -5.927774
-0.014306 -17.317306 -5.927774
0.185591 -16.855366 -6.310457
0.051617 -16.355366 -6.310457
-0.314409 -15.989340 -6.310457
-0.814409 -15.855366 -6.310457
-1.314409 -15.989340 -6.310457
-1.680434 -16.355366 -6.310457
-1.814409 -16.855366 -6.310457
-1.680434 -17.355366 -6.310457
-1.314409 -17.721391 -6.310457
-0.814409 -17.855366 -6.310457
-0.314409 -17.721391 -6.310457
0.051617 -17.355366 -6.310457
0.109471 -16.855366 -6.693141
-0.014306 -16.393426 -6.693141
-0.352469 -16.055263 -6.693141
-0.814409 -15.931486 -6.693141
-1.276348 -16.055263 -6.693141
-1.614512 -16.393426 -6.693141
-1.738288 -16.855366 -6.693141
-1.614512 -17.317306 -6.693141
-1.276348 -17.655469 -6.693141
-0.814409 -17.779245 -6.693141
-0.352469 -17.655469 -6.693141
-0.014306 -17.317306 -6.693141
-0.107302 -16.855366 -7.017564
-0.202036 -16.501812 -7.017564
-0.460855 -16.242993 -7.017564
-0.814409 -16.148259 -7.017564
-1.167962 -16.242993 -7.017564
-1.426781 -16.501812 -7.017564
-1.521516 -16.855366 -7.017564
-1.426781 -17.208919 -7.017564
-1.167962 -17.467738 -7.017564
-0.814409 -17.562473 -7.017564
-0.460855 -17.467738 -7.017564
-0.202036 -17.208919 -7.017564
-0.431725 -16.855366 -7.234337
-0.482995 -16.664024 -7.234337
-0.623067 -16.523952 -7.234337
-0.814409 -16.472682 -7.234337
-1.005750 -16.523952 -7.234337
-1.145822 -16.664024 -7.234337
-1.197092 -16.855366 -7.234337
-1.145822 -17.046707 -7.234337
-1.005750 -17.186779 -7.234337
-0.814409 -17.238049 -7.234337
-0.623067 -17.186779 -7.234337
-0.482995 -17.046707 -7.234337
-0.814409 -16.855366 -7.310457
-2.716405 -16.431528 -5.978468
-2.333722 -16.431528 -6.054588
-2.384992 -16.240186 -6.054588
-2.525064 -16.100115 -6.054588
-2.716405 -16.048845 -6.054588
-2.907747 -16.100115 -6.054588
-3.047819 -16.240186 -6.054588
-3.099089 -16.431528 -6.054588
-3.047819 -16.622870 -6.054588
-2.907747 -16.762942 -6.054588
-2.716405 -16.814212 -6.054588
-2.525064 -16.762942 -6.054588
-2.384992 -16.622870 -6.054588
-2.009299 -16.431528 -6.271361
-2.104033 -16.077975 -6.271361
-2.362852 -15.819156 -6.271361
-2.716405 -15.724421 -6.271361
-3.069959 -15.819156 -6.271361
-3.328778 -16.077975 -6.271361
-3.423512 -16.431528 -6.271361
-3.328778 -16.785081 -6.271361
-3.069959 -17.043901 -6.271361
-2.716405 -17.138635 -6.271361
-2.362852 -17.043901 -6.271361
-2.104033 -16.785081 -6.271361
-1.792526 -16.431528 -6.595785
-1.916302 -15.969588 -6.595785
-2.254466 -15.631425 -6.595785
-2.716405 -15.507649 -6.595785
-3.178345 -15.631425 -6.595785
-3.516509 -15.969588 -6.595785
-3.640285 -16.431528 -6.595785
-3.516509 -16.893468 -6.595785
-3.178345 -17.231631 -6.595785
-2.716405 -17.355408 -6.595785
-2.254466 -17.231631 -6.595785
-1.916302 -16.893468 -6.595785
-1.716405 -16.431528 -6.978468
-1.850380 -15.931528 -6.978468
-2.216405 -15.565503 -6.978468
-2.716405 -15.431528 -6.978468
-3.216405 -15.565503 -6.978468
-3.582431 -15.931528 -6.978468
-3.716405 -16.431528 -6.978468
-3.582431 -16.931528 -6.978468
-3.216405 -17.297553 -6.978468
-2.716405 -17.431528 -6.978468
-2.216405 -17.297553 -6.978468
-1.850380 -16.931528 -6.978468
-1.792526 -16.431528 -7.361151
-1.916302 -15.969588 -7.361151
-2.254466 -15.631425 -7.361151
-2.716405 -15.507649 -7.361151
-3.178345 -15.631425 -7.361151
-3.516509 -15.969588 -7.361151
-3.640285 -16.431528 -7.361151
-3.516509 -16.893468 -7.361151
-3.178345 -17.231631 -7.361151
-2.716405 -17.355408 -7.361151
-2.254466 -17.231631 -7.361151
-1.916302 -16.893468 -7.361151
-2.009299 -16.431528 -7.685575
-2.104033 -16.077975 -7.685575
-2.362852 -15.819156 -7.685575
-2.716405 -15.724421 -7.685575
-3.069959 -15.819156 -7.685575
-3.328778 -16.077975 -7.685575
-3.423512 -16.431528 -7.685575
-3.328778 -16.785081 -7.685575
-3.069959 -17.043901 -7.685575
-2.716405 -17.138635 -7.685575
-2.362852 -17.043901 -7.685575
-2.104033 -16.785081 -7.685575
-2.333722 -16.431528 -7.902347
-2.384992 -16.240186 -7.902347
-2.525064 -16.100115 -7.902347
-2.716405 -16.048845 -7.902347
-2.907747 -16.100115 -7.902347
-3.047819 -16.240186 -7.902347
-3.099089 -16.431528 -7.902347
-3.047819 -16.622870 -7.902347
-2.907747 -16.762942 -7.902347
-2.716405 -16.814212 -7.902347
-2.525064 -16.762942 -7.902347
-2.384992 -16.622870 -7.902347
-2.716405 -16.431528 -7.978468
-4.483316 -16.111593 -5.956104
-4.100633 -16.111593 -6.032224
-4.151902 -15.920252 -6.032224
-4.291974 -15.780180 -6.032224
-4.483316 -15.728910 -6.032224
-4.674658 -15.780180 -6.032224
-4.814730 -15.920252 -6.032224
-4.865999 -16.111593 -6.032224
-4.814730 -16.302935 -6.032224
-4.674658 -16.443007 -6.032224
-4.483316 -16.494277 -6.032224
-4.291974 -16.443007 -6.032224
-4.151902 -16.302935 -6.032224
-3.776209 -16.111593 -6.248997
-3.870944 -15.758040 -6.248997
-4.129763 -15.499221 -6.248997
-4.483316 -15.404486 -6.248997
-4.836869 -15.499221 -6.248997
-5.095688 -15.758040 -6.248997
-5.190423 -16.111593 -6.248997
-5.095688 -16.465147 -6.248997
-4.836869 -16.723966 -6.248997
-4.483316 -16.818700 -6.248997
-4.129763 -16.723966 -6.248997
-3.870944 -16.465147 -6.248997
-3.559436 -16.111593 -6.573420
-3.683213 -15.649653 -6.573420
-4.021376 -15.311490 -6.573420
-4.483316 -15.187714 -6.573420
-4.945256 -15.311490 -6.573420
-5.283419 -15.649653 -6.573420
-5.407195 -16.111593 -6.573420
-5.283419 -16.573533 -6.573420
-4.945256 -16.911696 -6.573420
-4.483316 -17.035473 -6.573420
-4.021376 -16.911696 -6.573420
-3.683213 -16.573533 -6.573420
-3.483316 -16.111593 -6.956104
-3.617291 -15.611593 -6.956104
-3.983316 -15.245568 -6.956104
-4.483316 -15.111593 -6.956104
-4.983316 -15.245568 -6.956104
-5.349341 -15.611593 -6.956104
-5.483316 -16.111593 -6.956104
-5.349341 -16.611593 -6.956104
-4.983316 -16.977619 -6.956104
-4.483316 -17.111593 -6.956104
-3.983316 -16.977619 -6.956104
-3.617291 -16.611593 -6.956104
-3.559436 -16.111593 -7.338787
-3.683213 -15.649653 -7.338787
-4.021376 -15.311490 -7.338787
-4.483316 -15.187714 -7.338787
-4.945256 -15.311490 -7.338787
-5.283419 -15.649653 -7.338787
-5.407195 -16.111593 -7.338787
-5.283419 -16.573533 -7.338787
-4.945256 -16.911696 -7.338787
-4.483316 -17.035473 -7.338787
-4.021376 -16.911696 -7.338787
-3.683213 -16.573533 -7.338787
-3.776209 -16.111593 -7.663211
-3.870944 -15.758040 -7.663211
-4.129763 -15.499221 -7.663211
-4.483316 -15.404486 -7.663211
-4.836869 -15.499221 -7.663211
-5.095688 -15.758040 -7.663211
-5.190423 -16.111593 -7.663211
-5.095688 -16.465147 -7.663211
-4.836869 -16.723966 -7.663211
-4.483316 -16.818700 -7.663211
-4.129763 -16.723966 -7.663211
-3.870944 -16.465147 -7.663211
-4.100633 -16.111593 -7.879983
-4.151902 -15.920252 -7.879983
-4.291974 -15.780180 -7.879983
-4.483316 -15.728910 -7.879983
-4.674658 -15.780180 -7.879983
-4.814730 -15.920252 -7.879983
-4.865999 -16.111593 -7.879983
-4.814730 -16.302935 -7.879983
-4.674658 -16.443007 -7.879983
-4.483316 -16.494277 -7.879983
-4.291974 -16.443007 -7.879983
-4.151902 -16.302935 -7.879983
-4.483316 -16.111593 -7.956104
11.513281 -15.841844 4.113478
11.895964 -15.841844 4.037357
11.844694 -15.650502 4.037357
11.704623 -15.510430 4.037357
11.513281 -15.459160 4.037357
11.321939 -15.510430 4.037357
11.181867 -15.650502 4.037357
11.130597 -15.841844 4.037357
11.181867 -16.033185 4.037357
11.321939 -16.173257 4.037357
11.513281 -16.224527 4.037357
11.704623 -16.173257 4.037357
11.844694 -16.033185 4.037357
12.220388 -15.841844 3.820585
12.125653 -15.488290 3.820585
11.866834 -15.229471 3.820585
11.513281 -15.134737 3.820585
11.159727 -15.229471 3.820585
10.900908 -15.488290 3.820585
10.806174 -15.841844 3.820585
10.900908 -16.195397 3.820585
11.159727 -16.454216 3.820585
11.513281 -16.548950 3.820585
11.866834 -16.454216 3.820585
12.125653 -16.195397 3.820585
12.437160 -15.841844 3.496161
12.313384 -15.379904 3.496161
11.975221 -15.041740 3.496161
11.513281 -14.917964 3.496161
11.051341 -15.041740 3.496161
10.713178 -15.379904 3.496161
10.589401 -15.841844 3.496161
10.713178 -16.303783 3.496161
11.051341 -16.641947 3.496161
11.513281 -16.765723 3.496161
11.975221 -16.641947 3.496161
12.313384 -16.303783 3.496161
12.513281 -15.841844 3.113478
12.379306 -15.341844 3.113478
12.013281 -14.975818 3.113478
11.513281 -14.841844 3.113478
11.013281 -14.975818 3.113478
10.647255 -15.341844 3.113478
10.513281 -15.841844 3.113478
10.647255 -16.341844 3.113478
11.013281 -16.707869 3.113478
11.513281 -16.841844 3.113478
12.013281 -16.707869 3.113478
12.379306 -16.341844 3.113478
12.437160 -15.841844 2.730795
12.313384 -15.379904 2.730795
11.975221 -15.041740 2.730795
11.513281 -14.917964 2.730795
11.051341 -15.041740 2.730795
10.713178 -15.379904 2.730795
10.589401 -15.841844 2.730795
10.713178 -16.303783 2.730795
11.051341 -16.641947 2.730795
11.513281 -16.765723 2.730795
11.975221 -16.641947 2.730795
12.313384 -16.303783 2.730795
12.220388 -15.841844 2.406371
12.125653 -15.488290 2.406371
11.866834 -15.229471 2.406371
11.513281 -15.134737 2.406371
11.159727 -15.229471 2.406371
10.900908 -15.488290 2.406371
10.806174 -15.841844 2.406371
10.900908 -16.195397 2.406371
11.159727 -16.454216 2.406371
11.513281 -16.548950 2.406371
11.866834 -16.454216 2.406371
12.125653 -16.195397 2.406371
11.895964 -15.841844 2.189598
11.844694 -15.650502 2.189598
11.704623 -15.510430 2.189598
11.513281 -15.459160 2.189598
11.321939 -15.510430 2.189598
11.181867 -15.650502 2.189598
11.130597 -15.841844 2.189598
11.181867 -16.033185 2.189598
11.321939 -16.173257 2.189598
11.513281 -16.224527 2.189598
11.704623 -16.173257 2.189598
11.844694 -16.033185 2.189598
11.513281 -15.841844 2.113478
12.187008 -15.211381 5.856344
12.569691 -15.211381 5.780224
12.518421 -15.020039 5.780224
12.378350 -14.879967 5.780224
12.187008 -14.828698 5.780224
11.995666 -14.879967 5.780224
11.855594 -15.020039 5.780224
11.804324 -15.211381 5.780224
11.855594 -15.402723 5.780224
11.995666 -15.542795 5.780224
12.187008 -15.594064 5.780224
12.378350 -15.542795 5.780224
12.518421 -15.402723 5.780224
12.894115 -15.211381 5.563451
12.799380 -14.857828 5.563451
12.540561 -14.599009 5.563451
12.187008 -14.504274 5.563451
11.833455 -14.599009 5.563451
11.574635 -14.857828 5.563451
11.479901 -15.211381 5.563451
11.574635 -15.564934 5.563451
11.833455 -15.823753 5.563451
12.187008 -15.918488 5.563451
12.540561 -15.823753 5.563451
12.799380 -15.564934 5.563451
13.110887 -15.211381 5.239028
12.987111 -14.749441 5.239028
12.648948 -14.411278 5.239028
12.187008 -14.287501 5.239028
11.725068 -14.411278 5.239028
11.386905 -14.749441 5.239028
11.263128 -15.211381 5.239028
11.386905 -15.673321 5.239028
11.725068 -16.011484 5.239028
12.187008 -16.135260 5.239028
12.648948 -16.011484 5.239028
12.987111 -15.673321 5.239028
13.187008 -15.211381 4.856344
13.053033 -14.711381 4.856344
12.687008 -14.345356 4.856344
12.187008 -14.211381 4.856344
11.687008 -14.345356 4.856344
11.320983 -14.711381 4.856344
11.187008 -15.211381 4.856344
11.320983 -15.711381 4.856344
11.687008 -16.077406 4.856344
12.187008 -16.211381 4.856344
12.687008 -16.077406 4.856344
13.053033 -15.711381 4.856344
13.110887 -15.211381 4.473661
12.987111 -14.749441 4.473661
12.648948 -14.411278 4.473661
12.187008 -14.287501 4.473661
11.725068 -14.411278 4.473661
11.386905 -14.749441 4.473661
11.263128 -15.211381 4.473661
11.386905 -15.673321 4.473661
11.725068 -16.011484 4.473661
12.187008 -16.135260 4.473661
12.648948 -16.011484 4.473661
12.987111 -15.673321 4.473661
12.894115 -15.211381 4.149237
12.799380 -14.857828 4.149237
12.540561 -14.599009 4.149237
12.187008 -14.504274 4.149237
11.833455 -14.599009 4.149237
11.574635 -14.857828 4.149237
11.479901 -15.211381 4.149237
11.574635 -15.564934 4.149237
11.833455 -15.823753 4.149237
12.187008 -15.918488 4.149237
12.540561 -15.823753 4.149237
12.799380 -15.564934 4.149237
12.569691 -15.211381 3.932465
12.518421 -15.020039 3.932465
12.378350 -14.879967 3.932465
12.187008 -14.828698 3.932465
11.995666 -14.879967 3.932465
11.855594 -15.020039 3.932465
11.804324 -15.211381 3.932465
11.855594 -15.402723 3.932465
11.995666 -15.542795 3.932465
12.187008 -15.594064 3.932465
12.378350 -15.542795 3.932465
12.518421 -15.402723 3.932465
12.187008 -15.211381 3.856344
12.786798 -14.475676 7.089132
13.169482 -14.475676 7.013012
13.118212 -14.284334 7.013012
12.978140 -14.144262 7.013012
12.786798 -14.092992 7.013012
12.595457 -14.144262 7.013012
12.455385 -14.284334 7.013012
12.404115 -14.475676 7.013012
12.455385 -14.667017 7.013012
12.595457 -14.807089 7.013012
12.786798 -14.858359 7.013012
12.978140 -14.807089 7.013012
13.118212 -14.667017 7.013012
13.493905 -14.475676 6.796239
13.399171 -14.122122 6.796239
13.140352 -13.863303 6.796239
12.786798 -13.768569 6.796239
12.433245 -13.863303 6.796239
12.174426 -14.122122 6.796239
12.079692 -14.475676 6.796239
12.174426 -14.829229 6.796239
12.433245 -15.088048 6.796239
12.786798 -15.182782 6.796239
13.140352 -15.088048 6.796239
13.399171 -14.829229 6.796239
13.710678 -14.475676 6.471816
13.586902 -14.013736 6.471816
13.248738 -13.675572 6.471816
12.786798 -13.551796 6.471816
12.324859 -13.675572 6.471816
11.986695 -14.013736 6.471816
11.862919 -14.475676 6.471816
11.986695 -14.937615 6.471816
12.324859 -15.275779 6.471816
12.786798 -15.399555 6.471816
13.248738 -15.275779 6.471816
13.586902 -14.937615 6.471816
13.786798 -14.475676 6.089132
13.652824 -13.975676 6.089132
13.286798 -13.609650 6.089132
12.786798 -13.475676 6.089132
12.286798 -13.609650 6.089132
11.920773 -13.975676 6.089132
11.786798 -14.475676 6.089132
11.920773 -14.975676 6.089132
12.286798 -15.341701 6.089132
12.786798 -15.475676 6.089132
13.286798 -15.341701 6.089132
13.652824 -14.975676 6.089132
13.710678 -14.475676 5.706449
13.586902 -14.013736 5.706449
13.248738 -13.675572 5.706449
12.786798 -13.551796 5.706449
12.324859 -13.675572 5.706449
11.986695 -14.013736 5.706449
11.862919 -14.475676 5.706449
11.986695 -14.937615 5.706449
12.324859 -15.275779 5.706449
12.786798 -15.399555 5.706449
13.248738 -15.275779 5.706449
13.586902 -14.937615 5.706449
13.493905 -14.475676 5.382026
13.399171 -14.122122 5.382026
13.140352 -13.863303 5.382026
12.786798 -13.768569 5.382026
12.433245 -13.863303 5.382026
12.174426 -14.122122 5.382026
12.079692 -14.475676 5.382026
12.174426 -14.829229 5.382026
12.433245 -15.088048 5.382026
12.786798 -15.182782 5.382026
13.140352 -15.088048 5.382026
13.399171 -14.829229 5.382026
13.169482 -14.475676 5.165253
13.118212 -14.284334 5.165253
12.978140 -14.144262 5.165253
12.786798 -14.092992 5.165253
12.595457 -14.144262 5.165253
12.455385 -14.284334 5.165253
12.404115 -14.475676 5.165253
12.455385 -14.667017 5.165253
12.595457 -14.807089 5.165253
12.786798 -14.858359 5.165253
12.978140 -14.807089 5.165253
13.118212 -14.667017 5.165253
12.786798 -14.475676 5.089132
13.362195 -13.658464 9.168557
13.744878 -13.658464 9.092437
13.693609 -13.467123 9.092437
13.553537 -13.327051 9.092437
13.362195 -13.275781 9.092437
13.170853 -13.327051 9.092437
13.030781 -13.467123 9.092437
12.979512 -13.658464 9.092437
13.030781 -13.849806 9.092437
13.170853 -13.989878 9.092437
13.362195 -14.041148 9.092437
13.553537 -13.989878 9.092437
13.693609 -13.849806 9.092437
14.069302 -13.658464 8.875664
13.974567 -13.304911 8.875664
13.715748 -13.046092 8.875664
13.362195 -12.951358 8.875664
13.008642 -13.046092 8.875664
12.749823 -13.304911 8.875664
12.655088 -13.658464 8.875664
12.749823 -14.012018 8.875664
13.008642 -14.270837 8.875664
13.362195 -14.365571 8.875664
13.715748 -14.270837 8.875664
13.974567 -14.012018 8.875664
14.286075 -13.658464 8.551241
14.162298 -13.196525 8.551241
13.824135 -12.858361 8.551241
13.362195 -12.734585 8.551241
12.900255 -12.858361 8.551241
12.562092 -13.196525 8.551241
12.438315 -13.658464 8.551241
12.562092 -14.120404 8.551241
12.900255 -14.458568 8.551241
13.362195 -14.582344 8.551241
13.824135 -14.458568 8.551241
14.162298 -14.120404 8.551241
14.362195 -13.658464 8.168557
14.228220 -13.158464 8.168557
13.862195 -12.792439 8.168557
13.362195 -12.658464 8.168557
12.862195 -12.792439 8.168557
12.496170 -13.158464 8.168557
12.362195 -13.658464 8.168557
12.496170 -14.158464 8.168557
12.862195 -14.524490 8.168557
13.362195 -14.658464 8.168557
13.862195 -14.524490 8.168557
14.228220 -14.158464 8.168557
14.286075 -13.658464 7.785874
14.162298 -13.196525 7.785874
13.824135 -12.858361 7.785874
13.362195 -12.734585 7.785874
12.900255 -12.858361 7.785874
12.562092 -13.196525 7.785874
12.438315 -13.658464 7.785874
12.562092 -14.120404 7.785874
12.900255 -14.458568 7.785874
13.362195 -14.582344 7.785874
13.824135 -14.458568 7.785874
14.162298 -14.120404 7.785874
14.069302 -13.658464 7.461450
13.974567 -13.304911 7.461450
13.715748 -13.046092 7.461450
13.362195 -12.951358 7.461450
13.008642 -13.046092 7.461450
12.749823 -13.304911 7.461450
12.655088 -13.658464 7.461450
12.749823 -14.012018 7.461450
13.008642 -14.270837 7.461450
13.362195 -14.365571 7.461450
13.715748 -14.270837 7.461450
13.974567 -14.012018 7.461450
13.744878 -13.658464 7.244678
13.693609 -13.467123 7.244678
13.553537 -13.327051 7.244678
13.362195 -13.275781 7.244678
13.170853 -13.327051 7.244678
13.030781 -13.467123 7.244678
12.979512 -13.658464 7.244678
13.030781 -13.849806 7.244678
13.170853 -13.989878 7.244678
13.362195 -14.041148 7.244678
13.553537 -13.989878 7.244678
13.693609 -13.849806 7.244678
13.362195 -13.658464 7.168557
-5.995169 -15.323271 -6.238211
-5.612486 -15.323271 -6.314332
-5.663756 -15.131929 -6.314332
-5.803827 -14.991857 -6.314332
-5.995169 -14.940587 -6.314332
-6.186511 -14.991857 -6.314332
-6.326583 -15.131929 -6.314332
-6.377853 -15.323271 -6.314332
-6.326583 -15.514613 -6.314332
-6.186511 -15.654684 -6.314332
-5.995169 -15.705954 -6.314332
-5.803827 -15.654684 -6.314332
-5.663756 -15.514613 -6.314332
-5.288062 -15.323271 -6.531104
-5.382797 -14.969717 -6.531104
-5.641616 -14.710898 -6.531104
-5.995169 -14.616164 -6.531104
-6.348723 -14.710898 -6.531104
-6.607542 -14.969717 -6.531104
-6.702276 -15.323271 -6.531104
-6.607542 -15.676824 -6.531104
-6.348723 -15.935643 -6.531104
-5.995169 -16.030378 -6.531104
-5.641616 -15.935643 -6.531104
-5.382797 -15.676824 -6.531104
-5.071290 -15.323271 -6.855528
-5.195066 -14.861331 -6.855528
-5.533229 -14.523168 -6.855528
-5.995169 -14.399391 -6.855528
-6.457109 -14.523168 -6.855528
-6.795272 -14.861331 -6.855528
-6.919049 -15.323271 -6.855528
-6.795272 -15.785211 -6.855528
-6.457109 -16.123374 -6.855528
-5.995169 -16.247150 -6.855528
-5.533229 -16.123374 -6.855528
-5.195066 -15.785211 -6.855528
-4.995169 -15.323271 -7.238211
-5.129144 -14.823271 -7.238211
-5.495169 -14.457245 -7.238211
-5.995169 -14.323271 -7.238211
-6.495169 -14.457245 -7.238211
-6.861195 -14.823271 -7.238211
-6.995169 -15.323271 -7.238211
-6.861195 -15.823271 -7.238211
-6.495169 -16.189296 -7.238211
-5.995169 -16.323271 -7.238211
-5.495169 -16.189296 -7.238211
-5.129144 -15.823271 -7.238211
-5.071290 -15.323271 -7.620895
-5.195066 -14.861331 -7.620895
-5.533229 -14.523168 -7.620895
-5.995169 -14.399391 -7.620895
-6.457109 -14.523168 -7.620895
-6.795272 -14.861331 -7.620895
-6.919049 -15.323271 -7.620895
-6.795272 -15.785211 -7.620895
-6.457109 -16.123374 -7.620895
-5.995169 -16.247150 -7.620895
-5.533229 -16.123374 -7.620895
-5.195066 -15.785211 -7.620895
-5.288062 -15.323271 -7.945318
-5.382797 -14.969717 -7.945318
-5.641616 -14.710898 -7.945318
-5.995169 -14.616164 -7.945318
-6.348723 -14.710898 -7.945318
-6.607542 -14.969717 -7.945318
-6.702276 -15.323271 -7.945318
-6.607542 -15.676824 -7.945318
-6.348723 -15.935643 -7.945318
-5.995169 -16.030378 -7.945318
-5.641616 -15.935643 -7.945318
-5.382797 -15.676824 -7.945318
-5.612486 -15.323271 -8.162091
-5.663756 -15.131929 -8.162091
-5.803827 -14.991857 -8.162091
-5.995169 -14.940587 -8.162091
-6.186511 -14.991857 -8.162091
-6.326583 -15.131929 -8.162091
-6.377853 -15.323271 -8.162091
-6.326583 -15.514613 -8.162091
-6.186511 -15.654684 -8.162091
-5.995169 -15.705954 -8.162091
-5.803827 -15.654684 -8.162091
-5.663756 -15.514613 -8.162091
-5.995169 -15.323271 -8.238211
13.905522 -12.821446 10.668457
14.288206 -12.821446 10.592337
14.236936 -12.630105 10.592337
14.096864 -12.490033 10.592337
13.905522 -12.438763 10.592337
13.714181 -12.490033 10.592337
13.574109 -12.630105 10.592337
13.522839 -12.821446 10.592337
13.574109 -13.012788 10.592337
13.714181 -13.152860 10.592337
13.905522 -13.204130 10.592337
14.096864 -13.152860 10.592337
14.236936 -13.012788 10.592337
14.612629 -12.821446 10.375564
14.517895 -12.467893 10.375564
14.259076 -12.209074 10.375564
13.905522 -12.114340 10.375564
13.551969 -12.209074 10.375564
13.293150 -12.467893 10.375564
13.198416 -12.821446 10.375564
13.293150 -13.175000 10.375564
13.551969 -13.433819 10.375564
13.905522 -13.528553 10.375564
14.259076 -13.433819 10.375564
14.517895 -13.175000 10.375564
14.829402 -12.821446 10.051140
14.705625 -12.359507 10.051140
14.367462 -12.021343 10.051140
13.905522 -11.897567 10.051140
13.443583 -12.021343 10.051140
13.105419 -12.359507 10.051140
12.981643 -12.821446 10.051140
13.105419 -13.283386 10.051140
13.443583 -13.621550 10.051140
13.905522 -13.745326 10.051140
14.367462 -13.621550 10.051140
14.705625 -13.283386 10.051140
14.905522 -12.821446 9.668457
14.771548 -12.321446 9.668457
14.405522 -11.955421 9.668457
13.905522 -11.821446 9.668457
13.405522 -11.955421 9.668457
13.039497 -12.321446 9.668457
12.905522 -12.821446 9.668457
13.039497 -13.321446 9.668457
13.405522 -13.687472 9.668457
13.905522 -13.821446 9.668457
14.405522 -13.687472 9.668457
14.771548 -13.321446 9.668457
14.829402 -12.821446 9.285774
14.705625 -12.359507 9.285774
14.367462 -12.021343 9.285774
13.905522 -11.897567 9.285774
13.443583 -12.021343 9.285774
13.105419 -12.359507 9.285774
12.981643 -12.821446 9.285774
13.105419 -13.283386 9.285774
13.443583 -13.621550 9.285774
13.905522 -13.745326 9.285774
14.367462 -13.621550 9.285774
14.705625 -13.283386 9.285774
14.612629 -12.821446 8.961350
14.517895 -12.467893 8.961350
14.259076 -12.209074 8.961350
13.905522 -12.114340 8.961350
13.551969 -12.209074 8.961350
13.293150 -12.467893 8.961350
13.198416 -12.821446 8.961350
13.293150 -13.175000 8.961350
13.551969 -13.433819 8.961350
13.905522 -13.528553 8.961350
14.259076 -13.433819 8.961350
14.517895 -13.175000 8.961350
14.288206 -12.821446 8.744577
14.236936 -12.630105 8.744577
14.096864 -12.490033 8.744577
13.905522 -12.438763 8.744577
13.714181 -12.490033 8.744577
13.574109 -12.630105 8.744577
13.522839 -12.821446 8.744577
13.574109 -13.012788 8.744577
13.714181 -13.152860 8.744577
13.905522 -13.204130 8.744577
14.096864 -13.152860 8.744577
14.236936 -13.012788 8.744577
13.905522 -12.821446 8.668457
13.887152 -12.493075 13.009442
14.269835 -12.493075 12.933322
14.218565 -12.301734 12.933322
14.078493 -12.161662 12.933322
13.887152 -12.110392 12.933322
13.695810 -12.161662 12.933322
13.555738 -12.301734 12.933322
13.504468 -12.493075 12.933322
13.555738 -12.684417 12.933322
13.695810 -12.824489 12.933322
13.887152 -12.875759 12.933322
14.078493 -12.824489 12.933322
14.218565 -12.684417 12.933322
14.594258 -12.493075 12.716549
14.499524 -12.139522 12.716549
14.240705 -11.880703 12.716549
13.887152 -11.785969 12.716549
13.533598 -11.880703 12.716549
13.274779 -12.139522 12.716549
13.180045 -12.493075 12.716549
13.274779 -12.846629 12.716549
13.533598 -13.105448 12.716549
13.887152 -13.200182 12.716549
14.240705 -13.105448 12.716549
14.499524 -12.846629 12.716549
14.811031 -12.493075 12.392126
14.687255 -12.031136 12.392126
14.349091 -11.692972 12.392126
13.887152 -11.569196 12.392126
13.425212 -11.692972 12.392126
13.087049 -12.031136 12.392126
12.963272 -12.493075 12.392126
13.087049 -12.955015 12.392126
13.425212 -13.293179 12.392126
13.887152 -13.416955 12.392126
14.349091 -13.293179 12.392126
14.687255 -12.955015 12.392126
14.887152 -12.493075 12.009442
14.753177 -11.993075 12.009442
14.387152 -11.627050 12.009442
13.887152 -11.493075 12.009442
13.387152 -11.627050 12.009442
13.021126 -11.993075 12.009442
12.887152 -12.493075 12.009442
13.021126 -12.993075 12.009442
13.387152 -13.359101 12.009442
13.887152 -13.493075 12.009442
14.387152 -13.359101 12.009442
14.753177 -12.993075 12.009442
14.811031 -12.493075 11.626759
14.687255 -12.031136 11.626759
14.349091 -11.692972 11.626759
13.887152 -11.569196 11.626759
13.425212 -11.692972 11.626759
13.087049 -12.031136 11.626759
12.963272 -12.493075 11.626759
13.087049 -12.955015 11.626759
13.425212 -13.293179 11.626759
13.887152 -13.416955 11.626759
14.349091 -13.293179 11.626759
14.687255 -12.955015 11.626759
14.594258 -12.493075 11.302336
14.499524 -12.139522 11.302336
14.240705 -11.880703 11.302336
13.887152 -11.785969 11.302336
13.533598 -11.880703 11.302336
13.274779 -12.139522 11.302336
13.180045 -12.493075 11.302336
13.274779 -12.846629 11.302336
13.533598 -13.105448 11.302336
13.887152 -13.200182 11.302336
14.240705 -13.105448 11.302336
14.499524 -12.846629 11.302336
14.269835 -12.493075 11.085563
14.218565 -12.301734 11.085563
14.078493 -12.161662 11.085563
13.887152 -12.110392 11.085563
13.695810 -12.161662 11.085563
13.555738 -12.301734 11.085563
13.504468 -12.493075 11.085563
13.555738 -12.684417 11.085563
13.695810 -12.824489 11.085563
13.887152 -12.875759 11.085563
14.078493 -12.824489 11.085563
14.218565 -12.684417 11.085563
13.887152 -12.493075 11.009442
13.556971 -12.097708 15.646092
13.939654 -12.097708 15.569972
13.888384 -11.906366 15.569972
13.748312 -11.766294 15.569972
13.556971 -11.715024 15.569972
13.365629 -11.766294 15.569972
13.225557 -11.906366 15.569972
13.174287 -12.097708 15.569972
13.225557 -12.289049 15.569972
13.365629 -12.429121 15.569972
13.556971 -12.480391 15.569972
13.748312 -12.429121 15.569972
13.888384 -12.289049 15.569972
14.264077 -12.097708 15.353199
14.169343 -11.744154 15.353199
13.910524 -11.485335 15.353199
13.556971 -11.390601 15.353199
13.203417 -11.485335 15.353199
12.944598 -11.744154 15.353199
12.849864 -12.097708 15.353199
12.944598 -12.451261 15.353199
13.203417 -12.710080 15.353199
13.556971 -12.804815 15.353199
13.910524 -12.710080 15.353199
14.169343 -12.451261 15.353199
14.480850 -12.097708 15.028776
14.357074 -11.635768 15.028776
14.018910 -11.297605 15.028776
13.556971 -11.173828 15.028776
13.095031 -11.297605 15.028776
12.756867 -11.635768 15.028776
12.633091 -12.097708 15.028776
12.756867 -12.559648 15.028776
13.095031 -12.897811 15.028776
13.556971 -13.021587 15.028776
14.018910 -12.897811 15.028776
14.357074 -12.559648 15.028776
14.556971 -12.097708 14.646092
14.422996 -11.597708 14.646092
14.056971 -11.231682 14.646092
13.556971 -11.097708 14.646092
13.056971 -11.231682 14.646092
12.690945 -11.597708 14.646092
12.556971 -12.097708 14.646092
12.690945 -12.597708 14.646092
13.056971 -12.963733 14.646092
13.556971 -13.097708 14.646092
14.056971 -12.963733 14.646092
14.422996 -12.597708 14.646092
14.480850 -12.097708 14.263409
14.357074 -11.635768 14.263409
14.018910 -11.297605 14.263409
13.556971 -11.173828 14.263409
13.095031 -11.297605 14.263409
12.756867 -11.635768 14.263409
12.633091 -12.097708 14.263409
12.756867 -12.559648 14.263409
13.095031 -12.897811 14.263409
13.556971 -13.021587 14.263409
14.018910 -12.897811 14.263409
14.357074 -12.559648 14.263409
14.264077 -12.097708 13.938986
14.169343 -11.744154 13.938986
13.910524 -11.485335 13.938986
13.556971 -11.390601 13.938986
13.203417 -11.485335 13.938986
12.944598 -11.744154 13.938986
12.849864 -12.097708 13.938986
12.944598 -12.451261 13.938986
13.203417 -12.710080 13.938986
13.556971 -12.804815 13.938986
13.910524 -12.710080 13.938986
14.169343 -12.451261 13.938986
13.939654 -12.097708 13.722213
13.888384 -11.906366 13.722213
13.748312 -11.766294 13.722213
13.556971 -11.715024 13.722213
13.365629 -11.766294 13.722213
13.225557 -11.906366 13.722213
13.174287 -12.097708 13.722213
13.225557 -12.289049 13.722213
13.365629 -12.429121 13.722213
13.556971 -12.480391 13.722213
13.748312 -12.429121 13.722213
13.888384 -12.289049 13.722213
13.556971 -12.097708 13.646092
12.513734 -10.738242 18.403173
12.896417 -10.738242 18.327053
12.845147 -10.546900 18.327053
12.705076 -10.406829 18.327053
12.513734 -10.355559 18.327053
12.322392 -10.406829 18.327053
12.182320 -10.546900 18.327053
12.131050 -10.738242 18.327053
12.182320 -10.929584 18.327053
12.322392 -11.069656 18.327053
12.513734 -11.120926 18.327053
12.705076 -11.069656 18.327053
12.845147 -10.929584 18.327053
13.220841 -10.738242 18.110280
13.126106 -10.384689 18.110280
12.867287 -10.125870 18.110280
12.513734 -10.031135 18.110280
12.160180 -10.125870 18.110280
11.901361 -10.384689 18.110280
11.806627 -10.738242 18.110280
11.901361 -11.091796 18.110280
12.160180 -11.350615 18.110280
12.513734 -11.445349 18.110280
12.867287 -11.350615 18.110280
13.126106 -11.091796 18.110280
13.437613 -10.738242 17.785857
13.313837 -10.276302 17.785857
12.975674 -9.938139 17.785857
12.513734 -9.814363 17.785857
12.051794 -9.938139 17.785857
11.713631 -10.276302 17.785857
11.589854 -10.738242 17.785857
11.713631 -11.200182 17.785857
12.051794 -11.538345 17.785857
12.513734 -11.662122 17.785857
12.975674 -11.538345 17.785857
13.313837 -11.200182 17.785857
13.513734 -10.738242 17.403173
13.379759 -10.238242 17.403173
13.013734 -9.872217 17.403173
12.513734 -9.738242 17.403173
12.013734 -9.872217 17.403173
11.647708 -10.238242 17.403173
11.513734 -10.738242 17.403173
11.647708 -11.238242 17.403173
12.013734 -11.604268 17.403173
12.513734 -11.738242 17.403173
13.013734 -11.604268 17.403173
13.379759 -11.238242 17.403173
13.437613 -10.738242 17.020490
13.313837 -10.276302 17.020490
12.975674 -9.938139 17.020490
12.513734 -9.814363 17.020490
12.051794 -9.938139 17.020490
11.713631 -10.276302 17.020490
11.589854 -10.738242 17.020490
11.713631 -11.200182 17.020490
12.051794 -11.538345 17.020490
12.513734 -11.662122 17.020490
12.975674 -11.538345 17.020490
13.313837 -11.200182 17.020490
13.220841 -10.738242 16.696067
13.126106 -10.384689 16.696067
12.867287 -10.125870 16.696067
12.513734 -10.031135 16.696067
12.160180 -10.125870 16.696067
11.901361 -10.384689 16.696067
11.806627 -10.738242 16.696067
11.901361 -11.091796 16.696067
12.160180 -11.350615 16.696067
12.513734 -11.445349 16.696067
12.867287 -11.350615 16.696067
13.126106 -11.091796 16.696067
12.896417 -10.738242 16.479294
12.845147 -10.546900 16.479294
12.705076 -10.406829 16.479294
12.513734 -10.355559 16.479294
12.322392 -10.406829 16.479294
12.182320 -10.546900 16.479294
12.131050 -10.738242 16.479294
12.182320 -10.929584 16.479294
12.322392 -11.069656 16.479294
12.513734 -11.120926 16.479294
12.705076 -11.069656 16.479294
12.845147 -10.929584 16.479294
12.513734 -10.738242 16.403173
-7.824682 -15.402781 -5.368747
-7.441998 -15.402781 -5.444868
-7.493268 -15.211440 -5.444868
-7.633340 -15.071368 -5.444868
-7.824682 -15.020098 -5.444868
-8.016023 -15.071368 -5.444868
-8.156095 -15.211440 -5.444868
-8.207365 -15.402781 -5.444868
-8.156095 -15.594123 -5.444868
-8.016023 -15.734195 -5.444868
-7.824682 -15.785465 -5.444868
-7.633340 -15.734195 -5.444868
-7.493268 -15.594123 -5.444868
-7.117575 -15.402781 -5.661640
-7.212309 -15.049228 -5.661640
-7.471128 -14.790409 -5.661640
-7.824682 -14.695675 -5.661640
-8.178235 -14.790409 -5.661640
-8.437054 -15.049228 -5.661640
-8.531789 -15.402781 -5.661640
-8.437054 -15.756335 -5.661640
-8.178235 -16.015154 -5.661640
-7.824682 -16.109888 -5.661640
-7.471128 -16.015154 -5.661640
-7.212309 -15.756335 -5.661640
-6.900802 -15.402781 -5.986064
-7.024579 -14.940842 -5.986064
-7.362742 -14.602678 -5.986064
-7.824682 -14.478902 -5.986064
-8.286622 -14.602678 -5.986064
-8.624785 -14.940842 -5.986064
-8.748561 -15.402781 -5.986064
-8.624785 -15.864721 -5.986064
-8.286622 -16.202885 -5.986064
-7.824682 -16.326661 -5.986064
-7.362742 -16.202885 -5.986064
-7.024579 -15.864721 -5.986064
-6.824682 -15.402781 -6.368747
-6.958656 -14.902781 -6.368747
-7.324682 -14.536756 -6.368747
-7.824682 -14.402781 -6.368747
-8.324682 -14.536756 -6.368747
-8.690707 -14.902781 -6.368747
-8.824682 -15.402781 -6.368747
-8.690707 -15.902781 -6.368747
-8.324682 -16.268807 -6.368747
-7.824682 -16.402781 -6.368747
-7.324682 -16.268807 -6.368747
-6.958656 -15.902781 -6.368747
-6.900802 -15.402781 -6.751431
-7.024579 -14.940842 -6.751431
-7.362742 -14.602678 -6.751431
-7.824682 -14.478902 -6.751431
-8.286622 -14.602678 -6.751431
-8.624785 -14.940842 -6.751431
-8.748561 -15.402781 -6.751431
-8.624785 -15.864721 -6.751431
-8.286622 -16.202885 -6.751431
-7.824682 -16.326661 -6.751431
-7.362742 -16.202885 -6.751431
-7.024579 -15.864721 -6.751431
-7.117575 -15.402781 -7.075854
-7.212309 -15.049228 -7.075854
-7.471128 -14.790409 -7.075854
-7.824682 -14.695675 -7.075854
-8.178235 -14.790409 -7.075854
-8.437054 -15.049228 -7.075854
-8.531789 -15.402781 -7.075854
-8.437054 -15.756335 -7.075854
-8.178235 -16.015154 -7.075854
-7.824682 -16.109888 -7.075854
-7.471128 -16.015154 -7.075854
-7.212309 -15.756335 -7.075854
-7.441998 -15.402781 -7.292627
-7.493268 -15.211440 -7.292627
-7.633340 -15.071368 -7.292627
-7.824682 -15.020098 -7.292627
-8.016023 -15.071368 -7.292627
-8.156095 -15.211440 -7.292627
-8.207365 -15.402781 -7.292627
-8.156095 -15.594123 -7.292627
-8.016023 -15.734195 -7.292627
-7.824682 -15.785465 -7.292627
-7.633340 -15.734195 -7.292627
-7.493268 -15.594123 -7.292627
-7.824682 -15.402781 -7.368747
16.189322 8.756329 13.279201
16.572005 8.756329 13.203080
16.520735 8.947670 13.203080
16.380663 9.087742 13.203080
16.189322 9.139012 13.203080
15.997980 9.087742 13.203080
15.857908 8.947670 13.203080
15.806638 8.756329 13.203080
15.857908 8.564987 13.203080
15.997980 8.424915 13.203080
16.189322 8.373645 13.203080
16.380663 8.424915 13.203080
16.520735 8.564987 13.203080
16.896428 8.756329 12.986307
16.801694 9.109882 12.986307
16.542875 9.368701 12.986307
16.189322 9.463435 12.986307
15.835768 9.368701 12.986307
15.576949 9.109882 12.986307
15.482215 8.756329 12.986307
15.576949 8.402775 12.986307
15.835768 8.143956 12.986307
16.189322 8.049222 12.986307
16.542875 8.143956 12.986307
16.801694 8.402775 12.986307
17.113201 8.756329 12.661884
16.989425 9.218268 12.661884
16.651261 9.556432 12.661884
16.189322 9.680208 12.661884
15.727382 9.556432 12.661884
15.389218 9.218268 12.661884
15.265442 8.756329 12.661884
15.389218 8.294389 12.661884
15.727382 7.956225 12.661884
16.189322 7.832449 12.661884
16.651261 7.956225 12.661884
16.989425 8.294389 12.661884
17.189322 8.756329 12.279201
17.055347 9.256329 12.279201
16.689322 9.622354 12.279201
16.189322 9.756329 12.279201
15.689322 9.622354 12.279201
15.323296 9.256329 12.279201
15.189322 8.756329 12.279201
15.323296 8.256329 12.279201
15.689322 7.890303 12.279201
16.189322 7.756329 12.279201
16.689322 7.890303 12.279201
17.055347 8.256329 12.279201
17.113201 8.756329 11.896517
16.989425 9.218268 11.896517
16.651261 9.556432 11.896517
16.189322 9.680208 11.896517
15.727382 9.556432 11.896517
15.389218 9.218268 11.896517
15.265442 8.756329 11.896517
15.389218 8.294389 11.896517
15.727382 7.956225 11.896517
16.189322 7.832449 11.896517
16.651261 7.956225 11.896517
16.989425 8.294389 11.896517
16.896428 8.756329 11.572094
16.801694 9.109882 11.572094
16.542875 9.368701 11.572094
16.189322 9.463435 11.572094
15.835768 9.368701 11.572094
15.576949 9.109882 11.572094
15.482215 8.756329 11.572094
15.576949 8.402775 11.572094
15.835768 8.143956 11.572094
16.189322 8.049222 11.572094
16.542875 8.143956 11.572094
16.801694 8.402775 11.572094
16.572005 8.756329 11.355321
16.520735 8.947670 11.355321
16.380663 9.087742 11.355321
16.189322 9.139012 11.355321
15.997980 9.087742 11.355321
15.857908 8.947670 11.355321
15.806638 8.756329 11.355321
15.857908 8.564987 11.355321
15.997980 8.424915 11.355321
16.189322 8.373645 11.355321
16.380663 8.424915 11.355321
16.520735 8.564987 11.355321
16.189322 8.756329 11.279201
15.087525 9.500196 11.495296
15.470209 9.500196 11.419176
15.418939 9.691538 11.419176
15.278867 9.831610 11.419176
15.087525 9.882880 11.419176
14.896184 9.831610 11.419176
14.756112 9.691538 11.419176
14.704842 9.500196 11.419176
14.756112 9.308855 11.419176
14.896184 9.168783 11.419176
15.087525 9.117513 11.419176
15.278867 9.168783 11.419176
15.418939 9.308855 11.419176
15.794632 9.500196 11.202403
15.699898 9.853750 11.202403
15.441079 10.112569 11.202403
15.087525 10.207303 11.202403
14.733972 10.112569 11.202403
14.475153 9.853750 11.202403
14.380419 9.500196 11.202403
14.475153 9.146643 11.202403
14.733972 8.887824 11.202403
15.087525 8.793090 11.202403
15.441079 8.887824 11.202403
15.699898 9.146643 11.202403
16.011405 9.500196 10.877980
15.887629 9.962136 10.877980
15.549465 10.300300 10.877980
15.087525 10.424076 10.877980
14.625586 10.300300 10.877980
14.287422 9.962136 10.877980
14.163646 9.500196 10.877980
14.287422 9.038257 10.877980
14.625586 8.700093 10.877980
15.087525 8.576317 10.877980
15.549465 8.700093 10.877980
15.887629 9.038257 10.877980
16.087525 9.500196 10.495296
15.953551 10.000196 10.495296
15.587525 10.366222 10.495296
15.087525 10.500196 10.495296
14.587525 10.366222 10.495296
14.221500 10.000196 10.495296
14.087525 9.500196 10.495296
14.221500 9.000196 10.495296
14.587525 8.634171 10.495296
15.087525 8.500196 10.495296
15.587525 8.634171 10.495296
15.953551 9.000196 10.495296
16.011405 9.500196 10.112613
15.887629 9.962136 10.112613
15.549465 10.300300 10.112613
15.087525 10.424076 10.112613
14.625586 10.300300 10.112613
14.287422 9.962136 10.112613
14.163646 9.500196 10.112613
14.287422 9.038257 10.112613
14.625586 8.700093 10.112613
15.087525 8.576317 10.112613
15.549465 8.700093 10.112613
15.887629 9.038257 10.112613
15.794632 9.500196 9.788190
15.699898 9.853750 9.788190
15.441079 10.112569 9.788190
15.087525 10.207303 9.788190
14.733972 10.112569 9.788190
14.475153 9.853750 9.788190
14.380419 9.500196 9.788190
14.475153 9.146643 9.788190
14.733972 8.887824 9.788190
15.087525 8.793090 9.788190
15.441079 8.887824 9.788190
15.699898 9.146643 9.788190
15.470209 9.500196 9.571417
15.418939 9.691538 9.571417
15.278867 9.831610 9.571417
15.087525 9.882880 9.571417
14.896184 9.831610 9.571417
14.756112 9.691538 9.571417
14.704842 9.500196 9.571417
14.756112 9.308855 9.571417
14.896184 9.168783 9.571417
15.087525 9.117513 9.571417
15.278867 9.168783 9.571417
15.418939 9.308855 9.571417
15.087525 9.500196 9.495296
13.923035 10.129217 9.690985
14.305718 10.129217 9.614864
14.254448 10.320559 9.614864
14.114376 10.460631 9.614864
13.923035 10.511901 9.614864
13.731693 10.460631 9.614864
13.591621 10.320559 9.614864
13.540351 10.129217 9.614864
13.591621 9.937875 9.614864
13.731693 9.797804 9.614864
13.923035 9.746534 9.614864
14.114376 9.797804 9.614864
14.254448 9.937875 9.614864
14.630141 10.129217 9.398092
14.535407 10.482771 9.398092
14.276588 10.741590 9.398092
13.923035 10.836324 9.398092
13.569481 10.741590 9.398092
13.310662 10.482771 9.398092
13.215928 10.129217 9.398092
13.310662 9.775664 9.398092
13.569481 9.516845 9.398092
13.923035 9.422110 9.398092
14.276588 9.516845 9.398092
14.535407 9.775664 9.398092
14.846914 10.129217 9.073668
14.723138 10.591157 9.073668
14.384974 10.929320 9.073668
13.923035 11.053097 9.073668
13.461095 10.929320 9.073668
13.122932 10.591157 9.073668
12.999155 10.129217 9.073668
13.122932 9.667277 9.073668
13.461095 9.329114 9.073668
13.923035 9.205338 9.073668
14.384974 9.329114 9.073668
14.723138 9.667277 9.073668
14.923035 10.129217 8.690985
14.789060 10.629217 8.690985
14.423035 10.995243 8.690985
13.923035 11.129217 8.690985
13.423035 10.995243 8.690985
13.057009 10.629217 8.690985
12.923035 10.129217 8.690985
13.057009 9.629217 8.690985
13.423035 9.263192 8.690985
13.923035 9.129217 8.690985
14.423035 9.263192 8.690985
14.789060 9.629217 8.690985
14.846914 10.129217 8.308301
14.723138 10.591157 8.308301
14.384974 10.929320 8.308301
13.923035 11.053097 8.308301
13.461095 10.929320 8.308301
13.122932 10.591157 8.308301
12.999155 10.129217 8.308301
13.122932 9.667277 8.308301
13.461095 9.329114 8.308301
13.923035 9.205338 8.308301
14.384974 9.329114 8.308301
14.723138 9.667277 8.308301
14.630141 10.129217 7.983878
14.535407 10.482771 7.983878
14.276588 10.741590 7.983878
13.923035 10.836324 7.983878
13.569481 10.741590 7.983878
13.310662 10.482771 7.983878
13.215928 10.129217 7.983878
13.310662 9.775664 7.983878
13.569481 9.516845 7.983878
13.923035 9.422110 7.983878
14.276588 9.516845 7.983878
14.535407 9.775664 7.983878
14.305718 10.129217 7.767105
14.254448 10.320559 7.767105
14.114376 10.460631 7.767105
13.923035 10.511901 7.767105
13.731693 10.460631 7.767105
13.591621 10.320559 7.767105
13.540351 10.129217 7.767105
13.591621 9.937875 7.767105
13.731693 9.797804 7.767105
13.923035 9.746534 7.767105
14.114376 9.797804 7.767105
14.254448 9.937875 7.767105
13.923035 10.129217 7.690985
11.971110 12.070600 7.273135
12.353794 12.070600 7.197014
12.302524 12.261941 7.197014
12.162452 12.402013 7.197014
11.971110 12.453283 7.197014
11.779769 12.402013 7.197014
11.639697 12.261941 7.197014
11.588427 12.070600 7.197014
11.639697 11.879258 7.197014
11.779769 11.739186 7.197014
11.971110 11.687916 7.197014
12.162452 11.739186 7.197014
12.302524 11.879258 7.197014
12.678217 12.070600 6.980241
12.583483 12.424153 6.980241
12.324664 12.682972 6.980241
11.971110 12.777706 6.980241
11.617557 12.682972 6.980241
11.358738 12.424153 6.980241
11.264004 12.070600 6.980241
11.358738 11.717046 6.980241
11.617557 11.458227 6.980241
11.971110 11.363493 6.980241
12.324664 11.458227 6.980241
12.583483 11.717046 6.980241
12.894990 12.070600 6.655818
12.771213 12.532539 6.655818
12.433050 12.870703 6.655818
11.971110 12.994479 6.655818
11.509171 12.870703 6.655818
11.171007 12.532539 6.655818
11.047231 12.070600 6.655818
11.171007 11.608660 6.655818
11.509171 11.270496 6.655818
11.971110 11.146720 6.655818
12.433050 11.270496 6.655818
12.771213 11.608660 6.655818
12.971110 12.070600 6.273135
12.837136 12.570600 6.273135
12.471110 12.936625 6.273135
11.971110 13.070600 6.273135
11.471110 12.936625 6.273135
11.105085 12.570600 6.273135
10.971110 12.070600 6.273135
11.105085 11.570600 6.273135
11.471110 11.204574 6.273135
11.971110 11.070600 6.273135
12.471110 11.204574 6.273135
12.837136 11.570600 6.273135
12.894990 12.070600 5.890451
12.771213 12.532539 5.890451
12.433050 12.870703 5.890451
11.971110 12.994479 5.890451
11.509171 12.870703 5.890451
11.171007 12.532539 5.890451
11.047231 12.070600 5.890451
11.171007 11.608660 5.890451
11.509171 11.270496 5.890451
11.971110 11.146720 5.890451
12.433050 11.270496 5.890451
12.771213 11.608660 5.890451
12.678217 12.070600 5.566028
12.583483 12.424153 5.566028
12.324664 12.682972 5.566028
11.971110 12.777706 5.566028
11.617557 12.682972 5.566028
11.358738 12.424153 5.566028
11.264004 12.070600 5.566028
11.358738 11.717046 5.566028
11.617557 11.458227 5.566028
11.971110 11.363493 5.566028
12.324664 11.458227 5.566028
12.583483 11.717046 5.566028
12.353794 12.070600 5.349255
12.302524 12.261941 5.349255
12.162452 12.402013 5.349255
11.971110 12.453283 5.349255
11.779769 12.402013 5.349255
11.639697 12.261941 5.349255
11.588427 12.070600 5.349255
11.639697 11.879258 5.349255
11.779769 11.739186 5.349255
11.971110 11.687916 5.349255
12.162452 11.739186 5.349255
12.302524 11.879258 5.349255
11.971110 12.070600 5.273135
10.845474 13.883176 5.713586
11.228158 13.883176 5.637465
11.176888 14.074518 5.637465
11.036816 14.214589 5.637465
10.845474 14.265859 5.637465
10.654133 14.214589 5.637465
10.514061 14.074518 5.637465
10.462791 13.883176 5.637465
10.514061 13.691834 5.637465
10.654133 13.551762 5.637465
10.845474 13.500492 5.637465
11.036816 13.551762 5.637465
11.176888 13.691834 5.637465
11.552581 13.883176 5.420693
11.457847 14.236729 5.420693
11.199028 14.495548 5.420693
10.845474 14.590283 5.420693
10.491921 14.495548 5.420693
10.233102 14.236729 5.420693
10.138367 13.883176 5.420693
10.233102 13.529622 5.420693
10.491921 13.270803 5.420693
10.845474 13.176069 5.420693
11.199028 13.270803 5.420693
11.457847 13.529622 5.420693
11.769354 13.883176 5.096269
11.645577 14.345116 5.096269
11.307414 14.683279 5.096269
10.845474 14.807055 5.096269
10.383534 14.683279 5.096269
10.045371 14.345116 5.096269
9.921595 13.883176 5.096269
10.045371 13.421236 5.096269
10.383534 13.083073 5.096269
10.845474 12.959296 5.096269
11.307414 13.083073 5.096269
11.645577 13.421236 5.096269
11.845474 13.883176 4.713586
11.711500 14.383176 4.713586
11.345474 14.749201 4.713586
10.845474 14.883176 4.713586
10.345474 14.749201 4.713586
9.979449 14.383176 4.713586
9.845474 13.883176 4.713586
9.979449 13.383176 4.713586
10.345474 13.017150 4.713586
10.845474 12.883176 4.713586
11.345474 13.017150 4.713586
11.711500 13.383176 4.713586
11.769354 13.883176 4.330902
11.645577 14.345116 4.330902
11.307414 14.683279 4.330902
10.845474 14.807055 4.330902
10.383534 14.683279 4.330902
10.045371 14.345116 4.330902
9.921595 13.883176 4.330902
10.045371 13.421236 4.330902
10.383534 13.083073 4.330902
10.845474 12.959296 4.330902
11.307414 13.083073 4.330902
11.645577 13.421236 4.330902
11.552581 13.883176 4.006479
11.457847 14.236729 4.006479
11.199028 14.495548 4.006479
10.845474 14.590283 4.006479
10.491921 14.495548 4.006479
10.233102 14.236729 4.006479
10.138367 13.883176 4.006479
10.233102 13.529622 4.006479
10.491921 13.270803 4.006479
10.845474 13.176069 4.006479
11.199028 13.270803 4.006479
11.457847 13.529622 4.006479
11.228158 13.883176 3.789706
11.176888 14.074518 3.789706
11.036816 14.214589 3.789706
10.845474 14.265859 3.789706
10.654133 14.214589 3.789706
10.514061 14.074518 3.789706
10.462791 13.883176 3.789706
10.514061 13.691834 3.789706
10.654133 13.551762 3.789706
10.845474 13.500492 3.789706
11.036816 13.551762 3.789706
11.176888 13.691834 3.789706
10.845474 13.883176 3.713586
8.939017 15.897911 4.847069
9.321701 15.897911 4.770948
9.270431 16.089253 4.770948
9.130359 16.229325 4.770948
8.939017 16.280595 4.770948
8.747676 16.229325 4.770948
8.607604 16.089253 4.770948
8.556334 15.897911 4.770948
8.607604 15.706569 4.770948
8.747676 15.566497 4.770948
8.939017 15.515228 4.770948
9.130359 15.566497 4.770948
9.270431 15.706569 4.770948
9.646124 15.897911 4.554175
9.551390 16.251464 4.554175
9.292571 16.510284 4.554175
8.939017 16.605018 4.554175
8.585464 16.510284 4.554175
8.326645 16.251464 4.554175
8.231911 15.897911 4.554175
8.326645 15.544358 4.554175
8.585464 15.285539 4.554175
8.939017 15.190804 4.554175
9.292571 15.285539 4.554175
9.551390 15.544358 4.554175
9.862897 15.897911 4.229752
9.739120 16.359851 4.229752
9.400957 16.698014 4.229752
8.939017 16.821791 4.229752
8.477078 16.698014 4.229752
8.138914 16.359851 4.229752
8.015138 15.897911 4.229752
8.138914 15.435971 4.229752
8.477078 15.097808 4.229752
8.939017 14.974032 4.229752
9.400957 15.097808 4.229752
9.739120 15.435971 4.229752
9.939017 15.897911 3.847069
9.805043 16.397911 3.847069
9.439017 16.763936 3.847069
8.939017 16.897911 3.847069
8.439017 16.763936 3.847069
8.072992 16.397911 3.847069
7.939017 15.897911 3.847069
8.072992 15.397911 3.847069
8.439017 15.031886 3.847069
8.939017 14.897911 3.847069
9.439017 15.031886 3.847069
9.805043 15.397911 3.847069
9.862897 15.897911 3.464385
9.739120 16.359851 3.464385
9.400957 16.698014 3.464385
8.939017 16.821791 3.464385
8.477078 16.698014 3.464385
8.138914 16.359851 3.464385
8.015138 15.897911 3.464385
8.138914 15.435971 3.464385
8.477078 15.097808 3.464385
8.939017 14.974032 3.464385
9.400957 15.097808 3.464385
9.739120 15.435971 3.464385
9.646124 15.897911 3.139962
9.551390 16.251464 3.139962
9.292571 16.510284 3.139962
8.939017 16.605018 3.139962
8.585464 16.510284 3.139962
8.326645 16.251464 3.139962
8.231911 15.897911 3.139962
8.326645 15.544358 3.139962
8.585464 15.285539 3.139962
8.939017 15.190804 3.139962
9.292571 15.285539 3.139962
9.551390 15.544358 3.139962
9.321701 15.897911 2.923189
9.270431 16.089253 2.923189
9.130359 16.229325 2.923189
8.939017 16.280595 2.923189
8.747676 16.229325 2.923189
8.607604 16.089253 2.923189
8.556334 15.897911 2.923189
8.607604 15.706569 2.923189
8.747676 15.566497 2.923189
8.939017 15.515228 2.923189
9.130359 15.566497 2.923189
9.270431 15.706569 2.923189
8.939017 15.897911 2.847069
-9.346271 -14.600518 -5.104348
-8.963587 -14.600518 -5.180469
-9.014857 -14.409177 -5.180469
-9.154929 -14.269105 -5.180469
-9.346271 -14.217835 -5.180469
-9.537612 -14.269105 -5.180469
-9.677684 -14.409177 -5.180469
-9.728954 -14.600518 -5.180469
-9.677684 -14.791860 -5.180469
-9.537612 -14.931932 -5.180469
-9.346271 -14.983202 -5.180469
-9.154929 -14.931932 -5.180469
-9.014857 -14.791860 -5.180469
-8.639164 -14.600518 -5.397241
-8.733898 -14.246965 -5.397241
-8.992717 -13.988146 -5.397241
-9.346271 -13.893411 -5.397241
-9.699824 -13.988146 -5.397241
-9.958643 -14.246965 -5.397241
-10.053377 -14.600518 -5.397241
-9.958643 -14.954072 -5.397241
-9.699824 -15.212891 -5.397241
-9.346271 -15.307625 -5.397241
-8.992717 -15.212891 -5.397241
-8.733898 -14.954072 -5.397241
-8.422391 -14.600518 -5.721665
-8.546167 -14.138578 -5.721665
-8.884331 -13.800415 -5.721665
-9.346271 -13.676639 -5.721665
-9.808210 -13.800415 -5.721665
-10.146374 -14.138578 -5.721665
-10.270150 -14.600518 -5.721665
-10.146374 -15.062458 -5.721665
-9.808210 -15.400621 -5.721665
-9.346271 -15.524398 -5.721665
-8.884331 -15.400621 -5.721665
-8.546167 -15.062458 -5.721665
-8.346271 -14.600518 -6.104348
-8.480245 -14.100518 -6.104348
-8.846271 -13.734493 -6.104348
-9.346271 -13.600518 -6.104348
-9.846271 -13.734493 -6.104348
-10.212296 -14.100518 -6.104348
-10.346271 -14.600518 -6.104348
-10.212296 -15.100518 -6.104348
-9.846271 -15.466544 -6.104348
-9.346271 -15.600518 -6.104348
-8.846271 -15.466544 -6.104348
-8.480245 -15.100518 -6.104348
-8.422391 -14.600518 -6.487032
-8.546167 -14.138578 -6.487032
-8.884331 -13.800415 -6.487032
-9.346271 -13.676639 -6.487032
-9.808210 -13.800415 -6.487032
-10.146374 -14.138578 -6.487032
-10.270150 -14.600518 -6.487032
-10.146374 -15.062458 -6.487032
-9.808210 -15.400621 -6.487032
-9.346271 -15.524398 -6.487032
-8.884331 -15.400621 -6.487032
-8.546167 -15.062458 -6.487032
-8.639164 -14.600518 -6.811455
-8.733898 -14.246965 -6.811455
-8.992717 -13.988146 -6.811455
-9.346271 -13.893411 -6.811455
-9.699824 -13.988146 -6.811455
-9.958643 -14.246965 -6.811455
-10.053377 -14.600518 -6.811455
-9.958643 -14.954072 -6.811455
-9.699824 -15.212891 -6.811455
-9.346271 -15.307625 -6.811455
-8.992717 -15.212891 -6.811455
-8.733898 -14.954072 -6.811455
-8.963587 -14.600518 -7.028228
-9.014857 -14.409177 -7.028228
-9.154929 -14.269105 -7.028228
-9.346271 -14.217835 -7.028228
-9.537612 -14.269105 -7.028228
-9.677684 -14.409177 -7.028228
-9.728954 -14.600518 -7.028228
-9.677684 -14.791860 -7.028228
-9.537612 -14.931932 -7.028228
-9.346271 -14.983202 -7.028228
-9.154929 -14.931932 -7.028228
-9.014857 -14.791860 -7.028228
-9.346271 -14.600518 -7.104348
17.024906 7.316638 16.441765
17.407590 7.316638 16.365644
17.356320 7.507980 16.365644
17.216248 7.648052 16.365644
17.024906 7.699321 16.365644
16.833564 7.648052 16.365644
16.693493 7.507980 16.365644
16.642223 7.316638 16.365644
16.693493 7.125296 16.365644
16.833564 6.985224 16.365644
17.024906 6.933955 16.365644
17.216248 6.985224 16.365644
17.356320 7.125296 16.365644
17.732013 7.316638 16.148872
17.637279 7.670191 16.148872
17.378460 7.929010 16.148872
17.024906 8.023745 16.148872
16.671353 7.929010 16.148872
16.412534 7.670191 16.148872
16.317799 7.316638 16.148872
16.412534 6.963085 16.148872
16.671353 6.704266 16.148872
17.024906 6.609531 16.148872
17.378460 6.704266 16.148872
17.637279 6.963085 16.148872
17.948786 7.316638 15.824448
17.825009 7.778578 15.824448
17.486846 8.116741 15.824448
17.024906 8.240518 15.824448
16.562966 8.116741 15.824448
16.224803 7.778578 15.824448
16.101027 7.316638 15.824448
16.224803 6.854698 15.824448
16.562966 6.516535 15.824448
17.024906 6.392758 15.824448
17.486846 6.516535 15.824448
17.825009 6.854698 15.824448
18.024906 7.316638 15.441765
17.890932 7.816638 15.441765
17.524906 8.182663 15.441765
17.024906 8.316638 15.441765
16.524906 8.182663 15.441765
16.158881 7.816638 15.441765
16.024906 7.316638 15.441765
16.158881 6.816638 15.441765
16.524906 6.450613 15.441765
17.024906 6.316638 15.441765
17.524906 6.450613 15.441765
17.890932 6.816638 15.441765
17.948786 7.316638 15.059081
17.825009 7.778578 15.059081
17.486846 8.116741 15.059081
17.024906 8.240518 15.059081
16.562966 8.116741 15.059081
16.224803 7.778578 15.059081
16.101027 7.316638 15.059081
16.224803 6.854698 15.059081
16.562966 6.516535 15.059081
17.024906 6.392758 15.059081
17.486846 6.516535 15.059081
17.825009 6.854698 15.059081
17.732013 7.316638 14.734658
17.637279 7.670191 14.734658
17.378460 7.929010 14.734658
17.024906 8.023745 14.734658
16.671353 7.929010 14.734658
16.412534 7.670191 14.734658
16.317799 7.316638 14.734658
16.412534 6.963085 14.734658
16.671353 6.704266 14.734658
17.024906 6.609531 14.734658
17.378460 6.704266 14.734658
17.637279 6.963085 14.734658
17.407590 7.316638 14.517885
17.356320 7.507980 14.517885
17.216248 7.648052 14.517885
17.024906 7.699321 14.517885
16.833564 7.648052 14.517885
16.693493 7.507980 14.517885
16.642223 7.316638 14.517885
16.693493 7.125296 14.517885
16.833564 6.985224 14.517885
17.024906 6.933955 14.517885
17.216248 6.985224 14.517885
17.356320 7.125296 14.517885
17.024906 7.316638 14.441765
17.086699 6.763464 18.976088
17.469382 6.763464 18.899967
17.418112 6.954806 18.899967
17.278040 7.094878 18.899967
17.086699 7.146148 18.899967
16.895357 7.094878 18.899967
16.755285 6.954806 18.899967
16.704015 6.763464 18.899967
16.755285 6.572123 18.899967
16.895357 6.432051 18.899967
17.086699 6.380781 18.899967
17.278040 6.432051 18.899967
17.418112 6.572123 18.899967
17.793805 6.763464 18.683194
17.699071 7.117018 18.683194
17.440252 7.375837 18.683194
17.086699 7.470571 18.683194
16.733145 7.375837 18.683194
16.474326 7.117018 18.683194
16.379592 6.763464 18.683194
16.474326 6.409911 18.683194
16.733145 6.151092 18.683194
17.086699 6.056358 18.683194
17.440252 6.151092 18.683194
17.699071 6.409911 18.683194
18.010578 6.763464 18.358771
17.886802 7.225404 18.358771
17.548638 7.563568 18.358771
17.086699 7.687344 18.358771
16.624759 7.563568 18.358771
16.286595 7.225404 18.358771
16.162819 6.763464 18.358771
16.286595 6.301525 18.358771
16.624759 5.963361 18.358771
17.086699 5.839585 18.358771
17.548638 5.963361 18.358771
17.886802 6.301525 18.358771
18.086699 6.763464 17.976088
17.952724 7.263464 17.976088
17.586699 7.629490 17.976088
17.086699 7.763464 17.976088
16.586699 7.629490 17.976088
16.220673 7.263464 17.976088
16.086699 6.763464 17.976088
16.220673 6.263464 17.976088
16.586699 5.897439 17.976088
17.086699 5.763464 17.976088
17.586699 5.897439 17.976088
17.952724 6.263464 17.976088
18.010578 6.763464 17.593404
17.886802 7.225404 17.593404
17.548638 7.563568 17.593404
17.086699 7.687344 17.593404
16.624759 7.563568 17.593404
16.286595 7.225404 17.593404
16.162819 6.763464 17.593404
16.286595 6.301525 17.593404
16.624759 5.963361 17.593404
17.086699 5.839585 17.593404
17.548638 5.963361 17.593404
17.886802 6.301525 17.593404
17.793805 6.763464 17.268981
17.699071 7.117018 17.268981
17.440252 7.375837 17.268981
17.086699 7.470571 17.268981
16.733145 7.375837 17.268981
16.474326 7.117018 17.268981
16.379592 6.763464 17.268981
16.474326 6.409911 17.268981
16.733145 6.151092 17.268981
17.086699 6.056358 17.268981
17.440252 6.151092 17.268981
17.699071 6.409911 17.268981
17.469382 6.763464 17.052208
17.418112 6.954806 17.052208
17.278040 7.094878 17.052208
17.086699 7.146148 17.052208
16.895357 7.094878 17.052208
16.755285 6.954806 17.052208
16.704015 6.763464 17.052208
16.755285 6.572123 17.052208
16.895357 6.432051 17.052208
17.086699 6.380781 17.052208
17.278040 6.432051 17.052208
17.418112 6.572123 17.052208
17.086699 6.763464 16.976088
16.832779 6.185305 20.929295
17.215462 6.185305 20.853174
17.164193 6.376647 20.853174
17.024121 6.516719 20.853174
16.832779 6.567989 20.853174
16.641437 6.516719 20.853174
16.501365 6.376647 20.853174
16.450095 6.185305 20.853174
16.501365 5.993963 20.853174
16.641437 5.853892 20.853174
16.832779 5.802622 20.853174
17.024121 5.853892 20.853174
17.164193 5.993963 20.853174
17.539886 6.185305 20.636401
17.445151 6.538859 20.636401
17.186332 6.797678 20.636401
16.832779 6.892412 20.636401
16.479226 6.797678 20.636401
16.220406 6.538859 20.636401
16.125672 6.185305 20.636401
16.220406 5.831752 20.636401
16.479226 5.572933 20.636401
16.832779 5.478198 20.636401
17.186332 5.572933 20.636401
17.445151 5.831752 20.636401
17.756658 6.185305 20.311978
17.632882 6.647245 20.311978
17.294719 6.985408 20.311978
16.832779 7.109185 20.311978
16.370839 6.985408 20.311978
16.032676 6.647245 20.311978
15.908899 6.185305 20.311978
16.032676 5.723365 20.311978
16.370839 5.385202 20.311978
16.832779 5.261426 20.311978
17.294719 5.385202 20.311978
17.632882 5.723365 20.311978
17.832779 6.185305 19.929295
17.698804 6.685305 19.929295
17.332779 7.051331 19.929295
16.832779 7.185305 19.929295
16.332779 7.051331 19.929295
15.966754 6.685305 19.929295
15.832779 6.185305 19.929295
15.966754 5.685305 19.929295
16.332779 5.319280 19.929295
16.832779 5.185305 19.929295
17.332779 5.319280 19.929295
17.698804 5.685305 19.929295
17.756658 6.185305 19.546611
17.632882 6.647245 19.546611
17.294719 6.985408 19.546611
16.832779 7.109185 19.546611
16.370839 6.985408 19.546611
16.032676 6.647245 19.546611
15.908899 6.185305 19.546611
16.032676 5.723365 19.546611
16.370839 5.385202 19.546611
16.832779 5.261426 19.546611
17.294719 5.385202 19.546611
17.632882 5.723365 19.546611
17.539886 6.185305 19.222188
17.445151 6.538859 19.222188
17.186332 6.797678 19.222188
16.832779 6.892412 19.222188
16.479226 6.797678 19.222188
16.220406 6.538859 19.222188
16.125672 6.185305 19.222188
16.220406 5.831752 19.222188
16.479226 5.572933 19.222188
16.832779 5.478198 19.222188
17.186332 5.572933 19.222188
17.445151 5.831752 19.222188
17.215462 6.185305 19.005415
17.164193 6.376647 19.005415
17.024121 6.516719 19.005415
16.832779 6.567989 19.005415
16.641437 6.516719 19.005415
16.501365 6.376647 19.005415
16.450095 6.185305 19.005415
16.501365 5.993963 19.005415
16.641437 5.853892 19.005415
16.832779 5.802622 19.005415
17.024121 5.853892 19.005415
17.164193 5.993963 19.005415
16.832779 6.185305 18.929295
9.748716 15.109272 4.697713
10.131400 15.109272 4.621592
10.080130 15.300614 4.621592
9.940058 15.440686 4.621592
9.748716 15.491955 4.621592
9.557375 15.440686 4.621592
9.417303 15.300614 4.621592
9.366033 15.109272 4.621592
9.417303 14.917930 4.621592
9.557375 14.777858 4.621592
9.748716 14.726589 4.621592
9.940058 14.777858 4.621592
10.080130 14.917930 4.621592
10.455823 15.109272 4.404819
10.361089 15.462825 4.404819
10.102270 15.721644 4.404819
9.748716 15.816379 4.404819
9.395163 15.721644 4.404819
9.136344 15.462825 4.404819
9.041610 15.109272 4.404819
9.136344 14.755719 4.404819
9.395163 14.496900 4.404819
9.748716 14.402165 4.404819
10.102270 14.496900 4.404819
10.361089 14.755719 4.404819
10.672596 15.109272 4.080396
10.548819 15.571212 4.080396
10.210656 15.909375 4.080396
9.748716 16.033152 4.080396
9.286777 15.909375 4.080396
8.948613 15.571212 4.080396
8.824837 15.109272 4.080396
8.948613 14.647332 4.080396
9.286777 14.309169 4.080396
9.748716 14.185392 4.080396
10.210656 14.309169 4.080396
10.548819 14.647332 4.080396
10.748716 15.109272 3.697713
10.614742 15.609272 3.697713
10.248716 15.975297 3.697713
9.748716 16.109272 3.697713
9.248716 15.975297 3.697713
8.882691 15.609272 3.697713
8.748716 15.109272 3.697713
8.882691 14.609272 3.697713
9.248716 14.243247 3.697713
9.748716 14.109272 3.697713
10.248716 14.243247 3.697713
10.614742 14.609272 3.697713
10.672596 15.109272 3.315029
10.548819 15.571212 3.315029
10.210656 15.909375 3.315029
9.748716 16.033152 3.315029
9.286777 15.909375 3.315029
8.948613 15.571212 3.315029
8.824837 15.109272 3.315029
8.948613 14.647332 3.315029
9.286777 14.309169 3.315029
9.748716 14.185392 3.315029
10.210656 14.309169 3.315029
10.548819 14.647332 3.315029
10.455823 15.109272 2.990606
10.361089 15.462825 2.990606
10.102270 15.721644 2.990606
9.748716 15.816379 2.990606
9.395163 15.721644 2.990606
9.136344 15.462825 2.990606
9.041610 15.109272 2.990606
9.136344 14.755719 2.990606
9.395163 14.496900 2.990606
9.748716 14.402165 2.990606
10.102270 14.496900 2.990606
10.361089 14.755719 2.990606
10.131400 15.109272 2.773833
10.080130 15.300614 2.773833
9.940058 15.440686 2.773833
9.748716 15.491955 2.773833
9.557375 15.440686 2.773833
9.417303 15.300614 2.773833
9.366033 15.109272 2.773833
9.417303 14.917930 2.773833
9.557375 14.777858 2.773833
9.748716 14.726589 2.773833
9.940058 14.777858 2.773833
10.080130 14.917930 2.773833
9.748716 15.109272 2.697713
12.848653 10.675570 7.660974
13.231336 10.675570 7.584853
13.180066 10.866911 7.584853
13.039995 11.006983 7.584853
12.848653 11.058253 7.584853
12.657311 11.006983 7.584853
12.517239 10.866911 7.584853
12.465969 10.675570 7.584853
12.517239 10.484228 7.584853
12.657311 10.344156 7.584853
12.848653 10.292886 7.584853
13.039995 10.344156 7.584853
13.180066 10.484228 7.584853
13.555760 10.675570 7.368080
13.461025 11.029123 7.368080
13.202206 11.287942 7.368080
12.848653 11.382676 7.368080
12.495099 11.287942 7.368080
12.236280 11.029123 7.368080
12.141546 10.675570 7.368080
12.236280 10.322016 7.368080
12.495099 10.063197 7.368080
12.848653 9.968463 7.368080
13.202206 10.063197 7.368080
13.461025 10.322016 7.368080
13.772532 10.675570 7.043657
13.648756 11.137509 7.043657
13.310593 11.475673 7.043657
12.848653 11.599449 7.043657
12.386713 11.475673 7.043657
12.048550 11.137509 7.043657
11.924773 10.675570 7.043657
12.048550 10.213630 7.043657
12.386713 9.875466 7.043657
12.848653 9.751690 7.043657
13.310593 9.875466 7.043657
13.648756 10.213630 7.043657
13.848653 10.675570 6.660974
13.714678 11.175570 6.660974
13.348653 11.541595 6.660974
12.848653 11.675570 6.660974
12.348653 11.541595 6.660974
11.982627 11.175570 6.660974
11.848653 10.675570 6.660974
11.982627 10.175570 6.660974
12.348653 9.809544 6.660974
12.848653 9.675570 6.660974
13.348653 9.809544 6.660974
13.714678 10.175570 6.660974
13.772532 10.675570 6.278290
13.648756 11.137509 6.278290
13.310593 11.475673 6.278290
12.848653 11.599449 6.278290
12.386713 11.475673 6.278290
12.048550 11.137509 6.278290
11.924773 10.675570 6.278290
12.048550 10.213630 6.278290
12.386713 9.875466 6.278290
12.848653 9.751690 6.278290
13.310593 9.875466 6.278290
13.648756 10.213630 6.278290
13.555760 10.675570 5.953867
13.461025 11.029123 5.953867
13.202206 11.287942 5.953867
12.848653 11.382676 5.953867
12.495099 11.287942 5.953867
12.236280 11.029123 5.953867
12.141546 10.675570 5.953867
12.236280 10.322016 5.953867
12.495099 10.063197 5.953867
12.848653 9.968463 5.953867
13.202206 10.063197 5.953867
13.461025 10.322016 5.953867
13.231336 10.675570 5.737094
13.180066 10.866911 5.737094
13.039995 11.006983 5.737094
12.848653 11.058253 5.737094
12.657311 11.006983 5.737094
12.517239 10.866911 5.737094
12.465969 10.675570 5.737094
12.517239 10.484228 5.737094
12.657311 10.344156 5.737094
12.848653 10.292886 5.737094
13.039995 10.344156 5.737094
13.180066 10.484228 5.737094
12.848653 10.675570 5.660974
7.759347 16.544107 4.080445
8.142030 16.544107 4.004324
8.090761 16.735449 4.004324
7.950689 16.875521 4.004324
7.759347 16.926791 4.004324
7.568005 16.875521 4.004324
7.427933 16.735449 4.004324
7.376664 16.544107 4.004324
7.427933 16.352766 4.004324
7.568005 16.212694 4.004324
7.759347 16.161424 4.004324
7.950689 16.212694 4.004324
8.090761 16.352766 4.004324
8.466454 16.544107 3.787552
8.371719 16.897661 3.787552
8.112900 17.156480 3.787552
7.759347 17.251214 3.787552
7.405794 17.156480 3.787552
7.146975 16.897661 3.787552
7.052240 16.544107 3.787552
7.146975 16.190554 3.787552
7.405794 15.931735 3.787552
7.759347 15.837001 3.787552
8.112900 15.931735 3.787552
8.371719 16.190554 3.787552
8.683226 16.544107 3.463128
8.559450 17.006047 3.463128
8.221287 17.344211 3.463128
7.759347 17.467987 3.463128
7.297407 17.344211 3.463128
6.959244 17.006047 3.463128
6.835467 16.544107 3.463128
6.959244 16.082168 3.463128
7.297407 15.744004 3.463128
7.759347 15.620228 3.463128
8.221287 15.744004 3.463128
8.559450 16.082168 3.463128
8.759347 16.544107 3.080445
8.625372 17.044107 3.080445
8.259347 17.410133 3.080445
7.759347 17.544107 3.080445
7.259347 17.410133 3.080445
6.893322 17.044107 3.080445
6.759347 16.544107 3.080445
6.893322 16.044107 3.080445
7.259347 15.678082 3.080445
7.759347 15.544107 3.080445
8.259347 15.678082 3.080445
8.625372 16.044107 3.080445
8.683226 16.544107 2.697761
8.559450 17.006047 2.697761
8.221287 17.344211 2.697761
7.759347 17.467987 2.697761
7.297407 17.344211 2.697761
6.959244 17.006047 2.697761
6.835467 16.544107 2.697761
6.959244 16.082168 2.697761
7.297407 15.744004 2.697761
7.759347 15.620228 2.697761
8.221287 15.744004 2.697761
8.559450 16.082168 2.697761
8.466454 16.544107 2.373338
8.371719 16.897661 2.373338
8.112900 17.156480 2.373338
7.759347 17.251214 2.373338
7.405794 17.156480 2.373338
7.146975 16.897661 2.373338
7.052240 16.544107 2.373338
7.146975 16.190554 2.373338
7.405794 15.931735 2.373338
7.759347 15.837001 2.373338
8.112900 15.931735 2.373338
8.371719 16.190554 2.373338
8.142030 16.544107 2.156565
8.090761 16.735449 2.156565
7.950689 16.875521 2.156565
7.759347 16.926791 2.156565
7.568005 16.875521 2.156565
7.427933 16.735449 2.156565
7.376664 16.544107 2.156565
7.427933 16.352766 2.156565
7.568005 16.212694 2.156565
7.759347 16.161424 2.156565
7.950689 16.212694 2.156565
8.090761 16.352766 2.156565
7.759347 16.544107 2.080445
5.907035 17.246805 3.565769
6.289719 17.246805 3.489649
6.238449 17.438147 3.489649
6.098377 17.578219 3.489649
5.907035 17.629489 3.489649
5.715694 17.578219 3.489649
5.575622 17.438147 3.489649
5.524352 17.246805 3.489649
5.575622 17.055463 3.489649
5.715694 16.915392 3.489649
5.907035 16.864122 3.489649
6.098377 16.915392 3.489649
6.238449 17.055463 3.489649
6.614142 17.246805 3.272876
6.519408 17.600359 3.272876
6.260589 17.859178 3.272876
5.907035 17.953912 3.272876
5.553482 17.859178 3.272876
5.294663 17.600359 3.272876
5.199929 17.246805 3.272876
5.294663 16.893252 3.272876
5.553482 16.634433 3.272876
5.907035 16.539698 3.272876
6.260589 16.634433 3.272876
6.519408 16.893252 3.272876
6.830915 17.246805 2.948453
6.707138 17.708745 2.948453
6.368975 18.046908 2.948453
5.907035 18.170685 2.948453
5.445096 18.046908 2.948453
5.106932 17.708745 2.948453
4.983156 17.246805 2.948453
5.106932 16.784865 2.948453
5.445096 16.446702 2.948453
5.907035 16.322926 2.948453
6.368975 16.446702 2.948453
6.707138 16.784865 2.948453
6.907035 17.246805 2.565769
6.773061 17.746805 2.565769
6.407035 18.112831 2.565769
5.907035 18.246805 2.565769
5.407035 18.112831 2.565769
5.041010 17.746805 2.565769
4.907035 17.246805 2.565769
5.041010 16.746805 2.565769
5.407035 16.380780 2.565769
5.907035 16.246805 2.565769
6.407035 16.380780 2.565769
6.773061 16.746805 2.565769
6.830915 17.246805 2.183086
6.707138 17.708745 2.183086
6.368975 18.046908 2.183086
5.907035 18.170685 2.183086
5.445096 18.046908 2.183086
5.106932 17.708745 2.183086
4.983156 17.246805 2.183086
5.106932 16.784865 2.183086
5.445096 16.446702 2.183086
5.907035 16.322926 2.183086
6.368975 16.446702 2.183086
6.707138 16.784865 2.183086
6.614142 17.246805 1.858663
6.519408 17.600359 1.858663
6.260589 17.859178 1.858663
5.907035 17.953912 1.858663
5.553482 17.859178 1.858663
5.294663 17.600359 1.858663
5.199929 17.246805 1.858663
5.294663 16.893252 1.858663
5.553482 16.634433 1.858663
5.907035 16.539698 1.858663
6.260589 16.634433 1.858663
6.519408 16.893252 1.858663
6.289719 17.246805 1.641890
6.238449 17.438147 1.641890
6.098377 17.578219 1.641890
5.907035 17.629489 1.641890
5.715694 17.578219 1.641890
5.575622 17.438147 1.641890
5.524352 17.246805 1.641890
5.575622 17.055463 1.641890
5.715694 16.915392 1.641890
5.907035 16.864122 1.641890
6.098377 16.915392 1.641890
6.238449 17.055463 1.641890
5.907035 17.246805 1.565769
4.545741 17.757807 3.175602
4.928424 17.757807 3.099481
4.877154 17.949148 3.099481
4.737082 18.089220 3.099481
4.545741 18.140490 3.099481
4.354399 18.089220 3.099481
4.214327 17.949148 3.099481
4.163057 17.757807 3.099481
4.214327 17.566465 3.099481
4.354399 17.426393 3.099481
4.545741 17.375123 3.099481
4.737082 17.426393 3.099481
4.877154 17.566465 3.099481
5.252847 17.757807 2.882709
5.158113 18.111360 2.882709
4.899294 18.370179 2.882709
4.545741 18.464914 2.882709
4.192187 18.370179 2.882709
3.933368 18.111360 2.882709
3.838634 17.757807 2.882709
3.933368 17.404253 2.882709
4.192187 17.145434 2.882709
4.545741 17.050700 2.882709
4.899294 17.145434 2.882709
5.158113 17.404253 2.882709
5.469620 17.757807 2.558285
5.345844 18.219747 2.558285
5.007680 18.557910 2.558285
4.545741 18.681686 2.558285
4.083801 18.557910 2.558285
3.745637 18.219747 2.558285
3.621861 17.757807 2.558285
3.745637 17.295867 2.558285
4.083801 16.957704 2.558285
4.545741 16.833927 2.558285
5.007680 16.957704 2.558285
5.345844 17.295867 2.558285
5.545741 17.757807 2.175602
5.411766 18.257807 2.175602
5.045741 18.623832 2.175602
4.545741 18.757807 2.175602
4.045741 18.623832 2.175602
3.679715 18.257807 2.175602
3.545741 17.757807 2.175602
3.679715 17.257807 2.175602
4.045741 16.891781 2.175602
4.545741 16.757807 2.175602
5.045741 16.891781 2.175602
5.411766 17.257807 2.175602
5.469620 17.757807 1.792918
5.345844 18.219747 1.792918
5.007680 18.557910 1.792918
4.545741 18.681686 1.792918
4.083801 18.557910 1.792918
3.745637 18.219747 1.792918
3.621861 17.757807 1.792918
3.745637 17.295867 1.792918
4.083801 16.957704 1.792918
4.545741 16.833927 1.792918
5.007680 16.957704 1.792918
5.345844 17.295867 1.792918
5.252847 17.757807 1.468495
5.158113 18.111360 1.468495
4.899294 18.370179 1.468495
4.545741 18.464914 1.468495
4.192187 18.370179 1.468495
3.933368 18.111360 1.468495
3.838634 17.757807 1.468495
3.933368 17.404253 1.468495
4.192187 17.145434 1.468495
4.545741 17.050700 1.468495
4.899294 17.145434 1.468495
5.158113 17.404253 1.468495
4.928424 17.757807 1.251722
4.877154 17.949148 1.251722
4.737082 18.089220 1.251722
4.545741 18.140490 1.251722
4.354399 18.089220 1.251722
4.214327 17.949148 1.251722
4.163057 17.757807 1.251722
4.214327 17.566465 1.251722
4.354399 17.426393 1.251722
4.545741 17.375123 1.251722
4.737082 17.426393 1.251722
4.877154 17.566465 1.251722
4.545741 17.757807 1.175602
3.483077 17.980118 2.508274
3.865760 17.980118 2.432153
3.814490 18.171460 2.432153
3.674418 18.311531 2.432153
3.483077 18.362801 2.432153
3.291735 18.311531 2.432153
3.151663 18.171460 2.432153
3.100393 17.980118 2.432153
3.151663 17.788776 2.432153
3.291735 17.648704 2.432153
3.483077 17.597434 2.432153
3.674418 17.648704 2.432153
3.814490 17.788776 2.432153
4.190183 17.980118 2.215381
4.095449 18.333671 2.215381
3.836630 18.592490 2.215381
3.483077 18.687225 2.215381
3.129523 18.592490 2.215381
2.870704 18.333671 2.215381
2.775970 17.980118 2.215381
2.870704 17.626564 2.215381
3.129523 17.367745 2.215381
3.483077 17.273011 2.215381
3.836630 17.367745 2.215381
4.095449 17.626564 2.215381
4.406956 17.980118 1.890957
4.283180 18.442058 1.890957
3.945016 18.780221 1.890957
3.483077 18.903997 1.890957
3.021137 18.780221 1.890957
2.682973 18.442058 1.890957
2.559197 17.980118 1.890957
2.682973 17.518178 1.890957
3.021137 17.180015 1.890957
3.483077 17.056238 1.890957
3.945016 17.180015 1.890957
4.283180 17.518178 1.890957
4.483077 17.980118 1.508274
4.349102 18.480118 1.508274
3.983077 18.846143 1.508274
3.483077 18.980118 1.508274
2.983077 18.846143 1.508274
2.617051 18.480118 1.508274
2.483077 17.980118 1.508274
2.617051 17.480118 1.508274
2.983077 17.114092 1.508274
3.483077 16.980118 1.508274
3.983077 17.114092 1.508274
4.349102 17.480118 1.508274
4.406956 17.980118 1.125590
4.283180 18.442058 1.125590
3.945016 18.780221 1.125590
3.483077 18.903997 1.125590
3.021137 18.780221 1.125590
2.682973 18.442058 1.125590
2.559197 17.980118 1.125590
2.682973 17.518178 1.125590
3.021137 17.180015 1.125590
3.483077 17.056238 1.125590
3.945016 17.180015 1.125590
4.283180 17.518178 1.125590
4.190183 17.980118 0.801167
4.095449 18.333671 0.801167
3.836630 18.592490 0.801167
3.483077 18.687225 0.801167
3.129523 18.592490 0.801167
2.870704 18.333671 0.801167
2.775970 17.980118 0.801167
2.870704 17.626564 0.801167
3.129523 17.367745 0.801167
3.483077 17.273011 0.801167
3.836630 17.367745 0.801167
4.095449 17.626564 0.801167
3.865760 17.980118 0.584394
3.814490 18.171460 0.584394
3.674418 18.311531 0.584394
3.483077 18.362801 0.584394
3.291735 18.311531 0.584394
3.151663 18.171460 0.584394
3.100393 17.980118 0.584394
3.151663 17.788776 0.584394
3.291735 17.648704 0.584394
3.483077 17.597434 0.584394
3.674418 17.648704 0.584394
3.814490 17.788776 0.584394
3.483077 17.980118 0.508274
2.386676 17.986296 1.719448
2.769360 17.986296 1.643327
2.718090 18.177637 1.643327
2.578018 18.317709 1.643327
2.386676 18.368979 1.643327
2.195335 18.317709 1.643327
2.055263 18.177637 1.643327
2.003993 17.986296 1.643327
2.055263 17.794954 1.643327
2.195335 17.654882 1.643327
2.386676 17.603612 1.643327
2.578018 17.654882 1.643327
2.718090 17.794954 1.643327
3.093783 17.986296 1.426554
2.999049 18.339849 1.426554
2.740230 18.598668 1.426554
2.386676 18.693402 1.426554
2.033123 18.598668 1.426554
1.774304 18.339849 1.426554
1.679570 17.986296 1.426554
1.774304 17.632742 1.426554
2.033123 17.373923 1.426554
2.386676 17.279189 1.426554
2.740230 17.373923 1.426554
2.999049 17.632742 1.426554
3.310556 17.986296 1.102131
3.186779 18.448235 1.102131
2.848616 18.786399 1.102131
2.386676 18.910175 1.102131
1.924737 18.786399 1.102131
1.586573 18.448235 1.102131
1.462797 17.986296 1.102131
1.586573 17.524356 1.102131
1.924737 17.186193 1.102131
2.386676 17.062416 1.102131
2.848616 17.186193 1.102131
3.186779 17.524356 1.102131
3.386676 17.986296 0.719448
3.252702 18.486296 0.719448
2.886676 18.852321 0.719448
2.386676 18.986296 0.719448
1.886676 18.852321 0.719448
1.520651 18.486296 0.719448
1.386676 17.986296 0.719448
1.520651 17.486296 0.719448
1.886676 17.120270 0.719448
2.386676 16.986296 0.719448
2.886676 17.120270 0.719448
3.252702 17.486296 0.719448
3.310556 17.986296 0.336764
3.186779 18.448235 0.336764
2.848616 18.786399 0.336764
2.386676 18.910175 0.336764
1.924737 18.786399 0.336764
1.586573 18.448235 0.336764
1.462797 17.986296 0.336764
1.586573 17.524356 0.336764
1.924737 17.186193 0.336764
2.386676 17.062416 0.336764
2.848616 17.186193 0.336764
3.186779 17.524356 0.336764
3.093783 17.986296 0.012341
2.999049 18.339849 0.012341
2.740230 18.598668 0.012341
2.386676 18.693402 0.012341
2.033123 18.598668 0.012341
1.774304 18.339849 0.012341
1.679570 17.986296 0.012341
1.774304 17.632742 0.012341
2.033123 17.373923 0.012341
2.386676 17.279189 0.012341
2.740230 17.373923 0.012341
2.999049 17.632742 0.012341
2.769360 17.986296 -0.204432
2.718090 18.177637 -0.204432
2.578018 18.317709 -0.204432
2.386676 18.368979 -0.204432
2.195335 18.317709 -0.204432
2.055263 18.177637 -0.204432
2.003993 17.986296 -0.204432
2.055263 17.794954 -0.204432
2.195335 17.654882 -0.204432
2.386676 17.603612 -0.204432
2.578018 17.654882 -0.204432
2.718090 17.794954 -0.204432
2.386676 17.986296 -0.280552
0.630961 18.162802 1.420972
1.013644 18.162802 1.344851
0.962374 18.354143 1.344851
0.822302 18.494215 1.344851
0.630961 18.545485 1.344851
0.439619 18.494215 1.344851
0.299547 18.354143 1.344851
0.248277 18.162802 1.344851
0.299547 17.971460 1.344851
0.439619 17.831388 1.344851
0.630961 17.780118 1.344851
0.822302 17.831388 1.344851
0.962374 17.971460 1.344851
1.338067 18.162802 1.128079
1.243333 18.516355 1.128079
0.984514 18.775174 1.128079
0.630961 18.869909 1.128079
0.277407 18.775174 1.128079
0.018588 18.516355 1.128079
-0.076146 18.162802 1.128079
0.018588 17.809248 1.128079
0.277407 17.550429 1.128079
0.630961 17.455695 1.128079
0.984514 17.550429 1.128079
1.243333 17.809248 1.128079
1.554840 18.162802 0.803655
1.431064 18.624742 0.803655
1.092900 18.962905 0.803655
0.630961 19.086681 0.803655
0.169021 18.962905 0.803655
-0.169143 18.624742 0.803655
-0.292919 18.162802 0.803655
-0.169143 17.700862 0.803655
0.169021 17.362699 0.803655
0.630961 17.238922 0.803655
1.092900 17.362699 0.803655
1.431064 17.700862 0.803655
1.630961 18.162802 0.420972
1.496986 18.662802 0.420972
1.130961 19.028827 0.420972
0.630961 19.162802 0.420972
0.130961 19.028827 0.420972
-0.235065 18.662802 0.420972
-0.369039 18.162802 0.420972
-0.235065 17.662802 0.420972
0.130961 17.296776 0.420972
0.630961 17.162802 0.420972
1.130961 17.296776 0.420972
1.496986 17.662802 0.420972
1.554840 18.162802 0.038288
1.431064 18.624742 0.038288
1.092900 18.962905 0.038288
0.630961 19.086681 0.038288
0.169021 18.962905 0.038288
-0.169143 18.624742 0.038288
-0.292919 18.162802 0.038288
-0.169143 17.700862 0.038288
0.169021 17.362699 0.038288
0.630961 17.238922 0.038288
1.092900 17.362699 0.038288
1.431064 17.700862 0.038288
1.338067 18.162802 -0.286135
1.243333 18.516355 -0.286135
0.984514 18.775174 -0.286135
0.630961 18.869909 -0.286135
0.277407 18.775174 -0.286135
0.018588 18.516355 -0.286135
-0.076146 18.162802 -0.286135
0.018588 17.809248 -0.286135
0.277407 17.550429 -0.286135
0.630961 17.455695 -0.286135
0.984514 17.550429 -0.286135
1.243333 17.809248 -0.286135
1.013644 18.162802 -0.502908
0.962374 18.354143 -0.502908
0.822302 18.494215 -0.502908
0.630961 18.545485 -0.502908
0.439619 18.494215 -0.502908
0.299547 18.354143 -0.502908
0.248277 18.162802 -0.502908
0.299547 17.971460 -0.502908
0.439619 17.831388 -0.502908
0.630961 17.780118 -0.502908
0.822302 17.831388 -0.502908
0.962374 17.971460 -0.502908
0.630961 18.162802 -0.579028
-1.392791 18.162037 1.645243
-1.010107 18.162037 1.569122
-1.061377 18.353379 1.569122
-1.201449 18.493450 1.569122
-1.392791 18.544720 1.569122
-1.584132 18.493450 1.569122
-1.724204 18.353379 1.569122
-1.775474 18.162037 1.569122
-1.724204 17.970695 1.569122
-1.584132 17.830623 1.569122
-1.392791 17.779353 1.569122
-1.201449 17.830623 1.569122
-1.061377 17.970695 1.569122
-0.685684 18.162037 1.352349
-0.780418 18.515590 1.352349
-1.039237 18.774409 1.352349
-1.392791 18.869144 1.352349
-1.746344 18.774409 1.352349
-2.005163 18.515590 1.352349
-2.099897 18.162037 1.352349
-2.005163 17.808484 1.352349
-1.746344 17.549664 1.352349
-1.392791 17.454930 1.352349
-1.039237 17.549664 1.352349
-0.780418 17.808484 1.352349
-0.468911 18.162037 1.027926
-0.592687 18.623977 1.027926
-0.930851 18.962140 1.027926
-1.392791 19.085916 1.027926
-1.854730 18.962140 1.027926
-2.192894 18.623977 1.027926
-2.316670 18.162037 1.027926
-2.192894 17.700097 1.027926
-1.854730 17.361934 1.027926
-1.392791 17.238157 1.027926
-0.930851 17.361934 1.027926
-0.592687 17.700097 1.027926
-0.392791 18.162037 0.645243
-0.526765 18.662037 0.645243
-0.892791 19.028062 0.645243
-1.392791 19.162037 0.645243
-1.892791 19.028062 0.645243
-2.258816 18.662037 0.645243
-2.392791 18.162037 0.645243
-2.258816 17.662037 0.645243
-1.892791 17.296011 0.645243
-1.392791 17.162037 0.645243
-0.892791 17.296011 0.645243
-0.526765 17.662037 0.645243
-0.468911 18.162037 0.262559
-0.592687 18.623977 0.262559
-0.930851 18.962140 0.262559
-1.392791 19.085916 0.262559
-1.854730 18.962140 0.262559
-2.192894 18.623977 0.262559
-2.316670 18.162037 0.262559
-2.192894 17.700097 0.262559
-1.854730 17.361934 0.262559
-1.392791 17.238157 0.262559
-0.930851 17.361934 0.262559
-0.592687 17.700097 0.262559
-0.685684 18.162037 -0.061864
-0.780418 18.515590 -0.061864
-1.039237 18.774409 -0.061864
-1.392791 18.869144 -0.061864
-1.746344 18.774409 -0.061864
-2.005163 18.515590 -0.061864
-2.099897 18.162037 -0.061864
-2.005163 17.808484 -0.061864
-1.746344 17.549664 -0.061864
-1.392791 17.454930 -0.061864
-1.039237 17.549664 -0.061864
-0.780418 17.808484 -0.061864
-1.010107 18.162037 -0.278637
-1.061377 18.353379 -0.278637
-1.201449 18.493450 -0.278637
-1.392791 18.544720 -0.278637
-1.584132 18.493450 -0.278637
-1.724204 18.353379 -0.278637
-1.775474 18.162037 -0.278637
-1.724204 17.970695 -0.278637
-1.584132 17.830623 -0.278637
-1.392791 17.779353 -0.278637
-1.201449 17.830623 -0.278637
-1.061377 17.970695 -0.278637
-1.392791 18.162037 -0.354757
-3.146572 17.690733 2.184148
-2.763888 17.690733 2.108027
-2.815158 17.882075 2.108027
-2.955230 18.022147 2.108027
-3.146572 18.073416 2.108027
-3.337913 18.022147 2.108027
-3.477985 17.882075 2.108027
-3.529255 17.690733 2.108027
-3.477985 17.499391 2.108027
-3.337913 17.359319 2.108027
-3.146572 17.308050 2.108027
-2.955230 17.359319 2.108027
-2.815158 17.499391 2.108027
-2.439465 17.690733 1.891254
-2.534199 18.044286 1.891254
-2.793018 18.303105 1.891254
-3.146572 18.397840 1.891254
-3.500125 18.303105 1.891254
-3.758944 18.044286 1.891254
-3.853678 17.690733 1.891254
-3.758944 17.337180 1.891254
-3.500125 17.078361 1.891254
-3.146572 16.983626 1.891254
-2.793018 17.078361 1.891254
-2.534199 17.337180 1.891254
-2.222692 17.690733 1.566831
-2.346468 18.152673 1.566831
-2.684632 18.490836 1.566831
-3.146572 18.614612 1.566831
-3.608511 18.490836 1.566831
-3.946675 18.152673 1.566831
-4.070451 17.690733 1.566831
-3.946675 17.228793 1.566831
-3.608511 16.890630 1.566831
-3.146572 16.766853 1.566831
-2.684632 16.890630 1.566831
-2.346468 17.228793 1.566831
-2.146572 17.690733 1.184148
-2.280546 18.190733 1.184148
-2.646572 18.556758 1.184148
-3.146572 18.690733 1.184148
-3.646572 18.556758 1.184148
-4.012597 18.190733 1.184148
-4.146572 17.690733 1.184148
-4.012597 17.190733 1.184148
-3.646572 16.824708 1.184148
-3.146572 16.690733 1.184148
-2.646572 16.824708 1.184148
-2.280546 17.190733 1.184148
-2.222692 17.690733 0.801464
-2.346468 18.152673 0.801464
-2.684632 18.490836 0.801464
-3.146572 18.614612 0.801464
-3.608511 18.490836 0.801464
-3.946675 18.152673 0.801464
-4.070451 17.690733 0.801464
-3.946675 17.228793 0.801464
-3.608511 16.890630 0.801464
-3.146572 16.766853 0.801464
-2.684632 16.890630 0.801464
-2.346468 17.228793 0.801464
-2.439465 17.690733 0.477041
-2.534199 18.044286 0.477041
-2.793018 18.303105 0.477041
-3.146572 18.397840 0.477041
-3.500125 18.303105 0.477041
-3.758944 18.044286 0.477041
-3.853678 17.690733 0.477041
-3.758944 17.337180 0.477041
-3.500125 17.078361 0.477041
-3.146572 16.983626 0.477041
-2.793018 17.078361 0.477041
-2.534199 17.337180 0.477041
-2.763888 17.690733 0.260268
-2.815158 17.882075 0.260268
-2.955230 18.022147 0.260268
-3.146572 18.073416 0.260268
-3.337913 18.022147 0.260268
-3.477985 17.882075 0.260268
-3.529255 17.690733 0.260268
-3.477985 17.499391 0.260268
-3.337913 17.359319 0.260268
-3.146572 17.308050 0.260268
-2.955230 17.359319 0.260268
-2.815158 17.499391 0.260268
-3.146572 17.690733 0.184148
2.561545 4.305140 2.357646
2.944228 4.305140 2.281526
2.892958 4.496482 2.281526
2.752886 4.636554 2.281526
2.561545 4.687823 2.281526
2.370203 4.636554 2.281526
2.230131 4.496482 2.281526
2.178861 4.305140 2.281526
2.230131 4.113798 2.281526
2.370203 3.973726 2.281526
2.561545 3.922457 2.281526
2.752886 3.973726 2.281526
2.892958 4.113798 2.281526
3.268651 4.305140 2.064753
3.173917 4.658693 2.064753
2.915098 4.917512 2.064753
2.561545 5.012247 2.064753
2.207991 4.917512 2.064753
1.949172 4.658693 2.064753
1.854438 4.305140 2.064753
1.949172 3.951587 2.064753
2.207991 3.692768 2.064753
2.561545 3.598033 2.064753
2.915098 3.692768 2.064753
3.173917 3.951587 2.064753
3.485424 4.305140 1.740330
3.361648 4.767080 1.740330
3.023484 5.105243 1.740330
2.561545 5.229020 1.740330
2.099605 5.105243 1.740330
1.761442 4.767080 1.740330
1.637665 4.305140 1.740330
1.761442 3.843200 1.740330
2.099605 3.505037 1.740330
2.561545 3.381260 1.740330
3.023484 3.505037 1.740330
3.361648 3.843200 1.740330
3.561545 4.305140 1.357646
3.427570 4.805140 1.357646
3.061545 5.171165 1.357646
2.561545 5.305140 1.357646
2.061545 5.171165 1.357646
1.695519 4.805140 1.357646
1.561545 4.305140 1.357646
1.695519 3.805140 1.357646
2.061545 3.439115 1.357646
2.561545 3.305140 1.357646
3.061545 3.439115 1.357646
3.427570 3.805140 1.357646
3.485424 4.305140 0.974963
3.361648 4.767080 0.974963
3.023484 5.105243 0.974963
2.561545 5.229020 0.974963
2.099605 5.105243 0.974963
1.761442 4.767080 0.974963
1.637665 4.305140 0.974963
1.761442 3.843200 0.974963
2.099605 3.505037 0.974963
2.561545 3.381260 0.974963
3.023484 3.505037 0.974963
3.361648 3.843200 0.974963
3.268651 4.305140 0.650539
3.173917 4.658693 0.650539
2.915098 4.917512 0.650539
2.561545 5.012247 0.650539
2.207991 4.917512 0.650539
1.949172 4.658693 0.650539
1.854438 4.305140 0.650539
1.949172 3.951587 0.650539
2.207991 3.692768 0.650539
2.561545 3.598033 0.650539
2.915098 3.692768 0.650539
3.173917 3.951587 0.650539
2.944228 4.305140 0.433767
2.892958 4.496482 0.433767
2.752886 4.636554 0.433767
2.561545 4.687823 0.433767
2.370203 4.636554 0.433767
2.230131 4.496482 0.433767
2.178861 4.305140 0.433767
2.230131 4.113798 0.433767
2.370203 3.973726 0.433767
2.561545 3.922457 0.433767
2.752886 3.973726 0.433767
2.892958 4.113798 0.433767
2.561545 4.305140 0.357646
0.980135 5.191591 1.864084
1.362819 5.191591 1.787964
1.311549 5.382933 1.787964
1.171477 5.523005 1.787964
0.980135 5.574275 1.787964
0.788793 5.523005 1.787964
0.648722 5.382933 1.787964
0.597452 5.191591 1.787964
0.648722 5.000250 1.787964
0.788793 4.860178 1.787964
0.980135 4.808908 1.787964
1.171477 4.860178 1.787964
1.311549 5.000250 1.787964
1.687242 5.191591 1.571191
1.592508 5.545145 1.571191
1.333689 5.803964 1.571191
0.980135 5.898698 1.571191
0.626582 5.803964 1.571191
0.367763 5.545145 1.571191
0.273028 5.191591 1.571191
0.367763 4.838038 1.571191
0.626582 4.579219 1.571191
0.980135 4.484484 1.571191
1.333689 4.579219 1.571191
1.592508 4.838038 1.571191
1.904015 5.191591 1.246767
1.780238 5.653531 1.246767
1.442075 5.991694 1.246767
0.980135 6.115471 1.246767
0.518195 5.991694 1.246767
0.180032 5.653531 1.246767
0.056256 5.191591 1.246767
0.180032 4.729651 1.246767
0.518195 4.391488 1.246767
0.980135 4.267712 1.246767
1.442075 4.391488 1.246767
1.780238 4.729651 1.246767
1.980135 5.191591 0.864084
1.846161 5.691591 0.864084
1.480135 6.057617 0.864084
0.980135 6.191591 0.864084
0.480135 6.057617 0.864084
0.114110 5.691591 0.864084
-0.019865 5.191591 0.864084
0.114110 4.691591 0.864084
0.480135 4.325566 0.864084
0.980135 4.191591 0.864084
1.480135 4.325566 0.864084
1.846161 4.691591 0.864084
1.904015 5.191591 0.481401
1.780238 5.653531 0.481401
1.442075 5.991694 0.481401
0.980135 6.115471 0.481401
0.518195 5.991694 0.481401
0.180032 5.653531 0.481401
0.056256 5.191591 0.481401
0.180032 4.729651 0.481401
0.518195 4.391488 0.481401
0.980135 4.267712 0.481401
1.442075 4.391488 0.481401
1.780238 4.729651 0.481401
1.687242 5.191591 0.156977
1.592508 5.545145 0.156977
1.333689 5.803964 0.156977
0.980135 5.898698 0.156977
0.626582 5.803964 0.156977
0.367763 5.545145 0.156977
0.273028 5.191591 0.156977
0.367763 4.838038 0.156977
0.626582 4.579219 0.156977
0.980135 4.484484 0.156977
1.333689 4.579219 0.156977
1.592508 4.838038 0.156977
1.362819 5.191591 -0.059796
1.311549 5.382933 -0.059796
1.171477 5.523005 -0.059796
0.980135 5.574275 -0.059796
0.788793 5.523005 -0.059796
0.648722 5.382933 -0.059796
0.597452 5.191591 -0.059796
0.648722 5.000250 -0.059796
0.788793 4.860178 -0.059796
0.980135 4.808908 -0.059796
1.171477 4.860178 -0.059796
1.311549 5.000250 -0.059796
0.980135 5.191591 -0.135916
11.207308 -8.630586 20.437267
11.589991 -8.630586 20.361147
11.538721 -8.439244 20.361147
11.398650 -8.299172 20.361147
11.207308 -8.247902 20.361147
11.015966 -8.299172 20.361147
10.875894 -8.439244 20.361147
10.824624 -8.630586 20.361147
10.875894 -8.821927 20.361147
11.015966 -8.961999 20.361147
11.207308 -9.013269 20.361147
11.398650 -8.961999 20.361147
11.538721 -8.821927 20.361147
11.914415 -8.630586 20.144374
11.819680 -8.277032 20.144374
11.560861 -8.018213 20.144374
11.207308 -7.923479 20.144374
10.853754 -8.018213 20.144374
10.594935 -8.277032 20.144374
10.500201 -8.630586 20.144374
10.594935 -8.984139 20.144374
10.853754 -9.242958 20.144374
11.207308 -9.337692 20.144374
11.560861 -9.242958 20.144374
11.819680 -8.984139 20.144374
12.131187 -8.630586 19.819951
12.007411 -8.168646 19.819951
11.669248 -7.830483 19.819951
11.207308 -7.706706 19.819951
10.745368 -7.830483 19.819951
10.407205 -8.168646 19.819951
10.283428 -8.630586 19.819951
10.407205 -9.092525 19.819951
10.745368 -9.430689 19.819951
11.207308 -9.554465 19.819951
11.669248 -9.430689 19.819951
12.007411 -9.092525 19.819951
12.207308 -8.630586 19.437267
12.073333 -8.130586 19.437267
11.707308 -7.764560 19.437267
11.207308 -7.630586 19.437267
10.707308 -7.764560 19.437267
10.341282 -8.130586 19.437267
10.207308 -8.630586 19.437267
10.341282 -9.130586 19.437267
10.707308 -9.496611 19.437267
11.207308 -9.630586 19.437267
11.707308 -9.496611 19.437267
12.073333 -9.130586 19.437267
12.131187 -8.630586 19.054584
12.007411 -8.168646 19.054584
11.669248 -7.830483 19.054584
11.207308 -7.706706 19.054584
10.745368 -7.830483 19.054584
10.407205 -8.168646 19.054584
10.283428 -8.630586 19.054584
10.407205 -9.092525 19.054584
10.745368 -9.430689 19.054584
11.207308 -9.554465 19.054584
11.669248 -9.430689 19.054584
12.007411 -9.092525 19.054584
11.914415 -8.630586 18.730161
11.819680 -8.277032 18.730161
11.560861 -8.018213 18.730161
11.207308 -7.923479 18.730161
10.853754 -8.018213 18.730161
10.594935 -8.277032 18.730161
10.500201 -8.630586 18.730161
10.594935 -8.984139 18.730161
10.853754 -9.242958 18.730161
11.207308 -9.337692 18.730161
11.560861 -9.242958 18.730161
11.819680 -8.984139 18.730161
11.589991 -8.630586 18.513388
11.538721 -8.439244 18.513388
11.398650 -8.299172 18.513388
11.207308 -8.247902 18.513388
11.015966 -8.299172 18.513388
10.875894 -8.439244 18.513388
10.824624 -8.630586 18.513388
10.875894 -8.821927 18.513388
11.015966 -8.961999 18.513388
11.207308 -9.013269 18.513388
11.398650 -8.961999 18.513388
11.538721 -8.821927 18.513388
11.207308 -8.630586 18.437267
15.704083 6.770784 22.687202
16.086767 6.770784 22.611082
16.035497 6.962126 22.611082
15.895425 7.102198 22.611082
15.704083 7.153468 22.611082
15.512742 7.102198 22.611082
15.372670 6.962126 22.611082
15.321400 6.770784 22.611082
15.372670 6.579443 22.611082
15.512742 6.439371 22.611082
15.704083 6.388101 22.611082
15.895425 6.439371 22.611082
16.035497 6.579443 22.611082
16.411190 6.770784 22.394309
16.316456 7.124338 22.394309
16.057637 7.383157 22.394309
15.704083 7.477891 22.394309
15.350530 7.383157 22.394309
15.091711 7.124338 22.394309
14.996977 6.770784 22.394309
15.091711 6.417231 22.394309
15.350530 6.158412 22.394309
15.704083 6.063678 22.394309
16.057637 6.158412 22.394309
16.316456 6.417231 22.394309
16.627963 6.770784 22.069886
16.504187 7.232724 22.069886
16.166023 7.570888 22.069886
15.704083 7.694664 22.069886
15.242144 7.570888 22.069886
14.903980 7.232724 22.069886
14.780204 6.770784 22.069886
14.903980 6.308845 22.069886
15.242144 5.970681 22.069886
15.704083 5.846905 22.069886
16.166023 5.970681 22.069886
16.504187 6.308845 22.069886
16.704083 6.770784 21.687202
16.570109 7.270784 21.687202
16.204083 7.636810 21.687202
15.704083 7.770784 21.687202
15.204083 7.636810 21.687202
14.838058 7.270784 21.687202
14.704083 6.770784 21.687202
14.838058 6.270784 21.687202
15.204083 5.904759 21.687202
15.704083 5.770784 21.687202
16.204083 5.904759 21.687202
16.570109 6.270784 21.687202
16.627963 6.770784 21.304519
16.504187 7.232724 21.304519
16.166023 7.570888 21.304519
15.704083 7.694664 21.304519
15.242144 7.570888 21.304519
14.903980 7.232724 21.304519
14.780204 6.770784 21.304519
14.903980 6.308845 21.304519
15.242144 5.970681 21.304519
15.704083 5.846905 21.304519
16.166023 5.970681 21.304519
16.504187 6.308845 21.304519
16.411190 6.770784 20.980096
16.316456 7.124338 20.980096
16.057637 7.383157 20.980096
15.704083 7.477891 20.980096
15.350530 7.383157 20.980096
15.091711 7.124338 20.980096
14.996977 6.770784 20.980096
15.091711 6.417231 20.980096
15.350530 6.158412 20.980096
15.704083 6.063678 20.980096
16.057637 6.158412 20.980096
16.316456 6.417231 20.980096
16.086767 6.770784 20.763323
16.035497 6.962126 20.763323
15.895425 7.102198 20.763323
15.704083 7.153468 20.763323
15.512742 7.102198 20.763323
15.372670 6.962126 20.763323
15.321400 6.770784 20.763323
15.372670 6.579443 20.763323
15.512742 6.439371 20.763323
15.704083 6.388101 20.763323
15.895425 6.439371 20.763323
16.035497 6.579443 20.763323
15.704083 6.770784 20.687202
15.510529 5.527456 24.309336
15.893212 5.527456 24.233215
15.841942 5.718798 24.233215
15.701870 5.858870 24.233215
15.510529 5.910140 24.233215
15.319187 5.858870 24.233215
15.179115 5.718798 24.233215
15.127845 5.527456 24.233215
15.179115 5.336115 24.233215
15.319187 5.196043 24.233215
15.510529 5.144773 24.233215
15.701870 5.196043 24.233215
15.841942 5.336115 24.233215
16.217635 5.527456 24.016442
16.122901 5.881010 24.016442
15.864082 6.139829 24.016442
15.510529 6.234563 24.016442
15.156975 6.139829 24.016442
14.898156 5.881010 24.016442
14.803422 5.527456 24.016442
14.898156 5.173903 24.016442
15.156975 4.915084 24.016442
15.510529 4.820350 24.016442
15.864082 4.915084 24.016442
16.122901 5.173903 24.016442
16.434408 5.527456 23.692019
16.310632 5.989396 23.692019
15.972468 6.327559 23.692019
15.510529 6.451336 23.692019
15.048589 6.327559 23.692019
14.710425 5.989396 23.692019
14.586649 5.527456 23.692019
14.710425 5.065517 23.692019
15.048589 4.727353 23.692019
15.510529 4.603577 23.692019
15.972468 4.727353 23.692019
16.310632 5.065517 23.692019
16.510529 5.527456 23.309336
16.376554 6.027456 23.309336
16.010529 6.393482 23.309336
15.510529 6.527456 23.309336
15.010529 6.393482 23.309336
14.644503 6.027456 23.309336
14.510529 5.527456 23.309336
14.644503 5.027456 23.309336
15.010529 4.661431 23.309336
15.510529 4.527456 23.309336
16.010529 4.661431 23.309336
16.376554 5.027456 23.309336
16.434408 5.527456 22.926652
16.310632 5.989396 22.926652
15.972468 6.327559 22.926652
15.510529 6.451336 22.926652
15.048589 6.327559 22.926652
14.710425 5.989396 22.926652
14.586649 5.527456 22.926652
14.710425 5.065517 22.926652
15.048589 4.727353 22.926652
15.510529 4.603577 22.926652
15.972468 4.727353 22.926652
16.310632 5.065517 22.926652
16.217635 5.527456 22.602229
16.122901 5.881010 22.602229
15.864082 6.139829 22.602229
15.510529 6.234563 22.602229
15.156975 6.139829 22.602229
14.898156 5.881010 22.602229
14.803422 5.527456 22.602229
14.898156 5.173903 22.602229
15.156975 4.915084 22.602229
15.510529 4.820350 22.602229
15.864082 4.915084 22.602229
16.122901 5.173903 22.602229
15.893212 5.527456 22.385456
15.841942 5.718798 22.385456
15.701870 5.858870 22.385456
15.510529 5.910140 22.385456
15.319187 5.858870 22.385456
15.179115 5.718798 22.385456
15.127845 5.527456 22.385456
15.179115 5.336115 22.385456
15.319187 5.196043 22.385456
15.510529 5.144773 22.385456
15.701870 5.196043 22.385456
15.841942 5.336115 22.385456
15.510529 5.527456 22.309336
15.106844 4.304826 24.550564
15.489527 4.304826 24.474443
15.438258 4.496168 24.474443
15.298186 4.636240 24.474443
15.106844 4.687510 24.474443
14.915502 4.636240 24.474443
14.775430 4.496168 24.474443
14.724161 4.304826 24.474443
14.775430 4.113485 24.474443
14.915502 3.973413 24.474443
15.106844 3.922143 24.474443
15.298186 3.973413 24.474443
15.438258 4.113485 24.474443
15.813951 4.304826 24.257671
15.719216 4.658380 24.257671
15.460397 4.917199 24.257671
15.106844 5.011933 24.257671
14.753291 4.917199 24.257671
14.494472 4.658380 24.257671
14.399737 4.304826 24.257671
14.494472 3.951273 24.257671
14.753291 3.692454 24.257671
15.106844 3.597719 24.257671
15.460397 3.692454 24.257671
15.719216 3.951273 24.257671
16.030723 4.304826 23.933247
15.906947 4.766766 23.933247
15.568784 5.104929 23.933247
15.106844 5.228706 23.933247
14.644904 5.104929 23.933247
14.306741 4.766766 23.933247
14.182964 4.304826 23.933247
14.306741 3.842886 23.933247
14.644904 3.504723 23.933247
15.106844 3.380947 23.933247
15.568784 3.504723 23.933247
15.906947 3.842886 23.933247
16.106844 4.304826 23.550564
15.972869 4.804826 23.550564
15.606844 5.170852 23.550564
15.106844 5.304826 23.550564
14.606844 5.170852 23.550564
14.240819 4.804826 23.550564
14.106844 4.304826 23.550564
14.240819 3.804826 23.550564
14.606844 3.438801 23.550564
15.106844 3.304826 23.550564
15.606844 3.438801 23.550564
15.972869 3.804826 23.550564
16.030723 4.304826 23.167880
15.906947 4.766766 23.167880
15.568784 5.104929 23.167880
15.106844 5.228706 23.167880
14.644904 5.104929 23.167880
14.306741 4.766766 23.167880
14.182964 4.304826 23.167880
14.306741 3.842886 23.167880
14.644904 3.504723 23.167880
15.106844 3.380947 23.167880
15.568784 3.504723 23.167880
15.906947 3.842886 23.167880
15.813951 4.304826 22.843457
15.719216 4.658380 22.843457
15.460397 4.917199 22.843457
15.106844 5.011933 22.843457
14.753291 4.917199 22.843457
14.494472 4.658380 22.843457
14.399737 4.304826 22.843457
14.494472 3.951273 22.843457
14.753291 3.692454 22.843457
15.106844 3.597719 22.843457
15.460397 3.692454 22.843457
15.719216 3.951273 22.843457
15.489527 4.304826 22.626684
15.438258 4.496168 22.626684
15.298186 4.636240 22.626684
15.106844 4.687510 22.626684
14.915502 4.636240 22.626684
14.775430 4.496168 22.626684
14.724161 4.304826 22.626684
14.775430 4.113485 22.626684
14.915502 3.973413 22.626684
15.106844 3.922143 22.626684
15.298186 3.973413 22.626684
15.438258 4.113485 22.626684
15.106844 4.304826 22.550564
14.363177 3.388435 24.815542
14.745861 3.388435 24.739422
14.694591 3.579776 24.739422
14.554519 3.719848 24.739422
14.363177 3.771118 24.739422
14.171836 3.719848 24.739422
14.031764 3.579776 24.739422
13.980494 3.388435 24.739422
14.031764 3.197093 24.739422
14.171836 3.057021 24.739422
14.363177 3.005751 24.739422
14.554519 3.057021 24.739422
14.694591 3.197093 24.739422
15.070284 3.388435 24.522649
14.975550 3.741988 24.522649
14.716731 4.000807 24.522649
14.363177 4.095541 24.522649
14.009624 4.000807 24.522649
13.750805 3.741988 24.522649
13.656071 3.388435 24.522649
13.750805 3.034881 24.522649
14.009624 2.776062 24.522649
14.363177 2.681328 24.522649
14.716731 2.776062 24.522649
14.975550 3.034881 24.522649
15.287057 3.388435 24.198226
15.163280 3.850374 24.198226
14.825117 4.188538 24.198226
14.363177 4.312314 24.198226
13.901238 4.188538 24.198226
13.563074 3.850374 24.198226
13.439298 3.388435 24.198226
13.563074 2.926495 24.198226
13.901238 2.588332 24.198226
14.363177 2.464555 24.198226
14.825117 2.588332 24.198226
15.163280 2.926495 24.198226
15.363177 3.388435 23.815542
15.229203 3.888435 23.815542
14.863177 4.254460 23.815542
14.363177 4.388435 23.815542
13.863177 4.254460 23.815542
13.497152 3.888435 23.815542
13.363177 3.388435 23.815542
13.497152 2.888435 23.815542
13.863177 2.522409 23.815542
14.363177 2.388435 23.815542
14.863177 2.522409 23.815542
15.229203 2.888435 23.815542
15.287057 3.388435 23.432859
15.163280 3.850374 23.432859
14.825117 4.188538 23.432859
14.363177 4.312314 23.432859
13.901238 4.188538 23.432859
13.563074 3.850374 23.432859
13.439298 3.388435 23.432859
13.563074 2.926495 23.432859
13.901238 2.588332 23.432859
14.363177 2.464555 23.432859
14.825117 2.588332 23.432859
15.163280 2.926495 23.432859
15.070284 3.388435 23.108435
14.975550 3.741988 23.108435
14.716731 4.000807 23.108435
14.363177 4.095541 23.108435
14.009624 4.000807 23.108435
13.750805 3.741988 23.108435
13.656071 3.388435 23.108435
13.750805 3.034881 23.108435
14.009624 2.776062 23.108435
14.363177 2.681328 23.108435
14.716731 2.776062 23.108435
14.975550 3.034881 23.108435
14.745861 3.388435 22.891663
14.694591 3.579776 22.891663
14.554519 3.719848 22.891663
14.363177 3.771118 22.891663
14.171836 3.719848 22.891663
14.031764 3.579776 22.891663
13.980494 3.388435 22.891663
14.031764 3.197093 22.891663
14.171836 3.057021 22.891663
14.363177 3.005751 22.891663
14.554519 3.057021 22.891663
14.694591 3.197093 22.891663
14.363177 3.388435 22.815542
13.040545 1.607785 24.679230
13.423229 1.607785 24.603109
13.371959 1.799127 24.603109
13.231887 1.939199 24.603109
13.040545 1.990469 24.603109
12.849204 1.939199 24.603109
12.709132 1.799127 24.603109
12.657862 1.607785 24.603109
12.709132 1.416443 24.603109
12.849204 1.276372 24.603109
13.040545 1.225102 24.603109
13.231887 1.276372 24.603109
13.371959 1.416443 24.603109
13.747652 1.607785 24.386337
13.652918 1.961338 24.386337
13.394099 2.220158 24.386337
13.040545 2.314892 24.386337
12.686992 2.220158 24.386337
12.428173 1.961338 24.386337
12.333439 1.607785 24.386337
12.428173 1.254232 24.386337
12.686992 0.995413 24.386337
13.040545 0.900678 24.386337
13.394099 0.995413 24.386337
13.652918 1.254232 24.386337
13.964425 1.607785 24.061913
13.840649 2.069725 24.061913
13.502485 2.407888 24.061913
13.040545 2.531665 24.061913
12.578606 2.407888 24.061913
12.240442 2.069725 24.061913
12.116666 1.607785 24.061913
12.240442 1.145845 24.061913
12.578606 0.807682 24.061913
13.040545 0.683906 24.061913
13.502485 0.807682 24.061913
13.840649 1.145845 24.061913
14.040545 1.607785 23.679230
13.906571 2.107785 23.679230
13.540545 2.473811 23.679230
13.040545 2.607785 23.679230
12.540545 2.473811 23.679230
12.174520 2.107785 23.679230
12.040545 1.607785 23.679230
12.174520 1.107785 23.679230
12.540545 0.741760 23.679230
13.040545 0.607785 23.679230
13.540545 0.741760 23.679230
13.906571 1.107785 23.679230
13.964425 1.607785 23.296546
13.840649 2.069725 23.296546
13.502485 2.407888 23.296546
13.040545 2.531665 23.296546
12.578606 2.407888 23.296546
12.240442 2.069725 23.296546
12.116666 1.607785 23.296546
12.240442 1.145845 23.296546
12.578606 0.807682 23.296546
13.040545 0.683906 23.296546
13.502485 0.807682 23.296546
13.840649 1.145845 23.296546
13.747652 1.607785 22.972123
13.652918 1.961338 22.972123
13.394099 2.220158 22.972123
13.040545 2.314892 22.972123
12.686992 2.220158 22.972123
12.428173 1.961338 22.972123
12.333439 1.607785 22.972123
12.428173 1.254232 22.972123
12.686992 0.995413 22.972123
13.040545 0.900678 22.972123
13.394099 0.995413 22.972123
13.652918 1.254232 22.972123
13.423229 1.607785 22.755350
13.371959 1.799127 22.755350
13.231887 1.939199 22.755350
13.040545 1.990469 22.755350
12.849204 1.939199 22.755350
12.709132 1.799127 22.755350
12.657862 1.607785 22.755350
12.709132 1.416443 22.755350
12.849204 1.276372 22.755350
13.040545 1.225102 22.755350
13.231887 1.276372 22.755350
13.371959 1.416443 22.755350
13.040545 1.607785 22.679230
12.106277 0.805420 24.957586
12.488961 0.805420 24.881466
12.437691 0.996762 24.881466
12.297619 1.136834 24.881466
12.106277 1.188104 24.881466
11.914936 1.136834 24.881466
11.774864 0.996762 24.881466
11.723594 0.805420 24.881466
11.774864 0.614079 24.881466
11.914936 0.474007 24.881466
12.106277 0.422737 24.881466
12.297619 0.474007 24.881466
12.437691 0.614079 24.881466
12.813384 0.805420 24.664693
12.718650 1.158974 24.664693
12.459831 1.417793 24.664693
12.106277 1.512527 24.664693
11.752724 1.417793 24.664693
11.493905 1.158974 24.664693
11.399171 0.805420 24.664693
11.493905 0.451867 24.664693
11.752724 0.193048 24.664693
12.106277 0.098314 24.664693
12.459831 0.193048 24.664693
12.718650 0.451867 24.664693
13.030157 0.805420 24.340270
12.906381 1.267360 24.340270
12.568217 1.605524 24.340270
12.106277 1.729300 24.340270
11.644338 1.605524 24.340270
11.306174 1.267360 24.340270
11.182398 0.805420 24.340270
11.306174 0.343481 24.340270
11.644338 0.005317 24.340270
12.106277 -0.118459 24.340270
12.568217 0.005317 24.340270
12.906381 0.343481 24.340270
13.106277 0.805420 23.957586
12.972303 1.305420 23.957586
12.606277 1.671446 23.957586
12.106277 1.805420 23.957586
11.606277 1.671446 23.957586
11.240252 1.305420 23.957586
11.106277 0.805420 23.957586
11.240252 0.305420 23.957586
11.606277 -0.060605 23.957586
12.106277 -0.194580 23.957586
12.606277 -0.060605 23.957586
12.972303 0.305420 23.957586
13.030157 0.805420 23.574903
12.906381 1.267360 23.574903
12.568217 1.605524 23.574903
12.106277 1.729300 23.574903
11.644338 1.605524 23.574903
11.306174 1.267360 23.574903
11.182398 0.805420 23.574903
11.306174 0.343481 23.574903
11.644338 0.005317 23.574903
12.106277 -0.118459 23.574903
12.568217 0.005317 23.574903
12.906381 0.343481 23.574903
12.813384 0.805420 23.250480
12.718650 1.158974 23.250480
12.459831 1.417793 23.250480
12.106277 1.512527 23.250480
11.752724 1.417793 23.250480
11.493905 1.158974 23.250480
11.399171 0.805420 23.250480
11.493905 0.451867 23.250480
11.752724 0.193048 23.250480
12.106277 0.098314 23.250480
12.459831 0.193048 23.250480
12.718650 0.451867 23.250480
12.488961 0.805420 23.033707
12.437691 0.996762 23.033707
12.297619 1.136834 23.033707
12.106277 1.188104 23.033707
11.914936 1.136834 23.033707
11.774864 0.996762 23.033707
11.723594 0.805420 23.033707
11.774864 0.614079 23.033707
11.914936 0.474007 23.033707
12.106277 0.422737 23.033707
12.297619 0.474007 23.033707
12.437691 0.614079 23.033707
12.106277 0.805420 22.957586
11.600409 -0.465221 24.432800
11.983092 -0.465221 24.356680
11.931822 -0.273879 24.356680
11.791750 -0.133807 24.356680
11.600409 -0.082537 24.356680
11.409067 -0.133807 24.356680
11.268995 -0.273879 24.356680
11.217725 -0.465221 24.356680
11.268995 -0.656562 24.356680
11.409067 -0.796634 24.356680
11.600409 -0.847904 24.356680
11.791750 -0.796634 24.356680
11.931822 -0.656562 24.356680
12.307515 -0.465221 24.139907
12.212781 -0.111667 24.139907
11.953962 0.147152 24.139907
11.600409 0.241886 24.139907
11.246855 0.147152 24.139907
10.988036 -0.111667 24.139907
10.893302 -0.465221 24.139907
10.988036 -0.818774 24.139907
11.246855 -1.077593 24.139907
11.600409 -1.172327 24.139907
11.953962 -1.077593 24.139907
12.212781 -0.818774 24.139907
12.524288 -0.465221 23.815484
12.400512 -0.003281 23.815484
12.062348 0.334883 23.815484
11.600409 0.458659 23.815484
11.138469 0.334883 23.815484
10.800305 -0.003281 23.815484
10.676529 -0.465221 23.815484
10.800305 -0.927160 23.815484
11.138469 -1.265324 23.815484
11.600409 -1.389100 23.815484
12.062348 -1.265324 23.815484
12.400512 -0.927160 23.815484
12.600409 -0.465221 23.432800
12.466434 0.034779 23.432800
12.100409 0.400805 23.432800
11.600409 0.534779 23.432800
11.100409 0.400805 23.432800
10.734383 0.034779 23.432800
10.600409 -0.465221 23.432800
10.734383 -0.965221 23.432800
11.100409 -1.331246 23.432800
11.600409 -1.465221 23.432800
12.100409 -1.331246 23.432800
12.466434 -0.965221 23.432800
12.524288 -0.465221 23.050117
12.400512 -0.003281 23.050117
12.062348 0.334883 23.050117
11.600409 0.458659 23.050117
11.138469 0.334883 23.050117
10.800305 -0.003281 23.050117
10.676529 -0.465221 23.050117
10.800305 -0.927160 23.050117
11.138469 -1.265324 23.050117
11.600409 -1.389100 23.050117
12.062348 -1.265324 23.050117
12.400512 -0.927160 23.050117
12.307515 -0.465221 22.725694
12.212781 -0.111667 22.725694
11.953962 0.147152 22.725694
11.600409 0.241886 22.725694
11.246855 0.147152 22.725694
10.988036 -0.111667 22.725694
10.893302 -0.465221 22.725694
10.988036 -0.818774 22.725694
11.246855 -1.077593 22.725694
11.600409 -1.172327 22.725694
11.953962 -1.077593 22.725694
12.212781 -0.818774 22.725694
11.983092 -0.465221 22.508921
11.931822 -0.273879 22.508921
11.791750 -0.133807 22.508921
11.600409 -0.082537 22.508921
11.409067 -0.133807 22.508921
11.268995 -0.273879 22.508921
11.217725 -0.465221 22.508921
11.268995 -0.656562 22.508921
11.409067 -0.796634 22.508921
11.600409 -0.847904 22.508921
11.791750 -0.796634 22.508921
11.931822 -0.656562 22.508921
11.600409 -0.465221 22.432800
11.468583 -1.596691 23.618994
11.851267 -1.596691 23.542873
11.799997 -1.405349 23.542873
11.659925 -1.265277 23.542873
11.468583 -1.214007 23.542873
11.277241 -1.265277 23.542873
11.137170 -1.405349 23.542873
11.085900 -1.596691 23.542873
11.137170 -1.788032 23.542873
11.277241 -1.928104 23.542873
11.468583 -1.979374 23.542873
11.659925 -1.928104 23.542873
11.799997 -1.788032 23.542873
12.175690 -1.596691 23.326101
12.080956 -1.243137 23.326101
11.822136 -0.984318 23.326101
11.468583 -0.889584 23.326101
11.115030 -0.984318 23.326101
10.856211 -1.243137 23.326101
10.761476 -1.596691 23.326101
10.856211 -1.950244 23.326101
11.115030 -2.209063 23.326101
11.468583 -2.303797 23.326101
11.822136 -2.209063 23.326101
12.080956 -1.950244 23.326101
12.392463 -1.596691 23.001677
12.268686 -1.134751 23.001677
11.930523 -0.796588 23.001677
11.468583 -0.672811 23.001677
11.006643 -0.796588 23.001677
10.668480 -1.134751 23.001677
10.544704 -1.596691 23.001677
10.668480 -2.058630 23.001677
11.006643 -2.396794 23.001677
11.468583 -2.520570 23.001677
11.930523 -2.396794 23.001677
12.268686 -2.058630 23.001677
12.468583 -1.596691 22.618994
12.334609 -1.096691 22.618994
11.968583 -0.730665 22.618994
11.468583 -0.596691 22.618994
10.968583 -0.730665 22.618994
10.602558 -1.096691 22.618994
10.468583 -1.596691 22.618994
10.602558 -2.096691 22.618994
10.968583 -2.462716 22.618994
11.468583 -2.596691 22.618994
11.968583 -2.462716 22.618994
12.334609 -2.096691 22.618994
12.392463 -1.596691 22.236310
12.268686 -1.134751 22.236310
11.930523 -0.796588 22.236310
11.468583 -0.672811 22.236310
11.006643 -0.796588 22.236310
10.668480 -1.134751 22.236310
10.544704 -1.596691 22.236310
10.668480 -2.058630 22.236310
11.006643 -2.396794 22.236310
11.468583 -2.520570 22.236310
11.930523 -2.396794 22.236310
12.268686 -2.058630 22.236310
12.175690 -1.596691 21.911887
12.080956 -1.243137 21.911887
11.822136 -0.984318 21.911887
11.468583 -0.889584 21.911887
11.115030 -0.984318 21.911887
10.856211 -1.243137 21.911887
10.761476 -1.596691 21.911887
10.856211 -1.950244 21.911887
11.115030 -2.209063 21.911887
11.468583 -2.303797 21.911887
11.822136 -2.209063 21.911887
12.080956 -1.950244 21.911887
11.851267 -1.596691 21.695114
11.799997 -1.405349 21.695114
11.659925 -1.265277 21.695114
11.468583 -1.214007 21.695114
11.277241 -1.265277 21.695114
11.137170 -1.405349 21.695114
11.085900 -1.596691 21.695114
11.137170 -1.788032 21.695114
11.277241 -1.928104 21.695114
11.468583 -1.979374 21.695114
11.659925 -1.928104 21.695114
11.799997 -1.788032 21.695114
11.468583 -1.596691 21.618994
10.645205 -2.699044 23.595840
11.027888 -2.699044 23.519720
10.976618 -2.507703 23.519720
10.836546 -2.367631 23.519720
10.645205 -2.316361 23.519720
10.453863 -2.367631 23.519720
10.313791 -2.507703 23.519720
10.262521 -2.699044 23.519720
10.313791 -2.890386 23.519720
10.453863 -3.030458 23.519720
10.645205 -3.081728 23.519720
10.836546 -3.030458 23.519720
10.976618 -2.890386 23.519720
11.352311 -2.699044 23.302947
11.257577 -2.345491 23.302947
10.998758 -2.086672 23.302947
10.645205 -1.991938 23.302947
10.291651 -2.086672 23.302947
10.032832 -2.345491 23.302947
9.938098 -2.699044 23.302947
10.032832 -3.052598 23.302947
10.291651 -3.311417 23.302947
10.645205 -3.406151 23.302947
10.998758 -3.311417 23.302947
11.257577 -3.052598 23.302947
11.569084 -2.699044 22.978524
11.445308 -2.237105 22.978524
11.107144 -1.898941 22.978524
10.645205 -1.775165 22.978524
10.183265 -1.898941 22.978524
9.845101 -2.237105 22.978524
9.721325 -2.699044 22.978524
9.845101 -3.160984 22.978524
10.183265 -3.499148 22.978524
10.645205 -3.622924 22.978524
11.107144 -3.499148 22.978524
11.445308 -3.160984 22.978524
11.645205 -2.699044 22.595840
11.511230 -2.199044 22.595840
11.145205 -1.833019 22.595840
10.645205 -1.699044 22.595840
10.145205 -1.833019 22.595840
9.779179 -2.199044 22.595840
9.645205 -2.699044 22.595840
9.779179 -3.199044 22.595840
10.145205 -3.565070 22.595840
10.645205 -3.699044 22.595840
11.145205 -3.565070 22.595840
11.511230 -3.199044 22.595840
11.569084 -2.699044 22.213157
11.445308 -2.237105 22.213157
11.107144 -1.898941 22.213157
10.645205 -1.775165 22.213157
10.183265 -1.898941 22.213157
9.845101 -2.237105 22.213157
9.721325 -2.699044 22.213157
9.845101 -3.160984 22.213157
10.183265 -3.499148 22.213157
10.645205 -3.622924 22.213157
11.107144 -3.499148 22.213157
11.445308 -3.160984 22.213157
11.352311 -2.699044 21.888734
11.257577 -2.345491 21.888734
10.998758 -2.086672 21.888734
10.645205 -1.991938 21.888734
10.291651 -2.086672 21.888734
10.032832 -2.345491 21.888734
9.938098 -2.699044 21.888734
10.032832 -3.052598 21.888734
10.291651 -3.311417 21.888734
10.645205 -3.406151 21.888734
10.998758 -3.311417 21.888734
11.257577 -3.052598 21.888734
11.027888 -2.699044 21.671961
10.976618 -2.507703 21.671961
10.836546 -2.367631 21.671961
10.645205 -2.316361 21.671961
10.453863 -2.367631 21.671961
10.313791 -2.507703 21.671961
10.262521 -2.699044 21.671961
10.313791 -2.890386 21.671961
10.453863 -3.030458 21.671961
10.645205 -3.081728 21.671961
10.836546 -3.030458 21.671961
10.976618 -2.890386 21.671961
10.645205 -2.699044 21.595840
10.441229 -3.984580 22.640596
10.823912 -3.984580 22.564476
10.772642 -3.793239 22.564476
10.632571 -3.653167 22.564476
10.441229 -3.601897 22.564476
10.249887 -3.653167 22.564476
10.109815 -3.793239 22.564476
10.058545 -3.984580 22.564476
10.109815 -4.175922 22.564476
10.249887 -4.315994 22.564476
10.441229 -4.367264 22.564476
10.632571 -4.315994 22.564476
10.772642 -4.175922 22.564476
11.148336 -3.984580 22.347703
11.053601 -3.631027 22.347703
10.794782 -3.372208 22.347703
10.441229 -3.277473 22.347703
10.087675 -3.372208 22.347703
9.828856 -3.631027 22.347703
9.734122 -3.984580 22.347703
9.828856 -4.338134 22.347703
10.087675 -4.596953 22.347703
10.441229 -4.691687 22.347703
10.794782 -4.596953 22.347703
11.053601 -4.338134 22.347703
11.365108 -3.984580 22.023280
11.241332 -3.522641 22.023280
10.903169 -3.184477 22.023280
10.441229 -3.060701 22.023280
9.979289 -3.184477 22.023280
9.641126 -3.522641 22.023280
9.517349 -3.984580 22.023280
9.641126 -4.446520 22.023280
9.979289 -4.784683 22.023280
10.441229 -4.908460 22.023280
10.903169 -4.784683 22.023280
11.241332 -4.446520 22.023280
11.441229 -3.984580 21.640596
11.307254 -3.484580 21.640596
10.941229 -3.118555 21.640596
10.441229 -2.984580 21.640596
9.941229 -3.118555 21.640596
9.575203 -3.484580 21.640596
9.441229 -3.984580 21.640596
9.575203 -4.484580 21.640596
9.941229 -4.850606 21.640596
10.441229 -4.984580 21.640596
10.941229 -4.850606 21.640596
11.307254 -4.484580 21.640596
11.365108 -3.984580 21.257913
11.241332 -3.522641 21.257913
10.903169 -3.184477 21.257913
10.441229 -3.060701 21.257913
9.979289 -3.184477 21.257913
9.641126 -3.522641 21.257913
9.517349 -3.984580 21.257913
9.641126 -4.446520 21.257913
9.979289 -4.784683 21.257913
10.441229 -4.908460 21.257913
10.903169 -4.784683 21.257913
11.241332 -4.446520 21.257913
11.148336 -3.984580 20.933490
11.053601 -3.631027 20.933490
10.794782 -3.372208 20.933490
10.441229 -3.277473 20.933490
10.087675 -3.372208 20.933490
9.828856 -3.631027 20.933490
9.734122 -3.984580 20.933490
9.828856 -4.338134 20.933490
10.087675 -4.596953 20.933490
10.441229 -4.691687 20.933490
10.794782 -4.596953 20.933490
11.053601 -4.338134 20.933490
10.823912 -3.984580 20.716717
10.772642 -3.793239 20.716717
10.632571 -3.653167 20.716717
10.441229 -3.601897 20.716717
10.249887 -3.653167 20.716717
10.109815 -3.793239 20.716717
10.058545 -3.984580 20.716717
10.109815 -4.175922 20.716717
10.249887 -4.315994 20.716717
10.441229 -4.367264 20.716717
10.632571 -4.315994 20.716717
10.772642 -4.175922 20.716717
10.441229 -3.984580 20.640596
10.038938 -5.055779 22.351734
10.421621 -5.055779 22.275614
10.370351 -4.864438 22.275614
10.230279 -4.724366 22.275614
10.038938 -4.673096 22.275614
9.847596 -4.724366 22.275614
9.707524 -4.864438 22.275614
9.656254 -5.055779 22.275614
9.707524 -5.247121 22.275614
9.847596 -5.387193 22.275614
10.038938 -5.438463 22.275614
10.230279 -5.387193 22.275614
10.370351 -5.247121 22.275614
10.746044 -5.055779 22.058841
10.651310 -4.702226 22.058841
10.392491 -4.443407 22.058841
10.038938 -4.348673 22.058841
9.685384 -4.443407 22.058841
9.426565 -4.702226 22.058841
9.331831 -5.055779 22.058841
9.426565 -5.409333 22.058841
9.685384 -5.668152 22.058841
10.038938 -5.762886 22.058841
10.392491 -5.668152 22.058841
10.651310 -5.409333 22.058841
10.962817 -5.055779 21.734418
10.839041 -4.593840 21.734418
10.500877 -4.255676 21.734418
10.038938 -4.131900 21.734418
9.576998 -4.255676 21.734418
9.238834 -4.593840 21.734418
9.115058 -5.055779 21.734418
9.238834 -5.517719 21.734418
9.576998 -5.855883 21.734418
10.038938 -5.979659 21.734418
10.500877 -5.855883 21.734418
10.839041 -5.517719 21.734418
11.038938 -5.055779 21.351734
10.904963 -4.555779 21.351734
10.538938 -4.189754 21.351734
10.038938 -4.055779 21.351734
9.538938 -4.189754 21.351734
9.172912 -4.555779 21.351734
9.038938 -5.055779 21.351734
9.172912 -5.555779 21.351734
9.538938 -5.921805 21.351734
10.038938 -6.055779 21.351734
10.538938 -5.921805 21.351734
10.904963 -5.555779 21.351734
10.962817 -5.055779 20.969051
10.839041 -4.593840 20.969051
10.500877 -4.255676 20.969051
10.038938 -4.131900 20.969051
9.576998 -4.255676 20.969051
9.238834 -4.593840 20.969051
9.115058 -5.055779 20.969051
9.238834 -5.517719 20.969051
9.576998 -5.855883 20.969051
10.038938 -5.979659 20.969051
10.500877 -5.855883 20.969051
10.839041 -5.517719 20.969051
10.746044 -5.055779 20.644627
10.651310 -4.702226 20.644627
10.392491 -4.443407 20.644627
10.038938 -4.348673 20.644627
9.685384 -4.443407 20.644627
9.426565 -4.702226 20.644627
9.331831 -5.055779 20.644627
9.426565 -5.409333 20.644627
9.685384 -5.668152 20.644627
10.038938 -5.762886 20.644627
10.392491 -5.668152 20.644627
10.651310 -5.409333 20.644627
10.421621 -5.055779 20.427855
10.370351 -4.864438 20.427855
10.230279 -4.724366 20.427855
10.038938 -4.673096 20.427855
9.847596 -4.724366 20.427855
9.707524 -4.864438 20.427855
9.656254 -5.055779 20.427855
9.707524 -5.247121 20.427855
9.847596 -5.387193 20.427855
10.038938 -5.438463 20.427855
10.230279 -5.387193 20.427855
10.370351 -5.247121 20.427855
10.038938 -5.055779 20.351734
10.888218 -6.882918 20.969311
11.270901 -6.882918 20.893190
11.219632 -6.691577 20.893190
11.079560 -6.551505 20.893190
10.888218 -6.500235 20.893190
10.696876 -6.551505 20.893190
10.556804 -6.691577 20.893190
10.505534 -6.882918 20.893190
10.556804 -7.074260 20.893190
10.696876 -7.214332 20.893190
10.888218 -7.265602 20.893190
11.079560 -7.214332 20.893190
11.219632 -7.074260 20.893190
11.595325 -6.882918 20.676418
11.500590 -6.529365 20.676418
11.241771 -6.270546 20.676418
10.888218 -6.175812 20.676418
10.534665 -6.270546 20.676418
10.275845 -6.529365 20.676418
10.181111 -6.882918 20.676418
10.275845 -7.236472 20.676418
10.534665 -7.495291 20.676418
10.888218 -7.590025 20.676418
11.241771 -7.495291 20.676418
11.500590 -7.236472 20.676418
11.812097 -6.882918 20.351994
11.688321 -6.420979 20.351994
11.350158 -6.082815 20.351994
10.888218 -5.959039 20.351994
10.426278 -6.082815 20.351994
10.088115 -6.420979 20.351994
9.964338 -6.882918 20.351994
10.088115 -7.344858 20.351994
10.426278 -7.683022 20.351994
10.888218 -7.806798 20.351994
11.350158 -7.683022 20.351994
11.688321 -7.344858 20.351994
11.888218 -6.882918 19.969311
11.754243 -6.382918 19.969311
11.388218 -6.016893 19.969311
10.888218 -5.882918 19.969311
10.388218 -6.016893 19.969311
10.022193 -6.382918 19.969311
9.888218 -6.882918 19.969311
10.022193 -7.382918 19.969311
10.388218 -7.748944 19.969311
10.888218 -7.882918 19.969311
11.388218 -7.748944 19.969311
11.754243 -7.382918 19.969311
11.812097 -6.882918 19.586627
11.688321 -6.420979 19.586627
11.350158 -6.082815 19.586627
10.888218 -5.959039 19.586627
10.426278 -6.082815 19.586627
10.088115 -6.420979 19.586627
9.964338 -6.882918 19.586627
10.088115 -7.344858 19.586627
10.426278 -7.683022 19.586627
10.888218 -7.806798 19.586627
11.350158 -7.683022 19.586627
11.688321 -7.344858 19.586627
11.595325 -6.882918 19.262204
11.500590 -6.529365 19.262204
11.241771 -6.270546 19.262204
10.888218 -6.175812 19.262204
10.534665 -6.270546 19.262204
10.275845 -6.529365 19.262204
10.181111 -6.882918 19.262204
10.275845 -7.236472 19.262204
10.534665 -7.495291 19.262204
10.888218 -7.590025 19.262204
11.241771 -7.495291 19.262204
11.500590 -7.236472 19.262204
11.270901 -6.882918 19.045431
11.219632 -6.691577 19.045431
11.079560 -6.551505 19.045431
10.888218 -6.500235 19.045431
10.696876 -6.551505 19.045431
10.556804 -6.691577 19.045431
10.505534 -6.882918 19.045431
10.556804 -7.074260 19.045431
10.696876 -7.214332 19.045431
10.888218 -7.265602 19.045431
11.079560 -7.214332 19.045431
11.219632 -7.074260 19.045431
10.888218 -6.882918 18.969311
-0.532627 6.264894 1.271052
-0.149944 6.264894 1.194932
-0.201214 6.456236 1.194932
-0.341286 6.596308 1.194932
-0.532627 6.647578 1.194932
-0.723969 6.596308 1.194932
-0.864041 6.456236 1.194932
-0.915311 6.264894 1.194932
-0.864041 6.073553 1.194932
-0.723969 5.933481 1.194932
-0.532627 5.882211 1.194932
-0.341286 5.933481 1.194932
-0.201214 6.073553 1.194932
0.174479 6.264894 0.978159
0.079745 6.618448 0.978159
-0.179074 6.877267 0.978159
-0.532627 6.972001 0.978159
-0.886181 6.877267 0.978159
-1.145000 6.618448 0.978159
-1.239734 6.264894 0.978159
-1.145000 5.911341 0.978159
-0.886181 5.652522 0.978159
-0.532627 5.557788 0.978159
-0.179074 5.652522 0.978159
0.079745 5.911341 0.978159
0.391252 6.264894 0.653736
0.267476 6.726834 0.653736
-0.070688 7.064998 0.653736
-0.532627 7.188774 0.653736
-0.994567 7.064998 0.653736
-1.332731 6.726834 0.653736
-1.456507 6.264894 0.653736
-1.332731 5.802955 0.653736
-0.994567 5.464791 0.653736
-0.532627 5.341015 0.653736
-0.070688 5.464791 0.653736
0.267476 5.802955 0.653736
0.467373 6.264894 0.271052
0.333398 6.764894 0.271052
-0.032627 7.130920 0.271052
-0.532627 7.264894 0.271052
-1.032627 7.130920 0.271052
-1.398653 6.764894 0.271052
-1.532627 6.264894 0.271052
-1.398653 5.764894 0.271052
-1.032627 5.398869 0.271052
-0.532627 5.264894 0.271052
-0.032627 5.398869 0.271052
0.333398 5.764894 0.271052
0.391252 6.264894 -0.111631
0.267476 6.726834 -0.111631
-0.070688 7.064998 -0.111631
-0.532627 7.188774 -0.111631
-0.994567 7.064998 -0.111631
-1.332731 6.726834 -0.111631
-1.456507 6.264894 -0.111631
-1.332731 5.802955 -0.111631
-0.994567 5.464791 -0.111631
-0.532627 5.341015 -0.111631
-0.070688 5.464791 -0.111631
0.267476 5.802955 -0.111631
0.174479 6.264894 -0.436054
0.079745 6.618448 -0.436054
-0.179074 6.877267 -0.436054
-0.532627 6.972001 -0.436054
-0.886181 6.877267 -0.436054
-1.145000 6.618448 -0.436054
-1.239734 6.264894 -0.436054
-1.145000 5.911341 -0.436054
-0.886181 5.652522 -0.436054
-0.532627 5.557788 -0.436054
-0.179074 5.652522 -0.436054
0.079745 5.911341 -0.436054
-0.149944 6.264894 -0.652827
-0.201214 6.456236 -0.652827
-0.341286 6.596308 -0.652827
-0.532627 6.647578 -0.652827
-0.723969 6.596308 -0.652827
-0.864041 6.456236 -0.652827
-0.915311 6.264894 -0.652827
-0.864041 6.073553 -0.652827
-0.723969 5.933481 -0.652827
-0.532627 5.882211 -0.652827
-0.341286 5.933481 -0.652827
-0.201214 6.073553 -0.652827
-0.532627 6.264894 -0.728948
-1.316653 -4.843592 -2.267951
-0.933969 -4.843592 -2.344071
-0.985239 -4.652250 -2.344071
-1.125311 -4.512179 -2.344071
-1.316653 -4.460909 -2.344071
-1.507995 -4.512179 -2.344071
-1.648066 -4.652250 -2.344071
-1.699336 -4.843592 -2.344071
-1.648066 -5.034934 -2.344071
-1.507995 -5.175006 -2.344071
-1.316653 -5.226276 -2.344071
-1.125311 -5.175006 -2.344071
-0.985239 -5.034934 -2.344071
-0.609546 -4.843592 -2.560844
-0.704280 -4.490039 -2.560844
-0.963100 -4.231220 -2.560844
-1.316653 -4.136485 -2.560844
-1.670206 -4.231220 -2.560844
-1.929025 -4.490039 -2.560844
-2.023760 -4.843592 -2.560844
-1.929025 -5.197146 -2.560844
-1.670206 -5.455965 -2.560844
-1.316653 -5.550699 -2.560844
-0.963100 -5.455965 -2.560844
-0.704280 -5.197146 -2.560844
-0.392773 -4.843592 -2.885268
-0.516550 -4.381652 -2.885268
-0.854713 -4.043489 -2.885268
-1.316653 -3.919713 -2.885268
-1.778593 -4.043489 -2.885268
-2.116756 -4.381652 -2.885268
-2.240532 -4.843592 -2.885268
-2.116756 -5.305532 -2.885268
-1.778593 -5.643695 -2.885268
-1.316653 -5.767472 -2.885268
-0.854713 -5.643695 -2.885268
-0.516550 -5.305532 -2.885268
-0.316653 -4.843592 -3.267951
-0.450627 -4.343592 -3.267951
-0.816653 -3.977567 -3.267951
-1.316653 -3.843592 -3.267951
-1.816653 -3.977567 -3.267951
-2.182678 -4.343592 -3.267951
-2.316653 -4.843592 -3.267951
-2.182678 -5.343592 -3.267951
-1.816653 -5.709618 -3.267951
-1.316653 -5.843592 -3.267951
-0.816653 -5.709618 -3.267951
-0.450627 -5.343592 -3.267951
-0.392773 -4.843592 -3.650634
-0.516550 -4.381652 -3.650634
-0.854713 -4.043489 -3.650634
-1.316653 -3.919713 -3.650634
-1.778593 -4.043489 -3.650634
-2.116756 -4.381652 -3.650634
-2.240532 -4.843592 -3.650634
-2.116756 -5.305532 -3.650634
-1.778593 -5.643695 -3.650634
-1.316653 -5.767472 -3.650634
-0.854713 -5.643695 -3.650634
-0.516550 -5.305532 -3.650634
-0.609546 -4.843592 -3.975058
-0.704280 -4.490039 -3.975058
-0.963100 -4.231220 -3.975058
-1.316653 -4.136485 -3.975058
-1.670206 -4.231220 -3.975058
-1.929025 -4.490039 -3.975058
-2.023760 -4.843592 -3.975058
-1.929025 -5.197146 -3.975058
-1.670206 -5.455965 -3.975058
-1.316653 -5.550699 -3.975058
-0.963100 -5.455965 -3.975058
-0.704280 -5.197146 -3.975058
-0.933969 -4.843592 -4.191831
-0.985239 -4.652250 -4.191831
-1.125311 -4.512179 -4.191831
-1.316653 -4.460909 -4.191831
-1.507995 -4.512179 -4.191831
-1.648066 -4.652250 -4.191831
-1.699336 -4.843592 -4.191831
-1.648066 -5.034934 -4.191831
-1.507995 -5.175006 -4.191831
-1.316653 -5.226276 -4.191831
-1.125311 -5.175006 -4.191831
-0.985239 -5.034934 -4.191831
-1.316653 -4.843592 -4.267951
-3.183642 -4.522283 -2.263889
-2.800959 -4.522283 -2.340010
-2.852229 -4.330941 -2.340010
-2.992300 -4.190869 -2.340010
-3.183642 -4.139599 -2.340010
-3.374984 -4.190869 -2.340010
-3.515056 -4.330941 -2.340010
-3.566326 -4.522283 -2.340010
-3.515056 -4.713624 -2.340010
-3.374984 -4.853696 -2.340010
-3.183642 -4.904966 -2.340010
-2.992300 -4.853696 -2.340010
-2.852229 -4.713624 -2.340010
-2.476535 -4.522283 -2.556783
-2.571270 -4.168729 -2.556783
-2.830089 -3.909910 -2.556783
-3.183642 -3.815176 -2.556783
-3.537196 -3.909910 -2.556783
-3.796015 -4.168729 -2.556783
-3.890749 -4.522283 -2.556783
-3.796015 -4.875836 -2.556783
-3.537196 -5.134655 -2.556783
-3.183642 -5.229389 -2.556783
-2.830089 -5.134655 -2.556783
-2.571270 -4.875836 -2.556783
-2.259763 -4.522283 -2.881206
-2.383539 -4.060343 -2.881206
-2.721702 -3.722179 -2.881206
-3.183642 -3.598403 -2.881206
-3.645582 -3.722179 -2.881206
-3.983745 -4.060343 -2.881206
-4.107522 -4.522283 -2.881206
-3.983745 -4.984222 -2.881206
-3.645582 -5.322386 -2.881206
-3.183642 -5.446162 -2.881206
-2.721702 -5.322386 -2.881206
-2.383539 -4.984222 -2.881206
-2.183642 -4.522283 -3.263889
-2.317617 -4.022283 -3.263889
-2.683642 -3.656257 -3.263889
-3.183642 -3.522283 -3.263889
-3.683642 -3.656257 -3.263889
-4.049668 -4.022283 -3.263889
-4.183642 -4.522283 -3.263889
-4.049668 -5.022283 -3.263889
-3.683642 -5.388308 -3.263889
-3.183642 -5.522283 -3.263889
-2.683642 -5.388308 -3.263889
-2.317617 -5.022283 -3.263889
-2.259763 -4.522283 -3.646573
-2.383539 -4.060343 -3.646573
-2.721702 -3.722179 -3.646573
-3.183642 -3.598403 -3.646573
-3.645582 -3.722179 -3.646573
-3.983745 -4.060343 -3.646573
-4.107522 -4.522283 -3.646573
-3.983745 -4.984222 -3.646573
-3.645582 -5.322386 -3.646573
-3.183642 -5.446162 -3.646573
-2.721702 -5.322386 -3.646573
-2.383539 -4.984222 -3.646573
-2.476535 -4.522283 -3.970996
-2.571270 -4.168729 -3.970996
-2.830089 -3.909910 -3.970996
-3.183642 -3.815176 -3.970996
-3.537196 -3.909910 -3.970996
-3.796015 -4.168729 -3.970996
-3.890749 -4.522283 -3.970996
-3.796015 -4.875836 -3.970996
-3.537196 -5.134655 -3.970996
-3.183642 -5.229389 -3.970996
-2.830089 -5.134655 -3.970996
-2.571270 -4.875836 -3.970996
-2.800959 -4.522283 -4.187769
-2.852229 -4.330941 -4.187769
-2.992300 -4.190869 -4.187769
-3.183642 -4.139599 -4.187769
-3.374984 -4.190869 -4.187769
-3.515056 -4.330941 -4.187769
-3.566326 -4.522283 -4.187769
-3.515056 -4.713624 -4.187769
-3.374984 -4.853696 -4.187769
-3.183642 -4.904966 -4.187769
-2.992300 -4.853696 -4.187769
-2.852229 -4.713624 -4.187769
-3.183642 -4.522283 -4.263889
-4.942474 -3.996869 -1.671085
-4.559790 -3.996869 -1.747206
-4.611060 -3.805528 -1.747206
-4.751132 -3.665456 -1.747206
-4.942474 -3.614186 -1.747206
-5.133816 -3.665456 -1.747206
-5.273887 -3.805528 -1.747206
-5.325157 -3.996869 -1.747206
-5.273887 -4.188211 -1.747206
-5.133816 -4.328283 -1.747206
-4.942474 -4.379553 -1.747206
-4.751132 -4.328283 -1.747206
-4.611060 -4.188211 -1.747206
-4.235367 -3.996869 -1.963978
-4.330101 -3.643316 -1.963978
-4.588920 -3.384497 -1.963978
-4.942474 -3.289763 -1.963978
-5.296027 -3.384497 -1.963978
-5.554846 -3.643316 -1.963978
-5.649581 -3.996869 -1.963978
-5.554846 -4.350423 -1.963978
-5.296027 -4.609242 -1.963978
-4.942474 -4.703976 -1.963978
-4.588920 -4.609242 -1.963978
-4.330101 -4.350423 -1.963978
-4.018594 -3.996869 -2.288402
-4.142371 -3.534930 -2.288402
-4.480534 -3.196766 -2.288402
-4.942474 -3.072990 -2.288402
-5.404414 -3.196766 -2.288402
-5.742577 -3.534930 -2.288402
-5.866353 -3.996869 -2.288402
-5.742577 -4.458809 -2.288402
-5.404414 -4.796972 -2.288402
-4.942474 -4.920749 -2.288402
-4.480534 -4.796972 -2.288402
-4.142371 -4.458809 -2.288402
-3.942474 -3.996869 -2.671085
-4.076448 -3.496869 -2.671085
-4.442474 -3.130844 -2.671085
-4.942474 -2.996869 -2.671085
-5.442474 -3.130844 -2.671085
-5.808499 -3.496869 -2.671085
-5.942474 -3.996869 -2.671085
-5.808499 -4.496869 -2.671085
-5.442474 -4.862895 -2.671085
-4.942474 -4.996869 -2.671085
-4.442474 -4.862895 -2.671085
-4.076448 -4.496869 -2.671085
-4.018594 -3.996869 -3.053769
-4.142371 -3.534930 -3.053769
-4.480534 -3.196766 -3.053769
-4.942474 -3.072990 -3.053769
-5.404414 -3.196766 -3.053769
-5.742577 -3.534930 -3.053769
-5.866353 -3.996869 -3.053769
-5.742577 -4.458809 -3.053769
-5.404414 -4.796972 -3.053769
-4.942474 -4.920749 -3.053769
-4.480534 -4.796972 -3.053769
-4.142371 -4.458809 -3.053769
-4.235367 -3.996869 -3.378192
-4.330101 -3.643316 -3.378192
-4.588920 -3.384497 -3.378192
-4.942474 -3.289763 -3.378192
-5.296027 -3.384497 -3.378192
-5.554846 -3.643316 -3.378192
-5.649581 -3.996869 -3.378192
-5.554846 -4.350423 -3.378192
-5.296027 -4.609242 -3.378192
-4.942474 -4.703976 -3.378192
-4.588920 -4.609242 -3.378192
-4.330101 -4.350423 -3.378192
-4.559790 -3.996869 -3.594965
-4.611060 -3.805528 -3.594965
-4.751132 -3.665456 -3.594965
-4.942474 -3.614186 -3.594965
-5.133816 -3.665456 -3.594965
-5.273887 -3.805528 -3.594965
-5.325157 -3.996869 -3.594965
-5.273887 -4.188211 -3.594965
-5.133816 -4.328283 -3.594965
-4.942474 -4.379553 -3.594965
-4.751132 -4.328283 -3.594965
-4.611060 -4.188211 -3.594965
-4.942474 -3.996869 -3.671085
-6.799848 -3.570123 -0.828887
-6.417164 -3.570123 -0.905008
-6.468434 -3.378781 -0.905008
-6.608506 -3.238709 -0.905008
-6.799848 -3.187440 -0.905008
-6.991189 -3.238709 -0.905008
-7.131261 -3.378781 -0.905008
-7.182531 -3.570123 -0.905008
-7.131261 -3.761465 -0.905008
-6.991189 -3.901537 -0.905008
-6.799848 -3.952806 -0.905008
-6.608506 -3.901537 -0.905008
-6.468434 -3.761465 -0.905008
-6.092741 -3.570123 -1.121780
-6.187475 -3.216570 -1.121780
-6.446294 -2.957751 -1.121780
-6.799848 -2.863016 -1.121780
-7.153401 -2.957751 -1.121780
-7.412220 -3.216570 -1.121780
-7.506954 -3.570123 -1.121780
-7.412220 -3.923676 -1.121780
-7.153401 -4.182495 -1.121780
-6.799848 -4.277230 -1.121780
-6.446294 -4.182495 -1.121780
-6.187475 -3.923676 -1.121780
-5.875968 -3.570123 -1.446204
-5.999744 -3.108183 -1.446204
-6.337908 -2.770020 -1.446204
-6.799848 -2.646243 -1.446204
-7.261787 -2.770020 -1.446204
-7.599951 -3.108183 -1.446204
-7.723727 -3.570123 -1.446204
-7.599951 -4.032063 -1.446204
-7.261787 -4.370226 -1.446204
-6.799848 -4.494002 -1.446204
-6.337908 -4.370226 -1.446204
-5.999744 -4.032063 -1.446204
-5.799848 -3.570123 -1.828887
-5.933822 -3.070123 -1.828887
-6.299848 -2.704098 -1.828887
-6.799848 -2.570123 -1.828887
-7.299848 -2.704098 -1.828887
-7.665873 -3.070123 -1.828887
-7.799848 -3.570123 -1.828887
-7.665873 -4.070123 -1.828887
-7.299848 -4.436148 -1.828887
-6.799848 -4.570123 -1.828887
-6.299848 -4.436148 -1.828887
-5.933822 -4.070123 -1.828887
-5.875968 -3.570123 -2.211571
-5.999744 -3.108183 -2.211571
-6.337908 -2.770020 -2.211571
-6.799848 -2.646243 -2.211571
-7.261787 -2.770020 -2.211571
-7.599951 -3.108183 -2.211571
-7.723727 -3.570123 -2.211571
-7.599951 -4.032063 -2.211571
-7.261787 -4.370226 -2.211571
-6.799848 -4.494002 -2.211571
-6.337908 -4.370226 -2.211571
-5.999744 -4.032063 -2.211571
-6.092741 -3.570123 -2.535994
-6.187475 -3.216570 -2.535994
-6.446294 -2.957751 -2.535994
-6.799848 -2.863016 -2.535994
-7.153401 -2.957751 -2.535994
-7.412220 -3.216570 -2.535994
-7.506954 -3.570123 -2.535994
-7.412220 -3.923676 -2.535994
-7.153401 -4.182495 -2.535994
-6.799848 -4.277230 -2.535994
-6.446294 -4.182495 -2.535994
-6.187475 -3.923676 -2.535994
-6.417164 -3.570123 -2.752767
-6.468434 -3.378781 -2.752767
-6.608506 -3.238709 -2.752767
-6.799848 -3.187440 -2.752767
-6.991189 -3.238709 -2.752767
-7.131261 -3.378781 -2.752767
-7.182531 -3.570123 -2.752767
-7.131261 -3.761465 -2.752767
-6.991189 -3.901537 -2.752767
-6.799848 -3.952806 -2.752767
-6.608506 -3.901537 -2.752767
-6.468434 -3.761465 -2.752767
-6.799848 -3.570123 -2.828887
-8.143434 -3.539666 0.375207
-7.760750 -3.539666 0.299087
-7.812020 -3.348324 0.299087
-7.952092 -3.208253 0.299087
-8.143434 -3.156983 0.299087
-8.334775 -3.208253 0.299087
-8.474847 -3.348324 0.299087
-8.526117 -3.539666 0.299087
-8.474847 -3.731008 0.299087
-8.334775 -3.871080 0.299087
-8.143434 -3.922350 0.299087
-7.952092 -3.871080 0.299087
-7.812020 -3.731008 0.299087
-7.436327 -3.539666 0.082314
-7.531061 -3.186113 0.082314
-7.789880 -2.927294 0.082314
-8.143434 -2.832559 0.082314
-8.496987 -2.927294 0.082314
-8.755806 -3.186113 0.082314
-8.850540 -3.539666 0.082314
-8.755806 -3.893220 0.082314
-8.496987 -4.152039 0.082314
-8.143434 -4.246773 0.082314
-7.789880 -4.152039 0.082314
-7.531061 -3.893220 0.082314
-7.219554 -3.539666 -0.242109
-7.343330 -3.077726 -0.242109
-7.681494 -2.739563 -0.242109
-8.143434 -2.615787 -0.242109
-8.605373 -2.739563 -0.242109
-8.943537 -3.077726 -0.242109
-9.067313 -3.539666 -0.242109
-8.943537 -4.001606 -0.242109
-8.605373 -4.339769 -0.242109
-8.143434 -4.463546 -0.242109
-7.681494 -4.339769 -0.242109
-7.343330 -4.001606 -0.242109
-7.143434 -3.539666 -0.624793
-7.277408 -3.039666 -0.624793
-7.643434 -2.673641 -0.624793
-8.143434 -2.539666 -0.624793
-8.643434 -2.673641 -0.624793
-9.009459 -3.039666 -0.624793
-9.143434 -3.539666 -0.624793
-9.009459 -4.039666 -0.624793
-8.643434 -4.405692 -0.624793
-8.143434 -4.539666 -0.624793
-7.643434 -4.405692 -0.624793
-7.277408 -4.039666 -0.624793
-7.219554 -3.539666 -1.007476
-7.343330 -3.077726 -1.007476
-7.681494 -2.739563 -1.007476
-8.143434 -2.615787 -1.007476
-8.605373 -2.739563 -1.007476
-8.943537 -3.077726 -1.007476
-9.067313 -3.539666 -1.007476
-8.943537 -4.001606 -1.007476
-8.605373 -4.339769 -1.007476
-8.143434 -4.463546 -1.007476
-7.681494 -4.339769 -1.007476
-7.343330 -4.001606 -1.007476
-7.436327 -3.539666 -1.331899
-7.531061 -3.186113 -1.331899
-7.789880 -2.927294 -1.331899
-8.143434 -2.832559 -1.331899
-8.496987 -2.927294 -1.331899
-8.755806 -3.186113 -1.331899
-8.850540 -3.539666 -1.331899
-8.755806 -3.893220 -1.331899
-8.496987 -4.152039 -1.331899
-8.143434 -4.246773 -1.331899
-7.789880 -4.152039 -1.331899
-7.531061 -3.893220 -1.331899
-7.760750 -3.539666 -1.548672
-7.812020 -3.348324 -1.548672
-7.952092 -3.208253 -1.548672
-8.143434 -3.156983 -1.548672
-8.334775 -3.208253 -1.548672
-8.474847 -3.348324 -1.548672
-8.526117 -3.539666 -1.548672
-8.474847 -3.731008 -1.548672
-8.334775 -3.871080 -1.548672
-8.143434 -3.922350 -1.548672
-7.952092 -3.871080 -1.548672
-7.812020 -3.731008 -1.548672
-8.143434 -3.539666 -1.624793
-9.945112 -3.554273 2.652496
-9.562429 -3.554273 2.576376
-9.613699 -3.362931 2.576376
-9.753771 -3.222860 2.576376
-9.945112 -3.171590 2.576376
-10.136454 -3.222860 2.576376
-10.276526 -3.362931 2.576376
-10.327796 -3.554273 2.576376
-10.276526 -3.745615 2.576376
-10.136454 -3.885687 2.576376
-9.945112 -3.936957 2.576376
-9.753771 -3.885687 2.576376
-9.613699 -3.745615 2.576376
-9.238005 -3.554273 2.359603
-9.332740 -3.200720 2.359603
-9.591559 -2.941901 2.359603
-9.945112 -2.847166 2.359603
-10.298666 -2.941901 2.359603
-10.557485 -3.200720 2.359603
-10.652219 -3.554273 2.359603
-10.557485 -3.907827 2.359603
-10.298666 -4.166646 2.359603
-9.945112 -4.261380 2.359603
-9.591559 -4.166646 2.359603
-9.332740 -3.907827 2.359603
-9.021233 -3.554273 2.035180
-9.145009 -3.092333 2.035180
-9.483172 -2.754170 2.035180
-9.945112 -2.630394 2.035180
-10.407052 -2.754170 2.035180
-10.745215 -3.092333 2.035180
-10.868992 -3.554273 2.035180
-10.745215 -4.016213 2.035180
-10.407052 -4.354376 2.035180
-9.945112 -4.478153 2.035180
-9.483172 -4.354376 2.035180
-9.145009 -4.016213 2.035180
-8.945112 -3.554273 1.652496
-9.079087 -3.054273 1.652496
-9.445112 -2.688248 1.652496
-9.945112 -2.554273 1.652496
-10.445112 -2.688248 1.652496
-10.811138 -3.054273 1.652496
-10.945112 -3.554273 1.652496
-10.811138 -4.054273 1.652496
-10.445112 -4.420299 1.652496
-9.945112 -4.554273 1.652496
-9.445112 -4.420299 1.652496
-9.079087 -4.054273 1.652496
-9.021233 -3.554273 1.269813
-9.145009 -3.092333 1.269813
-9.483172 -2.754170 1.269813
-9.945112 -2.630394 1.269813
-10.407052 -2.754170 1.269813
-10.745215 -3.092333 1.269813
-10.868992 -3.554273 1.269813
-10.745215 -4.016213 1.269813
-10.407052 -4.354376 1.269813
-9.945112 -4.478153 1.269813
-9.483172 -4.354376 1.269813
-9.145009 -4.016213 1.269813
-9.238005 -3.554273 0.945389
-9.332740 -3.200720 0.945389
-9.591559 -2.941901 0.945389
-9.945112 -2.847166 0.945389
-10.298666 -2.941901 0.945389
-10.557485 -3.200720 0.945389
-10.652219 -3.554273 0.945389
-10.557485 -3.907827 0.945389
-10.298666 -4.166646 0.945389
-9.945112 -4.261380 0.945389
-9.591559 -4.166646 0.945389
-9.332740 -3.907827 0.945389
-9.562429 -3.554273 0.728617
-9.613699 -3.362931 0.728617
-9.753771 -3.222860 0.728617
-9.945112 -3.171590 0.728617
-10.136454 -3.222860 0.728617
-10.276526 -3.362931 0.728617
-10.327796 -3.554273 0.728617
-10.276526 -3.745615 0.728617
-10.136454 -3.885687 0.728617
-9.945112 -3.936957 0.728617
-9.753771 -3.885687 0.728617
-9.613699 -3.745615 0.728617
-9.945112 -3.554273 0.652496
-1.869865 7.023163 0.736349
-1.487181 7.023163 0.660228
-1.538451 7.214505 0.660228
-1.678523 7.354576 0.660228
-1.869865 7.405846 0.660228
-2.061206 7.354576 0.660228
-2.201278 7.214505 0.660228
-2.252548 7.023163 0.660228
-2.201278 6.831821 0.660228
-2.061206 6.691749 0.660228
-1.869865 6.640479 0.660228
-1.678523 6.691749 0.660228
-1.538451 6.831821 0.660228
-1.162758 7.023163 0.443455
-1.257492 7.376716 0.443455
-1.516311 7.635535 0.443455
-1.869865 7.730270 0.443455
-2.223418 7.635535 0.443455
-2.482237 7.376716 0.443455
-2.576971 7.023163 0.443455
-2.482237 6.669609 0.443455
-2.223418 6.410790 0.443455
-1.869865 6.316056 0.443455
-1.516311 6.410790 0.443455
-1.257492 6.669609 0.443455
-0.945985 7.023163 0.119032
-1.069761 7.485103 0.119032
-1.407925 7.823266 0.119032
-1.869865 7.947042 0.119032
-2.331804 7.823266 0.119032
-2.669968 7.485103 0.119032
-2.793744 7.023163 0.119032
-2.669968 6.561223 0.119032
-2.331804 6.223060 0.119032
-1.869865 6.099283 0.119032
-1.407925 6.223060 0.119032
-1.069761 6.561223 0.119032
-0.869865 7.023163 -0.263651
-1.003839 7.523163 -0.263651
-1.369865 7.889188 -0.263651
-1.869865 8.023163 -0.263651
-2.369865 7.889188 -0.263651
-2.735890 7.523163 -0.263651
-2.869865 7.023163 -0.263651
-2.735890 6.523163 -0.263651
-2.369865 6.157137 -0.263651
-1.869865 6.023163 -0.263651
-1.369865 6.157137 -0.263651
-1.003839 6.523163 -0.263651
-0.945985 7.023163 -0.646335
-1.069761 7.485103 -0.646335
-1.407925 7.823266 -0.646335
-1.869865 7.947042 -0.646335
-2.331804 7.823266 -0.646335
-2.669968 7.485103 -0.646335
-2.793744 7.023163 -0.646335
-2.669968 6.561223 -0.646335
-2.331804 6.223060 -0.646335
-1.869865 6.099283 -0.646335
-1.407925 6.223060 -0.646335
-1.069761 6.561223 -0.646335
-1.162758 7.023163 -0.970758
-1.257492 7.376716 -0.970758
-1.516311 7.635535 -0.970758
-1.869865 7.730270 -0.970758
-2.223418 7.635535 -0.970758
-2.482237 7.376716 -0.970758
-2.576971 7.023163 -0.970758
-2.482237 6.669609 -0.970758
-2.223418 6.410790 -0.970758
-1.869865 6.316056 -0.970758
-1.516311 6.410790 -0.970758
-1.257492 6.669609 -0.970758
-1.487181 7.023163 -1.187531
-1.538451 7.214505 -1.187531
-1.678523 7.354576 -1.187531
-1.869865 7.405846 -1.187531
-2.061206 7.354576 -1.187531
-2.201278 7.214505 -1.187531
-2.252548 7.023163 -1.187531
-2.201278 6.831821 -1.187531
-2.061206 6.691749 -1.187531
-1.869865 6.640479 -1.187531
-1.678523 6.691749 -1.187531
-1.538451 6.831821 -1.187531
-1.869865 7.023163 -1.263651
-3.592663 6.962168 1.473921
-3.209979 6.962168 1.397801
-3.261249 7.153510 1.397801
-3.401321 7.293582 1.397801
-3.592663 7.344852 1.397801
-3.784004 7.293582 1.397801
-3.924076 7.153510 1.397801
-3.975346 6.962168 1.397801
-3.924076 6.770827 1.397801
-3.784004 6.630755 1.397801
-3.592663 6.579485 1.397801
-3.401321 6.630755 1.397801
-3.261249 6.770827 1.397801
-2.885556 6.962168 1.181028
-2.980290 7.315722 1.181028
-3.239109 7.574541 1.181028
-3.592663 7.669275 1.181028
-3.946216 7.574541 1.181028
-4.205035 7.315722 1.181028
-4.299769 6.962168 1.181028
-4.205035 6.608615 1.181028
-3.946216 6.349796 1.181028
-3.592663 6.255061 1.181028
-3.239109 6.349796 1.181028
-2.980290 6.608615 1.181028
-2.668783 6.962168 0.856605
-2.792559 7.424108 0.856605
-3.130723 7.762271 0.856605
-3.592663 7.886048 0.856605
-4.054602 7.762271 0.856605
-4.392766 7.424108 0.856605
-4.516542 6.962168 0.856605
-4.392766 6.500228 0.856605
-4.054602 6.162065 0.856605
-3.592663 6.038289 0.856605
-3.130723 6.162065 0.856605
-2.792559 6.500228 0.856605
-2.592663 6.962168 0.473921
-2.726637 7.462168 0.473921
-3.092663 7.828194 0.473921
-3.592663 7.962168 0.473921
-4.092663 7.828194 0.473921
-4.458688 7.462168 0.473921
-4.592663 6.962168 0.473921
-4.458688 6.462168 0.473921
-4.092663 6.096143 0.473921
-3.592663 5.962168 0.473921
-3.092663 6.096143 0.473921
-2.726637 6.462168 0.473921
-2.668783 6.962168 0.091238
-2.792559 7.424108 0.091238
-3.130723 7.762271 0.091238
-3.592663 7.886048 0.091238
-4.054602 7.762271 0.091238
-4.392766 7.424108 0.091238
-4.516542 6.962168 0.091238
-4.392766 6.500228 0.091238
-4.054602 6.162065 0.091238
-3.592663 6.038289 0.091238
-3.130723 6.162065 0.091238
-2.792559 6.500228 0.091238
-2.885556 6.962168 -0.233185
-2.980290 7.315722 -0.233185
-3.239109 7.574541 -0.233185
-3.592663 7.669275 -0.233185
-3.946216 7.574541 -0.233185
-4.205035 7.315722 -0.233185
-4.299769 6.962168 -0.233185
-4.205035 6.608615 -0.233185
-3.946216 6.349796 -0.233185
-3.592663 6.255061 -0.233185
-3.239109 6.349796 -0.233185
-2.980290 6.608615 -0.233185
-3.209979 6.962168 -0.449958
-3.261249 7.153510 -0.449958
-3.401321 7.293582 -0.449958
-3.592663 7.344852 -0.449958
-3.784004 7.293582 -0.449958
-3.924076 7.153510 -0.449958
-3.975346 6.962168 -0.449958
-3.924076 6.770827 -0.449958
-3.784004 6.630755 -0.449958
-3.592663 6.579485 -0.449958
-3.401321 6.630755 -0.449958
-3.261249 6.770827 -0.449958
-3.592663 6.962168 -0.526079
-5.478023 7.530937 2.271780
-5.095340 7.530937 2.195660
-5.146609 7.722279 2.195660
-5.286681 7.862351 2.195660
-5.478023 7.913621 2.195660
-5.669365 7.862351 2.195660
-5.809437 7.722279 2.195660
-5.860706 7.530937 2.195660
-5.809437 7.339595 2.195660
-5.669365 7.199524 2.195660
-5.478023 7.148254 2.195660
-5.286681 7.199524 2.195660
-5.146609 7.339595 2.195660
-4.770916 7.530937 1.978887
-4.865651 7.884491 1.978887
-5.124470 8.143310 1.978887
-5.478023 8.238044 1.978887
-5.831576 8.143310 1.978887
-6.090395 7.884491 1.978887
-6.185130 7.530937 1.978887
-6.090395 7.177384 1.978887
-5.831576 6.918565 1.978887
-5.478023 6.823830 1.978887
-5.124470 6.918565 1.978887
-4.865651 7.177384 1.978887
-4.554144 7.530937 1.654463
-4.677920 7.992877 1.654463
-5.016083 8.331040 1.654463
-5.478023 8.454817 1.654463
-5.939963 8.331040 1.654463
-6.278126 7.992877 1.654463
-6.401903 7.530937 1.654463
-6.278126 7.068997 1.654463
-5.939963 6.730834 1.654463
-5.478023 6.607058 1.654463
-5.016083 6.730834 1.654463
-4.677920 7.068997 1.654463
-4.478023 7.530937 1.271780
-4.611998 8.030937 1.271780
-4.978023 8.396963 1.271780
-5.478023 8.530937 1.271780
-5.978023 8.396963 1.271780
-6.344048 8.030937 1.271780
-6.478023 7.530937 1.271780
-6.344048 7.030937 1.271780
-5.978023 6.664912 1.271780
-5.478023 6.530937 1.271780
-4.978023 6.664912 1.271780
-4.611998 7.030937 1.271780
-4.554144 7.530937 0.889097
-4.677920 7.992877 0.889097
-5.016083 8.331040 0.889097
-5.478023 8.454817 0.889097
-5.939963 8.331040 0.889097
-6.278126 7.992877 0.889097
-6.401903 7.530937 0.889097
-6.278126 7.068997 0.889097
-5.939963 6.730834 0.889097
-5.478023 6.607058 0.889097
-5.016083 6.730834 0.889097
-4.677920 7.068997 0.889097
-4.770916 7.530937 0.564673
-4.865651 7.884491 0.564673
-5.124470 8.143310 0.564673
-5.478023 8.238044 0.564673
-5.831576 8.143310 0.564673
-6.090395 7.884491 0.564673
-6.185130 7.530937 0.564673
-6.090395 7.177384 0.564673
-5.831576 6.918565 0.564673
-5.478023 6.823830 0.564673
-5.124470 6.918565 0.564673
-4.865651 7.177384 0.564673
-5.095340 7.530937 0.347900
-5.146609 7.722279 0.347900
-5.286681 7.862351 0.347900
-5.478023 7.913621 0.347900
-5.669365 7.862351 0.347900
-5.809437 7.722279 0.347900
-5.860706 7.530937 0.347900
-5.809437 7.339595 0.347900
-5.669365 7.199524 0.347900
-5.478023 7.148254 0.347900
-5.286681 7.199524 0.347900
-5.146609 7.339595 0.347900
-5.478023 7.530937 0.271780
-5.304094 17.323681 3.640305
-4.921411 17.323681 3.564184
-4.972681 17.515023 3.564184
-5.112753 17.655094 3.564184
-5.304094 17.706364 3.564184
-5.495436 17.655094 3.564184
-5.635508 17.515023 3.564184
-5.686778 17.323681 3.564184
-5.635508 17.132339 3.564184
-5.495436 16.992267 3.564184
-5.304094 16.940997 3.564184
-5.112753 16.992267 3.564184
-4.972681 17.132339 3.564184
-4.596988 17.323681 3.347412
-4.691722 17.677234 3.347412
-4.950541 17.936053 3.347412
-5.304094 18.030788 3.347412
-5.657648 17.936053 3.347412
-5.916467 17.677234 3.347412
-6.011201 17.323681 3.347412
-5.916467 16.970127 3.347412
-5.657648 16.711308 3.347412
-5.304094 16.616574 3.347412
-4.950541 16.711308 3.347412
-4.691722 16.970127 3.347412
-4.380215 17.323681 3.022988
-4.503991 17.785621 3.022988
-4.842155 18.123784 3.022988
-5.304094 18.247560 3.022988
-5.766034 18.123784 3.022988
-6.104197 17.785621 3.022988
-6.227974 17.323681 3.022988
-6.104197 16.861741 3.022988
-5.766034 16.523578 3.022988
-5.304094 16.399801 3.022988
-4.842155 16.523578 3.022988
-4.503991 16.861741 3.022988
-4.304094 17.323681 2.640305
-4.438069 17.823681 2.640305
-4.804094 18.189706 2.640305
-5.304094 18.323681 2.640305
-5.804094 18.189706 2.640305
-6.170120 17.823681 2.640305
-6.304094 17.323681 2.640305
-6.170120 16.823681 2.640305
-5.804094 16.457655 2.640305
-5.304094 16.323681 2.640305
-4.804094 16.457655 2.640305
-4.438069 16.823681 2.640305
-4.380215 17.323681 2.257621
-4.503991 17.785621 2.257621
-4.842155 18.123784 2.257621
-5.304094 18.247560 2.257621
-5.766034 18.123784 2.257621
-6.104197 17.785621 2.257621
-6.227974 17.323681 2.257621
-6.104197 16.861741 2.257621
-5.766034 16.523578 2.257621
-5.304094 16.399801 2.257621
-4.842155 16.523578 2.257621
-4.503991 16.861741 2.257621
-4.596988 17.323681 1.933198
-4.691722 17.677234 1.933198
-4.950541 17.936053 1.933198
-5.304094 18.030788 1.933198
-5.657648 17.936053 1.933198
-5.916467 17.677234 1.933198
-6.011201 17.323681 1.933198
-5.916467 16.970127 1.933198
-5.657648 16.711308 1.933198
-5.304094 16.616574 1.933198
-4.950541 16.711308 1.933198
-4.691722 16.970127 1.933198
-4.921411 17.323681 1.716425
-4.972681 17.515023 1.716425
-5.112753 17.655094 1.716425
-5.304094 17.706364 1.716425
-5.495436 17.655094 1.716425
-5.635508 17.515023 1.716425
-5.686778 17.323681 1.716425
-5.635508 17.132339 1.716425
-5.495436 16.992267 1.716425
-5.304094 16.940997 1.716425
-5.112753 16.992267 1.716425
-4.972681 17.132339 1.716425
-5.304094 17.323681 1.640305
-7.239904 16.310881 4.847783
-6.857221 16.310881 4.771662
-6.908491 16.502222 4.771662
-7.048563 16.642294 4.771662
-7.239904 16.693564 4.771662
-7.431246 16.642294 4.771662
-7.571318 16.502222 4.771662
-7.622588 16.310881 4.771662
-7.571318 16.119539 4.771662
-7.431246 15.979467 4.771662
-7.239904 15.928197 4.771662
-7.048563 15.979467 4.771662
-6.908491 16.119539 4.771662
-6.532798 16.310881 4.554889
-6.627532 16.664434 4.554889
-6.886351 16.923253 4.554889
-7.239904 17.017987 4.554889
-7.593458 16.923253 4.554889
-7.852277 16.664434 4.554889
-7.947011 16.310881 4.554889
-7.852277 15.957327 4.554889
-7.593458 15.698508 4.554889
-7.239904 15.603774 4.554889
-6.886351 15.698508 4.554889
-6.627532 15.957327 4.554889
-6.316025 16.310881 4.230466
-6.439801 16.772820 4.230466
-6.777965 17.110984 4.230466
-7.239904 17.234760 4.230466
-7.701844 17.110984 4.230466
-8.040008 16.772820 4.230466
-8.163784 16.310881 4.230466
-8.040008 15.848941 4.230466
-7.701844 15.510778 4.230466
-7.239904 15.387001 4.230466
-6.777965 15.510778 4.230466
-6.439801 15.848941 4.230466
-6.239904 16.310881 3.847783
-6.373879 16.810881 3.847783
-6.739904 17.176906 3.847783
-7.239904 17.310881 3.847783
-7.739904 17.176906 3.847783
-8.105930 16.810881 3.847783
-8.239904 16.310881 3.847783
-8.105930 15.810881 3.847783
-7.739904 15.444855 3.847783
-7.239904 15.310881 3.847783
-6.739904 15.444855 3.847783
-6.373879 15.810881 3.847783
-6.316025 16.310881 3.465099
-6.439801 16.772820 3.465099
-6.777965 17.110984 3.465099
-7.239904 17.234760 3.465099
-7.701844 17.110984 3.465099
-8.040008 16.772820 3.465099
-8.163784 16.310881 3.465099
-8.040008 15.848941 3.465099
-7.701844 15.510778 3.465099
-7.239904 15.387001 3.465099
-6.777965 15.510778 3.465099
-6.439801 15.848941 3.465099
-6.532798 16.310881 3.140676
-6.627532 16.664434 3.140676
-6.886351 16.923253 3.140676
-7.239904 17.017987 3.140676
-7.593458 16.923253 3.140676
-7.852277 16.664434 3.140676
-7.947011 16.310881 3.140676
-7.852277 15.957327 3.140676
-7.593458 15.698508 3.140676
-7.239904 15.603774 3.140676
-6.886351 15.698508 3.140676
-6.627532 15.957327 3.140676
-6.857221 16.310881 2.923903
-6.908491 16.502222 2.923903
-7.048563 16.642294 2.923903
-7.239904 16.693564 2.923903
-7.431246 16.642294 2.923903
-7.571318 16.502222 2.923903
-7.622588 16.310881 2.923903
-7.571318 16.119539 2.923903
-7.431246 15.979467 2.923903
-7.239904 15.928197 2.923903
-7.048563 15.979467 2.923903
-6.908491 16.119539 2.923903
-7.239904 16.310881 2.847783
-7.193309 7.698884 3.671973
-6.810625 7.698884 3.595853
-6.861895 7.890226 3.595853
-7.001967 8.030298 3.595853
-7.193309 8.081568 3.595853
-7.384651 8.030298 3.595853
-7.524722 7.890226 3.595853
-7.575992 7.698884 3.595853
-7.524722 7.507543 3.595853
-7.384651 7.367471 3.595853
-7.193309 7.316201 3.595853
-7.001967 7.367471 3.595853
-6.861895 7.507543 3.595853
-6.486202 7.698884 3.379080
-6.580936 8.052438 3.379080
-6.839755 8.311257 3.379080
-7.193309 8.405991 3.379080
-7.546862 8.311257 3.379080
-7.805681 8.052438 3.379080
-7.900416 7.698884 3.379080
-7.805681 7.345331 3.379080
-7.546862 7.086512 3.379080
-7.193309 6.991778 3.379080
-6.839755 7.086512 3.379080
-6.580936 7.345331 3.379080
-6.269429 7.698884 3.054657
-6.393206 8.160824 3.054657
-6.731369 8.498988 3.054657
-7.193309 8.622764 3.054657
-7.655249 8.498988 3.054657
-7.993412 8.160824 3.054657
-8.117188 7.698884 3.054657
-7.993412 7.236945 3.054657
-7.655249 6.898781 3.054657
-7.193309 6.775005 3.054657
-6.731369 6.898781 3.054657
-6.393206 7.236945 3.054657
-6.193309 7.698884 2.671973
-6.327283 8.198884 2.671973
-6.693309 8.564910 2.671973
-7.193309 8.698884 2.671973
-7.693309 8.564910 2.671973
-8.059334 8.198884 2.671973
-8.193309 7.698884 2.671973
-8.059334 7.198884 2.671973
-7.693309 6.832859 2.671973
-7.193309 6.698884 2.671973
-6.693309 6.832859 2.671973
-6.327283 7.198884 2.671973
-6.269429 7.698884 2.289290
-6.393206 8.160824 2.289290
-6.731369 8.498988 2.289290
-7.193309 8.622764 2.289290
-7.655249 8.498988 2.289290
-7.993412 8.160824 2.289290
-8.117188 7.698884 2.289290
-7.993412 7.236945 2.289290
-7.655249 6.898781 2.289290
-7.193309 6.775005 2.289290
-6.731369 6.898781 2.289290
-6.393206 7.236945 2.289290
-6.486202 7.698884 1.964867
-6.580936 8.052438 1.964867
-6.839755 8.311257 1.964867
-7.193309 8.405991 1.964867
-7.546862 8.311257 1.964867
-7.805681 8.052438 1.964867
-7.900416 7.698884 1.964867
-7.805681 7.345331 1.964867
-7.546862 7.086512 1.964867
-7.193309 6.991778 1.964867
-6.839755 7.086512 1.964867
-6.580936 7.345331 1.964867
-6.810625 7.698884 1.748094
-6.861895 7.890226 1.748094
-7.001967 8.030298 1.748094
-7.193309 8.081568 1.748094
-7.384651 8.030298 1.748094
-7.524722 7.890226 1.748094
-7.575992 7.698884 1.748094
-7.524722 7.507543 1.748094
-7.384651 7.367471 1.748094
-7.193309 7.316201 1.748094
-7.001967 7.367471 1.748094
-6.861895 7.507543 1.748094
-7.193309 7.698884 1.671973
-7.902006 9.613045 3.406113
-7.519323 9.613045 3.329992
-7.570593 9.804386 3.329992
-7.710664 9.944458 3.329992
-7.902006 9.995728 3.329992
-8.093348 9.944458 3.329992
-8.233420 9.804386 3.329992
-8.284690 9.613045 3.329992
-8.233420 9.421703 3.329992
-8.093348 9.281631 3.329992
-7.902006 9.230361 3.329992
-7.710664 9.281631 3.329992
-7.570593 9.421703 3.329992
-7.194899 9.613045 3.113219
-7.289634 9.966598 3.113219
-7.548453 10.225417 3.113219
-7.902006 10.320152 3.113219
-8.255560 10.225417 3.113219
-8.514379 9.966598 3.113219
-8.609113 9.613045 3.113219
-8.514379 9.259491 3.113219
-8.255560 9.000672 3.113219
-7.902006 8.905938 3.113219
-7.548453 9.000672 3.113219
-7.289634 9.259491 3.113219
-6.978127 9.613045 2.788796
-7.101903 10.074985 2.788796
-7.440066 10.413148 2.788796
-7.902006 10.536924 2.788796
-8.363946 10.413148 2.788796
-8.702109 10.074985 2.788796
-8.825886 9.613045 2.788796
-8.702109 9.151105 2.788796
-8.363946 8.812942 2.788796
-7.902006 8.689165 2.788796
-7.440066 8.812942 2.788796
-7.101903 9.151105 2.788796
-6.902006 9.613045 2.406113
-7.035981 10.113045 2.406113
-7.402006 10.479070 2.406113
-7.902006 10.613045 2.406113
-8.402006 10.479070 2.406113
-8.768032 10.113045 2.406113
-8.902006 9.613045 2.406113
-8.768032 9.113045 2.406113
-8.402006 8.747019 2.406113
-7.902006 8.613045 2.406113
-7.402006 8.747019 2.406113
-7.035981 9.113045 2.406113
-6.978127 9.613045 2.023429
-7.101903 10.074985 2.023429
-7.440066 10.413148 2.023429
-7.902006 10.536924 2.023429
-8.363946 10.413148 2.023429
-8.702109 10.074985 2.023429
-8.825886 9.613045 2.023429
-8.702109 9.151105 2.023429
-8.363946 8.812942 2.023429
-7.902006 8.689165 2.023429
-7.440066 8.812942 2.023429
-7.101903 9.151105 2.023429
-7.194899 9.613045 1.699006
-7.289634 9.966598 1.699006
-7.548453 10.225417 1.699006
-7.902006 10.320152 1.699006
-8.255560 10.225417 1.699006
-8.514379 9.966598 1.699006
-8.609113 9.613045 1.699006
-8.514379 9.259491 1.699006
-8.255560 9.000672 1.699006
-7.902006 8.905938 1.699006
-7.548453 9.000672 1.699006
-7.289634 9.259491 1.699006
-7.519323 9.613045 1.482233
-7.570593 9.804386 1.482233
-7.710664 9.944458 1.482233
-7.902006 9.995728 1.482233
-8.093348 9.944458 1.482233
-8.233420 9.804386 1.482233
-8.284690 9.613045 1.482233
-8.233420 9.421703 1.482233
-8.093348 9.281631 1.482233
-7.902006 9.230361 1.482233
-7.710664 9.281631 1.482233
-7.570593 9.421703 1.482233
-7.902006 9.613045 1.406113
-8.066625 14.674321 4.529800
-7.683941 14.674321 4.453680
-7.735211 14.865663 4.453680
-7.875283 15.005735 4.453680
-8.066625 15.057005 4.453680
-8.257966 15.005735 4.453680
-8.398038 14.865663 4.453680
-8.449308 14.674321 4.453680
-8.398038 14.482979 4.453680
-8.257966 14.342908 4.453680
-8.066625 14.291638 4.453680
-7.875283 14.342908 4.453680
-7.735211 14.482979 4.453680
-7.359518 14.674321 4.236907
-7.454252 15.027875 4.236907
-7.713071 15.286694 4.236907
-8.066625 15.381428 4.236907
-8.420178 15.286694 4.236907
-8.678997 15.027875 4.236907
-8.773731 14.674321 4.236907
-8.678997 14.320768 4.236907
-8.420178 14.061949 4.236907
-8.066625 13.967214 4.236907
-7.713071 14.061949 4.236907
-7.454252 14.320768 4.236907
-7.142745 14.674321 3.912484
-7.266521 15.136261 3.912484
-7.604685 15.474424 3.912484
-8.066625 15.598201 3.912484
-8.528564 15.474424 3.912484
-8.866728 15.136261 3.912484
-8.990504 14.674321 3.912484
-8.866728 14.212381 3.912484
-8.528564 13.874218 3.912484
-8.066625 13.750442 3.912484
-7.604685 13.874218 3.912484
-7.266521 14.212381 3.912484
-7.066625 14.674321 3.529800
-7.200599 15.174321 3.529800
-7.566625 15.540347 3.529800
-8.066625 15.674321 3.529800
-8.566625 15.540347 3.529800
-8.932650 15.174321 3.529800
-9.066625 14.674321 3.529800
-8.932650 14.174321 3.529800
-8.566625 13.808296 3.529800
-8.066625 13.674321 3.529800
-7.566625 13.808296 3.529800
-7.200599 14.174321 3.529800
-7.142745 14.674321 3.147117
-7.266521 15.136261 3.147117
-7.604685 15.474424 3.147117
-8.066625 15.598201 3.147117
-8.528564 15.474424 3.147117
-8.866728 15.136261 3.147117
-8.990504 14.674321 3.147117
-8.866728 14.212381 3.147117
-8.528564 13.874218 3.147117
-8.066625 13.750442 3.147117
-7.604685 13.874218 3.147117
-7.266521 14.212381 3.147117
-7.359518 14.674321 2.822694
-7.454252 15.027875 2.822694
-7.713071 15.286694 2.822694
-8.066625 15.381428 2.822694
-8.420178 15.286694 2.822694
-8.678997 15.027875 2.822694
-8.773731 14.674321 2.822694
-8.678997 14.320768 2.822694
-8.420178 14.061949 2.822694
-8.066625 13.967214 2.822694
-7.713071 14.061949 2.822694
-7.454252 14.320768 2.822694
-7.683941 14.674321 2.605921
-7.735211 14.865663 2.605921
-7.875283 15.005735 2.605921
-8.066625 15.057005 2.605921
-8.257966 15.005735 2.605921
-8.398038 14.865663 2.605921
-8.449308 14.674321 2.605921
-8.398038 14.482979 2.605921
-8.257966 14.342908 2.605921
-8.066625 14.291638 2.605921
-7.875283 14.342908 2.605921
-7.735211 14.482979 2.605921
-8.066625 14.674321 2.529800
-8.617010 13.010160 4.659527
-8.234327 13.010160 4.583406
-8.285597 13.201502 4.583406
-8.425668 13.341574 4.583406
-8.617010 13.392844 4.583406
-8.808352 13.341574 4.583406
-8.948424 13.201502 4.583406
-8.999694 13.010160 4.583406
-8.948424 12.818819 4.583406
-8.808352 12.678747 4.583406
-8.617010 12.627477 4.583406
-8.425668 12.678747 4.583406
-8.285597 12.818819 4.583406
-7.909903 13.010160 4.366634
-8.004638 13.363714 4.366634
-8.263457 13.622533 4.366634
-8.617010 13.717267 4.366634
-8.970564 13.622533 4.366634
-9.229383 13.363714 4.366634
-9.324117 13.010160 4.366634
-9.229383 12.656607 4.366634
-8.970564 12.397788 4.366634
-8.617010 12.303054 4.366634
-8.263457 12.397788 4.366634
-8.004638 12.656607 4.366634
-7.693131 13.010160 4.042210
-7.816907 13.472100 4.042210
-8.155070 13.810264 4.042210
-8.617010 13.934040 4.042210
-9.078950 13.810264 4.042210
-9.417113 13.472100 4.042210
-9.540890 13.010160 4.042210
-9.417113 12.548221 4.042210
-9.078950 12.210057 4.042210
-8.617010 12.086281 4.042210
-8.155070 12.210057 4.042210
-7.816907 12.548221 4.042210
-7.617010 13.010160 3.659527
-7.750985 13.510160 3.659527
-8.117010 13.876186 3.659527
-8.617010 14.010160 3.659527
-9.117010 13.876186 3.659527
-9.483036 13.510160 3.659527
-9.617010 13.010160 3.659527
-9.483036 12.510160 3.659527
-9.117010 12.144135 3.659527
-8.617010 12.010160 3.659527
-8.117010 12.144135 3.659527
-7.750985 12.510160 3.659527
-7.693131 13.010160 3.276843
-7.816907 13.472100 3.276843
-8.155070 13.810264 3.276843
-8.617010 13.934040 3.276843
-9.078950 13.810264 3.276843
-9.417113 13.472100 3.276843
-9.540890 13.010160 3.276843
-9.417113 12.548221 3.276843
-9.078950 12.210057 3.276843
-8.617010 12.086281 3.276843
-8.155070 12.210057 3.276843
-7.816907 12.548221 3.276843
-7.909903 13.010160 2.952420
-8.004638 13.363714 2.952420
-8.263457 13.622533 2.952420
-8.617010 13.717267 2.952420
-8.970564 13.622533 2.952420
-9.229383 13.363714 2.952420
-9.324117 13.010160 2.952420
-9.229383 12.656607 2.952420
-8.970564 12.397788 2.952420
-8.617010 12.303054 2.952420
-8.263457 12.397788 2.952420
-8.004638 12.656607 2.952420
-8.234327 13.010160 2.735647
-8.285597 13.201502 2.735647
-8.425668 13.341574 2.735647
-8.617010 13.392844 2.735647
-8.808352 13.341574 2.735647
-8.948424 13.201502 2.735647
-8.999694 13.010160 2.735647
-8.948424 12.818819 2.735647
-8.808352 12.678747 2.735647
-8.617010 12.627477 2.735647
-8.425668 12.678747 2.735647
-8.285597 12.818819 2.735647
-8.617010 13.010160 2.659527
-8.633418 10.999165 4.373303
-8.250735 10.999165 4.297183
-8.302005 11.190506 4.297183
-8.442076 11.330578 4.297183
-8.633418 11.381848 4.297183
-8.824760 11.330578 4.297183
-8.964832 11.190506 4.297183
-9.016102 10.999165 4.297183
-8.964832 10.807823 4.297183
-8.824760 10.667751 4.297183
-8.633418 10.616481 4.297183
-8.442076 10.667751 4.297183
-8.302005 10.807823 4.297183
-7.926311 10.999165 4.080410
-8.021046 11.352718 4.080410
-8.279865 11.611537 4.080410
-8.633418 11.706271 4.080410
-8.986971 11.611537 4.080410
-9.245791 11.352718 4.080410
-9.340525 10.999165 4.080410
-9.245791 10.645611 4.080410
-8.986971 10.386792 4.080410
-8.633418 10.292058 4.080410
-8.279865 10.386792 4.080410
-8.021046 10.645611 4.080410
-7.709539 10.999165 3.755987
-7.833315 11.461104 3.755987
-8.171478 11.799268 3.755987
-8.633418 11.923044 3.755987
-9.095358 11.799268 3.755987
-9.433521 11.461104 3.755987
-9.557298 10.999165 3.755987
-9.433521 10.537225 3.755987
-9.095358 10.199061 3.755987
-8.633418 10.075285 3.755987
-8.171478 10.199061 3.755987
-7.833315 10.537225 3.755987
-7.633418 10.999165 3.373303
-7.767393 11.499165 3.373303
-8.133418 11.865190 3.373303
-8.633418 11.999165 3.373303
-9.133418 11.865190 3.373303
-9.499443 11.499165 3.373303
-9.633418 10.999165 3.373303
-9.499443 10.499165 3.373303
-9.133418 10.133139 3.373303
-8.633418 9.999165 3.373303
-8.133418 10.133139 3.373303
-7.767393 10.499165 3.373303
-7.709539 10.999165 2.990620
-7.833315 11.461104 2.990620
-8.171478 11.799268 2.990620
-8.633418 11.923044 2.990620
-9.095358 11.799268 2.990620
-9.433521 11.461104 2.990620
-9.557298 10.999165 2.990620
-9.433521 10.537225 2.990620
-9.095358 10.199061 2.990620
-8.633418 10.075285 2.990620
-8.171478 10.199061 2.990620
-7.833315 10.537225 2.990620
-7.926311 10.999165 2.666197
-8.021046 11.352718 2.666197
-8.279865 11.611537 2.666197
-8.633418 11.706271 2.666197
-8.986971 11.611537 2.666197
-9.245791 11.352718 2.666197
-9.340525 10.999165 2.666197
-9.245791 10.645611 2.666197
-8.986971 10.386792 2.666197
-8.633418 10.292058 2.666197
-8.279865 10.386792 2.666197
-8.021046 10.645611 2.666197
-8.250735 10.999165 2.449424
-8.302005 11.190506 2.449424
-8.442076 11.330578 2.449424
-8.633418 11.381848 2.449424
-8.824760 11.330578 2.449424
-8.964832 11.190506 2.449424
-9.016102 10.999165 2.449424
-8.964832 10.807823 2.449424
-8.824760 10.667751 2.449424
-8.633418 10.616481 2.449424
-8.442076 10.667751 2.449424
-8.302005 10.807823 2.449424
-8.633418 10.999165 2.373303
-11.418388 -4.033632 3.938292
-11.035705 -4.033632 3.862172
-11.086975 -3.842290 3.862172
-11.227047 -3.702218 3.862172
-11.418388 -3.650948 3.862172
-11.609730 -3.702218 3.862172
-11.749802 -3.842290 3.862172
-11.801072 -4.033632 3.862172
-11.749802 -4.224974 3.862172
-11.609730 -4.365045 3.862172
-11.418388 -4.416315 3.862172
-11.227047 -4.365045 3.862172
-11.086975 -4.224974 3.862172
-10.711282 -4.033632 3.645399
-10.806016 -3.680078 3.645399
-11.064835 -3.421259 3.645399
-11.418388 -3.326525 3.645399
-11.771942 -3.421259 3.645399
-12.030761 -3.680078 3.645399
-12.125495 -4.033632 3.645399
-12.030761 -4.387185 3.645399
-11.771942 -4.646004 3.645399
-11.418388 -4.740739 3.645399
-11.064835 -4.646004 3.645399
-10.806016 -4.387185 3.645399
-10.494509 -4.033632 3.320975
-10.618285 -3.571692 3.320975
-10.956449 -3.233529 3.320975
-11.418388 -3.109752 3.320975
-11.880328 -3.233529 3.320975
-12.218492 -3.571692 3.320975
-12.342268 -4.033632 3.320975
-12.218492 -4.495572 3.320975
-11.880328 -4.833735 3.320975
-11.418388 -4.957511 3.320975
-10.956449 -4.833735 3.320975
-10.618285 -4.495572 3.320975
-10.418388 -4.033632 2.938292
-10.552363 -3.533632 2.938292
-10.918388 -3.167606 2.938292
-11.418388 -3.033632 2.938292
-11.918388 -3.167606 2.938292
-12.284414 -3.533632 2.938292
-12.418388 -4.033632 2.938292
-12.284414 -4.533632 2.938292
-11.918388 -4.899657 2.938292
-11.418388 -5.033632 2.938292
-10.918388 -4.899657 2.938292
-10.552363 -4.533632 2.938292
-10.494509 -4.033632 2.555609
-10.618285 -3.571692 2.555609
-10.956449 -3.233529 2.555609
-11.418388 -3.109752 2.555609
-11.880328 -3.233529 2.555609
-12.218492 -3.571692 2.555609
-12.342268 -4.033632 2.555609
-12.218492 -4.495572 2.555609
-11.880328 -4.833735 2.555609
-11.418388 -4.957511 2.555609
-10.956449 -4.833735 2.555609
-10.618285 -4.495572 2.555609
-10.711282 -4.033632 2.231185
-10.806016 -3.680078 2.231185
-11.064835 -3.421259 2.231185
-11.418388 -3.326525 2.231185
-11.771942 -3.421259 2.231185
-12.030761 -3.680078 2.231185
-12.125495 -4.033632 2.231185
-12.030761 -4.387185 2.231185
-11.771942 -4.646004 2.231185
-11.418388 -4.740739 2.231185
-11.064835 -4.646004 2.231185
-10.806016 -4.387185 2.231185
-11.035705 -4.033632 2.014412
-11.086975 -3.842290 2.014412
-11.227047 -3.702218 2.014412
-11.418388 -3.650948 2.014412
-11.609730 -3.702218 2.014412
-11.749802 -3.842290 2.014412
-11.801072 -4.033632 2.014412
-11.749802 -4.224974 2.014412
-11.609730 -4.365045 2.014412
-11.418388 -4.416315 2.014412
-11.227047 -4.365045 2.014412
-11.086975 -4.224974 2.014412
-11.418388 -4.033632 1.938292
-11.660629 -5.079522 1.576338
-11.277946 -5.079522 1.500217
-11.329216 -4.888180 1.500217
-11.469288 -4.748109 1.500217
-11.660629 -4.696839 1.500217
-11.851971 -4.748109 1.500217
-11.992043 -4.888180 1.500217
-12.043313 -5.079522 1.500217
-11.992043 -5.270864 1.500217
-11.851971 -5.410936 1.500217
-11.660629 -5.462206 1.500217
-11.469288 -5.410936 1.500217
-11.329216 -5.270864 1.500217
-10.953522 -5.079522 1.283445
-11.048257 -4.725969 1.283445
-11.307076 -4.467150 1.283445
-11.660629 -4.372415 1.283445
-12.014183 -4.467150 1.283445
-12.273002 -4.725969 1.283445
-12.367736 -5.079522 1.283445
-12.273002 -5.433076 1.283445
-12.014183 -5.691895 1.283445
-11.660629 -5.786629 1.283445
-11.307076 -5.691895 1.283445
-11.048257 -5.433076 1.283445
-10.736750 -5.079522 0.959021
-10.860526 -4.617582 0.959021
-11.198690 -4.279419 0.959021
-11.660629 -4.155643 0.959021
-12.122569 -4.279419 0.959021
-12.460732 -4.617582 0.959021
-12.584509 -5.079522 0.959021
-12.460732 -5.541462 0.959021
-12.122569 -5.879625 0.959021
-11.660629 -6.003402 0.959021
-11.198690 -5.879625 0.959021
-10.860526 -5.541462 0.959021
-10.660629 -5.079522 0.576338
-10.794604 -4.579522 0.576338
-11.160629 -4.213497 0.576338
-11.660629 -4.079522 0.576338
-12.160629 -4.213497 0.576338
-12.526655 -4.579522 0.576338
-12.660629 -5.079522 0.576338
-12.526655 -5.579522 0.576338
-12.160629 -5.945548 0.576338
-11.660629 -6.079522 0.576338
-11.160629 -5.945548 0.576338
-10.794604 -5.579522 0.576338
-10.736750 -5.079522 0.193655
-10.860526 -4.617582 0.193655
-11.198690 -4.279419 0.193655
-11.660629 -4.155643 0.193655
-12.122569 -4.279419 0.193655
-12.460732 -4.617582 0.193655
-12.584509 -5.079522 0.193655
-12.460732 -5.541462 0.193655
-12.122569 -5.879625 0.193655
-11.660629 -6.003402 0.193655
-11.198690 -5.879625 0.193655
-10.860526 -5.541462 0.193655
-10.953522 -5.079522 -0.130769
-11.048257 -4.725969 -0.130769
-11.307076 -4.467150 -0.130769
-11.660629 -4.372415 -0.130769
-12.014183 -4.467150 -0.130769
-12.273002 -4.725969 -0.130769
-12.367736 -5.079522 -0.130769
-12.273002 -5.433076 -0.130769
-12.014183 -5.691895 -0.130769
-11.660629 -5.786629 -0.130769
-11.307076 -5.691895 -0.130769
-11.048257 -5.433076 -0.130769
-11.277946 -5.079522 -0.347542
-11.329216 -4.888180 -0.347542
-11.469288 -4.748109 -0.347542
-11.660629 -4.696839 -0.347542
-11.851971 -4.748109 -0.347542
-11.992043 -4.888180 -0.347542
-12.043313 -5.079522 -0.347542
-11.992043 -5.270864 -0.347542
-11.851971 -5.410936 -0.347542
-11.660629 -5.462206 -0.347542
-11.469288 -5.410936 -0.347542
-11.329216 -5.270864 -0.347542
-11.660629 -5.079522 -0.423662
-10.802032 -14.649963 -4.179673
-10.419348 -14.649963 -4.255794
-10.470618 -14.458622 -4.255794
-10.610690 -14.318550 -4.255794
-10.802032 -14.267280 -4.255794
-10.993373 -14.318550 -4.255794
-11.133445 -14.458622 -4.255794
-11.184715 -14.649963 -4.255794
-11.133445 -14.841305 -4.255794
-10.993373 -14.981377 -4.255794
-10.802032 -15.032647 -4.255794
-10.610690 -14.981377 -4.255794
-10.470618 -14.841305 -4.255794
-10.094925 -14.649963 -4.472566
-10.189659 -14.296410 -4.472566
-10.448478 -14.037591 -4.472566
-10.802032 -13.942857 -4.472566
-11.155585 -14.037591 -4.472566
-11.414404 -14.296410 -4.472566
-11.509138 -14.649963 -4.472566
-11.414404 -15.003517 -4.472566
-11.155585 -15.262336 -4.472566
-10.802032 -15.357070 -4.472566
-10.448478 -15.262336 -4.472566
-10.189659 -15.003517 -4.472566
-9.878152 -14.649963 -4.796990
-10.001928 -14.188024 -4.796990
-10.340092 -13.849860 -4.796990
-10.802032 -13.726084 -4.796990
-11.263971 -13.849860 -4.796990
-11.602135 -14.188024 -4.796990
-11.725911 -14.649963 -4.796990
-11.602135 -15.111903 -4.796990
-11.263971 -15.450067 -4.796990
-10.802032 -15.573843 -4.796990
-10.340092 -15.450067 -4.796990
-10.001928 -15.111903 -4.796990
-9.802032 -14.649963 -5.179673
-9.936006 -14.149963 -5.179673
-10.302032 -13.783938 -5.179673
-10.802032 -13.649963 -5.179673
-11.302032 -13.783938 -5.179673
-11.668057 -14.149963 -5.179673
-11.802032 -14.649963 -5.179673
-11.668057 -15.149963 -5.179673
-11.302032 -15.515989 -5.179673
-10.802032 -15.649963 -5.179673
-10.302032 -15.515989 -5.179673
-9.936006 -15.149963 -5.179673
-9.878152 -14.649963 -5.562357
-10.001928 -14.188024 -5.562357
-10.340092 -13.849860 -5.562357
-10.802032 -13.726084 -5.562357
-11.263971 -13.849860 -5.562357
-11.602135 -14.188024 -5.562357
-11.725911 -14.649963 -5.562357
-11.602135 -15.111903 -5.562357
-11.263971 -15.450067 -5.562357
-10.802032 -15.573843 -5.562357
-10.340092 -15.450067 -5.562357
-10.001928 -15.111903 -5.562357
-10.094925 -14.649963 -5.886780
-10.189659 -14.296410 -5.886780
-10.448478 -14.037591 -5.886780
-10.802032 -13.942857 -5.886780
-11.155585 -14.037591 -5.886780
-11.414404 -14.296410 -5.886780
-11.509138 -14.649963 -5.886780
-11.414404 -15.003517 -5.886780
-11.155585 -15.262336 -5.886780
-10.802032 -15.357070 -5.886780
-10.448478 -15.262336 -5.886780
-10.189659 -15.003517 -5.886780
-10.419348 -14.649963 -6.103553
-10.470618 -14.458622 -6.103553
-10.610690 -14.318550 -6.103553
-10.802032 -14.267280 -6.103553
-10.993373 -14.318550 -6.103553
-11.133445 -14.458622 -6.103553
-11.184715 -14.649963 -6.103553
-11.133445 -14.841305 -6.103553
-10.993373 -14.981377 -6.103553
-10.802032 -15.032647 -6.103553
-10.610690 -14.981377 -6.103553
-10.470618 -14.841305 -6.103553
-10.802032 -14.649963 -6.179673
-12.028201 -13.840653 -3.524545
-11.645518 -13.840653 -3.600665
-11.696788 -13.649312 -3.600665
-11.836859 -13.509240 -3.600665
-12.028201 -13.457970 -3.600665
-12.219543 -13.509240 -3.600665
-12.359615 -13.649312 -3.600665
-12.410885 -13.840653 -3.600665
-12.359615 -14.031995 -3.600665
-12.219543 -14.172067 -3.600665
-12.028201 -14.223337 -3.600665
-11.836859 -14.172067 -3.600665
-11.696788 -14.031995 -3.600665
-11.321094 -13.840653 -3.817438
-11.415829 -13.487100 -3.817438
-11.674648 -13.228281 -3.817438
-12.028201 -13.133547 -3.817438
-12.381754 -13.228281 -3.817438
-12.640574 -13.487100 -3.817438
-12.735308 -13.840653 -3.817438
-12.640574 -14.194207 -3.817438
-12.381754 -14.453026 -3.817438
-12.028201 -14.547760 -3.817438
-11.674648 -14.453026 -3.817438
-11.415829 -14.194207 -3.817438
-11.104322 -13.840653 -4.141861
-11.228098 -13.378714 -4.141861
-11.566261 -13.040550 -4.141861
-12.028201 -12.916774 -4.141861
-12.490141 -13.040550 -4.141861
-12.828304 -13.378714 -4.141861
-12.952081 -13.840653 -4.141861
-12.828304 -14.302593 -4.141861
-12.490141 -14.640757 -4.141861
-12.028201 -14.764533 -4.141861
-11.566261 -14.640757 -4.141861
-11.228098 -14.302593 -4.141861
-11.028201 -13.840653 -4.524545
-11.162176 -13.340653 -4.524545
-11.528201 -12.974628 -4.524545
-12.028201 -12.840653 -4.524545
-12.528201 -12.974628 -4.524545
-12.894227 -13.340653 -4.524545
-13.028201 -13.840653 -4.524545
-12.894227 -14.340653 -4.524545
-12.528201 -14.706679 -4.524545
-12.028201 -14.840653 -4.524545
-11.528201 -14.706679 -4.524545
-11.162176 -14.340653 -4.524545
-11.104322 -13.840653 -4.907228
-11.228098 -13.378714 -4.907228
-11.566261 -13.040550 -4.907228
-12.028201 -12.916774 -4.907228
-12.490141 -13.040550 -4.907228
-12.828304 -13.378714 -4.907228
-12.952081 -13.840653 -4.907228
-12.828304 -14.302593 -4.907228
-12.490141 -14.640757 -4.907228
-12.028201 -14.764533 -4.907228
-11.566261 -14.640757 -4.907228
-11.228098 -14.302593 -4.907228
-11.321094 -13.840653 -5.231651
-11.415829 -13.487100 -5.231651
-11.674648 -13.228281 -5.231651
-12.028201 -13.133547 -5.231651
-12.381754 -13.228281 -5.231651
-12.640574 -13.487100 -5.231651
-12.735308 -13.840653 -5.231651
-12.640574 -14.194207 -5.231651
-12.381754 -14.453026 -5.231651
-12.028201 -14.547760 -5.231651
-11.674648 -14.453026 -5.231651
-11.415829 -14.194207 -5.231651
-11.645518 -13.840653 -5.448424
-11.696788 -13.649312 -5.448424
-11.836859 -13.509240 -5.448424
-12.028201 -13.457970 -5.448424
-12.219543 -13.509240 -5.448424
-12.359615 -13.649312 -5.448424
-12.410885 -13.840653 -5.448424
-12.359615 -14.031995 -5.448424
-12.219543 -14.172067 -5.448424
-12.028201 -14.223337 -5.448424
-11.836859 -14.172067 -5.448424
-11.696788 -14.031995 -5.448424
-12.028201 -13.840653 -5.524545
-12.954794 -13.660740 -2.555457
-12.572110 -13.660740 -2.631578
-12.623380 -13.469398 -2.631578
-12.763452 -13.329326 -2.631578
-12.954794 -13.278056 -2.631578
-13.146136 -13.329326 -2.631578
-13.286208 -13.469398 -2.631578
-13.337477 -13.660740 -2.631578
-13.286208 -13.852082 -2.631578
-13.146136 -13.992153 -2.631578
-12.954794 -14.043423 -2.631578
-12.763452 -13.992153 -2.631578
-12.623380 -13.852082 -2.631578
-12.247687 -13.660740 -2.848351
-12.342421 -13.307187 -2.848351
-12.601241 -13.048367 -2.848351
-12.954794 -12.953633 -2.848351
-13.308347 -13.048367 -2.848351
-13.567166 -13.307187 -2.848351
-13.661901 -13.660740 -2.848351
-13.567166 -14.014293 -2.848351
-13.308347 -14.273112 -2.848351
-12.954794 -14.367847 -2.848351
-12.601241 -14.273112 -2.848351
-12.342421 -14.014293 -2.848351
-12.030914 -13.660740 -3.172774
-12.154691 -13.198800 -3.172774
-12.492854 -12.860637 -3.172774
-12.954794 -12.736860 -3.172774
-13.416734 -12.860637 -3.172774
-13.754897 -13.198800 -3.172774
-13.878673 -13.660740 -3.172774
-13.754897 -14.122680 -3.172774
-13.416734 -14.460843 -3.172774
-12.954794 -14.584619 -3.172774
-12.492854 -14.460843 -3.172774
-12.154691 -14.122680 -3.172774
-11.954794 -13.660740 -3.555457
-12.088769 -13.160740 -3.555457
-12.454794 -12.794714 -3.555457
-12.954794 -12.660740 -3.555457
-13.454794 -12.794714 -3.555457
-13.820819 -13.160740 -3.555457
-13.954794 -13.660740 -3.555457
-13.820819 -14.160740 -3.555457
-13.454794 -14.526765 -3.555457
-12.954794 -14.660740 -3.555457
-12.454794 -14.526765 -3.555457
-12.088769 -14.160740 -3.555457
-12.030914 -13.660740 -3.938141
-12.154691 -13.198800 -3.938141
-12.492854 -12.860637 -3.938141
-12.954794 -12.736860 -3.938141
-13.416734 -12.860637 -3.938141
-13.754897 -13.198800 -3.938141
-13.878673 -13.660740 -3.938141
-13.754897 -14.122680 -3.938141
-13.416734 -14.460843 -3.938141
-12.954794 -14.584619 -3.938141
-12.492854 -14.460843 -3.938141
-12.154691 -14.122680 -3.938141
-12.247687 -13.660740 -4.262564
-12.342421 -13.307187 -4.262564
-12.601241 -13.048367 -4.262564
-12.954794 -12.953633 -4.262564
-13.308347 -13.048367 -4.262564
-13.567166 -13.307187 -4.262564
-13.661901 -13.660740 -4.262564
-13.567166 -14.014293 -4.262564
-13.308347 -14.273112 -4.262564
-12.954794 -14.367847 -4.262564
-12.601241 -14.273112 -4.262564
-12.342421 -14.014293 -4.262564
-12.572110 -13.660740 -4.479337
-12.623380 -13.469398 -4.479337
-12.763452 -13.329326 -4.479337
-12.954794 -13.278056 -4.479337
-13.146136 -13.329326 -4.479337
-13.286208 -13.469398 -4.479337
-13.337477 -13.660740 -4.479337
-13.286208 -13.852082 -4.479337
-13.146136 -13.992153 -4.479337
-12.954794 -14.043423 -4.479337
-12.763452 -13.992153 -4.479337
-12.623380 -13.852082 -4.479337
-12.954794 -13.660740 -4.555457
-12.741177 -12.312430 -2.749509
-12.358493 -12.312430 -2.825629
-12.409763 -12.121089 -2.825629
-12.549835 -11.981017 -2.825629
-12.741177 -11.929747 -2.825629
-12.932518 -11.981017 -2.825629
-13.072590 -12.121089 -2.825629
-13.123860 -12.312430 -2.825629
-13.072590 -12.503772 -2.825629
-12.932518 -12.643844 -2.825629
-12.741177 -12.695114 -2.825629
-12.549835 -12.643844 -2.825629
-12.409763 -12.503772 -2.825629
-12.034070 -12.312430 -3.042402
-12.128804 -11.958877 -3.042402
-12.387623 -11.700058 -3.042402
-12.741177 -11.605324 -3.042402
-13.094730 -11.700058 -3.042402
-13.353549 -11.958877 -3.042402
-13.448283 -12.312430 -3.042402
-13.353549 -12.665984 -3.042402
-13.094730 -12.924803 -3.042402
-12.741177 -13.019537 -3.042402
-12.387623 -12.924803 -3.042402
-12.128804 -12.665984 -3.042402
-11.817297 -12.312430 -3.366825
-11.941073 -11.850491 -3.366825
-12.279237 -11.512327 -3.366825
-12.741177 -11.388551 -3.366825
-13.203116 -11.512327 -3.366825
-13.541280 -11.850491 -3.366825
-13.665056 -12.312430 -3.366825
-13.541280 -12.774370 -3.366825
-13.203116 -13.112534 -3.366825
-12.741177 -13.236310 -3.366825
-12.279237 -13.112534 -3.366825
-11.941073 -12.774370 -3.366825
-11.741177 -12.312430 -3.749509
-11.875151 -11.812430 -3.749509
-12.241177 -11.446405 -3.749509
-12.741177 -11.312430 -3.749509
-13.241177 -11.446405 -3.749509
-13.607202 -11.812430 -3.749509
-13.741177 -12.312430 -3.749509
-13.607202 -12.812430 -3.749509
-13.241177 -13.178456 -3.749509
-12.741177 -13.312430 -3.749509
-12.241177 -13.178456 -3.749509
-11.875151 -12.812430 -3.749509
-11.817297 -12.312430 -4.132192
-11.941073 -11.850491 -4.132192
-12.279237 -11.512327 -4.132192
-12.741177 -11.388551 -4.132192
-13.203116 -11.512327 -4.132192
-13.541280 -11.850491 -4.132192
-13.665056 -12.312430 -4.132192
-13.541280 -12.774370 -4.132192
-13.203116 -13.112534 -4.132192
-12.741177 -13.236310 -4.132192
-12.279237 -13.112534 -4.132192
-11.941073 -12.774370 -4.132192
-12.034070 -12.312430 -4.456616
-12.128804 -11.958877 -4.456616
-12.387623 -11.700058 -4.456616
-12.741177 -11.605324 -4.456616
-13.094730 -11.700058 -4.456616
-13.353549 -11.958877 -4.456616
-13.448283 -12.312430 -4.456616
-13.353549 -12.665984 -4.456616
-13.094730 -12.924803 -4.456616
-12.741177 -13.019537 -4.456616
-12.387623 -12.924803 -4.456616
-12.128804 -12.665984 -4.456616
-12.358493 -12.312430 -4.673388
-12.409763 -12.121089 -4.673388
-12.549835 -11.981017 -4.673388
-12.741177 -11.929747 -4.673388
-12.932518 -11.981017 -4.673388
-13.072590 -12.121089 -4.673388
-13.123860 -12.312430 -4.673388
-13.072590 -12.503772 -4.673388
-12.932518 -12.643844 -4.673388
-12.741177 -12.695114 -4.673388
-12.549835 -12.643844 -4.673388
-12.409763 -12.503772 -4.673388
-12.741177 -12.312430 -4.749509
-12.739016 -9.948057 -1.895634
-12.356332 -9.948057 -1.971755
-12.407602 -9.756715 -1.971755
-12.547674 -9.616644 -1.971755
-12.739016 -9.565374 -1.971755
-12.930357 -9.616644 -1.971755
-13.070429 -9.756715 -1.971755
-13.121699 -9.948057 -1.971755
-13.070429 -10.139399 -1.971755
-12.930357 -10.279471 -1.971755
-12.739016 -10.330741 -1.971755
-12.547674 -10.279471 -1.971755
-12.407602 -10.139399 -1.971755
-12.031909 -9.948057 -2.188528
-12.126643 -9.594504 -2.188528
-12.385462 -9.335685 -2.188528
-12.739016 -9.240950 -2.188528
-13.092569 -9.335685 -2.188528
-13.351388 -9.594504 -2.188528
-13.446122 -9.948057 -2.188528
-13.351388 -10.301611 -2.188528
-13.092569 -10.560430 -2.188528
-12.739016 -10.655164 -2.188528
-12.385462 -10.560430 -2.188528
-12.126643 -10.301611 -2.188528
-11.815136 -9.948057 -2.512951
-11.938912 -9.486117 -2.512951
-12.277076 -9.147954 -2.512951
-12.739016 -9.024178 -2.512951
-13.200955 -9.147954 -2.512951
-13.539119 -9.486117 -2.512951
-13.662895 -9.948057 -2.512951
-13.539119 -10.409997 -2.512951
-13.200955 -10.748160 -2.512951
-12.739016 -10.871937 -2.512951
-12.277076 -10.748160 -2.512951
-11.938912 -10.409997 -2.512951
-11.739016 -9.948057 -2.895634
-11.872990 -9.448057 -2.895634
-12.239016 -9.082032 -2.895634
-12.739016 -8.948057 -2.895634
-13.239016 -9.082032 -2.895634
-13.605041 -9.448057 -2.895634
-13.739016 -9.948057 -2.895634
-13.605041 -10.448057 -2.895634
-13.239016 -10.814083 -2.895634
-12.739016 -10.948057 -2.895634
-12.239016 -10.814083 -2.895634
-11.872990 -10.448057 -2.895634
-11.815136 -9.948057 -3.278318
-11.938912 -9.486117 -3.278318
-12.277076 -9.147954 -3.278318
-12.739016 -9.024178 -3.278318
-13.200955 -9.147954 -3.278318
-13.539119 -9.486117 -3.278318
-13.662895 -9.948057 -3.278318
-13.539119 -10.409997 -3.278318
-13.200955 -10.748160 -3.278318
-12.739016 -10.871937 -3.278318
-12.277076 -10.748160 -3.278318
-11.938912 -10.409997 -3.278318
-12.031909 -9.948057 -3.602741
-12.126643 -9.594504 -3.602741
-12.385462 -9.335685 -3.602741
-12.739016 -9.240950 -3.602741
-13.092569 -9.335685 -3.602741
-13.351388 -9.594504 -3.602741
-13.446122 -9.948057 -3.602741
-13.351388 -10.301611 -3.602741
-13.092569 -10.560430 -3.602741
-12.739016 -10.655164 -3.602741
-12.385462 -10.560430 -3.602741
-12.126643 -10.301611 -3.602741
-12.356332 -9.948057 -3.819514
-12.407602 -9.756715 -3.819514
-12.547674 -9.616644 -3.819514
-12.739016 -9.565374 -3.819514
-12.930357 -9.616644 -3.819514
-13.070429 -9.756715 -3.819514
-13.121699 -9.948057 -3.819514
-13.070429 -10.139399 -3.819514
-12.930357 -10.279471 -3.819514
-12.739016 -10.330741 -3.819514
-12.547674 -10.279471 -3.819514
-12.407602 -10.139399 -3.819514
-12.739016 -9.948057 -3.895634
-13.041252 -8.936898 -0.853731
-12.658569 -8.936898 -0.929851
-12.709839 -8.745557 -0.929851
-12.849910 -8.605485 -0.929851
-13.041252 -8.554215 -0.929851
-13.232594 -8.605485 -0.929851
-13.372666 -8.745557 -0.929851
-13.423936 -8.936898 -0.929851
-13.372666 -9.128240 -0.929851
-13.232594 -9.268312 -0.929851
-13.041252 -9.319582 -0.929851
-12.849910 -9.268312 -0.929851
-12.709839 -9.128240 -0.929851
-12.334145 -8.936898 -1.146624
-12.428880 -8.583345 -1.146624
-12.687699 -8.324526 -1.146624
-13.041252 -8.229791 -1.146624
-13.394806 -8.324526 -1.146624
-13.653625 -8.583345 -1.146624
-13.748359 -8.936898 -1.146624
-13.653625 -9.290452 -1.146624
-13.394806 -9.549271 -1.146624
-13.041252 -9.644005 -1.146624
-12.687699 -9.549271 -1.146624
-12.428880 -9.290452 -1.146624
-12.117373 -8.936898 -1.471047
-12.241149 -8.474958 -1.471047
-12.579312 -8.136795 -1.471047
-13.041252 -8.013019 -1.471047
-13.503192 -8.136795 -1.471047
-13.841355 -8.474958 -1.471047
-13.965132 -8.936898 -1.471047
-13.841355 -9.398838 -1.471047
-13.503192 -9.737001 -1.471047
-13.041252 -9.860778 -1.471047
-12.579312 -9.737001 -1.471047
-12.241149 -9.398838 -1.471047
-12.041252 -8.936898 -1.853731
-12.175227 -8.436898 -1.853731
-12.541252 -8.070873 -1.853731
-13.041252 -7.936898 -1.853731
-13.541252 -8.070873 -1.853731
-13.907278 -8.436898 -1.853731
-14.041252 -8.936898 -1.853731
-13.907278 -9.436898 -1.853731
-13.541252 -9.802924 -1.853731
-13.041252 -9.936898 -1.853731
-12.541252 -9.802924 -1.853731
-12.175227 -9.436898 -1.853731
-12.117373 -8.936898 -2.236414
-12.241149 -8.474958 -2.236414
-12.579312 -8.136795 -2.236414
-13.041252 -8.013019 -2.236414
-13.503192 -8.136795 -2.236414
-13.841355 -8.474958 -2.236414
-13.965132 -8.936898 -2.236414
-13.841355 -9.398838 -2.236414
-13.503192 -9.737001 -2.236414
-13.041252 -9.860778 -2.236414
-12.579312 -9.737001 -2.236414
-12.241149 -9.398838 -2.236414
-12.334145 -8.936898 -2.560838
-12.428880 -8.583345 -2.560838
-12.687699 -8.324526 -2.560838
-13.041252 -8.229791 -2.560838
-13.394806 -8.324526 -2.560838
-13.653625 -8.583345 -2.560838
-13.748359 -8.936898 -2.560838
-13.653625 -9.290452 -2.560838
-13.394806 -9.549271 -2.560838
-13.041252 -9.644005 -2.560838
-12.687699 -9.549271 -2.560838
-12.428880 -9.290452 -2.560838
-12.658569 -8.936898 -2.777610
-12.709839 -8.745557 -2.777610
-12.849910 -8.605485 -2.777610
-13.041252 -8.554215 -2.777610
-13.232594 -8.605485 -2.777610
-13.372666 -8.745557 -2.777610
-13.423936 -8.936898 -2.777610
-13.372666 -9.128240 -2.777610
-13.232594 -9.268312 -2.777610
-13.041252 -9.319582 -2.777610
-12.849910 -9.268312 -2.777610
-12.709839 -9.128240 -2.777610
-13.041252 -8.936898 -2.853731
-12.139613 -6.878853 -0.436927
-11.756930 -6.878853 -0.513048
-11.808200 -6.687512 -0.513048
-11.948271 -6.547440 -0.513048
-12.139613 -6.496170 -0.513048
-12.330955 -6.547440 -0.513048
-12.471027 -6.687512 -0.513048
-12.522297 -6.878853 -0.513048
-12.471027 -7.070195 -0.513048
-12.330955 -7.210267 -0.513048
-12.139613 -7.261537 -0.513048
-11.948271 -7.210267 -0.513048
-11.808200 -7.070195 -0.513048
-11.432506 -6.878853 -0.729820
-11.527241 -6.525300 -0.729820
-11.786060 -6.266481 -0.729820
-12.139613 -6.171747 -0.729820
-12.493167 -6.266481 -0.729820
-12.751986 -6.525300 -0.729820
-12.846720 -6.878853 -0.729820
-12.751986 -7.232407 -0.729820
-12.493167 -7.491226 -0.729820
-12.139613 -7.585960 -0.729820
-11.786060 -7.491226 -0.729820
-11.527241 -7.232407 -0.729820
-11.215734 -6.878853 -1.054244
-11.339510 -6.416914 -1.054244
-11.677673 -6.078750 -1.054244
-12.139613 -5.954974 -1.054244
-12.601553 -6.078750 -1.054244
-12.939716 -6.416914 -1.054244
-13.063493 -6.878853 -1.054244
-12.939716 -7.340793 -1.054244
-12.601553 -7.678956 -1.054244
-12.139613 -7.802733 -1.054244
-11.677673 -7.678956 -1.054244
-11.339510 -7.340793 -1.054244
-11.139613 -6.878853 -1.436927
-11.273588 -6.378853 -1.436927
-11.639613 -6.012828 -1.436927
-12.139613 -5.878853 -1.436927
-12.639613 -6.012828 -1.436927
-13.005639 -6.378853 -1.436927
-13.139613 -6.878853 -1.436927
-13.005639 -7.378853 -1.436927
-12.639613 -7.744879 -1.436927
-12.139613 -7.878853 -1.436927
-11.639613 -7.744879 -1.436927
-11.273588 -7.378853 -1.436927
-11.215734 -6.878853 -1.819611
-11.339510 -6.416914 -1.819611
-11.677673 -6.078750 -1.819611
-12.139613 -5.954974 -1.819611
-12.601553 -6.078750 -1.819611
-12.939716 -6.416914 -1.819611
-13.063493 -6.878853 -1.819611
-12.939716 -7.340793 -1.819611
-12.601553 -7.678956 -1.819611
-12.139613 -7.802733 -1.819611
-11.677673 -7.678956 -1.819611
-11.339510 -7.340793 -1.819611
-11.432506 -6.878853 -2.144034
-11.527241 -6.525300 -2.144034
-11.786060 -6.266481 -2.144034
-12.139613 -6.171747 -2.144034
-12.493167 -6.266481 -2.144034
-12.751986 -6.525300 -2.144034
-12.846720 -6.878853 -2.144034
-12.751986 -7.232407 -2.144034
-12.493167 -7.491226 -2.144034
-12.139613 -7.585960 -2.144034
-11.786060 -7.491226 -2.144034
-11.527241 -7.232407 -2.144034
-11.756930 -6.878853 -2.360807
-11.808200 -6.687512 -2.360807
-11.948271 -6.547440 -2.360807
-12.139613 -6.496170 -2.360807
-12.330955 -6.547440 -2.360807
-12.471027 -6.687512 -2.360807
-12.522297 -6.878853 -2.360807
-12.471027 -7.070195 -2.360807
-12.330955 -7.210267 -2.360807
-12.139613 -7.261537 -2.360807
-11.948271 -7.210267 -2.360807
-11.808200 -7.070195 -2.360807
-12.139613 -6.878853 -2.436927
-11.991082 -6.022957 0.454483
-11.608399 -6.022957 0.378362
-11.659669 -5.831616 0.378362
-11.799740 -5.691544 0.378362
-11.991082 -5.640274 0.378362
-12.182424 -5.691544 0.378362
-12.322496 -5.831616 0.378362
-12.373766 -6.022957 0.378362
-12.322496 -6.214299 0.378362
-12.182424 -6.354371 0.378362
-11.991082 -6.405641 0.378362
-11.799740 -6.354371 0.378362
-11.659669 -6.214299 0.378362
-11.283975 -6.022957 0.161590
-11.378710 -5.669404 0.161590
-11.637529 -5.410585 0.161590
-11.991082 -5.315851 0.161590
-12.344636 -5.410585 0.161590
-12.603455 -5.669404 0.161590
-12.698189 -6.022957 0.161590
-12.603455 -6.376511 0.161590
-12.344636 -6.635330 0.161590
-11.991082 -6.730064 0.161590
-11.637529 -6.635330 0.161590
-11.378710 -6.376511 0.161590
-11.067203 -6.022957 -0.162834
-11.190979 -5.561018 -0.162834
-11.529142 -5.222854 -0.162834
-11.991082 -5.099078 -0.162834
-12.453022 -5.222854 -0.162834
-12.791185 -5.561018 -0.162834
-12.914962 -6.022957 -0.162834
-12.791185 -6.484897 -0.162834
-12.453022 -6.823060 -0.162834
-11.991082 -6.946837 -0.162834
-11.529142 -6.823060 -0.162834
-11.190979 -6.484897 -0.162834
-10.991082 -6.022957 -0.545517
-11.125057 -5.522957 -0.545517
-11.491082 -5.156932 -0.545517
-11.991082 -5.022957 -0.545517
-12.491082 -5.156932 -0.545517
-12.857108 -5.522957 -0.545517
-12.991082 -6.022957 -0.545517
-12.857108 -6.522957 -0.545517
-12.491082 -6.888983 -0.545517
-11.991082 -7.022957 -0.545517
-11.491082 -6.888983 -0.545517
-11.125057 -6.522957 -0.545517
-11.067203 -6.022957 -0.928201
-11.190979 -5.561018 -0.928201
-11.529142 -5.222854 -0.928201
-11.991082 -5.099078 -0.928201
-12.453022 -5.222854 -0.928201
-12.791185 -5.561018 -0.928201
-12.914962 -6.022957 -0.928201
-12.791185 -6.484897 -0.928201
-12.453022 -6.823060 -0.928201
-11.991082 -6.946837 -0.928201
-11.529142 -6.823060 -0.928201
-11.190979 -6.484897 -0.928201
-11.283975 -6.022957 -1.252624
-11.378710 -5.669404 -1.252624
-11.637529 -5.410585 -1.252624
-11.991082 -5.315851 -1.252624
-12.344636 -5.410585 -1.252624
-12.603455 -5.669404 -1.252624
-12.698189 -6.022957 -1.252624
-12.603455 -6.376511 -1.252624
-12.344636 -6.635330 -1.252624
-11.991082 -6.730064 -1.252624
-11.637529 -6.635330 -1.252624
-11.378710 -6.376511 -1.252624
-11.608399 -6.022957 -1.469397
-11.659669 -5.831616 -1.469397
-11.799740 -5.691544 -1.469397
-11.991082 -5.640274 -1.469397
-12.182424 -5.691544 -1.469397
-12.322496 -5.831616 -1.469397
-12.373766 -6.022957 -1.469397
-12.322496 -6.214299 -1.469397
-12.182424 -6.354371 -1.469397
-11.991082 -6.405641 -1.469397
-11.799740 -6.354371 -1.469397
-11.659669 -6.214299 -1.469397
-11.991082 -6.022957 -1.545517
16.529278 8.217688 14.766747
16.911961 8.217688 14.690626
16.860691 8.409029 14.690626
16.720620 8.549101 14.690626
16.529278 8.600371 14.690626
16.337936 8.549101 14.690626
16.197864 8.409029 14.690626
16.146594 8.217688 14.690626
16.197864 8.026346 14.690626
16.337936 7.886274 14.690626
16.529278 7.835004 14.690626
16.720620 7.886274 14.690626
16.860691 8.026346 14.690626
17.236385 8.217688 14.473853
17.141650 8.571241 14.473853
16.882831 8.830060 14.473853
16.529278 8.924794 14.473853
16.175724 8.830060 14.473853
15.916905 8.571241 14.473853
15.822171 8.217688 14.473853
15.916905 7.864134 14.473853
16.175724 7.605315 14.473853
16.529278 7.510581 14.473853
16.882831 7.605315 14.473853
17.141650 7.864134 14.473853
17.453157 8.217688 14.149430
17.329381 8.679627 14.149430
16.991218 9.017791 14.149430
16.529278 9.141567 14.149430
16.067338 9.017791 14.149430
15.729175 8.679627 14.149430
15.605398 8.217688 14.149430
15.729175 7.755748 14.149430
16.067338 7.417584 14.149430
16.529278 7.293808 14.149430
16.991218 7.417584 14.149430
17.329381 7.755748 14.149430
17.529278 8.217688 13.766747
17.395303 8.717688 13.766747
17.029278 9.083713 13.766747
16.529278 9.217688 13.766747
16.029278 9.083713 13.766747
15.663252 8.717688 13.766747
15.529278 8.217688 13.766747
15.663252 7.717688 13.766747
16.029278 7.351662 13.766747
16.529278 7.217688 13.766747
17.029278 7.351662 13.766747
17.395303 7.717688 13.766747
17.453157 8.217688 13.384063
17.329381 8.679627 13.384063
16.991218 9.017791 13.384063
16.529278 9.141567 13.384063
16.067338 9.017791 13.384063
15.729175 8.679627 13.384063
15.605398 8.217688 13.384063
15.729175 7.755748 13.384063
16.067338 7.417584 13.384063
16.529278 7.293808 13.384063
16.991218 7.417584 13.384063
17.329381 7.755748 13.384063
17.236385 8.217688 13.059640
17.141650 8.571241 13.059640
16.882831 8.830060 13.059640
16.529278 8.924794 13.059640
16.175724 8.830060 13.059640
15.916905 8.571241 13.059640
15.822171 8.217688 13.059640
15.916905 7.864134 13.059640
16.175724 7.605315 13.059640
16.529278 7.510581 13.059640
16.882831 7.605315 13.059640
17.141650 7.864134 13.059640
16.911961 8.217688 12.842867
16.860691 8.409029 12.842867
16.720620 8.549101 12.842867
16.529278 8.600371 12.842867
16.337936 8.549101 12.842867
16.197864 8.409029 12.842867
16.146594 8.217688 12.842867
16.197864 8.026346 12.842867
16.337936 7.886274 12.842867
16.529278 7.835004 12.842867
16.720620 7.886274 12.842867
16.860691 8.026346 12.842867
16.529278 8.217688 12.766747
3 0 1 2
3 0 2 3
3 0 3 4
3 0 4 5
3 0 5 6
3 0 6 7
3 0 7 8
3 0 8 9
3 0 9 10
3 0 10 11
3 0 11 12
3 0 12 1
3 1 13 2
3 2 13 14
3 2 14 3
3 3 14 15
3 3 15 4
3 4 15 16
3 4 16 5
3 5 16 17
3 5 17 6
3 6 17 18
3 6 18 7
3 7 18 19
3 7 19 8
3 8 19 20
3 8 20 9
3 9 20 21
3 9 21 10
3 10 21 22
3 10 22 11
3 11 22 23
3 11 23 12
3 12 23 24
3 12 24 1
3 1 24 13
3 13 25 14
3 14 25 26
3 14 26 15
3 15 26 27
3 15 27 16
3 16 27 28
3 16 28 17
3 17 28 29
3 17 29 18
3 18 29 30
3 18 30 19
3 19 30 31
3 19 31 20
3 20 31 32
3 20 32 21
3 21 32 33
3 21 33 22
3 22 33 34
3 22 34 23
3 23 34 35
3 23 35 24
3 24 35 36
3 24 36 13
3 13 36 25
3 25 37 26
3 26 37 38
3 26 38 27
3 27 38 39
3 27 39 28
3 28 39 40
3 28 40 29
3 29 40 41
3 29 41 30
3 30 41 42
3 30 42 31
3 31 42 43
3 31 43 32
3 32 43 44
3 32 44 33
3 33 44 45
3 33 45 34
3 34 45 46
3 34 46 35
3 35 46 47
3 35 47 36
3 36 47 48
3 36 48 25
3 25 48 37
3 37 49 38
3 38 49 50
3 38 50 39
3 39 50 51
3 39 51 40
3 40 51 52
3 40 52 41
3 41 52 53
3 41 53 42
3 42 53 54
3 42 54 43
3 43 54 55
3 43 55 44
3 44 55 56
3 44 56 45
3 45 56 57
3 45 57 46
3 46 57 58
3 46 58 47
3 47 58 59
3 47 59 48
3 48 59 60
3 48 60 37
3 37 60 49
3 49 61 50
3 50 61 62
3 50 62 51
3 51 62 63
3 51 63 52
3 52 63 64
3 52 64 53
3 53 64 65
3 53 65 54
3 54 65 66
3 54 66 55
3 55 66 67
3 55 67 56
3 56 67 68
3 56 68 57
3 57 68 69
3 57 69 58
3 58 69 70
3 58 70 59
3 59 70 71
3 59 71 60
3 60 71 72
3 60 72 49
3 49 72 61
3 61 73 62
3 62 73 74
3 62 74 63
3 63 74 75
3 63 75 64
3 64 75 76
3 64 76 65
3 65 76 77
3 65 77 66
3 66 77 78
3 66 78 67
3 67 78 79
3 67 79 68
3 68 79 80
3 68 80 69
3 69 80 81
3 69 81 70
3 70 81 82
3 70 82 71
3 71 82 83
3 71 83 72
3 72 83 84
3 72 84 61
3 61 84 73
3 85 74 73
3 85 75 74
3 85 76 75
3 85 77 76
3 85 78 77
3 85 79 78
3 85 80 79
3 85 81 80
3 85 82 81
3 85 83 82
3 85 84 83
3 85 73 84
3 86 87 88
3 86 88 89
3 86 89 90
3 86 90 91
3 86 91 92
3 86 92 93
3 86 93 94
3 86 94 95
3 86 95 96
3 86 96 97
3 86 97 98
3 86 98 87
3 87 99 88
3 88 99 100
3 88 100 89
3 89 100 101
3 89 101 90
3 90 101 102
3 90 102 91
3 91 102 103
3 91 103 92
3 92 103 104
3 92 104 93
3 93 104 105
3 93 105 94
3 94 105 106
3 94 106 95
3 95 106 107
3 95 107 96
3 96 107 108
3 96 108 97
3 97 108 109
3 97 109 98
3 98 109 110
3 98 110 87
3 87 110 99
3 99 111 100
3 100 111 112
3 100 112 101
3 101 112 113
3 101 113 102
3 102 113 114
3 102 114 103
3 103 114 115
3 103 115 104
3 104 115 116
3 104 116 105
3 105 116 117
3 105 117 106
3 106 117 118
3 106 118 107
3 107 118 119
3 107 119 108
3 108 119 120
3 108 120 109
3 109 120 121
3 109 121 110
3 110 121 122
3 110 122 99
3 99 122 111
3 111 123 112
3 112 123 124
3 112 124 113
3 113 124 125
3 113 125 114
3 114 125 126
3 114 126 115
3 115 126 127
3 115 127 116
3 116 127 128
3 116 128 117
3 117 128 129
3 117 129 118
3 118 129 130
3 118 130 119
3 119 130 131
3 119 131 120
3 120 131 132
3 120 132 121
3 121 132 133
3 121 133 122
3 122 133 134
3 122 134 111
3 111 134 123
3 123 135 124
3 124 135 136
3 124 136 125
3 125 136 137
3 125 137 126
3 126 137 138
3 126 138 127
3 127 138 139
3 127 139 128
3 128 139 140
3 128 140 129
3 129 140 141
3 129 141 130
3 130 141 142
3 130 142 131
3 131 142 143
3 131 143 132
3 132 143 144
3 132 144 133
3 133 144 145
3 133 145 134
3 134 145 146
3 134 146 123
3 123 146 135
3 135 147 136
3 136 147 148
3 136 148 137
3 137 148 149
3 137 149 138
3 138 149 150
3 138 150 139
3 139 150 151
3 139 151 140
3 140 151 152
3 140 152 141
3 141 152 153
3 141 153 142
3 142 153 154
3 142 154 143
3 143 154 155
3 143 155 144
3 144 155 156
3 144 156 145
3 145 156 157
3 145 157 146
3 146 157 158
3 146 158 135
3 135 158 147
3 147 159 148
3 148 159 160
3 148 160 149
3 149 160 161
3 149 161 150
3 150 161 162
3 150 162 151
3 151 162 163
3 151 163 152
3 152 163 164
3 152 164 153
3 153 164 165
3 153 165 154
3 154 165 166
3 154 166 155
3 155 166 167
3 155 167 156
3 156 167 168
3 156 168 157
3 157 168 169
3 157 169 158
3 158 169 170
3 158 170 147
3 147 170 159
3 171 160 159
3 171 161 160
3 171 162 161
3 171 163 162
3 171 164 163
3 171 165 164
3 171 166 165
3 171 167 166
3 171 168 167
3 171 169 168
3 171 170 169
3 171 159 170
3 172 173 174
3 172 174 175
3 172 175 176
3 172 176 177
3 172 177 178
3 172 178 179
3 172 179 180
3 172 180 181
3 172 181 182
3 172 182 183
3 172 183 184
3 172 184 173
3 173 185 174
3 174 185 186
3 174 186 175
3 175 186 187
3 175 187 176
3 176 187 188
3 176 188 177
3 177 188 189
3 177 189 178
3 178 189 190
3 178 190 179
3 179 190 191
3 179 191 180
3 180 191 192
3 180 192 181
3 181 192 193
3 181 193 182
3 182 193 194
3 182 194 183
3 183 194 195
3 183 195 184
3 184 195 196
3 184 196 173
3 173 196 185
3 185 197 186
3 186 197 198
3 186 198 187
3 187 198 199
3 187 199 188
3 188 199 200
3 188 200 189
3 189 200 201
3 189 201 190
3 190 201 202
3 190 202 191
3 191 202 203
3 191 203 192
3 192 203 204
3 192 204 193
3 193 204 205
3 193 205 194
3 194 205 206
3 194 206 195
3 195 206 207
3 195 207 196
3 196 207 208
3 196 208 185
3 185 208 197
3 197 209 198
3 198 209 210
3 198 210 199
3 199 210 211
3 199 211 200
3 200 211 212
3 200 212 201
3 201 212 213
3 201 213 202
3 202 213 214
3 202 214 203
3 203 214 215
3 203 215 204
3 204 215 216
3 204 216 205
3 205 216 217
3 205 217 206
3 206 217 218
3 206 218 207
3 207 218 219
3 207 219 208
3 208 219 220
3 208 220 197
3 197 220 209
3 209 221 210
3 210 221 222
3 210 222 211
3 211 222 223
3 211 223 212
3 212 223 224
3 212 224 213
3 213 224 225
3 213 225 214
3 214 225 226
3 214 226 215
3 215 226 227
3 215 227 216
3 216 227 228
3 216 228 217
3 217 228 229
3 217 229 218
3 218 229 230
3 218 230 219
3 219 230 231
3 219 231 220
3 220 231 232
3 220 232 209
3 209 232 221
3 221 233 222
3 222 233 234
3 222 234 223
3 223 234 235
3 223 235 224
3 224 235 236
3 224 236 225
3 225 236 237
3 225 237 226
3 226 237 238
3 226 238 227
3 227 238 239
3 227 239 228
3 228 239 240
3 228 240 229
3 229 240 241
3 229 241 230
3 230 241 242
3 230 242 231
3 231 242 243
3 231 243 232
3 232 243 244
3 232 244 221
3 221 244 233
3 233 245 234
3 234 245 246
3 234 246 235
3 235 246 247
3 235 247 236
3 236 247 248
3 236 248 237
3 237 248 249
3 237 249 238
3 238 249 250
3 238 250 239
3 239 250 251
3 239 251 240
3 240 251 252
3 240 252 241
3 241 252 253
3 241 253 242
3 242 253 254
3 242 254 243
3 243 254 255
3 243 255 244
3 244 255 256
3 244 256 233
3 233 256 245
3 257 246 245
3 257 247 246
3 257 248 247
3 257 249 248
3 257 250 249
3 257 251 250
3 257 252 251
3 257 253 252
3 257 254 253
3 257 255 254
3 257 256 255
3 257 245 256
3 258 259 260
3 258 260 261
3 258 261 262
3 258 262 263
3 258 263 264
3 258 264 265
3 258 265 266
3 258 266 267
3 258 267 268
3 258 268 269
3 258 269 270
3 258 270 259
3 259 271 260
3 260 271 272
3 260 272 261
3 261 272 273
3 261 273 262
3 262 273 274
3 262 274 263
3 263 274 275
3 263 275 264
3 264 275 276
3 264 276 265
3 265 276 277
3 265 277 266
3 266 277 278
3 266 278 267
3 267 278 279
3 267 279 268
3 268 279 280
3 268 280 269
3 269 280 281
3 269 281 270
3 270 281 282
3 270 282 259
3 259 282 271
3 271 283 272
3 272 283 284
3 272 284 273
3 273 284 285
3 273 285 274
3 274 285 286
3 274 286 275
3 275 286 287
3 275 287 276
3 276 287 288
3 276 288 277
3 277 288 289
3 277 289 278
3 278 289 290
3 278 290 279
3 279 290 291
3 279 291 280
3 280 291 292
3 280 292 281
3 281 292 293
3 281 293 282
3 282 293 294
3 282 294 271
3 271 294 283
3 283 295 284
3 284 295 296
3 284 296 285
3 285 296 297
3 285 297 286
3 286 297 298
3 286 298 287
3 287 298 299
3 287 299 288
3 288 299 300
3 288 300 289
3 289 300 301
3 289 301 290
3 290 301 302
3 290 302 291
3 291 302 303
3 291 303 292
3 292 303 304
3 292 304 293
3 293 304 305
3 293 305 294
3 294 305 306
3 294 306 283
3 283 306 295
3 295 307 296
3 296 307 308
3 296 308 297
3 297 308 309
3 297 309 298
3 298 309 310
3 298 310 299
3 299 310 311
3 299 311 300
3 300 311 312
3 300 312 301
3 301 312 313
3 301 313 302
3 302 313 314
3 302 314 303
3 303 314 315
3 303 315 304
3 304 315 316
3 304 316 305
3 305 316 317
3 305 317 306
3 306 317 318
3 306 318 295
3 295 318 307
3 307 319 308
3 308 319 320
3 308 320 309
3 309 320 321
3 309 321 310
3 310 321 322
3 310 322 311
3 311 322 323
3 311 323 312
3 312 323 324
3 312 324 313
3 313 324 325
3 313 325 314
3 314 325 326
3 314 326 315
3 315 326 327
3 315 327 316
3 316 327 328
3 316 328 317
3 317 328 329
3 317 329 318
3 318 329 330
3 318 330 307
3 307 330 319
3 319 331 320
3 320 331 332
3 320 332 321
3 321 332 333
3 321 333 322
3 322 333 334
3 322 334 323
3 323 334 335
3 323 335 324
3 324 335 336
3 324 336 325
3 325 336 337
3 325 337 326
3 326 337 338
3 326 338 327
3 327 338 339
3 327 339 328
3 328 339 340
3 328 340 329
3 329 340 341
3 329 341 330
3 330 341 342
3 330 342 319
3 319 342 331
3 343 332 331
3 343 333 332
3 343 334 333
3 343 335 334
3 343 336 335
3 343 337 336
3 343 338 337
3 343 339 338
3 343 340 339
3 343 341 340
3 343 342 341
3 343 331 342
3 344 345 346
3 344 346 347
3 344 347 348
3 344 348 349
3 344 349 350
3 344 350 351
3 344 351 352
3 344 352 353
3 344 353 354
3 344 354 355
3 344 355 356
3 344 356 345
3 345 357 346
3 346 357 358
3 346 358 347
3 347 358 359
3 347 359 348
3 348 359 360
3 348 360 349
3 349 360 361
3 349 361 350
3 350 361 362
3 350 362 351
3 351 362 363
3 351 363 352
3 352 363 364
3 352 364 353
3 353 364 365
3 353 365 354
3 354 365 366
3 354 366 355
3 355 366 367
3 355 367 356
3 356 367 368
3 356 368 345
3 345 368 357
3 357 369 358
3 358 369 370
3 358 370 359
3 359 370 371
3 359 371 360
3 360 371 372
3 360 372 361
3 361 372 373
3 361 373 362
3 362 373 374
3 362 374 363
3 363 374 375
3 363 375 364
3 364 375 376
3 364 376 365
3 365 376 377
3 365 377 366
3 366 377 378
3 366 378 367
3 367 378 379
3 367 379 368
3 368 379 380
3 368 380 357
3 357 380 369
3 369 381 370
3 370 381 382
3 370 382 371
3 371 382 383
3 371 383 372
3 372 383 384
3 372 384 373
3 373 384 385
3 373 385 374
3 374 385 386
3 374 386 375
3 375 386 387
3 375 387 376
3 376 387 388
3 376 388 377
3 377 388 389
3 377 389 378
3 378 389 390
3 378 390 379
3 379 390 391
3 379 391 380
3 380 391 392
3 380 392 369
3 369 392 381
3 381 393 382
3 382 393 394
3 382 394 383
3 383 394 395
3 383 395 384
3 384 395 396
3 384 396 385
3 385 396 397
3 385 397 386
3 386 397 398
3 386 398 387
3 387 398 399
3 387 399 388
3 388 399 400
3 388 400 389
3 389 400 401
3 389 401 390
3 390 401 402
3 390 402 391
3 391 402 403
3 391 403 392
3 392 403 404
3 392 404 381
3 381 404 393
3 393 405 394
3 394 405 406
3 394 406 395
3 395 406 407
3 395 407 396
3 396 407 408
3 396 408 397
3 397 408 409
3 397 409 398
3 398 409 410
3 398 410 399
3 399 410 411
3 399 411 400
3 400 411 412
3 400 412 401
3 401 412 413
3 401 413 402
3 402 413 414
3 402 414 403
3 403 414 415
3 403 415 404
3 404 415 416
3 404 416 393
3 393 416 405
3 405 417 406
3 406 417 418
3 406 418 407
3 407 418 419
3 407 419 408
3 408 419 420
3 408 420 409
3 409 420 421
3 409 421 410
3 410 421 422
3 410 422 411
3 411 422 423
3 411 423 412
3 412 423 424
3 412 424 413
3 413 424 425
3 413 425 414
3 414 425 426
3 414 426 415
3 415 426 427
3 415 427 416
3 416 427 428
3 416 428 405
3 405 428 417
3 429 418 417
3 429 419 418
3 429 420 419
3 429 421 420
3 429 422 421
3 429 423 422
3 429 424 423
3 429 425 424
3 429 426 425
3 429 427 426
3 429 428 427
3 429 417 428
3 430 431 432
3 430 432 433
3 430 433 434
3 430 434 435
3 430 435 436
3 430 436 437
3 430 437 438
3 430 438 439
3 430 439 440
3 430 440 441
3 430 441 442
3 430 442 431
3 431 443 432
3 432 443 444
3 432 444 433
3 433 444 445
3 433 445 434
3 434 445 446
3 434 446 435
3 435 446 447
3 435 447 436
3 436 447 448
3 436 448 437
3 437 448 449
3 437 449 438
3 438 449 450
3 438 450 439
3 439 450 451
3 439 451 440
3 440 451 452
3 440 452 441
3 441 452 453
3 441 453 442
3 442 453 454
3 442 454 431
3 431 454 443
3 443 455 444
3 444 455 456
3 444 456 445
3 445 456 457
3 445 457 446
3 446 457 458
3 446 458 447
3 447 458 459
3 447 459 448
3 448 459 460
3 448 460 449
3 449 460 461
3 449 461 450
3 450 461 462
3 450 462 451
3 451 462 463
3 451 463 452
3 452 463 464
3 452 464 453
3 453 464 465
3 453 465 454
3 454 465 466
3 454 466 443
3 443 466 455
3 455 467 456
3 456 467 468
3 456 468 457
3 457 468 469
3 457 469 458
3 458 469 470
3 458 470 459
3 459 470 471
3 459 471 460
3 460 471 472
3 460 472 461
3 461 472 473
3 461 473 462
3 462 473 474
3 462 474 463
3 463 474 475
3 463 475 464
3 464 475 476
3 464 476 465
3 465 476 477
3 465 477 466
3 466 477 478
3 466 478 455
3 455 478 467
3 467 479 468
3 468 479 480
3 468 480 469
3 469 480 481
3 469 481 470
3 470 481 482
3 470 482 471
3 471 482 483
3 471 483 472
3 472 483 484
3 472 484 473
3 473 484 485
3 473 485 474
3 474 485 486
3 474 486 475
3 475 486 487
3 475 487 476
3 476 487 488
3 476 488 477
3 477 488 489
3 477 489 478
3 478 489 490
3 478 490 467
3 467 490 479
3 479 491 480
3 480 491 492
3 480 492 481
3 481 492 493
3 481 493 482
3 482 493 494
3 482 494 483
3 483 494 495
3 483 495 484
3 484 495 496
3 484 496 485
3 485 496 497
3 485 497 486
3 486 497 498
3 486 498 487
3 487 498 499
3 487 499 488
3 488 499 500
3 488 500 489
3 489 500 501
3 489 501 490
3 490 501 502
3 490 502 479
3 479 502 491
3 491 503 492
3 492 503 504
3 492 504 493
3 493 504 505
3 493 505 494
3 494 505 506
3 494 506 495
3 495 506 507
3 495 507 496
3 496 507 508
3 496 508 497
3 497 508 509
3 497 509 498
3 498 509 510
3 498 510 499
3 499 510 511
3 499 511 500
3 500 511 512
3 500 512 501
3 501 512 513
3 501 513 502
3 502 513 514
3 502 514 491
3 491 514 503
3 515 504 503
3 515 505 504
3 515 506 505
3 515 507 506
3 515 508 507
3 515 509 508
3 515 510 509
3 515 511 510
3 515 512 511
3 515 513 512
3 515 514 513
3 515 503 514
3 516 517 518
3 516 518 519
3 516 519 520
3 516 520 521
3 516 521 522
3 516 522 523
3 516 523 524
3 516 524 525
3 516 525 526
3 516 526 527
3 516 527 528
3 516 528 517
3 517 529 518
3 518 529 530
3 518 530 519
3 519 530 531
3 519 531 520
3 520 531 532
3 520 532 521
3 521 532 533
3 521 533 522
3 522 533 534
3 522 534 523
3 523 534 535
3 523 535 524
3 524 535 536
3 524 536 525
3 525 536 537
3 525 537 526
3 526 537 538
3 526 538 527
3 527 538 539
3 527 539 528
3 528 539 540
3 528 540 517
3 517 540 529
3 529 541 530
3 530 541 542
3 530 542 531
3 531 542 543
3 531 543 532
3 532 543 544
3 532 544 533
3 533 544 545
3 533 545 534
3 534 545 546
3 534 546 535
3 535 546 547
3 535 547 536
3 536 547 548
3 536 548 537
3 537 548 549
3 537 549 538
3 538 549 550
3 538 550 539
3 539 550 551
3 539 551 540
3 540 551 552
3 540 552 529
3 529 552 541
3 541 553 542
3 542 553 554
3 542 554 543
3 543 554 555
3 543 555 544
3 544 555 556
3 544 556 545
3 545 556 557
3 545 557 546
3 546 557 558
3 546 558 547
3 547 558 559
3 547 559 548
3 548 559 560
3 548 560 549
3 549 560 561
3 549 561 550
3 550 561 562
3 550 562 551
3 551 562 563
3 551 563 552
3 552 563 564
3 552 564 541
3 541 564 553
3 553 565 554
3 554 565 566
3 554 566 555
3 555 566 567
3 555 567 556
3 556 567 568
3 556 568 557
3 557 568 569
3 557 569 558
3 558 569 570
3 558 570 559
3 559 570 571
3 559 571 560
3 560 571 572
3 560 572 561
3 561 572 573
3 561 573 562
3 562 573 574
3 562 574 563
3 563 574 575
3 563 575 564
3 564 575 576
3 564 576 553
3 553 576 565
3 565 577 566
3 566 577 578
3 566 578 567
3 567 578 579
3 567 579 568
3 568 579 580
3 568 580 569
3 569 580 581
3 569 581 570
3 570 581 582
3 570 582 571
3 571 582 583
3 571 583 572
3 572 583 584
3 572 584 573
3 573 584 585
3 573 585 574
3 574 585 586
3 574 586 575
3 575 586 587
3 575 587 576
3 576 587 588
3 576 588 565
3 565 588 577
3 577 589 578
3 578 589 590
3 578 590 579
3 579 590 591
3 579 591 580
3 580 591 592
3 580 592 581
3 581 592 593
3 581 593 582
3 582 593 594
3 582 594 583
3 583 594 595
3 583 595 584
3 584 595 596
3 584 596 585
3 585 596 597
3 585 597 586
3 586 597 598
3 586 598 587
3 587 598 599
3 587 599 588
3 588 599 600
3 588 600 577
3 577 600 589
3 601 590 589
3 601 591 590
3 601 592 591
3 601 593 592
3 601 594 593
3 601 595 594
3 601 596 595
3 601 597 596
3 601 598 597
3 601 599 598
3 601 600 599
3 601 589 600
3 602 603 604
3 602 604 605
3 602 605 606
3 602 606 607
3 602 607 608
3 602 608 609
3 602 609 610
3 602 610 611
3 602 611 612
3 602 612 613
3 602 613 614
3 602 614 603
3 603 615 604
3 604 615 616
3 604 616 605
3 605 616 617
3 605 617 606
3 606 617 618
3 606 618 607
3 607 618 619
3 607 619 608
3 608 619 620
3 608 620 609
3 609 620 621
3 609 621 610
3 610 621 622
3 610 622 611
3 611 622 623
3 611 623 612
3 612 623 624
3 612 624 613
3 613 624 625
3 613 625 614
3 614 625 626
3 614 626 603
3 603 626 615
3 615 627 616
3 616 627 628
3 616 628 617
3 617 628 629
3 617 629 618
3 618 629 630
3 618 630 619
3 619 630 631
3 619 631 620
3 620 631 632
3 620 632 621
3 621 632 633
3 621 633 622
3 622 633 634
3 622 634 623
3 623 634 635
3 623 635 624
3 624 635 636
3 624 636 625
3 625 636 637
3 625 637 626
3 626 637 638
3 626 638 615
3 615 638 627
3 627 639 628
3 628 639 640
3 628 640 629
3 629 640 641
3 629 641 630
3 630 641 642
3 630 642 631
3 631 642 643
3 631 643 632
3 632 643 644
3 632 644 633
3 633 644 645
3 633 645 634
3 634 645 646
3 634 646 635
3 635 646 647
3 635 647 636
3 636 647 648
3 636 648 637
3 637 648 649
3 637 649 638
3 638 649 650
3 638 650 627
3 627 650 639
3 639 651 640
3 640 651 652
3 640 652 641
3 641 652 653
3 641 653 642
3 642 653 654
3 642 654 643
3 643 654 655
3 643 655 644
3 644 655 656
3 644 656 645
3 645 656 657
3 645 657 646
3 646 657 658
3 646 658 647
3 647 658 659
3 647 659 648
3 648 659 660
3 648 660 649
3 649 660 661
3 649 661 650
3 650 661 662
3 650 662 639
3 639 662 651
3 651 663 652
3 652 663 664
3 652 664 653
3 653 664 665
3 653 665 654
3 654 665 666
3 654 666 655
3 655 666 667
3 655 667 656
3 656 667 668
3 656 668 657
3 657 668 669
3 657 669 658
3 658 669 670
3 658 670 659
3 659 670 671
3 659 671 660
3 660 671 672
3 660 672 661
3 661 672 673
3 661 673 662
3 662 673 674
3 662 674 651
3 651 674 663
3 663 675 664
3 664 675 676
3 664 676 665
3 665 676 677
3 665 677 666
3 666 677 678
3 666 678 667
3 667 678 679
3 667 679 668
3 668 679 680
3 668 680 669
3 669 680 681
3 669 681 670
3 670 681 682
3 670 682 671
3 671 682 683
3 671 683 672
3 672 683 684
3 672 684 673
3 673 684 685
3 673 685 674
3 674 685 686
3 674 686 663
3 663 686 675
3 687 676 675
3 687 677 676
3 687 678 677
3 687 679 678
3 687 680 679
3 687 681 680
3 687 682 681
3 687 683 682
3 687 684 683
3 687 685 684
3 687 686 685
3 687 675 686
3 688 689 690
3 688 690 691
3 688 691 692
3 688 692 693
3 688 693 694
3 688 694 695
3 688 695 696
3 688 696 697
3 688 697 698
3 688 698 699
3 688 699 700
3 688 700 689
3 689 701 690
3 690 701 702
3 690 702 691
3 691 702 703
3 691 703 692
3 692 703 704
3 692 704 693
3 693 704 705
3 693 705 694
3 694 705 706
3 694 706 695
3 695 706 707
3 695 707 696
3 696 707 708
3 696 708 697
3 697 708 709
3 697 709 698
3 698 709 710
3 698 710 699
3 699 710 711
3 699 711 700
3 700 711 712
3 700 712 689
3 689 712 701
3 701 713 702
3 702 713 714
3 702 714 703
3 703 714 715
3 703 715 704
3 704 715 716
3 704 716 705
3 705 716 717
3 705 717 706
3 706 717 718
3 706 718 707
3 707 718 719
3 707 719 708
3 708 719 720
3 708 720 709
3 709 720 721
3 709 721 710
3 710 721 722
3 710 722 711
3 711 722 723
3 711 723 712
3 712 723 724
3 712 724 701
3 701 724 713
3 713 725 714
3 714 725 726
3 714 726 715
3 715 726 727
3 715 727 716
3 716 727 728
3 716 728 717
3 717 728 729
3 717 729 718
3 718 729 730
3 718 730 719
3 719 730 731
3 719 731 720
3 720 731 732
3 720 732 721
3 721 732 733
3 721 733 722
3 722 733 734
3 722 734 723
3 723 734 735
3 723 735 724
3 724 735 736
3 724 736 713
3 713 736 725
3 725 737 726
3 726 737 738
3 726 738 727
3 727 738 739
3 727 739 728
3 728 739 740
3 728 740 729
3 729 740 741
3 729 741 730
3 730 741 742
3 730 742 731
3 731 742 743
3 731 743 732
3 732 743 744
3 732 744 733
3 733 744 745
3 733 745 734
3 734 745 746
3 734 746 735
3 735 746 747
3 735 747 736
3 736 747 748
3 736 748 725
3 725 748 737
3 737 749 738
3 738 749 750
3 738 750 739
3 739 750 751
3 739 751 740
3 740 751 752
3 740 752 741
3 741 752 753
3 741 753 742
3 742 753 754
3 742 754 743
3 743 754 755
3 743 755 744
3 744 755 756
3 744 756 745
3 745 756 757
3 745 757 746
3 746 757 758
3 746 758 747
3 747 758 759
3 747 759 748
3 748 759 760
3 748 760 737
3 737 760 749
3 749 761 750
3 750 761 762
3 750 762 751
3 751 762 763
3 751 763 752
3 752 763 764
3 752 764 753
3 753 764 765
3 753 765 754
3 754 765 766
3 754 766 755
3 755 766 767
3 755 767 756
3 756 767 768
3 756 768 757
3 757 768 769
3 757 769 758
3 758 769 770
3 758 770 759
3 759 770 771
3 759 771 760
3 760 771 772
3 760 772 749
3 749 772 761
3 773 762 761
3 773 763 762
3 773 764 763
3 773 765 764
3 773 766 765
3 773 767 766
3 773 768 767
3 773 769 768
3 773 770 769
3 773 771 770
3 773 772 771
3 773 761 772
3 774 775 776
3 774 776 777
3 774 777 778
3 774 778 779
3 774 779 780
3 774 780 781
3 774 781 782
3 774 782 783
3 774 783 784
3 774 784 785
3 774 785 786
3 774 786 775
3 775 787 776
3 776 787 788
3 776 788 777
3 777 788 789
3 777 789 778
3 778 789 790
3 778 790 779
3 779 790 791
3 779 791 780
3 780 791 792
3 780 792 781
3 781 792 793
3 781 793 782
3 782 793 794
3 782 794 783
3 783 794 795
3 783 795 784
3 784 795 796
3 784 796 785
3 785 796 797
3 785 797 786
3 786 797 798
3 786 798 775
3 775 798 787
3 787 799 788
3 788 799 800
3 788 800 789
3 789 800 801
3 789 801 790
3 790 801 802
3 790 802 791
3 791 802 803
3 791 803 792
3 792 803 804
3 792 804 793
3 793 804 805
3 793 805 794
3 794 805 806
3 794 806 795
3 795 806 807
3 795 807 796
3 796 807 808
3 796 808 797
3 797 808 809
3 797 809 798
3 798 809 810
3 798 810 787
3 787 810 799
3 799 811 800
3 800 811 812
3 800 812 801
3 801 812 813
3 801 813 802
3 802 813 814
3 802 814 803
3 803 814 815
3 803 815 804
3 804 815 816
3 804 816 805
3 805 816 817
3 805 817 806
3 806 817 818
3 806 818 807
3 807 818 819
3 807 819 808
3 808 819 820
3 808 820 809
3 809 820 821
3 809 821 810
3 810 821 822
3 810 822 799
3 799 822 811
3 811 823 812
3 812 823 824
3 812 824 813
3 813 824 825
3 813 825 814
3 814 825 826
3 814 826 815
3 815 826 827
3 815 827 816
3 816 827 828
3 816 828 817
3 817 828 829
3 817 829 818
3 818 829 830
3 818 830 819
3 819 830 831
3 819 831 820
3 820 831 832
3 820 832 821
3 821 832 833
3 821 833 822
3 822 833 834
3 822 834 811
3 811 834 823
3 823 835 824
3 824 835 836
3 824 836 825
3 825 836 837
3 825 837 826
3 826 837 838
3 826 838 827
3 827 838 839
3 827 839 828
3 828 839 840
3 828 840 829
3 829 840 841
3 829 841 830
3 830 841 842
3 830 842 831
3 831 842 843
3 831 843 832
3 832 843 844
3 832 844 833
3 833 844 845
3 833 845 834
3 834 845 846
3 834 846 823
3 823 846 835
3 835 847 836
3 836 847 848
3 836 848 837
3 837 848 849
3 837 849 838
3 838 849 850
3 838 850 839
3 839 850 851
3 839 851 840
3 840 851 852
3 840 852 841
3 841 852 853
3 841 853 842
3 842 853 854
3 842 854 843
3 843 854 855
3 843 855 844
3 844 855 856
3 844 856 845
3 845 856 857
3 845 857 846
3 846 857 858
3 846 858 835
3 835 858 847
3 859 848 847
3 859 849 848
3 859 850 849
3 859 851 850
3 859 852 851
3 859 853 852
3 859 854 853
3 859 855 854
3 859 856 855
3 859 857 856
3 859 858 857
3 859 847 858
3 860 861 862
3 860 862 863
3 860 863 864
3 860 864 865
3 860 865 866
3 860 866 867
3 860 867 868
3 860 868 869
3 860 869 870
3 860 870 871
3 860 871 872
3 860 872 861
3 861 873 862
3 862 873 874
3 862 874 863
3 863 874 875
3 863 875 864
3 864 875 876
3 864 876 865
3 865 876 877
3 865 877 866
3 866 877 878
3 866 878 867
3 867 878 879
3 867 879 868
3 868 879 880
3 868 880 869
3 869 880 881
3 869 881 870
3 870 881 882
3 870 882 871
3 871 882 883
3 871 883 872
3 872 883 884
3 872 884 861
3 861 884 873
3 873 885 874
3 874 885 886
3 874 886 875
3 875 886 887
3 875 887 876
3 876 887 888
3 876 888 877
3 877 888 889
3 877 889 878
3 878 889 890
3 878 890 879
3 879 890 891
3 879 891 880
3 880 891 892
3 880 892 881
3 881 892 893
3 881 893 882
3 882 893 894
3 882 894 883
3 883 894 895
3 883 895 884
3 884 895 896
3 884 896 873
3 873 896 885
3 885 897 886
3 886 897 898
3 886 898 887
3 887 898 899
3 887 899 888
3 888 899 900
3 888 900 889
3 889 900 901
3 889 901 890
3 890 901 902
3 890 902 891
3 891 902 903
3 891 903 892
3 892 903 904
3 892 904 893
3 893 904 905
3 893 905 894
3 894 905 906
3 894 906 895
3 895 906 907
3 895 907 896
3 896 907 908
3 896 908 885
3 885 908 897
3 897 909 898
3 898 909 910
3 898 910 899
3 899 910 911
3 899 911 900
3 900 911 912
3 900 912 901
3 901 912 913
3 901 913 902
3 902 913 914
3 902 914 903
3 903 914 915
3 903 915 904
3 904 915 916
3 904 916 905
3 905 916 917
3 905 917 906
3 906 917 918
3 906 918 907
3 907 918 919
3 907 919 908
3 908 919 920
3 908 920 897
3 897 920 909
3 909 921 910
3 910 921 922
3 910 922 911
3 911 922 923
3 911 923 912
3 912 923 924
3 912 924 913
3 913 924 925
3 913 925 914
3 914 925 926
3 914 926 915
3 915 926 927
3 915 927 916
3 916 927 928
3 916 928 917
3 917 928 929
3 917 929 918
3 918 929 930
3 918 930 919
3 919 930 931
3 919 931 920
3 920 931 932
3 920 932 909
3 909 932 921
3 921 933 922
3 922 933 934
3 922 934 923
3 923 934 935
3 923 935 924
3 924 935 936
3 924 936 925
3 925 936 937
3 925 937 926
3 926 937 938
3 926 938 927
3 927 938 939
3 927 939 928
3 928 939 940
3 928 940 929
3 929 940 941
3 929 941 930
3 930 941 942
3 930 942 931
3 931 942 943
3 931 943 932
3 932 943 944
3 932 944 921
3 921 944 933
3 945 934 933
3 945 935 934
3 945 936 935
3 945 937 936
3 945 938 937
3 945 939 938
3 945 940 939
3 945 941 940
3 945 942 941
3 945 943 942
3 945 944 943
3 945 933 944
3 946 947 948
3 946 948 949
3 946 949 950
3 946 950 951
3 946 951 952
3 946 952 953
3 946 953 954
3 946 954 955
3 946 955 956
3 946 956 957
3 946 957 958
3 946 958 947
3 947 959 948
3 948 959 960
3 948 960 949
3 949 960 961
3 949 961 950
3 950 961 962
3 950 962 951
3 951 962 963
3 951 963 952
3 952 963 964
3 952 964 953
3 953 964 965
3 953 965 954
3 954 965 966
3 954 966 955
3 955 966 967
3 955 967 956
3 956 967 968
3 956 968 957
3 957 968 969
3 957 969 958
3 958 969 970
3 958 970 947
3 947 970 959
3 959 971 960
3 960 971 972
3 960 972 961
3 961 972 973
3 961 973 962
3 962 973 974
3 962 974 963
3 963 974 975
3 963 975 964
3 964 975 976
3 964 976 965
3 965 976 977
3 965 977 966
3 966 977 978
3 966 978 967
3 967 978 979
3 967 979 968
3 968 979 980
3 968 980 969
3 969 980 981
3 969 981 970
3 970 981 982
3 970 982 959
3 959 982 971
3 971 983 972
3 972 983 984
3 972 984 973
3 973 984 985
3 973 985 974
3 974 985 986
3 974 986 975
3 975 986 987
3 975 987 976
3 976 987 988
3 976 988 977
3 977 988 989
3 977 989 978
3 978 989 990
3 978 990 979
3 979 990 991
3 979 991 980
3 980 991 992
3 980 992 981
3 981 992 993
3 981 993 982
3 982 993 994
3 982 994 971
3 971 994 983
3 983 995 984
3 984 995 996
3 984 996 985
3 985 996 997
3 985 997 986
3 986 997 998
3 986 998 987
3 987 998 999
3 987 999 988
3 988 999 1000
3 988 1000 989
3 989 1000 1001
3 989 1001 990
3 990 1001 1002
3 990 1002 991
3 991 1002 1003
3 991 1003 992
3 992 1003 1004
3 992 1004 993
3 993 1004 1005
3 993 1005 994
3 994 1005 1006
3 994 1006 983
3 983 1006 995
3 995 1007 996
3 996 1007 1008
3 996 1008 997
3 997 1008 1009
3 997 1009 998
3 998 1009 1010
3 998 1010 999
3 999 1010 1011
3 999 1011 1000
3 1000 1011 1012
3 1000 1012 1001
3 1001 1012 1013
3 1001 1013 1002
3 1002 1013 1014
3 1002 1014 1003
3 1003 1014 1015
3 1003 1015 1004
3 1004 1015 1016
3 1004 1016 1005
3 1005 1016 1017
3 1005 1017 1006
3 1006 1017 1018
3 1006 1018 995
3 995 1018 1007
3 1007 1019 1008
3 1008 1019 1020
3 1008 1020 1009
3 1009 1020 1021
3 1009 1021 1010
3 1010 1021 1022
3 1010 1022 1011
3 1011 1022 1023
3 1011 1023 1012
3 1012 1023 1024
3 1012 1024 1013
3 1013 1024 1025
3 1013 1025 1014
3 1014 1025 1026
3 1014 1026 1015
3 1015 1026 1027
3 1015 1027 1016
3 1016 1027 1028
3 1016 1028 1017
3 1017 1028 1029
3 1017 1029 1018
3 1018 1029 1030
3 1018 1030 1007
3 1007 1030 1019
3 1031 1020 1019
3 1031 1021 1020
3 1031 1022 1021
3 1031 1023 1022
3 1031 1024 1023
3 1031 1025 1024
3 1031 1026 1025
3 1031 1027 1026
3 1031 1028 1027
3 1031 1029 1028
3 1031 1030 1029
3 1031 1019 1030
3 1032 1033 1034
3 1032 1034 1035
3 1032 1035 1036
3 1032 1036 1037
3 1032 1037 1038
3 1032 1038 1039
3 1032 1039 1040
3 1032 1040 1041
3 1032 1041 1042
3 1032 1042 1043
3 1032 1043 1044
3 1032 1044 1033
3 1033 1045 1034
3 1034 1045 1046
3 1034 1046 1035
3 1035 1046 1047
3 1035 1047 1036
3 1036 1047 1048
3 1036 1048 1037
3 1037 1048 1049
3 1037 1049 1038
3 1038 1049 1050
3 1038 1050 1039
3 1039 1050 1051
3 1039 1051 1040
3 1040 1051 1052
3 1040 1052 1041
3 1041 1052 1053
3 1041 1053 1042
3 1042 1053 1054
3 1042 1054 1043
3 1043 1054 1055
3 1043 1055 1044
3 1044 1055 1056
3 1044 1056 1033
3 1033 1056 1045
3 1045 1057 1046
3 1046 1057 1058
3 1046 1058 1047
3 1047 1058 1059
3 1047 1059 1048
3 1048 1059 1060
3 1048 1060 1049
3 1049 1060 1061
3 1049 1061 1050
3 1050 1061 1062
3 1050 1062 1051
3 1051 1062 1063
3 1051 1063 1052
3 1052 1063 1064
3 1052 1064 1053
3 1053 1064 1065
3 1053 1065 1054
3 1054 1065 1066
3 1054 1066 1055
3 1055 1066 1067
3 1055 1067 1056
3 1056 1067 1068
3 1056 1068 1045
3 1045 1068 1057
3 1057 1069 1058
3 1058 1069 1070
3 1058 1070 1059
3 1059 1070 1071
3 1059 1071 1060
3 1060 1071 1072
3 1060 1072 1061
3 1061 1072 1073
3 1061 1073 1062
3 1062 1073 1074
3 1062 1074 1063
3 1063 1074 1075
3 1063 1075 1064
3 1064 1075 1076
3 1064 1076 1065
3 1065 1076 1077
3 1065 1077 1066
3 1066 1077 1078
3 1066 1078 1067
3 1067 1078 1079
3 1067 1079 1068
3 1068 1079 1080
3 1068 1080 1057
3 1057 1080 1069
3 1069 1081 1070
3 1070 1081 1082
3 1070 1082 1071
3 1071 1082 1083
3 1071 1083 1072
3 1072 1083 1084
3 1072 1084 1073
3 1073 1084 1085
3 1073 1085 1074
3 1074 1085 1086
3 1074 1086 1075
3 1075 1086 1087
3 1075 1087 1076
3 1076 1087 1088
3 1076 1088 1077
3 1077 1088 1089
3 1077 1089 1078
3 1078 1089 1090
3 1078 1090 1079
3 1079 1090 1091
3 1079 1091 1080
3 1080 1091 1092
3 1080 1092 1069
3 1069 1092 1081
3 1081 1093 1082
3 1082 1093 1094
3 1082 1094 1083
3 1083 1094 1095
3 1083 1095 1084
3 1084 1095 1096
3 1084 1096 1085
3 1085 1096 1097
3 1085 1097 1086
3 1086 1097 1098
3 1086 1098 1087
3 1087 1098 1099
3 1087 1099 1088
3 1088 1099 1100
3 1088 1100 1089
3 1089 1100 1101
3 1089 1101 1090
3 1090 1101 1102
3 1090 1102 1091
3 1091 1102 1103
3 1091 1103 1092
3 1092 1103 1104
3 1092 1104 1081
3 1081 1104 1093
3 1093 1105 1094
3 1094 1105 1106
3 1094 1106 1095
3 1095 1106 1107
3 1095 1107 1096
3 1096 1107 1108
3 1096 1108 1097
3 1097 1108 1109
3 1097 1109 1098
3 1098 1109 1110
3 1098 1110 1099
3 1099 1110 1111
3 1099 1111 1100
3 1100 1111 1112
3 1100 1112 1101
3 1101 1112 1113
3 1101 1113 1102
3 1102 1113 1114
3 1102 1114 1103
3 1103 1114 1115
3 1103 1115 1104
3 1104 1115 1116
3 1104 1116 1093
3 1093 1116 1105
3 1117 1106 1105
3 1117 1107 1106
3 1117 1108 1107
3 1117 1109 1108
3 1117 1110 1109
3 1117 1111 1110
3 1117 1112 1111
3 1117 1113 1112
3 1117 1114 1113
3 1117 1115 1114
3 1117 1116 1115
3 1117 1105 1116
3 1118 1119 1120
3 1118 1120 1121
3 1118 1121 1122
3 1118 1122 1123
3 1118 1123 1124
3 1118 1124 1125
3 1118 1125 1126
3 1118 1126 1127
3 1118 1127 1128
3 1118 1128 1129
3 1118 1129 1130
3 1118 1130 1119
3 1119 1131 1120
3 1120 1131 1132
3 1120 1132 1121
3 1121 1132 1133
3 1121 1133 1122
3 1122 1133 1134
3 1122 1134 1123
3 1123 1134 1135
3 1123 1135 1124
3 1124 1135 1136
3 1124 1136 1125
3 1125 1136 1137
3 1125 1137 1126
3 1126 1137 1138
3 1126 1138 1127
3 1127 1138 1139
3 1127 1139 1128
3 1128 1139 1140
3 1128 1140 1129
3 1129 1140 1141
3 1129 1141 1130
3 1130 1141 1142
3 1130 1142 1119
3 1119 1142 1131
3 1131 1143 1132
3 1132 1143 1144
3 1132 1144 1133
3 1133 1144 1145
3 1133 1145 1134
3 1134 1145 1146
3 1134 1146 1135
3 1135 1146 1147
3 1135 1147 1136
3 1136 1147 1148
3 1136 1148 1137
3 1137 1148 1149
3 1137 1149 1138
3 1138 1149 1150
3 1138 1150 1139
3 1139 1150 1151
3 1139 1151 1140
3 1140 1151 1152
3 1140 1152 1141
3 1141 1152 1153
3 1141 1153 1142
3 1142 1153 1154
3 1142 1154 1131
3 1131 1154 1143
3 1143 1155 1144
3 1144 1155 1156
3 1144 1156 1145
3 1145 1156 1157
3 1145 1157 1146
3 1146 1157 1158
3 1146 1158 1147
3 1147 1158 1159
3 1147 1159 1148
3 1148 1159 1160
3 1148 1160 1149
3 1149 1160 1161
3 1149 1161 1150
3 1150 1161 1162
3 1150 1162 1151
3 1151 1162 1163
3 1151 1163 1152
3 1152 1163 1164
3 1152 1164 1153
3 1153 1164 1165
3 1153 1165 1154
3 1154 1165 1166
3 1154 1166 1143
3 1143 1166 1155
3 1155 1167 1156
3 1156 1167 1168
3 1156 1168 1157
3 1157 1168 1169
3 1157 1169 1158
3 1158 1169 1170
3 1158 1170 1159
3 1159 1170 1171
3 1159 1171 1160
3 1160 1171 1172
3 1160 1172 1161
3 1161 1172 1173
3 1161 1173 1162
3 1162 1173 1174
3 1162 1174 1163
3 1163 1174 1175
3 1163 1175 1164
3 1164 1175 1176
3 1164 1176 1165
3 1165 1176 1177
3 1165 1177 1166
3 1166 1177 1178
3 1166 1178 1155
3 1155 1178 1167
3 1167 1179 1168
3 1168 1179 1180
3 1168 1180 1169
3 1169 1180 1181
3 1169 1181 1170
3 1170 1181 1182
3 1170 1182 1171
3 1171 1182 1183
3 1171 1183 1172
3 1172 1183 1184
3 1172 1184 1173
3 1173 1184 1185
3 1173 1185 1174
3 1174 1185 1186
3 1174 1186 1175
3 1175 1186 1187
3 1175 1187 1176
3 1176 1187 1188
3 1176 1188 1177
3 1177 1188 1189
3 1177 1189 1178
3 1178 1189 1190
3 1178 1190 1167
3 1167 1190 1179
3 1179 1191 1180
3 1180 1191 1192
3 1180 1192 1181
3 1181 1192 1193
3 1181 1193 1182
3 1182 1193 1194
3 1182 1194 1183
3 1183 1194 1195
3 1183 1195 1184
3 1184 1195 1196
3 1184 1196 1185
3 1185 1196 1197
3 1185 1197 1186
3 1186 1197 1198
3 1186 1198 1187
3 1187 1198 1199
3 1187 1199 1188
3 1188 1199 1200
3 1188 1200 1189
3 1189 1200 1201
3 1189 1201 1190
3 1190 1201 1202
3 1190 1202 1179
3 1179 1202 1191
3 1203 1192 1191
3 1203 1193 1192
3 1203 1194 1193
3 1203 1195 1194
3 1203 1196 1195
3 1203 1197 1196
3 1203 1198 1197
3 1203 1199 1198
3 1203 1200 1199
3 1203 1201 1200
3 1203 1202 1201
3 1203 1191 1202
3 1204 1205 1206
3 1204 1206 1207
3 1204 1207 1208
3 1204 1208 1209
3 1204 1209 1210
3 1204 1210 1211
3 1204 1211 1212
3 1204 1212 1213
3 1204 1213 1214
3 1204 1214 1215
3 1204 1215 1216
3 1204 1216 1205
3 1205 1217 1206
3 1206 1217 1218
3 1206 1218 1207
3 1207 1218 1219
3 1207 1219 1208
3 1208 1219 1220
3 1208 1220 1209
3 1209 1220 1221
3 1209 1221 1210
3 1210 1221 1222
3 1210 1222 1211
3 1211 1222 1223
3 1211 1223 1212
3 1212 1223 1224
3 1212 1224 1213
3 1213 1224 1225
3 1213 1225 1214
3 1214 1225 1226
3 1214 1226 1215
3 1215 1226 1227
3 1215 1227 1216
3 1216 1227 1228
3 1216 1228 1205
3 1205 1228 1217
3 1217 1229 1218
3 1218 1229 1230
3 1218 1230 1219
3 1219 1230 1231
3 1219 1231 1220
3 1220 1231 1232
3 1220 1232 1221
3 1221 1232 1233
3 1221 1233 1222
3 1222 1233 1234
3 1222 1234 1223
3 1223 1234 1235
3 1223 1235 1224
3 1224 1235 1236
3 1224 1236 1225
3 1225 1236 1237
3 1225 1237 1226
3 1226 1237 1238
3 1226 1238 1227
3 1227 1238 1239
3 1227 1239 1228
3 1228 1239 1240
3 1228 1240 1217
3 1217 1240 1229
3 1229 1241 1230
3 1230 1241 1242
3 1230 1242 1231
3 1231 1242 1243
3 1231 1243 1232
3 1232 1243 1244
3 1232 1244 1233
3 1233 1244 1245
3 1233 1245 1234
3 1234 1245 1246
3 1234 1246 1235
3 1235 1246 1247
3 1235 1247 1236
3 1236 1247 1248
3 1236 1248 1237
3 1237 1248 1249
3 1237 1249 1238
3 1238 1249 1250
3 1238 1250 1239
3 1239 1250 1251
3 1239 1251 1240
3 1240 1251 1252
3 1240 1252 1229
3 1229 1252 1241
3 1241 1253 1242
3 1242 1253 1254
3 1242 1254 1243
3 1243 1254 1255
3 1243 1255 1244
3 1244 1255 1256
3 1244 1256 1245
3 1245 1256 1257
3 1245 1257 1246
3 1246 1257 1258
3 1246 1258 1247
3 1247 1258 1259
3 1247 1259 1248
3 1248 1259 1260
3 1248 1260 1249
3 1249 1260 1261
3 1249 1261 1250
3 1250 1261 1262
3 1250 1262 1251
3 1251 1262 1263
3 1251 1263 1252
3 1252 1263 1264
3 1252 1264 1241
3 1241 1264 1253
3 1253 1265 1254
3 1254 1265 1266
3 1254 1266 1255
3 1255 1266 1267
3 1255 1267 1256
3 1256 1267 1268
3 1256 1268 1257
3 1257 1268 1269
3 1257 1269 1258
3 1258 1269 1270
3 1258 1270 1259
3 1259 1270 1271
3 1259 1271 1260
3 1260 1271 1272
3 1260 1272 1261
3 1261 1272 1273
3 1261 1273 1262
3 1262 1273 1274
3 1262 1274 1263
3 1263 1274 1275
3 1263 1275 1264
3 1264 1275 1276
3 1264 1276 1253
3 1253 1276 1265
3 1265 1277 1266
3 1266 1277 1278
3 1266 1278 1267
3 1267 1278 1279
3 1267 1279 1268
3 1268 1279 1280
3 1268 1280 1269
3 1269 1280 1281
3 1269 1281 1270
3 1270 1281 1282
3 1270 1282 1271
3 1271 1282 1283
3 1271 1283 1272
3 1272 1283 1284
3 1272 1284 1273
3 1273 1284 1285
3 1273 1285 1274
3 1274 1285 1286
3 1274 1286 1275
3 1275 1286 1287
3 1275 1287 1276
3 1276 1287 1288
3 1276 1288 1265
3 1265 1288 1277
3 1289 1278 1277
3 1289 1279 1278
3 1289 1280 1279
3 1289 1281 1280
3 1289 1282 1281
3 1289 1283 1282
3 1289 1284 1283
3 1289 1285 1284
3 1289 1286 1285
3 1289 1287 1286
3 1289 1288 1287
3 1289 1277 1288
3 1290 1291 1292
3 1290 1292 1293
3 1290 1293 1294
3 1290 1294 1295
3 1290 1295 1296
3 1290 1296 1297
3 1290 1297 1298
3 1290 1298 1299
3 1290 1299 1300
3 1290 1300 1301
3 1290 1301 1302
3 1290 1302 1291
3 1291 1303 1292
3 1292 1303 1304
3 1292 1304 1293
3 1293 1304 1305
3 1293 1305 1294
3 1294 1305 1306
3 1294 1306 1295
3 1295 1306 1307
3 1295 1307 1296
3 1296 1307 1308
3 1296 1308 1297
3 1297 1308 1309
3 1297 1309 1298
3 1298 1309 1310
3 1298 1310 1299
3 1299 1310 1311
3 1299 1311 1300
3 1300 1311 1312
3 1300 1312 1301
3 1301 1312 1313
3 1301 1313 1302
3 1302 1313 1314
3 1302 1314 1291
3 1291 1314 1303
3 1303 1315 1304
3 1304 1315 1316
3 1304 1316 1305
3 1305 1316 1317
3 1305 1317 1306
3 1306 1317 1318
3 1306 1318 1307
3 1307 1318 1319
3 1307 1319 1308
3 1308 1319 1320
3 1308 1320 1309
3 1309 1320 1321
3 1309 1321 1310
3 1310 1321 1322
3 1310 1322 1311
3 1311 1322 1323
3 1311 1323 1312
3 1312 1323 1324
3 1312 1324 1313
3 1313 1324 1325
3 1313 1325 1314
3 1314 1325 1326
3 1314 1326 1303
3 1303 1326 1315
3 1315 1327 1316
3 1316 1327 1328
3 1316 1328 1317
3 1317 1328 1329
3 1317 1329 1318
3 1318 1329 1330
3 1318 1330 1319
3 1319 1330 1331
3 1319 1331 1320
3 1320 1331 1332
3 1320 1332 1321
3 1321 1332 1333
3 1321 1333 1322
3 1322 1333 1334
3 1322 1334 1323
3 1323 1334 1335
3 1323 1335 1324
3 1324 1335 1336
3 1324 1336 1325
3 1325 1336 1337
3 1325 1337 1326
3 1326 1337 1338
3 1326 1338 1315
3 1315 1338 1327
3 1327 1339 1328
3 1328 1339 1340
3 1328 1340 1329
3 1329 1340 1341
3 1329 1341 1330
3 1330 1341 1342
3 1330 1342 1331
3 1331 1342 1343
3 1331 1343 1332
3 1332 1343 1344
3 1332 1344 1333
3 1333 1344 1345
3 1333 1345 1334
3 1334 1345 1346
3 1334 1346 1335
3 1335 1346 1347
3 1335 1347 1336
3 1336 1347 1348
3 1336 1348 1337
3 1337 1348 1349
3 1337 1349 1338
3 1338 1349 1350
3 1338 1350 1327
3 1327 1350 1339
3 1339 1351 1340
3 1340 1351 1352
3 1340 1352 1341
3 1341 1352 1353
3 1341 1353 1342
3 1342 1353 1354
3 1342 1354 1343
3 1343 1354 1355
3 1343 1355 1344
3 1344 1355 1356
3 1344 1356 1345
3 1345 1356 1357
3 1345 1357 1346
3 1346 1357 1358
3 1346 1358 1347
3 1347 1358 1359
3 1347 1359 1348
3 1348 1359 1360
3 1348 1360 1349
3 1349 1360 1361
3 1349 1361 1350
3 1350 1361 1362
3 1350 1362 1339
3 1339 1362 1351
3 1351 1363 1352
3 1352 1363 1364
3 1352 1364 1353
3 1353 1364 1365
3 1353 1365 1354
3 1354 1365 1366
3 1354 1366 1355
3 1355 1366 1367
3 1355 1367 1356
3 1356 1367 1368
3 1356 1368 1357
3 1357 1368 1369
3 1357 1369 1358
3 1358 1369 1370
3 1358 1370 1359
3 1359 1370 1371
3 1359 1371 1360
3 1360 1371 1372
3 1360 1372 1361
3 1361 1372 1373
3 1361 1373 1362
3 1362 1373 1374
3 1362 1374 1351
3 1351 1374 1363
3 1375 1364 1363
3 1375 1365 1364
3 1375 1366 1365
3 1375 1367 1366
3 1375 1368 1367
3 1375 1369 1368
3 1375 1370 1369
3 1375 1371 1370
3 1375 1372 1371
3 1375 1373 1372
3 1375 1374 1373
3 1375 1363 1374
3 1376 1377 1378
3 1376 1378 1379
3 1376 1379 1380
3 1376 1380 1381
3 1376 1381 1382
3 1376 1382 1383
3 1376 1383 1384
3 1376 1384 1385
3 1376 1385 1386
3 1376 1386 1387
3 1376 1387 1388
3 1376 1388 1377
3 1377 1389 1378
3 1378 1389 1390
3 1378 1390 1379
3 1379 1390 1391
3 1379 1391 1380
3 1380 1391 1392
3 1380 1392 1381
3 1381 1392 1393
3 1381 1393 1382
3 1382 1393 1394
3 1382 1394 1383
3 1383 1394 1395
3 1383 1395 1384
3 1384 1395 1396
3 1384 1396 1385
3 1385 1396 1397
3 1385 1397 1386
3 1386 1397 1398
3 1386 1398 1387
3 1387 1398 1399
3 1387 1399 1388
3 1388 1399 1400
3 1388 1400 1377
3 1377 1400 1389
3 1389 1401 1390
3 1390 1401 1402
3 1390 1402 1391
3 1391 1402 1403
3 1391 1403 1392
3 1392 1403 1404
3 1392 1404 1393
3 1393 1404 1405
3 1393 1405 1394
3 1394 1405 1406
3 1394 1406 1395
3 1395 1406 1407
3 1395 1407 1396
3 1396 1407 1408
3 1396 1408 1397
3 1397 1408 1409
3 1397 1409 1398
3 1398 1409 1410
3 1398 1410 1399
3 1399 1410 1411
3 1399 1411 1400
3 1400 1411 1412
3 1400 1412 1389
3 1389 1412 1401
3 1401 1413 1402
3 1402 1413 1414
3 1402 1414 1403
3 1403 1414 1415
3 1403 1415 1404
3 1404 1415 1416
3 1404 1416 1405
3 1405 1416 1417
3 1405 1417 1406
3 1406 1417 1418
3 1406 1418 1407
3 1407 1418 1419
3 1407 1419 1408
3 1408 1419 1420
3 1408 1420 1409
3 1409 1420 1421
3 1409 1421 1410
3 1410 1421 1422
3 1410 1422 1411
3 1411 1422 1423
3 1411 1423 1412
3 1412 1423 1424
3 1412 1424 1401
3 1401 1424 1413
3 1413 1425 1414
3 1414 1425 1426
3 1414 1426 1415
3 1415 1426 1427
3 1415 1427 1416
3 1416 1427 1428
3 1416 1428 1417
3 1417 1428 1429
3 1417 1429 1418
3 1418 1429 1430
3 1418 1430 1419
3 1419 1430 1431
3 1419 1431 1420
3 1420 1431 1432
3 1420 1432 1421
3 1421 1432 1433
3 1421 1433 1422
3 1422 1433 1434
3 1422 1434 1423
3 1423 1434 1435
3 1423 1435 1424
3 1424 1435 1436
3 1424 1436 1413
3 1413 1436 1425
3 1425 1437 1426
3 1426 1437 1438
3 1426 1438 1427
3 1427 1438 1439
3 1427 1439 1428
3 1428 1439 1440
3 1428 1440 1429
3 1429 1440 1441
3 1429 1441 1430
3 1430 1441 1442
3 1430 1442 1431
3 1431 1442 1443
3 1431 1443 1432
3 1432 1443 1444
3 1432 1444 1433
3 1433 1444 1445
3 1433 1445 1434
3 1434 1445 1446
3 1434 1446 1435
3 1435 1446 1447
3 1435 1447 1436
3 1436 1447 1448
3 1436 1448 1425
3 1425 1448 1437
3 1437 1449 1438
3 1438 1449 1450
3 1438 1450 1439
3 1439 1450 1451
3 1439 1451 1440
3 1440 1451 1452
3 1440 1452 1441
3 1441 1452 1453
3 1441 1453 1442
3 1442 1453 1454
3 1442 1454 1443
3 1443 1454 1455
3 1443 1455 1444
3 1444 1455 1456
3 1444 1456 1445
3 1445 1456 1457
3 1445 1457 1446
3 1446 1457 1458
3 1446 1458 1447
3 1447 1458 1459
3 1447 1459 1448
3 1448 1459 1460
3 1448 1460 1437
3 1437 1460 1449
3 1461 1450 1449
3 1461 1451 1450
3 1461 1452 1451
3 1461 1453 1452
3 1461 1454 1453
3 1461 1455 1454
3 1461 1456 1455
3 1461 1457 1456
3 1461 1458 1457
3 1461 1459 1458
3 1461 1460 1459
3 1461 1449 1460
3 1462 1463 1464
3 1462 1464 1465
3 1462 1465 1466
3 1462 1466 1467
3 1462 1467 1468
3 1462 1468 1469
3 1462 1469 1470
3 1462 1470 1471
3 1462 1471 1472
3 1462 1472 1473
3 1462 1473 1474
3 1462 1474 1463
3 1463 1475 1464
3 1464 1475 1476
3 1464 1476 1465
3 1465 1476 1477
3 1465 1477 1466
3 1466 1477 1478
3 1466 1478 1467
3 1467 1478 1479
3 1467 1479 1468
3 1468 1479 1480
3 1468 1480 1469
3 1469 1480 1481
3 1469 1481 1470
3 1470 1481 1482
3 1470 1482 1471
3 1471 1482 1483
3 1471 1483 1472
3 1472 1483 1484
3 1472 1484 1473
3 1473 1484 1485
3 1473 1485 1474
3 1474 1485 1486
3 1474 1486 1463
3 1463 1486 1475
3 1475 1487 1476
3 1476 1487 1488
3 1476 1488 1477
3 1477 1488 1489
3 1477 1489 1478
3 1478 1489 1490
3 1478 1490 1479
3 1479 1490 1491
3 1479 1491 1480
3 1480 1491 1492
3 1480 1492 1481
3 1481 1492 1493
3 1481 1493 1482
3 1482 1493 1494
3 1482 1494 1483
3 1483 1494 1495
3 1483 1495 1484
3 1484 1495 1496
3 1484 1496 1485
3 1485 1496 1497
3 1485 1497 1486
3 1486 1497 1498
3 1486 1498 1475
3 1475 1498 1487
3 1487 1499 1488
3 1488 1499 1500
3 1488 1500 1489
3 1489 1500 1501
3 1489 1501 1490
3 1490 1501 1502
3 1490 1502 1491
3 1491 1502 1503
3 1491 1503 1492
3 1492 1503 1504
3 1492 1504 1493
3 1493 1504 1505
3 1493 1505 1494
3 1494 1505 1506
3 1494 1506 1495
3 1495 1506 1507
3 1495 1507 1496
3 1496 1507 1508
3 1496 1508 1497
3 1497 1508 1509
3 1497 1509 1498
3 1498 1509 1510
3 1498 1510 1487
3 1487 1510 1499
3 1499 1511 1500
3 1500 1511 1512
3 1500 1512 1501
3 1501 1512 1513
3 1501 1513 1502
3 1502 1513 1514
3 1502 1514 1503
3 1503 1514 1515
3 1503 1515 1504
3 1504 1515 1516
3 1504 1516 1505
3 1505 1516 1517
3 1505 1517 1506
3 1506 1517 1518
3 1506 1518 1507
3 1507 1518 1519
3 1507 1519 1508
3 1508 1519 1520
3 1508 1520 1509
3 1509 1520 1521
3 1509 1521 1510
3 1510 1521 1522
3 1510 1522 1499
3 1499 1522 1511
3 1511 1523 1512
3 1512 1523 1524
3 1512 1524 1513
3 1513 1524 1525
3 1513 1525 1514
3 1514 1525 1526
3 1514 1526 1515
3 1515 1526 1527
3 1515 1527 1516
3 1516 1527 1528
3 1516 1528 1517
3 1517 1528 1529
3 1517 1529 1518
3 1518 1529 1530
3 1518 1530 1519
3 1519 1530 1531
3 1519 1531 1520
3 1520 1531 1532
3 1520 1532 1521
3 1521 1532 1533
3 1521 1533 1522
3 1522 1533 1534
3 1522 1534 1511
3 1511 1534 1523
3 1523 1535 1524
3 1524 1535 1536
3 1524 1536 1525
3 1525 1536 1537
3 1525 1537 1526
3 1526 1537 1538
3 1526 1538 1527
3 1527 1538 1539
3 1527 1539 1528
3 1528 1539 1540
3 1528 1540 1529
3 1529 1540 1541
3 1529 1541 1530
3 1530 1541 1542
3 1530 1542 1531
3 1531 1542 1543
3 1531 1543 1532
3 1532 1543 1544
3 1532 1544 1533
3 1533 1544 1545
3 1533 1545 1534
3 1534 1545 1546
3 1534 1546 1523
3 1523 1546 1535
3 1547 1536 1535
3 1547 1537 1536
3 1547 1538 1537
3 1547 1539 1538
3 1547 1540 1539
3 1547 1541 1540
3 1547 1542 1541
3 1547 1543 1542
3 1547 1544 1543
3 1547 1545 1544
3 1547 1546 1545
3 1547 1535 1546
3 1548 1549 1550
3 1548 1550 1551
3 1548 1551 1552
3 1548 1552 1553
3 1548 1553 1554
3 1548 1554 1555
3 1548 1555 1556
3 1548 1556 1557
3 1548 1557 1558
3 1548 1558 1559
3 1548 1559 1560
3 1548 1560 1549
3 1549 1561 1550
3 1550 1561 1562
3 1550 1562 1551
3 1551 1562 1563
3 1551 1563 1552
3 1552 1563 1564
3 1552 1564 1553
3 1553 1564 1565
3 1553 1565 1554
3 1554 1565 1566
3 1554 1566 1555
3 1555 1566 1567
3 1555 1567 1556
3 1556 1567 1568
3 1556 1568 1557
3 1557 1568 1569
3 1557 1569 1558
3 1558 1569 1570
3 1558 1570 1559
3 1559 1570 1571
3 1559 1571 1560
3 1560 1571 1572
3 1560 1572 1549
3 1549 1572 1561
3 1561 1573 1562
3 1562 1573 1574
3 1562 1574 1563
3 1563 1574 1575
3 1563 1575 1564
3 1564 1575 1576
3 1564 1576 1565
3 1565 1576 1577
3 1565 1577 1566
3 1566 1577 1578
3 1566 1578 1567
3 1567 1578 1579
3 1567 1579 1568
3 1568 1579 1580
3 1568 1580 1569
3 1569 1580 1581
3 1569 1581 1570
3 1570 1581 1582
3 1570 1582 1571
3 1571 1582 1583
3 1571 1583 1572
3 1572 1583 1584
3 1572 1584 1561
3 1561 1584 1573
3 1573 1585 1574
3 1574 1585 1586
3 1574 1586 1575
3 1575 1586 1587
3 1575 1587 1576
3 1576 1587 1588
3 1576 1588 1577
3 1577 1588 1589
3 1577 1589 1578
3 1578 1589 1590
3 1578 1590 1579
3 1579 1590 1591
3 1579 1591 1580
3 1580 1591 1592
3 1580 1592 1581
3 1581 1592 1593
3 1581 1593 1582
3 1582 1593 1594
3 1582 1594 1583
3 1583 1594 1595
3 1583 1595 1584
3 1584 1595 1596
3 1584 1596 1573
3 1573 1596 1585
3 1585 1597 1586
3 1586 1597 1598
3 1586 1598 1587
3 1587 1598 1599
3 1587 1599 1588
3 1588 1599 1600
3 1588 1600 1589
3 1589 1600 1601
3 1589 1601 1590
3 1590 1601 1602
3 1590 1602 1591
3 1591 1602 1603
3 1591 1603 1592
3 1592 1603 1604
3 1592 1604 1593
3 1593 1604 1605
3 1593 1605 1594
3 1594 1605 1606
3 1594 1606 1595
3 1595 1606 1607
3 1595 1607 1596
3 1596 1607 1608
3 1596 1608 1585
3 1585 1608 1597
3 1597 1609 1598
3 1598 1609 1610
3 1598 1610 1599
3 1599 1610 1611
3 1599 1611 1600
3 1600 1611 1612
3 1600 1612 1601
3 1601 1612 1613
3 1601 1613 1602
3 1602 1613 1614
3 1602 1614 1603
3 1603 1614 1615
3 1603 1615 1604
3 1604 1615 1616
3 1604 1616 1605
3 1605 1616 1617
3 1605 1617 1606
3 1606 1617 1618
3 1606 1618 1607
3 1607 1618 1619
3 1607 1619 1608
3 1608 1619 1620
3 1608 1620 1597
3 1597 1620 1609
3 1609 1621 1610
3 1610 1621 1622
3 1610 1622 1611
3 1611 1622 1623
3 1611 1623 1612
3 1612 1623 1624
3 1612 1624 1613
3 1613 1624 1625
3 1613 1625 1614
3 1614 1625 1626
3 1614 1626 1615
3 1615 1626 1627
3 1615 1627 1616
3 1616 1627 1628
3 1616 1628 1617
3 1617 1628 1629
3 1617 1629 1618
3 1618 1629 1630
3 1618 1630 1619
3 1619 1630 1631
3 1619 1631 1620
3 1620 1631 1632
3 1620 1632 1609
3 1609 1632 1621
3 1633 1622 1621
3 1633 1623 1622
3 1633 1624 1623
3 1633 1625 1624
3 1633 1626 1625
3 1633 1627 1626
3 1633 1628 1627
3 1633 1629 1628
3 1633 1630 1629
3 1633 1631 1630
3 1633 1632 1631
3 1633 1621 1632
3 1634 1635 1636
3 1634 1636 1637
3 1634 1637 1638
3 1634 1638 1639
3 1634 1639 1640
3 1634 1640 1641
3 1634 1641 1642
3 1634 1642 1643
3 1634 1643 1644
3 1634 1644 1645
3 1634 1645 1646
3 1634 1646 1635
3 1635 1647 1636
3 1636 1647 1648
3 1636 1648 1637
3 1637 1648 1649
3 1637 1649 1638
3 1638 1649 1650
3 1638 1650 1639
3 1639 1650 1651
3 1639 1651 1640
3 1640 1651 1652
3 1640 1652 1641
3 1641 1652 1653
3 1641 1653 1642
3 1642 1653 1654
3 1642 1654 1643
3 1643 1654 1655
3 1643 1655 1644
3 1644 1655 1656
3 1644 1656 1645
3 1645 1656 1657
3 1645 1657 1646
3 1646 1657 1658
3 1646 1658 1635
3 1635 1658 1647
3 1647 1659 1648
3 1648 1659 1660
3 1648 1660 1649
3 1649 1660 1661
3 1649 1661 1650
3 1650 1661 1662
3 1650 1662 1651
3 1651 1662 1663
3 1651 1663 1652
3 1652 1663 1664
3 1652 1664 1653
3 1653 1664 1665
3 1653 1665 1654
3 1654 1665 1666
3 1654 1666 1655
3 1655 1666 1667
3 1655 1667 1656
3 1656 1667 1668
3 1656 1668 1657
3 1657 1668 1669
3 1657 1669 1658
3 1658 1669 1670
3 1658 1670 1647
3 1647 1670 1659
3 1659 1671 1660
3 1660 1671 1672
3 1660 1672 1661
3 1661 1672 1673
3 1661 1673 1662
3 1662 1673 1674
3 1662 1674 1663
3 1663 1674 1675
3 1663 1675 1664
3 1664 1675 1676
3 1664 1676 1665
3 1665 1676 1677
3 1665 1677 1666
3 1666 1677 1678
3 1666 1678 1667
3 1667 1678 1679
3 1667 1679 1668
3 1668 1679 1680
3 1668 1680 1669
3 1669 1680 1681
3 1669 1681 1670
3 1670 1681 1682
3 1670 1682 1659
3 1659 1682 1671
3 1671 1683 1672
3 1672 1683 1684
3 1672 1684 1673
3 1673 1684 1685
3 1673 1685 1674
3 1674 1685 1686
3 1674 1686 1675
3 1675 1686 1687
3 1675 1687 1676
3 1676 1687 1688
3 1676 1688 1677
3 1677 1688 1689
3 1677 1689 1678
3 1678 1689 1690
3 1678 1690 1679
3 1679 1690 1691
3 1679 1691 1680
3 1680 1691 1692
3 1680 1692 1681
3 1681 1692 1693
3 1681 1693 1682
3 1682 1693 1694
3 1682 1694 1671
3 1671 1694 1683
3 1683 1695 1684
3 1684 1695 1696
3 1684 1696 1685
3 1685 1696 1697
3 1685 1697 1686
3 1686 1697 1698
3 1686 1698 1687
3 1687 1698 1699
3 1687 1699 1688
3 1688 1699 1700
3 1688 1700 1689
3 1689 1700 1701
3 1689 1701 1690
3 1690 1701 1702
3 1690 1702 1691
3 1691 1702 1703
3 1691 1703 1692
3 1692 1703 1704
3 1692 1704 1693
3 1693 1704 1705
3 1693 1705 1694
3 1694 1705 1706
3 1694 1706 1683
3 1683 1706 1695
3 1695 1707 1696
3 1696 1707 1708
3 1696 1708 1697
3 1697 1708 1709
3 1697 1709 1698
3 1698 1709 1710
3 1698 1710 1699
3 1699 1710 1711
3 1699 1711 1700
3 1700 1711 1712
3 1700 1712 1701
3 1701 1712 1713
3 1701 1713 1702
3 1702 1713 1714
3 1702 1714 1703
3 1703 1714 1715
3 1703 1715 1704
3 1704 1715 1716
3 1704 1716 1705
3 1705 1716 1717
3 1705 1717 1706
3 1706 1717 1718
3 1706 1718 1695
3 1695 1718 1707
3 1719 1708 1707
3 1719 1709 1708
3 1719 1710 1709
3 1719 1711 1710
3 1719 1712 1711
3 1719 1713 1712
3 1719 1714 1713
3 1719 1715 1714
3 1719 1716 1715
3 1719 1717 1716
3 1719 1718 1717
3 1719 1707 1718
3 1720 1721 1722
3 1720 1722 1723
3 1720 1723 1724
3 1720 1724 1725
3 1720 1725 1726
3 1720 1726 1727
3 1720 1727 1728
3 1720 1728 1729
3 1720 1729 1730
3 1720 1730 1731
3 1720 1731 1732
3 1720 1732 1721
3 1721 1733 1722
3 1722 1733 1734
3 1722 1734 1723
3 1723 1734 1735
3 1723 1735 1724
3 1724 1735 1736
3 1724 1736 1725
3 1725 1736 1737
3 1725 1737 1726
3 1726 1737 1738
3 1726 1738 1727
3 1727 1738 1739
3 1727 1739 1728
3 1728 1739 1740
3 1728 1740 1729
3 1729 1740 1741
3 1729 1741 1730
3 1730 1741 1742
3 1730 1742 1731
3 1731 1742 1743
3 1731 1743 1732
3 1732 1743 1744
3 1732 1744 1721
3 1721 1744 1733
3 1733 1745 1734
3 1734 1745 1746
3 1734 1746 1735
3 1735 1746 1747
3 1735 1747 1736
3 1736 1747 1748
3 1736 1748 1737
3 1737 1748 1749
3 1737 1749 1738
3 1738 1749 1750
3 1738 1750 1739
3 1739 1750 1751
3 1739 1751 1740
3 1740 1751 1752
3 1740 1752 1741
3 1741 1752 1753
3 1741 1753 1742
3 1742 1753 1754
3 1742 1754 1743
3 1743 1754 1755
3 1743 1755 1744
3 1744 1755 1756
3 1744 1756 1733
3 1733 1756 1745
3 1745 1757 1746
3 1746 1757 1758
3 1746 1758 1747
3 1747 1758 1759
3 1747 1759 1748
3 1748 1759 1760
3 1748 1760 1749
3 1749 1760 1761
3 1749 1761 1750
3 1750 1761 1762
3 1750 1762 1751
3 1751 1762 1763
3 1751 1763 1752
3 1752 1763 1764
3 1752 1764 1753
3 1753 1764 1765
3 1753 1765 1754
3 1754 1765 1766
3 1754 1766 1755
3 1755 1766 1767
3 1755 1767 1756
3 1756 1767 1768
3 1756 1768 1745
3 1745 1768 1757
3 1757 1769 1758
3 1758 1769 1770
3 1758 1770 1759
3 1759 1770 1771
3 1759 1771 1760
3 1760 1771 1772
3 1760 1772 1761
3 1761 1772 1773
3 1761 1773 1762
3 1762 1773 1774
3 1762 1774 1763
3 1763 1774 1775
3 1763 1775 1764
3 1764 1775 1776
3 1764 1776 1765
3 1765 1776 1777
3 1765 1777 1766
3 1766 1777 1778
3 1766 1778 1767
3 1767 1778 1779
3 1767 1779 1768
3 1768 1779 1780
3 1768 1780 1757
3 1757 1780 1769
3 1769 1781 1770
3 1770 1781 1782
3 1770 1782 1771
3 1771 1782 1783
3 1771 1783 1772
3 1772 1783 1784
3 1772 1784 1773
3 1773 1784 1785
3 1773 1785 1774
3 1774 1785 1786
3 1774 1786 1775
3 1775 1786 1787
3 1775 1787 1776
3 1776 1787 1788
3 1776 1788 1777
3 1777 1788 1789
3 1777 1789 1778
3 1778 1789 1790
3 1778 1790 1779
3 1779 1790 1791
3 1779 1791 1780
3 1780 1791 1792
3 1780 1792 1769
3 1769 1792 1781
3 1781 1793 1782
3 1782 1793 1794
3 1782 1794 1783
3 1783 1794 1795
3 1783 1795 1784
3 1784 1795 1796
3 1784 1796 1785
3 1785 1796 1797
3 1785 1797 1786
3 1786 1797 1798
3 1786 1798 1787
3 1787 1798 1799
3 1787 1799 1788
3 1788 1799 1800
3 1788 1800 1789
3 1789 1800 1801
3 1789 1801 1790
3 1790 1801 1802
3 1790 1802 1791
3 1791 1802 1803
3 1791 1803 1792
3 1792 1803 1804
3 1792 1804 1781
3 1781 1804 1793
3 1805 1794 1793
3 1805 1795 1794
3 1805 1796 1795
3 1805 1797 1796
3 1805 1798 1797
3 1805 1799 1798
3 1805 1800 1799
3 1805 1801 1800
3 1805 1802 1801
3 1805 1803 1802
3 1805 1804 1803
3 1805 1793 1804
3 1806 1807 1808
3 1806 1808 1809
3 1806 1809 1810
3 1806 1810 1811
3 1806 1811 1812
3 1806 1812 1813
3 1806 1813 1814
3 1806 1814 1815
3 1806 1815 1816
3 1806 1816 1817
3 1806 1817 1818
3 1806 1818 1807
3 1807 1819 1808
3 1808 1819 1820
3 1808 1820 1809
3 1809 1820 1821
3 1809 1821 1810
3 1810 1821 1822
3 1810 1822 1811
3 1811 1822 1823
3 1811 1823 1812
3 1812 1823 1824
3 1812 1824 1813
3 1813 1824 1825
3 1813 1825 1814
3 1814 1825 1826
3 1814 1826 1815
3 1815 1826 1827
3 1815 1827 1816
3 1816 1827 1828
3 1816 1828 1817
3 1817 1828 1829
3 1817 1829 1818
3 1818 1829 1830
3 1818 1830 1807
3 1807 1830 1819
3 1819 1831 1820
3 1820 1831 1832
3 1820 1832 1821
3 1821 1832 1833
3 1821 1833 1822
3 1822 1833 1834
3 1822 1834 1823
3 1823 1834 1835
3 1823 1835 1824
3 1824 1835 1836
3 1824 1836 1825
3 1825 1836 1837
3 1825 1837 1826
3 1826 1837 1838
3 1826 1838 1827
3 1827 1838 1839
3 1827 1839 1828
3 1828 1839 1840
3 1828 1840 1829
3 1829 1840 1841
3 1829 1841 1830
3 1830 1841 1842
3 1830 1842 1819
3 1819 1842 1831
3 1831 1843 1832
3 1832 1843 1844
3 1832 1844 1833
3 1833 1844 1845
3 1833 1845 1834
3 1834 1845 1846
3 1834 1846 1835
3 1835 1846 1847
3 1835 1847 1836
3 1836 1847 1848
3 1836 1848 1837
3 1837 1848 1849
3 1837 1849 1838
3 1838 1849 1850
3 1838 1850 1839
3 1839 1850 1851
3 1839 1851 1840
3 1840 1851 1852
3 1840 1852 1841
3 1841 1852 1853
3 1841 1853 1842
3 1842 1853 1854
3 1842 1854 1831
3 1831 1854 1843
3 1843 1855 1844
3 1844 1855 1856
3 1844 1856 1845
3 1845 1856 1857
3 1845 1857 1846
3 1846 1857 1858
3 1846 1858 1847
3 1847 1858 1859
3 1847 1859 1848
3 1848 1859 1860
3 1848 1860 1849
3 1849 1860 1861
3 1849 1861 1850
3 1850 1861 1862
3 1850 1862 1851
3 1851 1862 1863
3 1851 1863 1852
3 1852 1863 1864
3 1852 1864 1853
3 1853 1864 1865
3 1853 1865 1854
3 1854 1865 1866
3 1854 1866 1843
3 1843 1866 1855
3 1855 1867 1856
3 1856 1867 1868
3 1856 1868 1857
3 1857 1868 1869
3 1857 1869 1858
3 1858 1869 1870
3 1858 1870 1859
3 1859 1870 1871
3 1859 1871 1860
3 1860 1871 1872
3 1860 1872 1861
3 1861 1872 1873
3 1861 1873 1862
3 1862 1873 1874
3 1862 1874 1863
3 1863 1874 1875
3 1863 1875 1864
3 1864 1875 1876
3 1864 1876 1865
3 1865 1876 1877
3 1865 1877 1866
3 1866 1877 1878
3 1866 1878 1855
3 1855 1878 1867
3 1867 1879 1868
3 1868 1879 1880
3 1868 1880 1869
3 1869 1880 1881
3 1869 1881 1870
3 1870 1881 1882
3 1870 1882 1871
3 1871 1882 1883
3 1871 1883 1872
3 1872 1883 1884
3 1872 1884 1873
3 1873 1884 1885
3 1873 1885 1874
3 1874 1885 1886
3 1874 1886 1875
3 1875 1886 1887
3 1875 1887 1876
3 1876 1887 1888
3 1876 1888 1877
3 1877 1888 1889
3 1877 1889 1878
3 1878 1889 1890
3 1878 1890 1867
3 1867 1890 1879
3 1891 1880 1879
3 1891 1881 1880
3 1891 1882 1881
3 1891 1883 1882
3 1891 1884 1883
3 1891 1885 1884
3 1891 1886 1885
3 1891 1887 1886
3 1891 1888 1887
3 1891 1889 1888
3 1891 1890 1889
3 1891 1879 1890
3 1892 1893 1894
3 1892 1894 1895
3 1892 1895 1896
3 1892 1896 1897
3 1892 1897 1898
3 1892 1898 1899
3 1892 1899 1900
3 1892 1900 1901
3 1892 1901 1902
3 1892 1902 1903
3 1892 1903 1904
3 1892 1904 1893
3 1893 1905 1894
3 1894 1905 1906
3 1894 1906 1895
3 1895 1906 1907
3 1895 1907 1896
3 1896 1907 1908
3 1896 1908 1897
3 1897 1908 1909
3 1897 1909 1898
3 1898 1909 1910
3 1898 1910 1899
3 1899 1910 1911
3 1899 1911 1900
3 1900 1911 1912
3 1900 1912 1901
3 1901 1912 1913
3 1901 1913 1902
3 1902 1913 1914
3 1902 1914 1903
3 1903 1914 1915
3 1903 1915 1904
3 1904 1915 1916
3 1904 1916 1893
3 1893 1916 1905
3 1905 1917 1906
3 1906 1917 1918
3 1906 1918 1907
3 1907 1918 1919
3 1907 1919 1908
3 1908 1919 1920
3 1908 1920 1909
3 1909 1920 1921
3 1909 1921 1910
3 1910 1921 1922
3 1910 1922 1911
3 1911 1922 1923
3 1911 1923 1912
3 1912 1923 1924
3 1912 1924 1913
3 1913 1924 1925
3 1913 1925 1914
3 1914 1925 1926
3 1914 1926 1915
3 1915 1926 1927
3 1915 1927 1916
3 1916 1927 1928
3 1916 1928 1905
3 1905 1928 1917
3 1917 1929 1918
3 1918 1929 1930
3 1918 1930 1919
3 1919 1930 1931
3 1919 1931 1920
3 1920 1931 1932
3 1920 1932 1921
3 1921 1932 1933
3 1921 1933 1922
3 1922 1933 1934
3 1922 1934 1923
3 1923 1934 1935
3 1923 1935 1924
3 1924 1935 1936
3 1924 1936 1925
3 1925 1936 1937
3 1925 1937 1926
3 1926 1937 1938
3 1926 1938 1927
3 1927 1938 1939
3 1927 1939 1928
3 1928 1939 1940
3 1928 1940 1917
3 1917 1940 1929
3 1929 1941 1930
3 1930 1941 1942
3 1930 1942 1931
3 1931 1942 1943
3 1931 1943 1932
3 1932 1943 1944
3 1932 1944 1933
3 1933 1944 1945
3 1933 1945 1934
3 1934 1945 1946
3 1934 1946 1935
3 1935 1946 1947
3 1935 1947 1936
3 1936 1947 1948
3 1936 1948 1937
3 1937 1948 1949
3 1937 1949 1938
3 1938 1949 1950
3 1938 1950 1939
3 1939 1950 1951
3 1939 1951 1940
3 1940 1951 1952
3 1940 1952 1929
3 1929 1952 1941
3 1941 1953 1942
3 1942 1953 1954
3 1942 1954 1943
3 1943 1954 1955
3 1943 1955 1944
3 1944 1955 1956
3 1944 1956 1945
3 1945 1956 1957
3 1945 1957 1946
3 1946 1957 1958
3 1946 1958 1947
3 1947 1958 1959
3 1947 1959 1948
3 1948 1959 1960
3 1948 1960 1949
3 1949 1960 1961
3 1949 1961 1950
3 1950 1961 1962
3 1950 1962 1951
3 1951 1962 1963
3 1951 1963 1952
3 1952 1963 1964
3 1952 1964 1941
3 1941 1964 1953
3 1953 1965 1954
3 1954 1965 1966
3 1954 1966 1955
3 1955 1966 1967
3 1955 1967 1956
3 1956 1967 1968
3 1956 1968 1957
3 1957 1968 1969
3 1957 1969 1958
3 1958 1969 1970
3 1958 1970 1959
3 1959 1970 1971
3 1959 1971 1960
3 1960 1971 1972
3 1960 1972 1961
3 1961 1972 1973
3 1961 1973 1962
3 1962 1973 1974
3 1962 1974 1963
3 1963 1974 1975
3 1963 1975 1964
3 1964 1975 1976
3 1964 1976 1953
3 1953 1976 1965
3 1977 1966 1965
3 1977 1967 1966
3 1977 1968 1967
3 1977 1969 1968
3 1977 1970 1969
3 1977 1971 1970
3 1977 1972 1971
3 1977 1973 1972
3 1977 1974 1973
3 1977 1975 1974
3 1977 1976 1975
3 1977 1965 1976
3 1978 1979 1980
3 1978 1980 1981
3 1978 1981 1982
3 1978 1982 1983
3 1978 1983 1984
3 1978 1984 1985
3 1978 1985 1986
3 1978 1986 1987
3 1978 1987 1988
3 1978 1988 1989
3 1978 1989 1990
3 1978 1990 1979
3 1979 1991 1980
3 1980 1991 1992
3 1980 1992 1981
3 1981 1992 1993
3 1981 1993 1982
3 1982 1993 1994
3 1982 1994 1983
3 1983 1994 1995
3 1983 1995 1984
3 1984 1995 1996
3 1984 1996 1985
3 1985 1996 1997
3 1985 1997 1986
3 1986 1997 1998
3 1986 1998 1987
3 1987 1998 1999
3 1987 1999 1988
3 1988 1999 2000
3 1988 2000 1989
3 1989 2000 2001
3 1989 2001 1990
3 1990 2001 2002
3 1990 2002 1979
3 1979 2002 1991
3 1991 2003 1992
3 1992 2003 2004
3 1992 2004 1993
3 1993 2004 2005
3 1993 2005 1994
3 1994 2005 2006
3 1994 2006 1995
3 1995 2006 2007
3 1995 2007 1996
3 1996 2007 2008
3 1996 2008 1997
3 1997 2008 2009
3 1997 2009 1998
3 1998 2009 2010
3 1998 2010 1999
3 1999 2010 2011
3 1999 2011 2000
3 2000 2011 2012
3 2000 2012 2001
3 2001 2012 2013
3 2001 2013 2002
3 2002 2013 2014
3 2002 2014 1991
3 1991 2014 2003
3 2003 2015 2004
3 2004 2015 2016
3 2004 2016 2005
3 2005 2016 2017
3 2005 2017 2006
3 2006 2017 2018
3 2006 2018 2007
3 2007 2018 2019
3 2007 2019 2008
3 2008 2019 2020
3 2008 2020 2009
3 2009 2020 2021
3 2009 2021 2010
3 2010 2021 2022
3 2010 2022 2011
3 2011 2022 2023
3 2011 2023 2012
3 2012 2023 2024
3 2012 2024 2013
3 2013 2024 2025
3 2013 2025 2014
3 2014 2025 2026
3 2014 2026 2003
3 2003 2026 2015
3 2015 2027 2016
3 2016 2027 2028
3 2016 2028 2017
3 2017 2028 2029
3 2017 2029 2018
3 2018 2029 2030
3 2018 2030 2019
3 2019 2030 2031
3 2019 2031 2020
3 2020 2031 2032
3 2020 2032 2021
3 2021 2032 2033
3 2021 2033 2022
3 2022 2033 2034
3 2022 2034 2023
3 2023 2034 2035
3 2023 2035 2024
3 2024 2035 2036
3 2024 2036 2025
3 2025 2036 2037
3 2025 2037 2026
3 2026 2037 2038
3 2026 2038 2015
3 2015 2038 2027
3 2027 2039 2028
3 2028 2039 2040
3 2028 2040 2029
3 2029 2040 2041
3 2029 2041 2030
3 2030 2041 2042
3 2030 2042 2031
3 2031 2042 2043
3 2031 2043 2032
3 2032 2043 2044
3 2032 2044 2033
3 2033 2044 2045
3 2033 2045 2034
3 2034 2045 2046
3 2034 2046 2035
3 2035 2046 2047
3 2035 2047 2036
3 2036 2047 2048
3 2036 2048 2037
3 2037 2048 2049
3 2037 2049 2038
3 2038 2049 2050
3 2038 2050 2027
3 2027 2050 2039
3 2039 2051 2040
3 2040 2051 2052
3 2040 2052 2041
3 2041 2052 2053
3 2041 2053 2042
3 2042 2053 2054
3 2042 2054 2043
3 2043 2054 2055
3 2043 2055 2044
3 2044 2055 2056
3 2044 2056 2045
3 2045 2056 2057
3 2045 2057 2046
3 2046 2057 2058
3 2046 2058 2047
3 2047 2058 2059
3 2047 2059 2048
3 2048 2059 2060
3 2048 2060 2049
3 2049 2060 2061
3 2049 2061 2050
3 2050 2061 2062
3 2050 2062 2039
3 2039 2062 2051
3 2063 2052 2051
3 2063 2053 2052
3 2063 2054 2053
3 2063 2055 2054
3 2063 2056 2055
3 2063 2057 2056
3 2063 2058 2057
3 2063 2059 2058
3 2063 2060 2059
3 2063 2061 2060
3 2063 2062 2061
3 2063 2051 2062
3 2064 2065 2066
3 2064 2066 2067
3 2064 2067 2068
3 2064 2068 2069
3 2064 2069 2070
3 2064 2070 2071
3 2064 2071 2072
3 2064 2072 2073
3 2064 2073 2074
3 2064 2074 2075
3 2064 2075 2076
3 2064 2076 2065
3 2065 2077 2066
3 2066 2077 2078
3 2066 2078 2067
3 2067 2078 2079
3 2067 2079 2068
3 2068 2079 2080
3 2068 2080 2069
3 2069 2080 2081
3 2069 2081 2070
3 2070 2081 2082
3 2070 2082 2071
3 2071 2082 2083
3 2071 2083 2072
3 2072 2083 2084
3 2072 2084 2073
3 2073 2084 2085
3 2073 2085 2074
3 2074 2085 2086
3 2074 2086 2075
3 2075 2086 2087
3 2075 2087 2076
3 2076 2087 2088
3 2076 2088 2065
3 2065 2088 2077
3 2077 2089 2078
3 2078 2089 2090
3 2078 2090 2079
3 2079 2090 2091
3 2079 2091 2080
3 2080 2091 2092
3 2080 2092 2081
3 2081 2092 2093
3 2081 2093 2082
3 2082 2093 2094
3 2082 2094 2083
3 2083 2094 2095
3 2083 2095 2084
3 2084 2095 2096
3 2084 2096 2085
3 2085 2096 2097
3 2085 2097 2086
3 2086 2097 2098
3 2086 2098 2087
3 2087 2098 2099
3 2087 2099 2088
3 2088 2099 2100
3 2088 2100 2077
3 2077 2100 2089
3 2089 2101 2090
3 2090 2101 2102
3 2090 2102 2091
3 2091 2102 2103
3 2091 2103 2092
3 2092 2103 2104
3 2092 2104 2093
3 2093 2104 2105
3 2093 2105 2094
3 2094 2105 2106
3 2094 2106 2095
3 2095 2106 2107
3 2095 2107 2096
3 2096 2107 2108
3 2096 2108 2097
3 2097 2108 2109
3 2097 2109 2098
3 2098 2109 2110
3 2098 2110 2099
3 2099 2110 2111
3 2099 2111 2100
3 2100 2111 2112
3 2100 2112 2089
3 2089 2112 2101
3 2101 2113 2102
3 2102 2113 2114
3 2102 2114 2103
3 2103 2114 2115
3 2103 2115 2104
3 2104 2115 2116
3 2104 2116 2105
3 2105 2116 2117
3 2105 2117 2106
3 2106 2117 2118
3 2106 2118 2107
3 2107 2118 2119
3 2107 2119 2108
3 2108 2119 2120
3 2108 2120 2109
3 2109 2120 2121
3 2109 2121 2110
3 2110 2121 2122
3 2110 2122 2111
3 2111 2122 2123
3 2111 2123 2112
3 2112 2123 2124
3 2112 2124 2101
3 2101 2124 2113
3 2113 2125 2114
3 2114 2125 2126
3 2114 2126 2115
3 2115 2126 2127
3 2115 2127 2116
3 2116 2127 2128
3 2116 2128 2117
3 2117 2128 2129
3 2117 2129 2118
3 2118 2129 2130
3 2118 2130 2119
3 2119 2130 2131
3 2119 2131 2120
3 2120 2131 2132
3 2120 2132 2121
3 2121 2132 2133
3 2121 2133 2122
3 2122 2133 2134
3 2122 2134 2123
3 2123 2134 2135
3 2123 2135 2124
3 2124 2135 2136
3 2124 2136 2113
3 2113 2136 2125
3 2125 2137 2126
3 2126 2137 2138
3 2126 2138 2127
3 2127 2138 2139
3 2127 2139 2128
3 2128 2139 2140
3 2128 2140 2129
3 2129 2140 2141
3 2129 2141 2130
3 2130 2141 2142
3 2130 2142 2131
3 2131 2142 2143
3 2131 2143 2132
3 2132 2143 2144
3 2132 2144 2133
3 2133 2144 2145
3 2133 2145 2134
3 2134 2145 2146
3 2134 2146 2135
3 2135 2146 2147
3 2135 2147 2136
3 2136 2147 2148
3 2136 2148 2125
3 2125 2148 2137
3 2149 2138 2137
3 2149 2139 2138
3 2149 2140 2139
3 2149 2141 2140
3 2149 2142 2141
3 2149 2143 2142
3 2149 2144 2143
3 2149 2145 2144
3 2149 2146 2145
3 2149 2147 2146
3 2149 2148 2147
3 2149 2137 2148
3 2150 2151 2152
3 2150 2152 2153
3 2150 2153 2154
3 2150 2154 2155
3 2150 2155 2156
3 2150 2156 2157
3 2150 2157 2158
3 2150 2158 2159
3 2150 2159 2160
3 2150 2160 2161
3 2150 2161 2162
3 2150 2162 2151
3 2151 2163 2152
3 2152 2163 2164
3 2152 2164 2153
3 2153 2164 2165
3 2153 2165 2154
3 2154 2165 2166
3 2154 2166 2155
3 2155 2166 2167
3 2155 2167 2156
3 2156 2167 2168
3 2156 2168 2157
3 2157 2168 2169
3 2157 2169 2158
3 2158 2169 2170
3 2158 2170 2159
3 2159 2170 2171
3 2159 2171 2160
3 2160 2171 2172
3 2160 2172 2161
3 2161 2172 2173
3 2161 2173 2162
3 2162 2173 2174
3 2162 2174 2151
3 2151 2174 2163
3 2163 2175 2164
3 2164 2175 2176
3 2164 2176 2165
3 2165 2176 2177
3 2165 2177 2166
3 2166 2177 2178
3 2166 2178 2167
3 2167 2178 2179
3 2167 2179 2168
3 2168 2179 2180
3 2168 2180 2169
3 2169 2180 2181
3 2169 2181 2170
3 2170 2181 2182
3 2170 2182 2171
3 2171 2182 2183
3 2171 2183 2172
3 2172 2183 2184
3 2172 2184 2173
3 2173 2184 2185
3 2173 2185 2174
3 2174 2185 2186
3 2174 2186 2163
3 2163 2186 2175
3 2175 2187 2176
3 2176 2187 2188
3 2176 2188 2177
3 2177 2188 2189
3 2177 2189 2178
3 2178 2189 2190
3 2178 2190 2179
3 2179 2190 2191
3 2179 2191 2180
3 2180 2191 2192
3 2180 2192 2181
3 2181 2192 2193
3 2181 2193 2182
3 2182 2193 2194
3 2182 2194 2183
3 2183 2194 2195
3 2183 2195 2184
3 2184 2195 2196
3 2184 2196 2185
3 2185 2196 2197
3 2185 2197 2186
3 2186 2197 2198
3 2186 2198 2175
3 2175 2198 2187
3 2187 2199 2188
3 2188 2199 2200
3 2188 2200 2189
3 2189 2200 2201
3 2189 2201 2190
3 2190 2201 2202
3 2190 2202 2191
3 2191 2202 2203
3 2191 2203 2192
3 2192 2203 2204
3 2192 2204 2193
3 2193 2204 2205
3 2193 2205 2194
3 2194 2205 2206
3 2194 2206 2195
3 2195 2206 2207
3 2195 2207 2196
3 2196 2207 2208
3 2196 2208 2197
3 2197 2208 2209
3 2197 2209 2198
3 2198 2209 2210
3 2198 2210 2187
3 2187 2210 2199
3 2199 2211 2200
3 2200 2211 2212
3 2200 2212 2201
3 2201 2212 2213
3 2201 2213 2202
3 2202 2213 2214
3 2202 2214 2203
3 2203 2214 2215
3 2203 2215 2204
3 2204 2215 2216
3 2204 2216 2205
3 2205 2216 2217
3 2205 2217 2206
3 2206 2217 2218
3 2206 2218 2207
3 2207 2218 2219
3 2207 2219 2208
3 2208 2219 2220
3 2208 2220 2209
3 2209 2220 2221
3 2209 2221 2210
3 2210 2221 2222
3 2210 2222 2199
3 2199 2222 2211
3 2211 2223 2212
3 2212 2223 2224
3 2212 2224 2213
3 2213 2224 2225
3 2213 2225 2214
3 2214 2225 2226
3 2214 2226 2215
3 2215 2226 2227
3 2215 2227 2216
3 2216 2227 2228
3 2216 2228 2217
3 2217 2228 2229
3 2217 2229 2218
3 2218 2229 2230
3 2218 2230 2219
3 2219 2230 2231
3 2219 2231 2220
3 2220 2231 2232
3 2220 2232 2221
3 2221 2232 2233
3 2221 2233 2222
3 2222 2233 2234
3 2222 2234 2211
3 2211 2234 2223
3 2235 2224 2223
3 2235 2225 2224
3 2235 2226 2225
3 2235 2227 2226
3 2235 2228 2227
3 2235 2229 2228
3 2235 2230 2229
3 2235 2231 2230
3 2235 2232 2231
3 2235 2233 2232
3 2235 2234 2233
3 2235 2223 2234
3 2236 2237 2238
3 2236 2238 2239
3 2236 2239 2240
3 2236 2240 2241
3 2236 2241 2242
3 2236 2242 2243
3 2236 2243 2244
3 2236 2244 2245
3 2236 2245 2246
3 2236 2246 2247
3 2236 2247 2248
3 2236 2248 2237
3 2237 2249 2238
3 2238 2249 2250
3 2238 2250 2239
3 2239 2250 2251
3 2239 2251 2240
3 2240 2251 2252
3 2240 2252 2241
3 2241 2252 2253
3 2241 2253 2242
3 2242 2253 2254
3 2242 2254 2243
3 2243 2254 2255
3 2243 2255 2244
3 2244 2255 2256
3 2244 2256 2245
3 2245 2256 2257
3 2245 2257 2246
3 2246 2257 2258
3 2246 2258 2247
3 2247 2258 2259
3 2247 2259 2248
3 2248 2259 2260
3 2248 2260 2237
3 2237 2260 2249
3 2249 2261 2250
3 2250 2261 2262
3 2250 2262 2251
3 2251 2262 2263
3 2251 2263 2252
3 2252 2263 2264
3 2252 2264 2253
3 2253 2264 2265
3 2253 2265 2254
3 2254 2265 2266
3 2254 2266 2255
3 2255 2266 2267
3 2255 2267 2256
3 2256 2267 2268
3 2256 2268 2257
3 2257 2268 2269
3 2257 2269 2258
3 2258 2269 2270
3 2258 2270 2259
3 2259 2270 2271
3 2259 2271 2260
3 2260 2271 2272
3 2260 2272 2249
3 2249 2272 2261
3 2261 2273 2262
3 2262 2273 2274
3 2262 2274 2263
3 2263 2274 2275
3 2263 2275 2264
3 2264 2275 2276
3 2264 2276 2265
3 2265 2276 2277
3 2265 2277 2266
3 2266 2277 2278
3 2266 2278 2267
3 2267 2278 2279
3 2267 2279 2268
3 2268 2279 2280
3 2268 2280 2269
3 2269 2280 2281
3 2269 2281 2270
3 2270 2281 2282
3 2270 2282 2271
3 2271 2282 2283
3 2271 2283 2272
3 2272 2283 2284
3 2272 2284 2261
3 2261 2284 2273
3 2273 2285 2274
3 2274 2285 2286
3 2274 2286 2275
3 2275 2286 2287
3 2275 2287 2276
3 2276 2287 2288
3 2276 2288 2277
3 2277 2288 2289
3 2277 2289 2278
3 2278 2289 2290
3 2278 2290 2279
3 2279 2290 2291
3 2279 2291 2280
3 2280 2291 2292
3 2280 2292 2281
3 2281 2292 2293
3 2281 2293 2282
3 2282 2293 2294
3 2282 2294 2283
3 2283 2294 2295
3 2283 2295 2284
3 2284 2295 2296
3 2284 2296 2273
3 2273 2296 2285
3 2285 2297 2286
3 2286 2297 2298
3 2286 2298 2287
3 2287 2298 2299
3 2287 2299 2288
3 2288 2299 2300
3 2288 2300 2289
3 2289 2300 2301
3 2289 2301 2290
3 2290 2301 2302
3 2290 2302 2291
3 2291 2302 2303
3 2291 2303 2292
3 2292 2303 2304
3 2292 2304 2293
3 2293 2304 2305
3 2293 2305 2294
3 2294 2305 2306
3 2294 2306 2295
3 2295 2306 2307
3 2295 2307 2296
3 2296 2307 2308
3 2296 2308 2285
3 2285 2308 2297
3 2297 2309 2298
3 2298 2309 2310
3 2298 2310 2299
3 2299 2310 2311
3 2299 2311 2300
3 2300 2311 2312
3 2300 2312 2301
3 2301 2312 2313
3 2301 2313 2302
3 2302 2313 2314
3 2302 2314 2303
3 2303 2314 2315
3 2303 2315 2304
3 2304 2315 2316
3 2304 2316 2305
3 2305 2316 2317
3 2305 2317 2306
3 2306 2317 2318
3 2306 2318 2307
3 2307 2318 2319
3 2307 2319 2308
3 2308 2319 2320
3 2308 2320 2297
3 2297 2320 2309
3 2321 2310 2309
3 2321 2311 2310
3 2321 2312 2311
3 2321 2313 2312
3 2321 2314 2313
3 2321 2315 2314
3 2321 2316 2315
3 2321 2317 2316
3 2321 2318 2317
3 2321 2319 2318
3 2321 2320 2319
3 2321 2309 2320
3 2322 2323 2324
3 2322 2324 2325
3 2322 2325 2326
3 2322 2326 2327
3 2322 2327 2328
3 2322 2328 2329
3 2322 2329 2330
3 2322 2330 2331
3 2322 2331 2332
3 2322 2332 2333
3 2322 2333 2334
3 2322 2334 2323
3 2323 2335 2324
3 2324 2335 2336
3 2324 2336 2325
3 2325 2336 2337
3 2325 2337 2326
3 2326 2337 2338
3 2326 2338 2327
3 2327 2338 2339
3 2327 2339 2328
3 2328 2339 2340
3 2328 2340 2329
3 2329 2340 2341
3 2329 2341 2330
3 2330 2341 2342
3 2330 2342 2331
3 2331 2342 2343
3 2331 2343 2332
3 2332 2343 2344
3 2332 2344 2333
3 2333 2344 2345
3 2333 2345 2334
3 2334 2345 2346
3 2334 2346 2323
3 2323 2346 2335
3 2335 2347 2336
3 2336 2347 2348
3 2336 2348 2337
3 2337 2348 2349
3 2337 2349 2338
3 2338 2349 2350
3 2338 2350 2339
3 2339 2350 2351
3 2339 2351 2340
3 2340 2351 2352
3 2340 2352 2341
3 2341 2352 2353
3 2341 2353 2342
3 2342 2353 2354
3 2342 2354 2343
3 2343 2354 2355
3 2343 2355 2344
3 2344 2355 2356
3 2344 2356 2345
3 2345 2356 2357
3 2345 2357 2346
3 2346 2357 2358
3 2346 2358 2335
3 2335 2358 2347
3 2347 2359 2348
3 2348 2359 2360
3 2348 2360 2349
3 2349 2360 2361
3 2349 2361 2350
3 2350 2361 2362
3 2350 2362 2351
3 2351 2362 2363
3 2351 2363 2352
3 2352 2363 2364
3 2352 2364 2353
3 2353 2364 2365
3 2353 2365 2354
3 2354 2365 2366
3 2354 2366 2355
3 2355 2366 2367
3 2355 2367 2356
3 2356 2367 2368
3 2356 2368 2357
3 2357 2368 2369
3 2357 2369 2358
3 2358 2369 2370
3 2358 2370 2347
3 2347 2370 2359
3 2359 2371 2360
3 2360 2371 2372
3 2360 2372 2361
3 2361 2372 2373
3 2361 2373 2362
3 2362 2373 2374
3 2362 2374 2363
3 2363 2374 2375
3 2363 2375 2364
3 2364 2375 2376
3 2364 2376 2365
3 2365 2376 2377
3 2365 2377 2366
3 2366 2377 2378
3 2366 2378 2367
3 2367 2378 2379
3 2367 2379 2368
3 2368 2379 2380
3 2368 2380 2369
3 2369 2380 2381
3 2369 2381 2370
3 2370 2381 2382
3 2370 2382 2359
3 2359 2382 2371
3 2371 2383 2372
3 2372 2383 2384
3 2372 2384 2373
3 2373 2384 2385
3 2373 2385 2374
3 2374 2385 2386
3 2374 2386 2375
3 2375 2386 2387
3 2375 2387 2376
3 2376 2387 2388
3 2376 2388 2377
3 2377 2388 2389
3 2377 2389 2378
3 2378 2389 2390
3 2378 2390 2379
3 2379 2390 2391
3 2379 2391 2380
3 2380 2391 2392
3 2380 2392 2381
3 2381 2392 2393
3 2381 2393 2382
3 2382 2393 2394
3 2382 2394 2371
3 2371 2394 2383
3 2383 2395 2384
3 2384 2395 2396
3 2384 2396 2385
3 2385 2396 2397
3 2385 2397 2386
3 2386 2397 2398
3 2386 2398 2387
3 2387 2398 2399
3 2387 2399 2388
3 2388 2399 2400
3 2388 2400 2389
3 2389 2400 2401
3 2389 2401 2390
3 2390 2401 2402
3 2390 2402 2391
3 2391 2402 2403
3 2391 2403 2392
3 2392 2403 2404
3 2392 2404 2393
3 2393 2404 2405
3 2393 2405 2394
3 2394 2405 2406
3 2394 2406 2383
3 2383 2406 2395
3 2407 2396 2395
3 2407 2397 2396
3 2407 2398 2397
3 2407 2399 2398
3 2407 2400 2399
3 2407 2401 2400
3 2407 2402 2401
3 2407 2403 2402
3 2407 2404 2403
3 2407 2405 2404
3 2407 2406 2405
3 2407 2395 2406
3 2408 2409 2410
3 2408 2410 2411
3 2408 2411 2412
3 2408 2412 2413
3 2408 2413 2414
3 2408 2414 2415
3 2408 2415 2416
3 2408 2416 2417
3 2408 2417 2418
3 2408 2418 2419
3 2408 2419 2420
3 2408 2420 2409
3 2409 2421 2410
3 2410 2421 2422
3 2410 2422 2411
3 2411 2422 2423
3 2411 2423 2412
3 2412 2423 2424
3 2412 2424 2413
3 2413 2424 2425
3 2413 2425 2414
3 2414 2425 2426
3 2414 2426 2415
3 2415 2426 2427
3 2415 2427 2416
3 2416 2427 2428
3 2416 2428 2417
3 2417 2428 2429
3 2417 2429 2418
3 2418 2429 2430
3 2418 2430 2419
3 2419 2430 2431
3 2419 2431 2420
3 2420 2431 2432
3 2420 2432 2409
3 2409 2432 2421
3 2421 2433 2422
3 2422 2433 2434
3 2422 2434 2423
3 2423 2434 2435
3 2423 2435 2424
3 2424 2435 2436
3 2424 2436 2425
3 2425 2436 2437
3 2425 2437 2426
3 2426 2437 2438
3 2426 2438 2427
3 2427 2438 2439
3 2427 2439 2428
3 2428 2439 2440
3 2428 2440 2429
3 2429 2440 2441
3 2429 2441 2430
3 2430 2441 2442
3 2430 2442 2431
3 2431 2442 2443
3 2431 2443 2432
3 2432 2443 2444
3 2432 2444 2421
3 2421 2444 2433
3 2433 2445 2434
3 2434 2445 2446
3 2434 2446 2435
3 2435 2446 2447
3 2435 2447 2436
3 2436 2447 2448
3 2436 2448 2437
3 2437 2448 2449
3 2437 2449 2438
3 2438 2449 2450
3 2438 2450 2439
3 2439 2450 2451
3 2439 2451 2440
3 2440 2451 2452
3 2440 2452 2441
3 2441 2452 2453
3 2441 2453 2442
3 2442 2453 2454
3 2442 2454 2443
3 2443 2454 2455
3 2443 2455 2444
3 2444 2455 2456
3 2444 2456 2433
3 2433 2456 2445
3 2445 2457 2446
3 2446 2457 2458
3 2446 2458 2447
3 2447 2458 2459
3 2447 2459 2448
3 2448 2459 2460
3 2448 2460 2449
3 2449 2460 2461
3 2449 2461 2450
3 2450 2461 2462
3 2450 2462 2451
3 2451 2462 2463
3 2451 2463 2452
3 2452 2463 2464
3 2452 2464 2453
3 2453 2464 2465
3 2453 2465 2454
3 2454 2465 2466
3 2454 2466 2455
3 2455 2466 2467
3 2455 2467 2456
3 2456 2467 2468
3 2456 2468 2445
3 2445 2468 2457
3 2457 2469 2458
3 2458 2469 2470
3 2458 2470 2459
3 2459 2470 2471
3 2459 2471 2460
3 2460 2471 2472
3 2460 2472 2461
3 2461 2472 2473
3 2461 2473 2462
3 2462 2473 2474
3 2462 2474 2463
3 2463 2474 2475
3 2463 2475 2464
3 2464 2475 2476
3 2464 2476 2465
3 2465 2476 2477
3 2465 2477 2466
3 2466 2477 2478
3 2466 2478 2467
3 2467 2478 2479
3 2467 2479 2468
3 2468 2479 2480
3 2468 2480 2457
3 2457 2480 2469
3 2469 2481 2470
3 2470 2481 2482
3 2470 2482 2471
3 2471 2482 2483
3 2471 2483 2472
3 2472 2483 2484
3 2472 2484 2473
3 2473 2484 2485
3 2473 2485 2474
3 2474 2485 2486
3 2474 2486 2475
3 2475 2486 2487
3 2475 2487 2476
3 2476 2487 2488
3 2476 2488 2477
3 2477 2488 2489
3 2477 2489 2478
3 2478 2489 2490
3 2478 2490 2479
3 2479 2490 2491
3 2479 2491 2480
3 2480 2491 2492
3 2480 2492 2469
3 2469 2492 2481
3 2493 2482 2481
3 2493 2483 2482
3 2493 2484 2483
3 2493 2485 2484
3 2493 2486 2485
3 2493 2487 2486
3 2493 2488 2487
3 2493 2489 2488
3 2493 2490 2489
3 2493 2491 2490
3 2493 2492 2491
3 2493 2481 2492
3 2494 2495 2496
3 2494 2496 2497
3 2494 2497 2498
3 2494 2498 2499
3 2494 2499 2500
3 2494 2500 2501
3 2494 2501 2502
3 2494 2502 2503
3 2494 2503 2504
3 2494 2504 2505
3 2494 2505 2506
3 2494 2506 2495
3 2495 2507 2496
3 2496 2507 2508
3 2496 2508 2497
3 2497 2508 2509
3 2497 2509 2498
3 2498 2509 2510
3 2498 2510 2499
3 2499 2510 2511
3 2499 2511 2500
3 2500 2511 2512
3 2500 2512 2501
3 2501 2512 2513
3 2501 2513 2502
3 2502 2513 2514
3 2502 2514 2503
3 2503 2514 2515
3 2503 2515 2504
3 2504 2515 2516
3 2504 2516 2505
3 2505 2516 2517
3 2505 2517 2506
3 2506 2517 2518
3 2506 2518 2495
3 2495 2518 2507
3 2507 2519 2508
3 2508 2519 2520
3 2508 2520 2509
3 2509 2520 2521
3 2509 2521 2510
3 2510 2521 2522
3 2510 2522 2511
3 2511 2522 2523
3 2511 2523 2512
3 2512 2523 2524
3 2512 2524 2513
3 2513 2524 2525
3 2513 2525 2514
3 2514 2525 2526
3 2514 2526 2515
3 2515 2526 2527
3 2515 2527 2516
3 2516 2527 2528
3 2516 2528 2517
3 2517 2528 2529
3 2517 2529 2518
3 2518 2529 2530
3 2518 2530 2507
3 2507 2530 2519
3 2519 2531 2520
3 2520 2531 2532
3 2520 2532 2521
3 2521 2532 2533
3 2521 2533 2522
3 2522 2533 2534
3 2522 2534 2523
3 2523 2534 2535
3 2523 2535 2524
3 2524 2535 2536
3 2524 2536 2525
3 2525 2536 2537
3 2525 2537 2526
3 2526 2537 2538
3 2526 2538 2527
3 2527 2538 2539
3 2527 2539 2528
3 2528 2539 2540
3 2528 2540 2529
3 2529 2540 2541
3 2529 2541 2530
3 2530 2541 2542
3 2530 2542 2519
3 2519 2542 2531
3 2531 2543 2532
3 2532 2543 2544
3 2532 2544 2533
3 2533 2544 2545
3 2533 2545 2534
3 2534 2545 2546
3 2534 2546 2535
3 2535 2546 2547
3 2535 2547 2536
3 2536 2547 2548
3 2536 2548 2537
3 2537 2548 2549
3 2537 2549 2538
3 2538 2549 2550
3 2538 2550 2539
3 2539 2550 2551
3 2539 2551 2540
3 2540 2551 2552
3 2540 2552 2541
3 2541 2552 2553
3 2541 2553 2542
3 2542 2553 2554
3 2542 2554 2531
3 2531 2554 2543
3 2543 2555 2544
3 2544 2555 2556
3 2544 2556 2545
3 2545 2556 2557
3 2545 2557 2546
3 2546 2557 2558
3 2546 2558 2547
3 2547 2558 2559
3 2547 2559 2548
3 2548 2559 2560
3 2548 2560 2549
3 2549 2560 2561
3 2549 2561 2550
3 2550 2561 2562
3 2550 2562 2551
3 2551 2562 2563
3 2551 2563 2552
3 2552 2563 2564
3 2552 2564 2553
3 2553 2564 2565
3 2553 2565 2554
3 2554 2565 2566
3 2554 2566 2543
3 2543 2566 2555
3 2555 2567 2556
3 2556 2567 2568
3 2556 2568 2557
3 2557 2568 2569
3 2557 2569 2558
3 2558 2569 2570
3 2558 2570 2559
3 2559 2570 2571
3 2559 2571 2560
3 2560 2571 2572
3 2560 2572 2561
3 2561 2572 2573
3 2561 2573 2562
3 2562 2573 2574
3 2562 2574 2563
3 2563 2574 2575
3 2563 2575 2564
3 2564 2575 2576
3 2564 2576 2565
3 2565 2576 2577
3 2565 2577 2566
3 2566 2577 2578
3 2566 2578 2555
3 2555 2578 2567
3 2579 2568 2567
3 2579 2569 2568
3 2579 2570 2569
3 2579 2571 2570
3 2579 2572 2571
3 2579 2573 2572
3 2579 2574 2573
3 2579 2575 2574
3 2579 2576 2575
3 2579 2577 2576
3 2579 2578 2577
3 2579 2567 2578
3 2580 2581 2582
3 2580 2582 2583
3 2580 2583 2584
3 2580 2584 2585
3 2580 2585 2586
3 2580 2586 2587
3 2580 2587 2588
3 2580 2588 2589
3 2580 2589 2590
3 2580 2590 2591
3 2580 2591 2592
3 2580 2592 2581
3 2581 2593 2582
3 2582 2593 2594
3 2582 2594 2583
3 2583 2594 2595
3 2583 2595 2584
3 2584 2595 2596
3 2584 2596 2585
3 2585 2596 2597
3 2585 2597 2586
3 2586 2597 2598
3 2586 2598 2587
3 2587 2598 2599
3 2587 2599 2588
3 2588 2599 2600
3 2588 2600 2589
3 2589 2600 2601
3 2589 2601 2590
3 2590 2601 2602
3 2590 2602 2591
3 2591 2602 2603
3 2591 2603 2592
3 2592 2603 2604
3 2592 2604 2581
3 2581 2604 2593
3 2593 2605 2594
3 2594 2605 2606
3 2594 2606 2595
3 2595 2606 2607
3 2595 2607 2596
3 2596 2607 2608
3 2596 2608 2597
3 2597 2608 2609
3 2597 2609 2598
3 2598 2609 2610
3 2598 2610 2599
3 2599 2610 2611
3 2599 2611 2600
3 2600 2611 2612
3 2600 2612 2601
3 2601 2612 2613
3 2601 2613 2602
3 2602 2613 2614
3 2602 2614 2603
3 2603 2614 2615
3 2603 2615 2604
3 2604 2615 2616
3 2604 2616 2593
3 2593 2616 2605
3 2605 2617 2606
3 2606 2617 2618
3 2606 2618 2607
3 2607 2618 2619
3 2607 2619 2608
3 2608 2619 2620
3 2608 2620 2609
3 2609 2620 2621
3 2609 2621 2610
3 2610 2621 2622
3 2610 2622 2611
3 2611 2622 2623
3 2611 2623 2612
3 2612 2623 2624
3 2612 2624 2613
3 2613 2624 2625
3 2613 2625 2614
3 2614 2625 2626
3 2614 2626 2615
3 2615 2626 2627
3 2615 2627 2616
3 2616 2627 2628
3 2616 2628 2605
3 2605 2628 2617
3 2617 2629 2618
3 2618 2629 2630
3 2618 2630 2619
3 2619 2630 2631
3 2619 2631 2620
3 2620 2631 2632
3 2620 2632 2621
3 2621 2632 2633
3 2621 2633 2622
3 2622 2633 2634
3 2622 2634 2623
3 2623 2634 2635
3 2623 2635 2624
3 2624 2635 2636
3 2624 2636 2625
3 2625 2636 2637
3 2625 2637 2626
3 2626 2637 2638
3 2626 2638 2627
3 2627 2638 2639
3 2627 2639 2628
3 2628 2639 2640
3 2628 2640 2617
3 2617 2640 2629
3 2629 2641 2630
3 2630 2641 2642
3 2630 2642 2631
3 2631 2642 2643
3 2631 2643 2632
3 2632 2643 2644
3 2632 2644 2633
3 2633 2644 2645
3 2633 2645 2634
3 2634 2645 2646
3 2634 2646 2635
3 2635 2646 2647
3 2635 2647 2636
3 2636 2647 2648
3 2636 2648 2637
3 2637 2648 2649
3 2637 2649 2638
3 2638 2649 2650
3 2638 2650 2639
3 2639 2650 2651
3 2639 2651 2640
3 2640 2651 2652
3 2640 2652 2629
3 2629 2652 2641
3 2641 2653 2642
3 2642 2653 2654
3 2642 2654 2643
3 2643 2654 2655
3 2643 2655 2644
3 2644 2655 2656
3 2644 2656 2645
3 2645 2656 2657
3 2645 2657 2646
3 2646 2657 2658
3 2646 2658 2647
3 2647 2658 2659
3 2647 2659 2648
3 2648 2659 2660
3 2648 2660 2649
3 2649 2660 2661
3 2649 2661 2650
3 2650 2661 2662
3 2650 2662 2651
3 2651 2662 2663
3 2651 2663 2652
3 2652 2663 2664
3 2652 2664 2641
3 2641 2664 2653
3 2665 2654 2653
3 2665 2655 2654
3 2665 2656 2655
3 2665 2657 2656
3 2665 2658 2657
3 2665 2659 2658
3 2665 2660 2659
3 2665 2661 2660
3 2665 2662 2661
3 2665 2663 2662
3 2665 2664 2663
3 2665 2653 2664
3 2666 2667 2668
3 2666 2668 2669
3 2666 2669 2670
3 2666 2670 2671
3 2666 2671 2672
3 2666 2672 2673
3 2666 2673 2674
3 2666 2674 2675
3 2666 2675 2676
3 2666 2676 2677
3 2666 2677 2678
3 2666 2678 2667
3 2667 2679 2668
3 2668 2679 2680
3 2668 2680 2669
3 2669 2680 2681
3 2669 2681 2670
3 2670 2681 2682
3 2670 2682 2671
3 2671 2682 2683
3 2671 2683 2672
3 2672 2683 2684
3 2672 2684 2673
3 2673 2684 2685
3 2673 2685 2674
3 2674 2685 2686
3 2674 2686 2675
3 2675 2686 2687
3 2675 2687 2676
3 2676 2687 2688
3 2676 2688 2677
3 2677 2688 2689
3 2677 2689 2678
3 2678 2689 2690
3 2678 2690 2667
3 2667 2690 2679
3 2679 2691 2680
3 2680 2691 2692
3 2680 2692 2681
3 2681 2692 2693
3 2681 2693 2682
3 2682 2693 2694
3 2682 2694 2683
3 2683 2694 2695
3 2683 2695 2684
3 2684 2695 2696
3 2684 2696 2685
3 2685 2696 2697
3 2685 2697 2686
3 2686 2697 2698
3 2686 2698 2687
3 2687 2698 2699
3 2687 2699 2688
3 2688 2699 2700
3 2688 2700 2689
3 2689 2700 2701
3 2689 2701 2690
3 2690 2701 2702
3 2690 2702 2679
3 2679 2702 2691
3 2691 2703 2692
3 2692 2703 2704
3 2692 2704 2693
3 2693 2704 2705
3 2693 2705 2694
3 2694 2705 2706
3 2694 2706 2695
3 2695 2706 2707
3 2695 2707 2696
3 2696 2707 2708
3 2696 2708 2697
3 2697 2708 2709
3 2697 2709 2698
3 2698 2709 2710
3 2698 2710 2699
3 2699 2710 2711
3 2699 2711 2700
3 2700 2711 2712
3 2700 2712 2701
3 2701 2712 2713
3 2701 2713 2702
3 2702 2713 2714
3 2702 2714 2691
3 2691 2714 2703
3 2703 2715 2704
3 2704 2715 2716
3 2704 2716 2705
3 2705 2716 2717
3 2705 2717 2706
3 2706 2717 2718
3 2706 2718 2707
3 2707 2718 2719
3 2707 2719 2708
3 2708 2719 2720
3 2708 2720 2709
3 2709 2720 2721
3 2709 2721 2710
3 2710 2721 2722
3 2710 2722 2711
3 2711 2722 2723
3 2711 2723 2712
3 2712 2723 2724
3 2712 2724 2713
3 2713 2724 2725
3 2713 2725 2714
3 2714 2725 2726
3 2714 2726 2703
3 2703 2726 2715
3 2715 2727 2716
3 2716 2727 2728
3 2716 2728 2717
3 2717 2728 2729
3 2717 2729 2718
3 2718 2729 2730
3 2718 2730 2719
3 2719 2730 2731
3 2719 2731 2720
3 2720 2731 2732
3 2720 2732 2721
3 2721 2732 2733
3 2721 2733 2722
3 2722 2733 2734
3 2722 2734 2723
3 2723 2734 2735
3 2723 2735 2724
3 2724 2735 2736
3 2724 2736 2725
3 2725 2736 2737
3 2725 2737 2726
3 2726 2737 2738
3 2726 2738 2715
3 2715 2738 2727
3 2727 2739 2728
3 2728 2739 2740
3 2728 2740 2729
3 2729 2740 2741
3 2729 2741 2730
3 2730 2741 2742
3 2730 2742 2731
3 2731 2742 2743
3 2731 2743 2732
3 2732 2743 2744
3 2732 2744 2733
3 2733 2744 2745
3 2733 2745 2734
3 2734 2745 2746
3 2734 2746 2735
3 2735 2746 2747
3 2735 2747 2736
3 2736 2747 2748
3 2736 2748 2737
3 2737 2748 2749
3 2737 2749 2738
3 2738 2749 2750
3 2738 2750 2727
3 2727 2750 2739
3 2751 2740 2739
3 2751 2741 2740
3 2751 2742 2741
3 2751 2743 2742
3 2751 2744 2743
3 2751 2745 2744
3 2751 2746 2745
3 2751 2747 2746
3 2751 2748 2747
3 2751 2749 2748
3 2751 2750 2749
3 2751 2739 2750
3 2752 2753 2754
3 2752 2754 2755
3 2752 2755 2756
3 2752 2756 2757
3 2752 2757 2758
3 2752 2758 2759
3 2752 2759 2760
3 2752 2760 2761
3 2752 2761 2762
3 2752 2762 2763
3 2752 2763 2764
3 2752 2764 2753
3 2753 2765 2754
3 2754 2765 2766
3 2754 2766 2755
3 2755 2766 2767
3 2755 2767 2756
3 2756 2767 2768
3 2756 2768 2757
3 2757 2768 2769
3 2757 2769 2758
3 2758 2769 2770
3 2758 2770 2759
3 2759 2770 2771
3 2759 2771 2760
3 2760 2771 2772
3 2760 2772 2761
3 2761 2772 2773
3 2761 2773 2762
3 2762 2773 2774
3 2762 2774 2763
3 2763 2774 2775
3 2763 2775 2764
3 2764 2775 2776
3 2764 2776 2753
3 2753 2776 2765
3 2765 2777 2766
3 2766 2777 2778
3 2766 2778 2767
3 2767 2778 2779
3 2767 2779 2768
3 2768 2779 2780
3 2768 2780 2769
3 2769 2780 2781
3 2769 2781 2770
3 2770 2781 2782
3 2770 2782 2771
3 2771 2782 2783
3 2771 2783 2772
3 2772 2783 2784
3 2772 2784 2773
3 2773 2784 2785
3 2773 2785 2774
3 2774 2785 2786
3 2774 2786 2775
3 2775 2786 2787
3 2775 2787 2776
3 2776 2787 2788
3 2776 2788 2765
3 2765 2788 2777
3 2777 2789 2778
3 2778 2789 2790
3 2778 2790 2779
3 2779 2790 2791
3 2779 2791 2780
3 2780 2791 2792
3 2780 2792 2781
3 2781 2792 2793
3 2781 2793 2782
3 2782 2793 2794
3 2782 2794 2783
3 2783 2794 2795
3 2783 2795 2784
3 2784 2795 2796
3 2784 2796 2785
3 2785 2796 2797
3 2785 2797 2786
3 2786 2797 2798
3 2786 2798 2787
3 2787 2798 2799
3 2787 2799 2788
3 2788 2799 2800
3 2788 2800 2777
3 2777 2800 2789
3 2789 2801 2790
3 2790 2801 2802
3 2790 2802 2791
3 2791 2802 2803
3 2791 2803 2792
3 2792 2803 2804
3 2792 2804 2793
3 2793 2804 2805
3 2793 2805 2794
3 2794 2805 2806
3 2794 2806 2795
3 2795 2806 2807
3 2795 2807 2796
3 2796 2807 2808
3 2796 2808 2797
3 2797 2808 2809
3 2797 2809 2798
3 2798 2809 2810
3 2798 2810 2799
3 2799 2810 2811
3 2799 2811 2800
3 2800 2811 2812
3 2800 2812 2789
3 2789 2812 2801
3 2801 2813 2802
3 2802 2813 2814
3 2802 2814 2803
3 2803 2814 2815
3 2803 2815 2804
3 2804 2815 2816
3 2804 2816 2805
3 2805 2816 2817
3 2805 2817 2806
3 2806 2817 2818
3 2806 2818 2807
3 2807 2818 2819
3 2807 2819 2808
3 2808 2819 2820
3 2808 2820 2809
3 2809 2820 2821
3 2809 2821 2810
3 2810 2821 2822
3 2810 2822 2811
3 2811 2822 2823
3 2811 2823 2812
3 2812 2823 2824
3 2812 2824 2801
3 2801 2824 2813
3 2813 2825 2814
3 2814 2825 2826
3 2814 2826 2815
3 2815 2826 2827
3 2815 2827 2816
3 2816 2827 2828
3 2816 2828 2817
3 2817 2828 2829
3 2817 2829 2818
3 2818 2829 2830
3 2818 2830 2819
3 2819 2830 2831
3 2819 2831 2820
3 2820 2831 2832
3 2820 2832 2821
3 2821 2832 2833
3 2821 2833 2822
3 2822 2833 2834
3 2822 2834 2823
3 2823 2834 2835
3 2823 2835 2824
3 2824 2835 2836
3 2824 2836 2813
3 2813 2836 2825
3 2837 2826 2825
3 2837 2827 2826
3 2837 2828 2827
3 2837 2829 2828
3 2837 2830 2829
3 2837 2831 2830
3 2837 2832 2831
3 2837 2833 2832
3 2837 2834 2833
3 2837 2835 2834
3 2837 2836 2835
3 2837 2825 2836
3 2838 2839 2840
3 2838 2840 2841
3 2838 2841 2842
3 2838 2842 2843
3 2838 2843 2844
3 2838 2844 2845
3 2838 2845 2846
3 2838 2846 2847
3 2838 2847 2848
3 2838 2848 2849
3 2838 2849 2850
3 2838 2850 2839
3 2839 2851 2840
3 2840 2851 2852
3 2840 2852 2841
3 2841 2852 2853
3 2841 2853 2842
3 2842 2853 2854
3 2842 2854 2843
3 2843 2854 2855
3 2843 2855 2844
3 2844 2855 2856
3 2844 2856 2845
3 2845 2856 2857
3 2845 2857 2846
3 2846 2857 2858
3 2846 2858 2847
3 2847 2858 2859
3 2847 2859 2848
3 2848 2859 2860
3 2848 2860 2849
3 2849 2860 2861
3 2849 2861 2850
3 2850 2861 2862
3 2850 2862 2839
3 2839 2862 2851
3 2851 2863 2852
3 2852 2863 2864
3 2852 2864 2853
3 2853 2864 2865
3 2853 2865 2854
3 2854 2865 2866
3 2854 2866 2855
3 2855 2866 2867
3 2855 2867 2856
3 2856 2867 2868
3 2856 2868 2857
3 2857 2868 2869
3 2857 2869 2858
3 2858 2869 2870
3 2858 2870 2859
3 2859 2870 2871
3 2859 2871 2860
3 2860 2871 2872
3 2860 2872 2861
3 2861 2872 2873
3 2861 2873 2862
3 2862 2873 2874
3 2862 2874 2851
3 2851 2874 2863
3 2863 2875 2864
3 2864 2875 2876
3 2864 2876 2865
3 2865 2876 2877
3 2865 2877 2866
3 2866 2877 2878
3 2866 2878 2867
3 2867 2878 2879
3 2867 2879 2868
3 2868 2879 2880
3 2868 2880 2869
3 2869 2880 2881
3 2869 2881 2870
3 2870 2881 2882
3 2870 2882 2871
3 2871 2882 2883
3 2871 2883 2872
3 2872 2883 2884
3 2872 2884 2873
3 2873 2884 2885
3 2873 2885 2874
3 2874 2885 2886
3 2874 2886 2863
3 2863 2886 2875
3 2875 2887 2876
3 2876 2887 2888
3 2876 2888 2877
3 2877 2888 2889
3 2877 2889 2878
3 2878 2889 2890
3 2878 2890 2879
3 2879 2890 2891
3 2879 2891 2880
3 2880 2891 2892
3 2880 2892 2881
3 2881 2892 2893
3 2881 2893 2882
3 2882 2893 2894
3 2882 2894 2883
3 2883 2894 2895
3 2883 2895 2884
3 2884 2895 2896
3 2884 2896 2885
3 2885 2896 2897
3 2885 2897 2886
3 2886 2897 2898
3 2886 2898 2875
3 2875 2898 2887
3 2887 2899 2888
3 2888 2899 2900
3 2888 2900 2889
3 2889 2900 2901
3 2889 2901 2890
3 2890 2901 2902
3 2890 2902 2891
3 2891 2902 2903
3 2891 2903 2892
3 2892 2903 2904
3 2892 2904 2893
3 2893 2904 2905
3 2893 2905 2894
3 2894 2905 2906
3 2894 2906 2895
3 2895 2906 2907
3 2895 2907 2896
3 2896 2907 2908
3 2896 2908 2897
3 2897 2908 2909
3 2897 2909 2898
3 2898 2909 2910
3 2898 2910 2887
3 2887 2910 2899
3 2899 2911 2900
3 2900 2911 2912
3 2900 2912 2901
3 2901 2912 2913
3 2901 2913 2902
3 2902 2913 2914
3 2902 2914 2903
3 2903 2914 2915
3 2903 2915 2904
3 2904 2915 2916
3 2904 2916 2905
3 2905 2916 2917
3 2905 2917 2906
3 2906 2917 2918
3 2906 2918 2907
3 2907 2918 2919
3 2907 2919 2908
3 2908 2919 2920
3 2908 2920 2909
3 2909 2920 2921
3 2909 2921 2910
3 2910 2921 2922
3 2910 2922 2899
3 2899 2922 2911
3 2923 2912 2911
3 2923 2913 2912
3 2923 2914 2913
3 2923 2915 2914
3 2923 2916 2915
3 2923 2917 2916
3 2923 2918 2917
3 2923 2919 2918
3 2923 2920 2919
3 2923 2921 2920
3 2923 2922 2921
3 2923 2911 2922
3 2924 2925 2926
3 2924 2926 2927
3 2924 2927 2928
3 2924 2928 2929
3 2924 2929 2930
3 2924 2930 2931
3 2924 2931 2932
3 2924 2932 2933
3 2924 2933 2934
3 2924 2934 2935
3 2924 2935 2936
3 2924 2936 2925
3 2925 2937 2926
3 2926 2937 2938
3 2926 2938 2927
3 2927 2938 2939
3 2927 2939 2928
3 2928 2939 2940
3 2928 2940 2929
3 2929 2940 2941
3 2929 2941 2930
3 2930 2941 2942
3 2930 2942 2931
3 2931 2942 2943
3 2931 2943 2932
3 2932 2943 2944
3 2932 2944 2933
3 2933 2944 2945
3 2933 2945 2934
3 2934 2945 2946
3 2934 2946 2935
3 2935 2946 2947
3 2935 2947 2936
3 2936 2947 2948
3 2936 2948 2925
3 2925 2948 2937
3 2937 2949 2938
3 2938 2949 2950
3 2938 2950 2939
3 2939 2950 2951
3 2939 2951 2940
3 2940 2951 2952
3 2940 2952 2941
3 2941 2952 2953
3 2941 2953 2942
3 2942 2953 2954
3 2942 2954 2943
3 2943 2954 2955
3 2943 2955 2944
3 2944 2955 2956
3 2944 2956 2945
3 2945 2956 2957
3 2945 2957 2946
3 2946 2957 2958
3 2946 2958 2947
3 2947 2958 2959
3 2947 2959 2948
3 2948 2959 2960
3 2948 2960 2937
3 2937 2960 2949
3 2949 2961 2950
3 2950 2961 2962
3 2950 2962 2951
3 2951 2962 2963
3 2951 2963 2952
3 2952 2963 2964
3 2952 2964 2953
3 2953 2964 2965
3 2953 2965 2954
3 2954 2965 2966
3 2954 2966 2955
3 2955 2966 2967
3 2955 2967 2956
3 2956 2967 2968
3 2956 2968 2957
3 2957 2968 2969
3 2957 2969 2958
3 2958 2969 2970
3 2958 2970 2959
3 2959 2970 2971
3 2959 2971 2960
3 2960 2971 2972
3 2960 2972 2949
3 2949 2972 2961
3 2961 2973 2962
3 2962 2973 2974
3 2962 2974 2963
3 2963 2974 2975
3 2963 2975 2964
3 2964 2975 2976
3 2964 2976 2965
3 2965 2976 2977
3 2965 2977 2966
3 2966 2977 2978
3 2966 2978 2967
3 2967 2978 2979
3 2967 2979 2968
3 2968 2979 2980
3 2968 2980 2969
3 2969 2980 2981
3 2969 2981 2970
3 2970 2981 2982
3 2970 2982 2971
3 2971 2982 2983
3 2971 2983 2972
3 2972 2983 2984
3 2972 2984 2961
3 2961 2984 2973
3 2973 2985 2974
3 2974 2985 2986
3 2974 2986 2975
3 2975 2986 2987
3 2975 2987 2976
3 2976 2987 2988
3 2976 2988 2977
3 2977 2988 2989
3 2977 2989 2978
3 2978 2989 2990
3 2978 2990 2979
3 2979 2990 2991
3 2979 2991 2980
3 2980 2991 2992
3 2980 2992 2981
3 2981 2992 2993
3 2981 2993 2982
3 2982 2993 2994
3 2982 2994 2983
3 2983 2994 2995
3 2983 2995 2984
3 2984 2995 2996
3 2984 2996 2973
3 2973 2996 2985
3 2985 2997 2986
3 2986 2997 2998
3 2986 2998 2987
3 2987 2998 2999
3 2987 2999 2988
3 2988 2999 3000
3 2988 3000 2989
3 2989 3000 3001
3 2989 3001 2990
3 2990 3001 3002
3 2990 3002 2991
3 2991 3002 3003
3 2991 3003 2992
3 2992 3003 3004
3 2992 3004 2993
3 2993 3004 3005
3 2993 3005 2994
3 2994 3005 3006
3 2994 3006 2995
3 2995 3006 3007
3 2995 3007 2996
3 2996 3007 3008
3 2996 3008 2985
3 2985 3008 2997
3 3009 2998 2997
3 3009 2999 2998
3 3009 3000 2999
3 3009 3001 3000
3 3009 3002 3001
3 3009 3003 3002
3 3009 3004 3003
3 3009 3005 3004
3 3009 3006 3005
3 3009 3007 3006
3 3009 3008 3007
3 3009 2997 3008
3 3010 3011 3012
3 3010 3012 3013
3 3010 3013 3014
3 3010 3014 3015
3 3010 3015 3016
3 3010 3016 3017
3 3010 3017 3018
3 3010 3018 3019
3 3010 3019 3020
3 3010 3020 3021
3 3010 3021 3022
3 3010 3022 3011
3 3011 3023 3012
3 3012 3023 3024
3 3012 3024 3013
3 3013 3024 3025
3 3013 3025 3014
3 3014 3025 3026
3 3014 3026 3015
3 3015 3026 3027
3 3015 3027 3016
3 3016 3027 3028
3 3016 3028 3017
3 3017 3028 3029
3 3017 3029 3018
3 3018 3029 3030
3 3018 3030 3019
3 3019 3030 3031
3 3019 3031 3020
3 3020 3031 3032
3 3020 3032 3021
3 3021 3032 3033
3 3021 3033 3022
3 3022 3033 3034
3 3022 3034 3011
3 3011 3034 3023
3 3023 3035 3024
3 3024 3035 3036
3 3024 3036 3025
3 3025 3036 3037
3 3025 3037 3026
3 3026 3037 3038
3 3026 3038 3027
3 3027 3038 3039
3 3027 3039 3028
3 3028 3039 3040
3 3028 3040 3029
3 3029 3040 3041
3 3029 3041 3030
3 3030 3041 3042
3 3030 3042 3031
3 3031 3042 3043
3 3031 3043 3032
3 3032 3043 3044
3 3032 3044 3033
3 3033 3044 3045
3 3033 3045 3034
3 3034 3045 3046
3 3034 3046 3023
3 3023 3046 3035
3 3035 3047 3036
3 3036 3047 3048
3 3036 3048 3037
3 3037 3048 3049
3 3037 3049 3038
3 3038 3049 3050
3 3038 3050 3039
3 3039 3050 3051
3 3039 3051 3040
3 3040 3051 3052
3 3040 3052 3041
3 3041 3052 3053
3 3041 3053 3042
3 3042 3053 3054
3 3042 3054 3043
3 3043 3054 3055
3 3043 3055 3044
3 3044 3055 3056
3 3044 3056 3045
3 3045 3056 3057
3 3045 3057 3046
3 3046 3057 3058
3 3046 3058 3035
3 3035 3058 3047
3 3047 3059 3048
3 3048 3059 3060
3 3048 3060 3049
3 3049 3060 3061
3 3049 3061 3050
3 3050 3061 3062
3 3050 3062 3051
3 3051 3062 3063
3 3051 3063 3052
3 3052 3063 3064
3 3052 3064 3053
3 3053 3064 3065
3 3053 3065 3054
3 3054 3065 3066
3 3054 3066 3055
3 3055 3066 3067
3 3055 3067 3056
3 3056 3067 3068
3 3056 3068 3057
3 3057 3068 3069
3 3057 3069 3058
3 3058 3069 3070
3 3058 3070 3047
3 3047 3070 3059
3 3059 3071 3060
3 3060 3071 3072
3 3060 3072 3061
3 3061 3072 3073
3 3061 3073 3062
3 3062 3073 3074
3 3062 3074 3063
3 3063 3074 3075
3 3063 3075 3064
3 3064 3075 3076
3 3064 3076 3065
3 3065 3076 3077
3 3065 3077 3066
3 3066 3077 3078
3 3066 3078 3067
3 3067 3078 3079
3 3067 3079 3068
3 3068 3079 3080
3 3068 3080 3069
3 3069 3080 3081
3 3069 3081 3070
3 3070 3081 3082
3 3070 3082 3059
3 3059 3082 3071
3 3071 3083 3072
3 3072 3083 3084
3 3072 3084 3073
3 3073 3084 3085
3 3073 3085 3074
3 3074 3085 3086
3 3074 3086 3075
3 3075 3086 3087
3 3075 3087 3076
3 3076 3087 3088
3 3076 3088 3077
3 3077 3088 3089
3 3077 3089 3078
3 3078 3089 3090
3 3078 3090 3079
3 3079 3090 3091
3 3079 3091 3080
3 3080 3091 3092
3 3080 3092 3081
3 3081 3092 3093
3 3081 3093 3082
3 3082 3093 3094
3 3082 3094 3071
3 3071 3094 3083
3 3095 3084 3083
3 3095 3085 3084
3 3095 3086 3085
3 3095 3087 3086
3 3095 3088 3087
3 3095 3089 3088
3 3095 3090 3089
3 3095 3091 3090
3 3095 3092 3091
3 3095 3093 3092
3 3095 3094 3093
3 3095 3083 3094
3 3096 3097 3098
3 3096 3098 3099
3 3096 3099 3100
3 3096 3100 3101
3 3096 3101 3102
3 3096 3102 3103
3 3096 3103 3104
3 3096 3104 3105
3 3096 3105 3106
3 3096 3106 3107
3 3096 3107 3108
3 3096 3108 3097
3 3097 3109 3098
3 3098 3109 3110
3 3098 3110 3099
3 3099 3110 3111
3 3099 3111 3100
3 3100 3111 3112
3 3100 3112 3101
3 3101 3112 3113
3 3101 3113 3102
3 3102 3113 3114
3 3102 3114 3103
3 3103 3114 3115
3 3103 3115 3104
3 3104 3115 3116
3 3104 3116 3105
3 3105 3116 3117
3 3105 3117 3106
3 3106 3117 3118
3 3106 3118 3107
3 3107 3118 3119
3 3107 3119 3108
3 3108 3119 3120
3 3108 3120 3097
3 3097 3120 3109
3 3109 3121 3110
3 3110 3121 3122
3 3110 3122 3111
3 3111 3122 3123
3 3111 3123 3112
3 3112 3123 3124
3 3112 3124 3113
3 3113 3124 3125
3 3113 3125 3114
3 3114 3125 3126
3 3114 3126 3115
3 3115 3126 3127
3 3115 3127 3116
3 3116 3127 3128
3 3116 3128 3117
3 3117 3128 3129
3 3117 3129 3118
3 3118 3129 3130
3 3118 3130 3119
3 3119 3130 3131
3 3119 3131 3120
3 3120 3131 3132
3 3120 3132 3109
3 3109 3132 3121
3 3121 3133 3122
3 3122 3133 3134
3 3122 3134 3123
3 3123 3134 3135
3 3123 3135 3124
3 3124 3135 3136
3 3124 3136 3125
3 3125 3136 3137
3 3125 3137 3126
3 3126 3137 3138
3 3126 3138 3127
3 3127 3138 3139
3 3127 3139 3128
3 3128 3139 3140
3 3128 3140 3129
3 3129 3140 3141
3 3129 3141 3130
3 3130 3141 3142
3 3130 3142 3131
3 3131 3142 3143
3 3131 3143 3132
3 3132 3143 3144
3 3132 3144 3121
3 3121 3144 3133
3 3133 3145 3134
3 3134 3145 3146
3 3134 3146 3135
3 3135 3146 3147
3 3135 3147 3136
3 3136 3147 3148
3 3136 3148 3137
3 3137 3148 3149
3 3137 3149 3138
3 3138 3149 3150
3 3138 3150 3139
3 3139 3150 3151
3 3139 3151 3140
3 3140 3151 3152
3 3140 3152 3141
3 3141 3152 3153
3 3141 3153 3142
3 3142 3153 3154
3 3142 3154 3143
3 3143 3154 3155
3 3143 3155 3144
3 3144 3155 3156
3 3144 3156 3133
3 3133 3156 3145
3 3145 3157 3146
3 3146 3157 3158
3 3146 3158 3147
3 3147 3158 3159
3 3147 3159 3148
3 3148 3159 3160
3 3148 3160 3149
3 3149 3160 3161
3 3149 3161 3150
3 3150 3161 3162
3 3150 3162 3151
3 3151 3162 3163
3 3151 3163 3152
3 3152 3163 3164
3 3152 3164 3153
3 3153 3164 3165
3 3153 3165 3154
3 3154 3165 3166
3 3154 3166 3155
3 3155 3166 3167
3 3155 3167 3156
3 3156 3167 3168
3 3156 3168 3145
3 3145 3168 3157
3 3157 3169 3158
3 3158 3169 3170
3 3158 3170 3159
3 3159 3170 3171
3 3159 3171 3160
3 3160 3171 3172
3 3160 3172 3161
3 3161 3172 3173
3 3161 3173 3162
3 3162 3173 3174
3 3162 3174 3163
3 3163 3174 3175
3 3163 3175 3164
3 3164 3175 3176
3 3164 3176 3165
3 3165 3176 3177
3 3165 3177 3166
3 3166 3177 3178
3 3166 3178 3167
3 3167 3178 3179
3 3167 3179 3168
3 3168 3179 3180
3 3168 3180 3157
3 3157 3180 3169
3 3181 3170 3169
3 3181 3171 3170
3 3181 3172 3171
3 3181 3173 3172
3 3181 3174 3173
3 3181 3175 3174
3 3181 3176 3175
3 3181 3177 3176
3 3181 3178 3177
3 3181 3179 3178
3 3181 3180 3179
3 3181 3169 3180
3 3182 3183 3184
3 3182 3184 3185
3 3182 3185 3186
3 3182 3186 3187
3 3182 3187 3188
3 3182 3188 3189
3 3182 3189 3190
3 3182 3190 3191
3 3182 3191 3192
3 3182 3192 3193
3 3182 3193 3194
3 3182 3194 3183
3 3183 3195 3184
3 3184 3195 3196
3 3184 3196 3185
3 3185 3196 3197
3 3185 3197 3186
3 3186 3197 3198
3 3186 3198 3187
3 3187 3198 3199
3 3187 3199 3188
3 3188 3199 3200
3 3188 3200 3189
3 3189 3200 3201
3 3189 3201 3190
3 3190 3201 3202
3 3190 3202 3191
3 3191 3202 3203
3 3191 3203 3192
3 3192 3203 3204
3 3192 3204 3193
3 3193 3204 3205
3 3193 3205 3194
3 3194 3205 3206
3 3194 3206 3183
3 3183 3206 3195
3 3195 3207 3196
3 3196 3207 3208
3 3196 3208 3197
3 3197 3208 3209
3 3197 3209 3198
3 3198 3209 3210
3 3198 3210 3199
3 3199 3210 3211
3 3199 3211 3200
3 3200 3211 3212
3 3200 3212 3201
3 3201 3212 3213
3 3201 3213 3202
3 3202 3213 3214
3 3202 3214 3203
3 3203 3214 3215
3 3203 3215 3204
3 3204 3215 3216
3 3204 3216 3205
3 3205 3216 3217
3 3205 3217 3206
3 3206 3217 3218
3 3206 3218 3195
3 3195 3218 3207
3 3207 3219 3208
3 3208 3219 3220
3 3208 3220 3209
3 3209 3220 3221
3 3209 3221 3210
3 3210 3221 3222
3 3210 3222 3211
3 3211 3222 3223
3 3211 3223 3212
3 3212 3223 3224
3 3212 3224 3213
3 3213 3224 3225
3 3213 3225 3214
3 3214 3225 3226
3 3214 3226 3215
3 3215 3226 3227
3 3215 3227 3216
3 3216 3227 3228
3 3216 3228 3217
3 3217 3228 3229
3 3217 3229 3218
3 3218 3229 3230
3 3218 3230 3207
3 3207 3230 3219
3 3219 3231 3220
3 3220 3231 3232
3 3220 3232 3221
3 3221 3232 3233
3 3221 3233 3222
3 3222 3233 3234
3 3222 3234 3223
3 3223 3234 3235
3 3223 3235 3224
3 3224 3235 3236
3 3224 3236 3225
3 3225 3236 3237
3 3225 3237 3226
3 3226 3237 3238
3 3226 3238 3227
3 3227 3238 3239
3 3227 3239 3228
3 3228 3239 3240
3 3228 3240 3229
3 3229 3240 3241
3 3229 3241 3230
3 3230 3241 3242
3 3230 3242 3219
3 3219 3242 3231
3 3231 3243 3232
3 3232 3243 3244
3 3232 3244 3233
3 3233 3244 3245
3 3233 3245 3234
3 3234 3245 3246
3 3234 3246 3235
3 3235 3246 3247
3 3235 3247 3236
3 3236 3247 3248
3 3236 3248 3237
3 3237 3248 3249
3 3237 3249 3238
3 3238 3249 3250
3 3238 3250 3239
3 3239 3250 3251
3 3239 3251 3240
3 3240 3251 3252
3 3240 3252 3241
3 3241 3252 3253
3 3241 3253 3242
3 3242 3253 3254
3 3242 3254 3231
3 3231 3254 3243
3 3243 3255 3244
3 3244 3255 3256
3 3244 3256 3245
3 3245 3256 3257
3 3245 3257 3246
3 3246 3257 3258
3 3246 3258 3247
3 3247 3258 3259
3 3247 3259 3248
3 3248 3259 3260
3 3248 3260 3249
3 3249 3260 3261
3 3249 3261 3250
3 3250 3261 3262
3 3250 3262 3251
3 3251 3262 3263
3 3251 3263 3252
3 3252 3263 3264
3 3252 3264 3253
3 3253 3264 3265
3 3253 3265 3254
3 3254 3265 3266
3 3254 3266 3243
3 3243 3266 3255
3 3267 3256 3255
3 3267 3257 3256
3 3267 3258 3257
3 3267 3259 3258
3 3267 3260 3259
3 3267 3261 3260
3 3267 3262 3261
3 3267 3263 3262
3 3267 3264 3263
3 3267 3265 3264
3 3267 3266 3265
3 3267 3255 3266
3 3268 3269 3270
3 3268 3270 3271
3 3268 3271 3272
3 3268 3272 3273
3 3268 3273 3274
3 3268 3274 3275
3 3268 3275 3276
3 3268 3276 3277
3 3268 3277 3278
3 3268 3278 3279
3 3268 3279 3280
3 3268 3280 3269
3 3269 3281 3270
3 3270 3281 3282
3 3270 3282 3271
3 3271 3282 3283
3 3271 3283 3272
3 3272 3283 3284
3 3272 3284 3273
3 3273 3284 3285
3 3273 3285 3274
3 3274 3285 3286
3 3274 3286 3275
3 3275 3286 3287
3 3275 3287 3276
3 3276 3287 3288
3 3276 3288 3277
3 3277 3288 3289
3 3277 3289 3278
3 3278 3289 3290
3 3278 3290 3279
3 3279 3290 3291
3 3279 3291 3280
3 3280 3291 3292
3 3280 3292 3269
3 3269 3292 3281
3 3281 3293 3282
3 3282 3293 3294
3 3282 3294 3283
3 3283 3294 3295
3 3283 3295 3284
3 3284 3295 3296
3 3284 3296 3285
3 3285 3296 3297
3 3285 3297 3286
3 3286 3297 3298
3 3286 3298 3287
3 3287 3298 3299
3 3287 3299 3288
3 3288 3299 3300
3 3288 3300 3289
3 3289 3300 3301
3 3289 3301 3290
3 3290 3301 3302
3 3290 3302 3291
3 3291 3302 3303
3 3291 3303 3292
3 3292 3303 3304
3 3292 3304 3281
3 3281 3304 3293
3 3293 3305 3294
3 3294 3305 3306
3 3294 3306 3295
3 3295 3306 3307
3 3295 3307 3296
3 3296 3307 3308
3 3296 3308 3297
3 3297 3308 3309
3 3297 3309 3298
3 3298 3309 3310
3 3298 3310 3299
3 3299 3310 3311
3 3299 3311 3300
3 3300 3311 3312
3 3300 3312 3301
3 3301 3312 3313
3 3301 3313 3302
3 3302 3313 3314
3 3302 3314 3303
3 3303 3314 3315
3 3303 3315 3304
3 3304 3315 3316
3 3304 3316 3293
3 3293 3316 3305
3 3305 3317 3306
3 3306 3317 3318
3 3306 3318 3307
3 3307 3318 3319
3 3307 3319 3308
3 3308 3319 3320
3 3308 3320 3309
3 3309 3320 3321
3 3309 3321 3310
3 3310 3321 3322
3 3310 3322 3311
3 3311 3322 3323
3 3311 3323 3312
3 3312 3323 3324
3 3312 3324 3313
3 3313 3324 3325
3 3313 3325 3314
3 3314 3325 3326
3 3314 3326 3315
3 3315 3326 3327
3 3315 3327 3316
3 3316 3327 3328
3 3316 3328 3305
3 3305 3328 3317
3 3317 3329 3318
3 3318 3329 3330
3 3318 3330 3319
3 3319 3330 3331
3 3319 3331 3320
3 3320 3331 3332
3 3320 3332 3321
3 3321 3332 3333
3 3321 3333 3322
3 3322 3333 3334
3 3322 3334 3323
3 3323 3334 3335
3 3323 3335 3324
3 3324 3335 3336
3 3324 3336 3325
3 3325 3336 3337
3 3325 3337 3326
3 3326 3337 3338
3 3326 3338 3327
3 3327 3338 3339
3 3327 3339 3328
3 3328 3339 3340
3 3328 3340 3317
3 3317 3340 3329
3 3329 3341 3330
3 3330 3341 3342
3 3330 3342 3331
3 3331 3342 3343
3 3331 3343 3332
3 3332 3343 3344
3 3332 3344 3333
3 3333 3344 3345
3 3333 3345 3334
3 3334 3345 3346
3 3334 3346 3335
3 3335 3346 3347
3 3335 3347 3336
3 3336 3347 3348
3 3336 3348 3337
3 3337 3348 3349
3 3337 3349 3338
3 3338 3349 3350
3 3338 3350 3339
3 3339 3350 3351
3 3339 3351 3340
3 3340 3351 3352
3 3340 3352 3329
3 3329 3352 3341
3 3353 3342 3341
3 3353 3343 3342
3 3353 3344 3343
3 3353 3345 3344
3 3353 3346 3345
3 3353 3347 3346
3 3353 3348 3347
3 3353 3349 3348
3 3353 3350 3349
3 3353 3351 3350
3 3353 3352 3351
3 3353 3341 3352
3 3354 3355 3356
3 3354 3356 3357
3 3354 3357 3358
3 3354 3358 3359
3 3354 3359 3360
3 3354 3360 3361
3 3354 3361 3362
3 3354 3362 3363
3 3354 3363 3364
3 3354 3364 3365
3 3354 3365 3366
3 3354 3366 3355
3 3355 3367 3356
3 3356 3367 3368
3 3356 3368 3357
3 3357 3368 3369
3 3357 3369 3358
3 3358 3369 3370
3 3358 3370 3359
3 3359 3370 3371
3 3359 3371 3360
3 3360 3371 3372
3 3360 3372 3361
3 3361 3372 3373
3 3361 3373 3362
3 3362 3373 3374
3 3362 3374 3363
3 3363 3374 3375
3 3363 3375 3364
3 3364 3375 3376
3 3364 3376 3365
3 3365 3376 3377
3 3365 3377 3366
3 3366 3377 3378
3 3366 3378 3355
3 3355 3378 3367
3 3367 3379 3368
3 3368 3379 3380
3 3368 3380 3369
3 3369 3380 3381
3 3369 3381 3370
3 3370 3381 3382
3 3370 3382 3371
3 3371 3382 3383
3 3371 3383 3372
3 3372 3383 3384
3 3372 3384 3373
3 3373 3384 3385
3 3373 3385 3374
3 3374 3385 3386
3 3374 3386 3375
3 3375 3386 3387
3 3375 3387 3376
3 3376 3387 3388
3 3376 3388 3377
3 3377 3388 3389
3 3377 3389 3378
3 3378 3389 3390
3 3378 3390 3367
3 3367 3390 3379
3 3379 3391 3380
3 3380 3391 3392
3 3380 3392 3381
3 3381 3392 3393
3 3381 3393 3382
3 3382 3393 3394
3 3382 3394 3383
3 3383 3394 3395
3 3383 3395 3384
3 3384 3395 3396
3 3384 3396 3385
3 3385 3396 3397
3 3385 3397 3386
3 3386 3397 3398
3 3386 3398 3387
3 3387 3398 3399
3 3387 3399 3388
3 3388 3399 3400
3 3388 3400 3389
3 3389 3400 3401
3 3389 3401 3390
3 3390 3401 3402
3 3390 3402 3379
3 3379 3402 3391
3 3391 3403 3392
3 3392 3403 3404
3 3392 3404 3393
3 3393 3404 3405
3 3393 3405 3394
3 3394 3405 3406
3 3394 3406 3395
3 3395 3406 3407
3 3395 3407 3396
3 3396 3407 3408
3 3396 3408 3397
3 3397 3408 3409
3 3397 3409 3398
3 3398 3409 3410
3 3398 3410 3399
3 3399 3410 3411
3 3399 3411 3400
3 3400 3411 3412
3 3400 3412 3401
3 3401 3412 3413
3 3401 3413 3402
3 3402 3413 3414
3 3402 3414 3391
3 3391 3414 3403
3 3403 3415 3404
3 3404 3415 3416
3 3404 3416 3405
3 3405 3416 3417
3 3405 3417 3406
3 3406 3417 3418
3 3406 3418 3407
3 3407 3418 3419
3 3407 3419 3408
3 3408 3419 3420
3 3408 3420 3409
3 3409 3420 3421
3 3409 3421 3410
3 3410 3421 3422
3 3410 3422 3411
3 3411 3422 3423
3 3411 3423 3412
3 3412 3423 3424
3 3412 3424 3413
3 3413 3424 3425
3 3413 3425 3414
3 3414 3425 3426
3 3414 3426 3403
3 3403 3426 3415
3 3415 3427 3416
3 3416 3427 3428
3 3416 3428 3417
3 3417 3428 3429
3 3417 3429 3418
3 3418 3429 3430
3 3418 3430 3419
3 3419 3430 3431
3 3419 3431 3420
3 3420 3431 3432
3 3420 3432 3421
3 3421 3432 3433
3 3421 3433 3422
3 3422 3433 3434
3 3422 3434 3423
3 3423 3434 3435
3 3423 3435 3424
3 3424 3435 3436
3 3424 3436 3425
3 3425 3436 3437
3 3425 3437 3426
3 3426 3437 3438
3 3426 3438 3415
3 3415 3438 3427
3 3439 3428 3427
3 3439 3429 3428
3 3439 3430 3429
3 3439 3431 3430
3 3439 3432 3431
3 3439 3433 3432
3 3439 3434 3433
3 3439 3435 3434
3 3439 3436 3435
3 3439 3437 3436
3 3439 3438 3437
3 3439 3427 3438
3 3440 3441 3442
3 3440 3442 3443
3 3440 3443 3444
3 3440 3444 3445
3 3440 3445 3446
3 3440 3446 3447
3 3440 3447 3448
3 3440 3448 3449
3 3440 3449 3450
3 3440 3450 3451
3 3440 3451 3452
3 3440 3452 3441
3 3441 3453 3442
3 3442 3453 3454
3 3442 3454 3443
3 3443 3454 3455
3 3443 3455 3444
3 3444 3455 3456
3 3444 3456 3445
3 3445 3456 3457
3 3445 3457 3446
3 3446 3457 3458
3 3446 3458 3447
3 3447 3458 3459
3 3447 3459 3448
3 3448 3459 3460
3 3448 3460 3449
3 3449 3460 3461
3 3449 3461 3450
3 3450 3461 3462
3 3450 3462 3451
3 3451 3462 3463
3 3451 3463 3452
3 3452 3463 3464
3 3452 3464 3441
3 3441 3464 3453
3 3453 3465 3454
3 3454 3465 3466
3 3454 3466 3455
3 3455 3466 3467
3 3455 3467 3456
3 3456 3467 3468
3 3456 3468 3457
3 3457 3468 3469
3 3457 3469 3458
3 3458 3469 3470
3 3458 3470 3459
3 3459 3470 3471
3 3459 3471 3460
3 3460 3471 3472
3 3460 3472 3461
3 3461 3472 3473
3 3461 3473 3462
3 3462 3473 3474
3 3462 3474 3463
3 3463 3474 3475
3 3463 3475 3464
3 3464 3475 3476
3 3464 3476 3453
3 3453 3476 3465
3 3465 3477 3466
3 3466 3477 3478
3 3466 3478 3467
3 3467 3478 3479
3 3467 3479 3468
3 3468 3479 3480
3 3468 3480 3469
3 3469 3480 3481
3 3469 3481 3470
3 3470 3481 3482
3 3470 3482 3471
3 3471 3482 3483
3 3471 3483 3472
3 3472 3483 3484
3 3472 3484 3473
3 3473 3484 3485
3 3473 3485 3474
3 3474 3485 3486
3 3474 3486 3475
3 3475 3486 3487
3 3475 3487 3476
3 3476 3487 3488
3 3476 3488 3465
3 3465 3488 3477
3 3477 3489 3478
3 3478 3489 3490
3 3478 3490 3479
3 3479 3490 3491
3 3479 3491 3480
3 3480 3491 3492
3 3480 3492 3481
3 3481 3492 3493
3 3481 3493 3482
3 3482 3493 3494
3 3482 3494 3483
3 3483 3494 3495
3 3483 3495 3484
3 3484 3495 3496
3 3484 3496 3485
3 3485 3496 3497
3 3485 3497 3486
3 3486 3497 3498
3 3486 3498 3487
3 3487 3498 3499
3 3487 3499 3488
3 3488 3499 3500
3 3488 3500 3477
3 3477 3500 3489
3 3489 3501 3490
3 3490 3501 3502
3 3490 3502 3491
3 3491 3502 3503
3 3491 3503 3492
3 3492 3503 3504
3 3492 3504 3493
3 3493 3504 3505
3 3493 3505 3494
3 3494 3505 3506
3 3494 3506 3495
3 3495 3506 3507
3 3495 3507 3496
3 3496 3507 3508
3 3496 3508 3497
3 3497 3508 3509
3 3497 3509 3498
3 3498 3509 3510
3 3498 3510 3499
3 3499 3510 3511
3 3499 3511 3500
3 3500 3511 3512
3 3500 3512 3489
3 3489 3512 3501
3 3501 3513 3502
3 3502 3513 3514
3 3502 3514 3503
3 3503 3514 3515
3 3503 3515 3504
3 3504 3515 3516
3 3504 3516 3505
3 3505 3516 3517
3 3505 3517 3506
3 3506 3517 3518
3 3506 3518 3507
3 3507 3518 3519
3 3507 3519 3508
3 3508 3519 3520
3 3508 3520 3509
3 3509 3520 3521
3 3509 3521 3510
3 3510 3521 3522
3 3510 3522 3511
3 3511 3522 3523
3 3511 3523 3512
3 3512 3523 3524
3 3512 3524 3501
3 3501 3524 3513
3 3525 3514 3513
3 3525 3515 3514
3 3525 3516 3515
3 3525 3517 3516
3 3525 3518 3517
3 3525 3519 3518
3 3525 3520 3519
3 3525 3521 3520
3 3525 3522 3521
3 3525 3523 3522
3 3525 3524 3523
3 3525 3513 3524
3 3526 3527 3528
3 3526 3528 3529
3 3526 3529 3530
3 3526 3530 3531
3 3526 3531 3532
3 3526 3532 3533
3 3526 3533 3534
3 3526 3534 3535
3 3526 3535 3536
3 3526 3536 3537
3 3526 3537 3538
3 3526 3538 3527
3 3527 3539 3528
3 3528 3539 3540
3 3528 3540 3529
3 3529 3540 3541
3 3529 3541 3530
3 3530 3541 3542
3 3530 3542 3531
3 3531 3542 3543
3 3531 3543 3532
3 3532 3543 3544
3 3532 3544 3533
3 3533 3544 3545
3 3533 3545 3534
3 3534 3545 3546
3 3534 3546 3535
3 3535 3546 3547
3 3535 3547 3536
3 3536 3547 3548
3 3536 3548 3537
3 3537 3548 3549
3 3537 3549 3538
3 3538 3549 3550
3 3538 3550 3527
3 3527 3550 3539
3 3539 3551 3540
3 3540 3551 3552
3 3540 3552 3541
3 3541 3552 3553
3 3541 3553 3542
3 3542 3553 3554
3 3542 3554 3543
3 3543 3554 3555
3 3543 3555 3544
3 3544 3555 3556
3 3544 3556 3545
3 3545 3556 3557
3 3545 3557 3546
3 3546 3557 3558
3 3546 3558 3547
3 3547 3558 3559
3 3547 3559 3548
3 3548 3559 3560
3 3548 3560 3549
3 3549 3560 3561
3 3549 3561 3550
3 3550 3561 3562
3 3550 3562 3539
3 3539 3562 3551
3 3551 3563 3552
3 3552 3563 3564
3 3552 3564 3553
3 3553 3564 3565
3 3553 3565 3554
3 3554 3565 3566
3 3554 3566 3555
3 3555 3566 3567
3 3555 3567 3556
3 3556 3567 3568
3 3556 3568 3557
3 3557 3568 3569
3 3557 3569 3558
3 3558 3569 3570
3 3558 3570 3559
3 3559 3570 3571
3 3559 3571 3560
3 3560 3571 3572
3 3560 3572 3561
3 3561 3572 3573
3 3561 3573 3562
3 3562 3573 3574
3 3562 3574 3551
3 3551 3574 3563
3 3563 3575 3564
3 3564 3575 3576
3 3564 3576 3565
3 3565 3576 3577
3 3565 3577 3566
3 3566 3577 3578
3 3566 3578 3567
3 3567 3578 3579
3 3567 3579 3568
3 3568 3579 3580
3 3568 3580 3569
3 3569 3580 3581
3 3569 3581 3570
3 3570 3581 3582
3 3570 3582 3571
3 3571 3582 3583
3 3571 3583 3572
3 3572 3583 3584
3 3572 3584 3573
3 3573 3584 3585
3 3573 3585 3574
3 3574 3585 3586
3 3574 3586 3563
3 3563 3586 3575
3 3575 3587 3576
3 3576 3587 3588
3 3576 3588 3577
3 3577 3588 3589
3 3577 3589 3578
3 3578 3589 3590
3 3578 3590 3579
3 3579 3590 3591
3 3579 3591 3580
3 3580 3591 3592
3 3580 3592 3581
3 3581 3592 3593
3 3581 3593 3582
3 3582 3593 3594
3 3582 3594 3583
3 3583 3594 3595
3 3583 3595 3584
3 3584 3595 3596
3 3584 3596 3585
3 3585 3596 3597
3 3585 3597 3586
3 3586 3597 3598
3 3586 3598 3575
3 3575 3598 3587
3 3587 3599 3588
3 3588 3599 3600
3 3588 3600 3589
3 3589 3600 3601
3 3589 3601 3590
3 3590 3601 3602
3 3590 3602 3591
3 3591 3602 3603
3 3591 3603 3592
3 3592 3603 3604
3 3592 3604 3593
3 3593 3604 3605
3 3593 3605 3594
3 3594 3605 3606
3 3594 3606 3595
3 3595 3606 3607
3 3595 3607 3596
3 3596 3607 3608
3 3596 3608 3597
3 3597 3608 3609
3 3597 3609 3598
3 3598 3609 3610
3 3598 3610 3587
3 3587 3610 3599
3 3611 3600 3599
3 3611 3601 3600
3 3611 3602 3601
3 3611 3603 3602
3 3611 3604 3603
3 3611 3605 3604
3 3611 3606 3605
3 3611 3607 3606
3 3611 3608 3607
3 3611 3609 3608
3 3611 3610 3609
3 3611 3599 3610
3 3612 3613 3614
3 3612 3614 3615
3 3612 3615 3616
3 3612 3616 3617
3 3612 3617 3618
3 3612 3618 3619
3 3612 3619 3620
3 3612 3620 3621
3 3612 3621 3622
3 3612 3622 3623
3 3612 3623 3624
3 3612 3624 3613
3 3613 3625 3614
3 3614 3625 3626
3 3614 3626 3615
3 3615 3626 3627
3 3615 3627 3616
3 3616 3627 3628
3 3616 3628 3617
3 3617 3628 3629
3 3617 3629 3618
3 3618 3629 3630
3 3618 3630 3619
3 3619 3630 3631
3 3619 3631 3620
3 3620 3631 3632
3 3620 3632 3621
3 3621 3632 3633
3 3621 3633 3622
3 3622 3633 3634
3 3622 3634 3623
3 3623 3634 3635
3 3623 3635 3624
3 3624 3635 3636
3 3624 3636 3613
3 3613 3636 3625
3 3625 3637 3626
3 3626 3637 3638
3 3626 3638 3627
3 3627 3638 3639
3 3627 3639 3628
3 3628 3639 3640
3 3628 3640 3629
3 3629 3640 3641
3 3629 3641 3630
3 3630 3641 3642
3 3630 3642 3631
3 3631 3642 3643
3 3631 3643 3632
3 3632 3643 3644
3 3632 3644 3633
3 3633 3644 3645
3 3633 3645 3634
3 3634 3645 3646
3 3634 3646 3635
3 3635 3646 3647
3 3635 3647 3636
3 3636 3647 3648
3 3636 3648 3625
3 3625 3648 3637
3 3637 3649 3638
3 3638 3649 3650
3 3638 3650 3639
3 3639 3650 3651
3 3639 3651 3640
3 3640 3651 3652
3 3640 3652 3641
3 3641 3652 3653
3 3641 3653 3642
3 3642 3653 3654
3 3642 3654 3643
3 3643 3654 3655
3 3643 3655 3644
3 3644 3655 3656
3 3644 3656 3645
3 3645 3656 3657
3 3645 3657 3646
3 3646 3657 3658
3 3646 3658 3647
3 3647 3658 3659
3 3647 3659 3648
3 3648 3659 3660
3 3648 3660 3637
3 3637 3660 3649
3 3649 3661 3650
3 3650 3661 3662
3 3650 3662 3651
3 3651 3662 3663
3 3651 3663 3652
3 3652 3663 3664
3 3652 3664 3653
3 3653 3664 3665
3 3653 3665 3654
3 3654 3665 3666
3 3654 3666 3655
3 3655 3666 3667
3 3655 3667 3656
3 3656 3667 3668
3 3656 3668 3657
3 3657 3668 3669
3 3657 3669 3658
3 3658 3669 3670
3 3658 3670 3659
3 3659 3670 3671
3 3659 3671 3660
3 3660 3671 3672
3 3660 3672 3649
3 3649 3672 3661
3 3661 3673 3662
3 3662 3673 3674
3 3662 3674 3663
3 3663 3674 3675
3 3663 3675 3664
3 3664 3675 3676
3 3664 3676 3665
3 3665 3676 3677
3 3665 3677 3666
3 3666 3677 3678
3 3666 3678 3667
3 3667 3678 3679
3 3667 3679 3668
3 3668 3679 3680
3 3668 3680 3669
3 3669 3680 3681
3 3669 3681 3670
3 3670 3681 3682
3 3670 3682 3671
3 3671 3682 3683
3 3671 3683 3672
3 3672 3683 3684
3 3672 3684 3661
3 3661 3684 3673
3 3673 3685 3674
3 3674 3685 3686
3 3674 3686 3675
3 3675 3686 3687
3 3675 3687 3676
3 3676 3687 3688
3 3676 3688 3677
3 3677 3688 3689
3 3677 3689 3678
3 3678 3689 3690
3 3678 3690 3679
3 3679 3690 3691
3 3679 3691 3680
3 3680 3691 3692
3 3680 3692 3681
3 3681 3692 3693
3 3681 3693 3682
3 3682 3693 3694
3 3682 3694 3683
3 3683 3694 3695
3 3683 3695 3684
3 3684 3695 3696
3 3684 3696 3673
3 3673 3696 3685
3 3697 3686 3685
3 3697 3687 3686
3 3697 3688 3687
3 3697 3689 3688
3 3697 3690 3689
3 3697 3691 3690
3 3697 3692 3691
3 3697 3693 3692
3 3697 3694 3693
3 3697 3695 3694
3 3697 3696 3695
3 3697 3685 3696
3 3698 3699 3700
3 3698 3700 3701
3 3698 3701 3702
3 3698 3702 3703
3 3698 3703 3704
3 3698 3704 3705
3 3698 3705 3706
3 3698 3706 3707
3 3698 3707 3708
3 3698 3708 3709
3 3698 3709 3710
3 3698 3710 3699
3 3699 3711 3700
3 3700 3711 3712
3 3700 3712 3701
3 3701 3712 3713
3 3701 3713 3702
3 3702 3713 3714
3 3702 3714 3703
3 3703 3714 3715
3 3703 3715 3704
3 3704 3715 3716
3 3704 3716 3705
3 3705 3716 3717
3 3705 3717 3706
3 3706 3717 3718
3 3706 3718 3707
3 3707 3718 3719
3 3707 3719 3708
3 3708 3719 3720
3 3708 3720 3709
3 3709 3720 3721
3 3709 3721 3710
3 3710 3721 3722
3 3710 3722 3699
3 3699 3722 3711
3 3711 3723 3712
3 3712 3723 3724
3 3712 3724 3713
3 3713 3724 3725
3 3713 3725 3714
3 3714 3725 3726
3 3714 3726 3715
3 3715 3726 3727
3 3715 3727 3716
3 3716 3727 3728
3 3716 3728 3717
3 3717 3728 3729
3 3717 3729 3718
3 3718 3729 3730
3 3718 3730 3719
3 3719 3730 3731
3 3719 3731 3720
3 3720 3731 3732
3 3720 3732 3721
3 3721 3732 3733
3 3721 3733 3722
3 3722 3733 3734
3 3722 3734 3711
3 3711 3734 3723
3 3723 3735 3724
3 3724 3735 3736
3 3724 3736 3725
3 3725 3736 3737
3 3725 3737 3726
3 3726 3737 3738
3 3726 3738 3727
3 3727 3738 3739
3 3727 3739 3728
3 3728 3739 3740
3 3728 3740 3729
3 3729 3740 3741
3 3729 3741 3730
3 3730 3741 3742
3 3730 3742 3731
3 3731 3742 3743
3 3731 3743 3732
3 3732 3743 3744
3 3732 3744 3733
3 3733 3744 3745
3 3733 3745 3734
3 3734 3745 3746
3 3734 3746 3723
3 3723 3746 3735
3 3735 3747 3736
3 3736 3747 3748
3 3736 3748 3737
3 3737 3748 3749
3 3737 3749 3738
3 3738 3749 3750
3 3738 3750 3739
3 3739 3750 3751
3 3739 3751 3740
3 3740 3751 3752
3 3740 3752 3741
3 3741 3752 3753
3 3741 3753 3742
3 3742 3753 3754
3 3742 3754 3743
3 3743 3754 3755
3 3743 3755 3744
3 3744 3755 3756
3 3744 3756 3745
3 3745 3756 3757
3 3745 3757 3746
3 3746 3757 3758
3 3746 3758 3735
3 3735 3758 3747
3 3747 3759 3748
3 3748 3759 3760
3 3748 3760 3749
3 3749 3760 3761
3 3749 3761 3750
3 3750 3761 3762
3 3750 3762 3751
3 3751 3762 3763
3 3751 3763 3752
3 3752 3763 3764
3 3752 3764 3753
3 3753 3764 3765
3 3753 3765 3754
3 3754 3765 3766
3 3754 3766 3755
3 3755 3766 3767
3 3755 3767 3756
3 3756 3767 3768
3 3756 3768 3757
3 3757 3768 3769
3 3757 3769 3758
3 3758 3769 3770
3 3758 3770 3747
3 3747 3770 3759
3 3759 3771 3760
3 3760 3771 3772
3 3760 3772 3761
3 3761 3772 3773
3 3761 3773 3762
3 3762 3773 3774
3 3762 3774 3763
3 3763 3774 3775
3 3763 3775 3764
3 3764 3775 3776
3 3764 3776 3765
3 3765 3776 3777
3 3765 3777 3766
3 3766 3777 3778
3 3766 3778 3767
3 3767 3778 3779
3 3767 3779 3768
3 3768 3779 3780
3 3768 3780 3769
3 3769 3780 3781
3 3769 3781 3770
3 3770 3781 3782
3 3770 3782 3759
3 3759 3782 3771
3 3783 3772 3771
3 3783 3773 3772
3 3783 3774 3773
3 3783 3775 3774
3 3783 3776 3775
3 3783 3777 3776
3 3783 3778 3777
3 3783 3779 3778
3 3783 3780 3779
3 3783 3781 3780
3 3783 3782 3781
3 3783 3771 3782
3 3784 3785 3786
3 3784 3786 3787
3 3784 3787 3788
3 3784 3788 3789
3 3784 3789 3790
3 3784 3790 3791
3 3784 3791 3792
3 3784 3792 3793
3 3784 3793 3794
3 3784 3794 3795
3 3784 3795 3796
3 3784 3796 3785
3 3785 3797 3786
3 3786 3797 3798
3 3786 3798 3787
3 3787 3798 3799
3 3787 3799 3788
3 3788 3799 3800
3 3788 3800 3789
3 3789 3800 3801
3 3789 3801 3790
3 3790 3801 3802
3 3790 3802 3791
3 3791 3802 3803
3 3791 3803 3792
3 3792 3803 3804
3 3792 3804 3793
3 3793 3804 3805
3 3793 3805 3794
3 3794 3805 3806
3 3794 3806 3795
3 3795 3806 3807
3 3795 3807 3796
3 3796 3807 3808
3 3796 3808 3785
3 3785 3808 3797
3 3797 3809 3798
3 3798 3809 3810
3 3798 3810 3799
3 3799 3810 3811
3 3799 3811 3800
3 3800 3811 3812
3 3800 3812 3801
3 3801 3812 3813
3 3801 3813 3802
3 3802 3813 3814
3 3802 3814 3803
3 3803 3814 3815
3 3803 3815 3804
3 3804 3815 3816
3 3804 3816 3805
3 3805 3816 3817
3 3805 3817 3806
3 3806 3817 3818
3 3806 3818 3807
3 3807 3818 3819
3 3807 3819 3808
3 3808 3819 3820
3 3808 3820 3797
3 3797 3820 3809
3 3809 3821 3810
3 3810 3821 3822
3 3810 3822 3811
3 3811 3822 3823
3 3811 3823 3812
3 3812 3823 3824
3 3812 3824 3813
3 3813 3824 3825
3 3813 3825 3814
3 3814 3825 3826
3 3814 3826 3815
3 3815 3826 3827
3 3815 3827 3816
3 3816 3827 3828
3 3816 3828 3817
3 3817 3828 3829
3 3817 3829 3818
3 3818 3829 3830
3 3818 3830 3819
3 3819 3830 3831
3 3819 3831 3820
3 3820 3831 3832
3 3820 3832 3809
3 3809 3832 3821
3 3821 3833 3822
3 3822 3833 3834
3 3822 3834 3823
3 3823 3834 3835
3 3823 3835 3824
3 3824 3835 3836
3 3824 3836 3825
3 3825 3836 3837
3 3825 3837 3826
3 3826 3837 3838
3 3826 3838 3827
3 3827 3838 3839
3 3827 3839 3828
3 3828 3839 3840
3 3828 3840 3829
3 3829 3840 3841
3 3829 3841 3830
3 3830 3841 3842
3 3830 3842 3831
3 3831 3842 3843
3 3831 3843 3832
3 3832 3843 3844
3 3832 3844 3821
3 3821 3844 3833
3 3833 3845 3834
3 3834 3845 3846
3 3834 3846 3835
3 3835 3846 3847
3 3835 3847 3836
3 3836 3847 3848
3 3836 3848 3837
3 3837 3848 3849
3 3837 3849 3838
3 3838 3849 3850
3 3838 3850 3839
3 3839 3850 3851
3 3839 3851 3840
3 3840 3851 3852
3 3840 3852 3841
3 3841 3852 3853
3 3841 3853 3842
3 3842 3853 3854
3 3842 3854 3843
3 3843 3854 3855
3 3843 3855 3844
3 3844 3855 3856
3 3844 3856 3833
3 3833 3856 3845
3 3845 3857 3846
3 3846 3857 3858
3 3846 3858 3847
3 3847 3858 3859
3 3847 3859 3848
3 3848 3859 3860
3 3848 3860 3849
3 3849 3860 3861
3 3849 3861 3850
3 3850 3861 3862
3 3850 3862 3851
3 3851 3862 3863
3 3851 3863 3852
3 3852 3863 3864
3 3852 3864 3853
3 3853 3864 3865
3 3853 3865 3854
3 3854 3865 3866
3 3854 3866 3855
3 3855 3866 3867
3 3855 3867 3856
3 3856 3867 3868
3 3856 3868 3845
3 3845 3868 3857
3 3869 3858 3857
3 3869 3859 3858
3 3869 3860 3859
3 3869 3861 3860
3 3869 3862 3861
3 3869 3863 3862
3 3869 3864 3863
3 3869 3865 3864
3 3869 3866 3865
3 3869 3867 3866
3 3869 3868 3867
3 3869 3857 3868
3 3870 3871 3872
3 3870 3872 3873
3 3870 3873 3874
3 3870 3874 3875
3 3870 3875 3876
3 3870 3876 3877
3 3870 3877 3878
3 3870 3878 3879
3 3870 3879 3880
3 3870 3880 3881
3 3870 3881 3882
3 3870 3882 3871
3 3871 3883 3872
3 3872 3883 3884
3 3872 3884 3873
3 3873 3884 3885
3 3873 3885 3874
3 3874 3885 3886
3 3874 3886 3875
3 3875 3886 3887
3 3875 3887 3876
3 3876 3887 3888
3 3876 3888 3877
3 3877 3888 3889
3 3877 3889 3878
3 3878 3889 3890
3 3878 3890 3879
3 3879 3890 3891
3 3879 3891 3880
3 3880 3891 3892
3 3880 3892 3881
3 3881 3892 3893
3 3881 3893 3882
3 3882 3893 3894
3 3882 3894 3871
3 3871 3894 3883
3 3883 3895 3884
3 3884 3895 3896
3 3884 3896 3885
3 3885 3896 3897
3 3885 3897 3886
3 3886 3897 3898
3 3886 3898 3887
3 3887 3898 3899
3 3887 3899 3888
3 3888 3899 3900
3 3888 3900 3889
3 3889 3900 3901
3 3889 3901 3890
3 3890 3901 3902
3 3890 3902 3891
3 3891 3902 3903
3 3891 3903 3892
3 3892 3903 3904
3 3892 3904 3893
3 3893 3904 3905
3 3893 3905 3894
3 3894 3905 3906
3 3894 3906 3883
3 3883 3906 3895
3 3895 3907 3896
3 3896 3907 3908
3 3896 3908 3897
3 3897 3908 3909
3 3897 3909 3898
3 3898 3909 3910
3 3898 3910 3899
3 3899 3910 3911
3 3899 3911 3900
3 3900 3911 3912
3 3900 3912 3901
3 3901 3912 3913
3 3901 3913 3902
3 3902 3913 3914
3 3902 3914 3903
3 3903 3914 3915
3 3903 3915 3904
3 3904 3915 3916
3 3904 3916 3905
3 3905 3916 3917
3 3905 3917 3906
3 3906 3917 3918
3 3906 3918 3895
3 3895 3918 3907
3 3907 3919 3908
3 3908 3919 3920
3 3908 3920 3909
3 3909 3920 3921
3 3909 3921 3910
3 3910 3921 3922
3 3910 3922 3911
3 3911 3922 3923
3 3911 3923 3912
3 3912 3923 3924
3 3912 3924 3913
3 3913 3924 3925
3 3913 3925 3914
3 3914 3925 3926
3 3914 3926 3915
3 3915 3926 3927
3 3915 3927 3916
3 3916 3927 3928
3 3916 3928 3917
3 3917 3928 3929
3 3917 3929 3918
3 3918 3929 3930
3 3918 3930 3907
3 3907 3930 3919
3 3919 3931 3920
3 3920 3931 3932
3 3920 3932 3921
3 3921 3932 3933
3 3921 3933 3922
3 3922 3933 3934
3 3922 3934 3923
3 3923 3934 3935
3 3923 3935 3924
3 3924 3935 3936
3 3924 3936 3925
3 3925 3936 3937
3 3925 3937 3926
3 3926 3937 3938
3 3926 3938 3927
3 3927 3938 3939
3 3927 3939 3928
3 3928 3939 3940
3 3928 3940 3929
3 3929 3940 3941
3 3929 3941 3930
3 3930 3941 3942
3 3930 3942 3919
3 3919 3942 3931
3 3931 3943 3932
3 3932 3943 3944
3 3932 3944 3933
3 3933 3944 3945
3 3933 3945 3934
3 3934 3945 3946
3 3934 3946 3935
3 3935 3946 3947
3 3935 3947 3936
3 3936 3947 3948
3 3936 3948 3937
3 3937 3948 3949
3 3937 3949 3938
3 3938 3949 3950
3 3938 3950 3939
3 3939 3950 3951
3 3939 3951 3940
3 3940 3951 3952
3 3940 3952 3941
3 3941 3952 3953
3 3941 3953 3942
3 3942 3953 3954
3 3942 3954 3931
3 3931 3954 3943
3 3955 3944 3943
3 3955 3945 3944
3 3955 3946 3945
3 3955 3947 3946
3 3955 3948 3947
3 3955 3949 3948
3 3955 3950 3949
3 3955 3951 3950
3 3955 3952 3951
3 3955 3953 3952
3 3955 3954 3953
3 3955 3943 3954
3 3956 3957 3958
3 3956 3958 3959
3 3956 3959 3960
3 3956 3960 3961
3 3956 3961 3962
3 3956 3962 3963
3 3956 3963 3964
3 3956 3964 3965
3 3956 3965 3966
3 3956 3966 3967
3 3956 3967 3968
3 3956 3968 3957
3 3957 3969 3958
3 3958 3969 3970
3 3958 3970 3959
3 3959 3970 3971
3 3959 3971 3960
3 3960 3971 3972
3 3960 3972 3961
3 3961 3972 3973
3 3961 3973 3962
3 3962 3973 3974
3 3962 3974 3963
3 3963 3974 3975
3 3963 3975 3964
3 3964 3975 3976
3 3964 3976 3965
3 3965 3976 3977
3 3965 3977 3966
3 3966 3977 3978
3 3966 3978 3967
3 3967 3978 3979
3 3967 3979 3968
3 3968 3979 3980
3 3968 3980 3957
3 3957 3980 3969
3 3969 3981 3970
3 3970 3981 3982
3 3970 3982 3971
3 3971 3982 3983
3 3971 3983 3972
3 3972 3983 3984
3 3972 3984 3973
3 3973 3984 3985
3 3973 3985 3974
3 3974 3985 3986
3 3974 3986 3975
3 3975 3986 3987
3 3975 3987 3976
3 3976 3987 3988
3 3976 3988 3977
3 3977 3988 3989
3 3977 3989 3978
3 3978 3989 3990
3 3978 3990 3979
3 3979 3990 3991
3 3979 3991 3980
3 3980 3991 3992
3 3980 3992 3969
3 3969 3992 3981
3 3981 3993 3982
3 3982 3993 3994
3 3982 3994 3983
3 3983 3994 3995
3 3983 3995 3984
3 3984 3995 3996
3 3984 3996 3985
3 3985 3996 3997
3 3985 3997 3986
3 3986 3997 3998
3 3986 3998 3987
3 3987 3998 3999
3 3987 3999 3988
3 3988 3999 4000
3 3988 4000 3989
3 3989 4000 4001
3 3989 4001 3990
3 3990 4001 4002
3 3990 4002 3991
3 3991 4002 4003
3 3991 4003 3992
3 3992 4003 4004
3 3992 4004 3981
3 3981 4004 3993
3 3993 4005 3994
3 3994 4005 4006
3 3994 4006 3995
3 3995 4006 4007
3 3995 4007 3996
3 3996 4007 4008
3 3996 4008 3997
3 3997 4008 4009
3 3997 4009 3998
3 3998 4009 4010
3 3998 4010 3999
3 3999 4010 4011
3 3999 4011 4000
3 4000 4011 4012
3 4000 4012 4001
3 4001 4012 4013
3 4001 4013 4002
3 4002 4013 4014
3 4002 4014 4003
3 4003 4014 4015
3 4003 4015 4004
3 4004 4015 4016
3 4004 4016 3993
3 3993 4016 4005
3 4005 4017 4006
3 4006 4017 4018
3 4006 4018 4007
3 4007 4018 4019
3 4007 4019 4008
3 4008 4019 4020
3 4008 4020 4009
3 4009 4020 4021
3 4009 4021 4010
3 4010 4021 4022
3 4010 4022 4011
3 4011 4022 4023
3 4011 4023 4012
3 4012 4023 4024
3 4012 4024 4013
3 4013 4024 4025
3 4013 4025 4014
3 4014 4025 4026
3 4014 4026 4015
3 4015 4026 4027
3 4015 4027 4016
3 4016 4027 4028
3 4016 4028 4005
3 4005 4028 4017
3 4017 4029 4018
3 4018 4029 4030
3 4018 4030 4019
3 4019 4030 4031
3 4019 4031 4020
3 4020 4031 4032
3 4020 4032 4021
3 4021 4032 4033
3 4021 4033 4022
3 4022 4033 4034
3 4022 4034 4023
3 4023 4034 4035
3 4023 4035 4024
3 4024 4035 4036
3 4024 4036 4025
3 4025 4036 4037
3 4025 4037 4026
3 4026 4037 4038
3 4026 4038 4027
3 4027 4038 4039
3 4027 4039 4028
3 4028 4039 4040
3 4028 4040 4017
3 4017 4040 4029
3 4041 4030 4029
3 4041 4031 4030
3 4041 4032 4031
3 4041 4033 4032
3 4041 4034 4033
3 4041 4035 4034
3 4041 4036 4035
3 4041 4037 4036
3 4041 4038 4037
3 4041 4039 4038
3 4041 4040 4039
3 4041 4029 4040
3 4042 4043 4044
3 4042 4044 4045
3 4042 4045 4046
3 4042 4046 4047
3 4042 4047 4048
3 4042 4048 4049
3 4042 4049 4050
3 4042 4050 4051
3 4042 4051 4052
3 4042 4052 4053
3 4042 4053 4054
3 4042 4054 4043
3 4043 4055 4044
3 4044 4055 4056
3 4044 4056 4045
3 4045 4056 4057
3 4045 4057 4046
3 4046 4057 4058
3 4046 4058 4047
3 4047 4058 4059
3 4047 4059 4048
3 4048 4059 4060
3 4048 4060 4049
3 4049 4060 4061
3 4049 4061 4050
3 4050 4061 4062
3 4050 4062 4051
3 4051 4062 4063
3 4051 4063 4052
3 4052 4063 4064
3 4052 4064 4053
3 4053 4064 4065
3 4053 4065 4054
3 4054 4065 4066
3 4054 4066 4043
3 4043 4066 4055
3 4055 4067 4056
3 4056 4067 4068
3 4056 4068 4057
3 4057 4068 4069
3 4057 4069 4058
3 4058 4069 4070
3 4058 4070 4059
3 4059 4070 4071
3 4059 4071 4060
3 4060 4071 4072
3 4060 4072 4061
3 4061 4072 4073
3 4061 4073 4062
3 4062 4073 4074
3 4062 4074 4063
3 4063 4074 4075
3 4063 4075 4064
3 4064 4075 4076
3 4064 4076 4065
3 4065 4076 4077
3 4065 4077 4066
3 4066 4077 4078
3 4066 4078 4055
3 4055 4078 4067
3 4067 4079 4068
3 4068 4079 4080
3 4068 4080 4069
3 4069 4080 4081
3 4069 4081 4070
3 4070 4081 4082
3 4070 4082 4071
3 4071 4082 4083
3 4071 4083 4072
3 4072 4083 4084
3 4072 4084 4073
3 4073 4084 4085
3 4073 4085 4074
3 4074 4085 4086
3 4074 4086 4075
3 4075 4086 4087
3 4075 4087 4076
3 4076 4087 4088
3 4076 4088 4077
3 4077 4088 4089
3 4077 4089 4078
3 4078 4089 4090
3 4078 4090 4067
3 4067 4090 4079
3 4079 4091 4080
3 4080 4091 4092
3 4080 4092 4081
3 4081 4092 4093
3 4081 4093 4082
3 4082 4093 4094
3 4082 4094 4083
3 4083 4094 4095
3 4083 4095 4084
3 4084 4095 4096
3 4084 4096 4085
3 4085 4096 4097
3 4085 4097 4086
3 4086 4097 4098
3 4086 4098 4087
3 4087 4098 4099
3 4087 4099 4088
3 4088 4099 4100
3 4088 4100 4089
3 4089 4100 4101
3 4089 4101 4090
3 4090 4101 4102
3 4090 4102 4079
3 4079 4102 4091
3 4091 4103 4092
3 4092 4103 4104
3 4092 4104 4093
3 4093 4104 4105
3 4093 4105 4094
3 4094 4105 4106
3 4094 4106 4095
3 4095 4106 4107
3 4095 4107 4096
3 4096 4107 4108
3 4096 4108 4097
3 4097 4108 4109
3 4097 4109 4098
3 4098 4109 4110
3 4098 4110 4099
3 4099 4110 4111
3 4099 4111 4100
3 4100 4111 4112
3 4100 4112 4101
3 4101 4112 4113
3 4101 4113 4102
3 4102 4113 4114
3 4102 4114 4091
3 4091 4114 4103
3 4103 4115 4104
3 4104 4115 4116
3 4104 4116 4105
3 4105 4116 4117
3 4105 4117 4106
3 4106 4117 4118
3 4106 4118 4107
3 4107 4118 4119
3 4107 4119 4108
3 4108 4119 4120
3 4108 4120 4109
3 4109 4120 4121
3 4109 4121 4110
3 4110 4121 4122
3 4110 4122 4111
3 4111 4122 4123
3 4111 4123 4112
3 4112 4123 4124
3 4112 4124 4113
3 4113 4124 4125
3 4113 4125 4114
3 4114 4125 4126
3 4114 4126 4103
3 4103 4126 4115
3 4127 4116 4115
3 4127 4117 4116
3 4127 4118 4117
3 4127 4119 4118
3 4127 4120 4119
3 4127 4121 4120
3 4127 4122 4121
3 4127 4123 4122
3 4127 4124 4123
3 4127 4125 4124
3 4127 4126 4125
3 4127 4115 4126
3 4128 4129 4130
3 4128 4130 4131
3 4128 4131 4132
3 4128 4132 4133
3 4128 4133 4134
3 4128 4134 4135
3 4128 4135 4136
3 4128 4136 4137
3 4128 4137 4138
3 4128 4138 4139
3 4128 4139 4140
3 4128 4140 4129
3 4129 4141 4130
3 4130 4141 4142
3 4130 4142 4131
3 4131 4142 4143
3 4131 4143 4132
3 4132 4143 4144
3 4132 4144 4133
3 4133 4144 4145
3 4133 4145 4134
3 4134 4145 4146
3 4134 4146 4135
3 4135 4146 4147
3 4135 4147 4136
3 4136 4147 4148
3 4136 4148 4137
3 4137 4148 4149
3 4137 4149 4138
3 4138 4149 4150
3 4138 4150 4139
3 4139 4150 4151
3 4139 4151 4140
3 4140 4151 4152
3 4140 4152 4129
3 4129 4152 4141
3 4141 4153 4142
3 4142 4153 4154
3 4142 4154 4143
3 4143 4154 4155
3 4143 4155 4144
3 4144 4155 4156
3 4144 4156 4145
3 4145 4156 4157
3 4145 4157 4146
3 4146 4157 4158
3 4146 4158 4147
3 4147 4158 4159
3 4147 4159 4148
3 4148 4159 4160
3 4148 4160 4149
3 4149 4160 4161
3 4149 4161 4150
3 4150 4161 4162
3 4150 4162 4151
3 4151 4162 4163
3 4151 4163 4152
3 4152 4163 4164
3 4152 4164 4141
3 4141 4164 4153
3 4153 4165 4154
3 4154 4165 4166
3 4154 4166 4155
3 4155 4166 4167
3 4155 4167 4156
3 4156 4167 4168
3 4156 4168 4157
3 4157 4168 4169
3 4157 4169 4158
3 4158 4169 4170
3 4158 4170 4159
3 4159 4170 4171
3 4159 4171 4160
3 4160 4171 4172
3 4160 4172 4161
3 4161 4172 4173
3 4161 4173 4162
3 4162 4173 4174
3 4162 4174 4163
3 4163 4174 4175
3 4163 4175 4164
3 4164 4175 4176
3 4164 4176 4153
3 4153 4176 4165
3 4165 4177 4166
3 4166 4177 4178
3 4166 4178 4167
3 4167 4178 4179
3 4167 4179 4168
3 4168 4179 4180
3 4168 4180 4169
3 4169 4180 4181
3 4169 4181 4170
3 4170 4181 4182
3 4170 4182 4171
3 4171 4182 4183
3 4171 4183 4172
3 4172 4183 4184
3 4172 4184 4173
3 4173 4184 4185
3 4173 4185 4174
3 4174 4185 4186
3 4174 4186 4175
3 4175 4186 4187
3 4175 4187 4176
3 4176 4187 4188
3 4176 4188 4165
3 4165 4188 4177
3 4177 4189 4178
3 4178 4189 4190
3 4178 4190 4179
3 4179 4190 4191
3 4179 4191 4180
3 4180 4191 4192
3 4180 4192 4181
3 4181 4192 4193
3 4181 4193 4182
3 4182 4193 4194
3 4182 4194 4183
3 4183 4194 4195
3 4183 4195 4184
3 4184 4195 4196
3 4184 4196 4185
3 4185 4196 4197
3 4185 4197 4186
3 4186 4197 4198
3 4186 4198 4187
3 4187 4198 4199
3 4187 4199 4188
3 4188 4199 4200
3 4188 4200 4177
3 4177 4200 4189
3 4189 4201 4190
3 4190 4201 4202
3 4190 4202 4191
3 4191 4202 4203
3 4191 4203 4192
3 4192 4203 4204
3 4192 4204 4193
3 4193 4204 4205
3 4193 4205 4194
3 4194 4205 4206
3 4194 4206 4195
3 4195 4206 4207
3 4195 4207 4196
3 4196 4207 4208
3 4196 4208 4197
3 4197 4208 4209
3 4197 4209 4198
3 4198 4209 4210
3 4198 4210 4199
3 4199 4210 4211
3 4199 4211 4200
3 4200 4211 4212
3 4200 4212 4189
3 4189 4212 4201
3 4213 4202 4201
3 4213 4203 4202
3 4213 4204 4203
3 4213 4205 4204
3 4213 4206 4205
3 4213 4207 4206
3 4213 4208 4207
3 4213 4209 4208
3 4213 4210 4209
3 4213 4211 4210
3 4213 4212 4211
3 4213 4201 4212
3 4214 4215 4216
3 4214 4216 4217
3 4214 4217 4218
3 4214 4218 4219
3 4214 4219 4220
3 4214 4220 4221
3 4214 4221 4222
3 4214 4222 4223
3 4214 4223 4224
3 4214 4224 4225
3 4214 4225 4226
3 4214 4226 4215
3 4215 4227 4216
3 4216 4227 4228
3 4216 4228 4217
3 4217 4228 4229
3 4217 4229 4218
3 4218 4229 4230
3 4218 4230 4219
3 4219 4230 4231
3 4219 4231 4220
3 4220 4231 4232
3 4220 4232 4221
3 4221 4232 4233
3 4221 4233 4222
3 4222 4233 4234
3 4222 4234 4223
3 4223 4234 4235
3 4223 4235 4224
3 4224 4235 4236
3 4224 4236 4225
3 4225 4236 4237
3 4225 4237 4226
3 4226 4237 4238
3 4226 4238 4215
3 4215 4238 4227
3 4227 4239 4228
3 4228 4239 4240
3 4228 4240 4229
3 4229 4240 4241
3 4229 4241 4230
3 4230 4241 4242
3 4230 4242 4231
3 4231 4242 4243
3 4231 4243 4232
3 4232 4243 4244
3 4232 4244 4233
3 4233 4244 4245
3 4233 4245 4234
3 4234 4245 4246
3 4234 4246 4235
3 4235 4246 4247
3 4235 4247 4236
3 4236 4247 4248
3 4236 4248 4237
3 4237 4248 4249
3 4237 4249 4238
3 4238 4249 4250
3 4238 4250 4227
3 4227 4250 4239
3 4239 4251 4240
3 4240 4251 4252
3 4240 4252 4241
3 4241 4252 4253
3 4241 4253 4242
3 4242 4253 4254
3 4242 4254 4243
3 4243 4254 4255
3 4243 4255 4244
3 4244 4255 4256
3 4244 4256 4245
3 4245 4256 4257
3 4245 4257 4246
3 4246 4257 4258
3 4246 4258 4247
3 4247 4258 4259
3 4247 4259 4248
3 4248 4259 4260
3 4248 4260 4249
3 4249 4260 4261
3 4249 4261 4250
3 4250 4261 4262
3 4250 4262 4239
3 4239 4262 4251
3 4251 4263 4252
3 4252 4263 4264
3 4252 4264 4253
3 4253 4264 4265
3 4253 4265 4254
3 4254 4265 4266
3 4254 4266 4255
3 4255 4266 4267
3 4255 4267 4256
3 4256 4267 4268
3 4256 4268 4257
3 4257 4268 4269
3 4257 4269 4258
3 4258 4269 4270
3 4258 4270 4259
3 4259 4270 4271
3 4259 4271 4260
3 4260 4271 4272
3 4260 4272 4261
3 4261 4272 4273
3 4261 4273 4262
3 4262 4273 4274
3 4262 4274 4251
3 4251 4274 4263
3 4263 4275 4264
3 4264 4275 4276
3 4264 4276 4265
3 4265 4276 4277
3 4265 4277 4266
3 4266 4277 4278
3 4266 4278 4267
3 4267 4278 4279
3 4267 4279 4268
3 4268 4279 4280
3 4268 4280 4269
3 4269 4280 4281
3 4269 4281 4270
3 4270 4281 4282
3 4270 4282 4271
3 4271 4282 4283
3 4271 4283 4272
3 4272 4283 4284
3 4272 4284 4273
3 4273 4284 4285
3 4273 4285 4274
3 4274 4285 4286
3 4274 4286 4263
3 4263 4286 4275
3 4275 4287 4276
3 4276 4287 4288
3 4276 4288 4277
3 4277 4288 4289
3 4277 4289 4278
3 4278 4289 4290
3 4278 4290 4279
3 4279 4290 4291
3 4279 4291 4280
3 4280 4291 4292
3 4280 4292 4281
3 4281 4292 4293
3 4281 4293 4282
3 4282 4293 4294
3 4282 4294 4283
3 4283 4294 4295
3 4283 4295 4284
3 4284 4295 4296
3 4284 4296 4285
3 4285 4296 4297
3 4285 4297 4286
3 4286 4297 4298
3 4286 4298 4275
3 4275 4298 4287
3 4299 4288 4287
3 4299 4289 4288
3 4299 4290 4289
3 4299 4291 4290
3 4299 4292 4291
3 4299 4293 4292
3 4299 4294 4293
3 4299 4295 4294
3 4299 4296 4295
3 4299 4297 4296
3 4299 4298 4297
3 4299 4287 4298
3 4300 4301 4302
3 4300 4302 4303
3 4300 4303 4304
3 4300 4304 4305
3 4300 4305 4306
3 4300 4306 4307
3 4300 4307 4308
3 4300 4308 4309
3 4300 4309 4310
3 4300 4310 4311
3 4300 4311 4312
3 4300 4312 4301
3 4301 4313 4302
3 4302 4313 4314
3 4302 4314 4303
3 4303 4314 4315
3 4303 4315 4304
3 4304 4315 4316
3 4304 4316 4305
3 4305 4316 4317
3 4305 4317 4306
3 4306 4317 4318
3 4306 4318 4307
3 4307 4318 4319
3 4307 4319 4308
3 4308 4319 4320
3 4308 4320 4309
3 4309 4320 4321
3 4309 4321 4310
3 4310 4321 4322
3 4310 4322 4311
3 4311 4322 4323
3 4311 4323 4312
3 4312 4323 4324
3 4312 4324 4301
3 4301 4324 4313
3 4313 4325 4314
3 4314 4325 4326
3 4314 4326 4315
3 4315 4326 4327
3 4315 4327 4316
3 4316 4327 4328
3 4316 4328 4317
3 4317 4328 4329
3 4317 4329 4318
3 4318 4329 4330
3 4318 4330 4319
3 4319 4330 4331
3 4319 4331 4320
3 4320 4331 4332
3 4320 4332 4321
3 4321 4332 4333
3 4321 4333 4322
3 4322 4333 4334
3 4322 4334 4323
3 4323 4334 4335
3 4323 4335 4324
3 4324 4335 4336
3 4324 4336 4313
3 4313 4336 4325
3 4325 4337 4326
3 4326 4337 4338
3 4326 4338 4327
3 4327 4338 4339
3 4327 4339 4328
3 4328 4339 4340
3 4328 4340 4329
3 4329 4340 4341
3 4329 4341 4330
3 4330 4341 4342
3 4330 4342 4331
3 4331 4342 4343
3 4331 4343 4332
3 4332 4343 4344
3 4332 4344 4333
3 4333 4344 4345
3 4333 4345 4334
3 4334 4345 4346
3 4334 4346 4335
3 4335 4346 4347
3 4335 4347 4336
3 4336 4347 4348
3 4336 4348 4325
3 4325 4348 4337
3 4337 4349 4338
3 4338 4349 4350
3 4338 4350 4339
3 4339 4350 4351
3 4339 4351 4340
3 4340 4351 4352
3 4340 4352 4341
3 4341 4352 4353
3 4341 4353 4342
3 4342 4353 4354
3 4342 4354 4343
3 4343 4354 4355
3 4343 4355 4344
3 4344 4355 4356
3 4344 4356 4345
3 4345 4356 4357
3 4345 4357 4346
3 4346 4357 4358
3 4346 4358 4347
3 4347 4358 4359
3 4347 4359 4348
3 4348 4359 4360
3 4348 4360 4337
3 4337 4360 4349
3 4349 4361 4350
3 4350 4361 4362
3 4350 4362 4351
3 4351 4362 4363
3 4351 4363 4352
3 4352 4363 4364
3 4352 4364 4353
3 4353 4364 4365
3 4353 4365 4354
3 4354 4365 4366
3 4354 4366 4355
3 4355 4366 4367
3 4355 4367 4356
3 4356 4367 4368
3 4356 4368 4357
3 4357 4368 4369
3 4357 4369 4358
3 4358 4369 4370
3 4358 4370 4359
3 4359 4370 4371
3 4359 4371 4360
3 4360 4371 4372
3 4360 4372 4349
3 4349 4372 4361
3 4361 4373 4362
3 4362 4373 4374
3 4362 4374 4363
3 4363 4374 4375
3 4363 4375 4364
3 4364 4375 4376
3 4364 4376 4365
3 4365 4376 4377
3 4365 4377 4366
3 4366 4377 4378
3 4366 4378 4367
3 4367 4378 4379
3 4367 4379 4368
3 4368 4379 4380
3 4368 4380 4369
3 4369 4380 4381
3 4369 4381 4370
3 4370 4381 4382
3 4370 4382 4371
3 4371 4382 4383
3 4371 4383 4372
3 4372 4383 4384
3 4372 4384 4361
3 4361 4384 4373
3 4385 4374 4373
3 4385 4375 4374
3 4385 4376 4375
3 4385 4377 4376
3 4385 4378 4377
3 4385 4379 4378
3 4385 4380 4379
3 4385 4381 4380
3 4385 4382 4381
3 4385 4383 4382
3 4385 4384 4383
3 4385 4373 4384
3 4386 4387 4388
3 4386 4388 4389
3 4386 4389 4390
3 4386 4390 4391
3 4386 4391 4392
3 4386 4392 4393
3 4386 4393 4394
3 4386 4394 4395
3 4386 4395 4396
3 4386 4396 4397
3 4386 4397 4398
3 4386 4398 4387
3 4387 4399 4388
3 4388 4399 4400
3 4388 4400 4389
3 4389 4400 4401
3 4389 4401 4390
3 4390 4401 4402
3 4390 4402 4391
3 4391 4402 4403
3 4391 4403 4392
3 4392 4403 4404
3 4392 4404 4393
3 4393 4404 4405
3 4393 4405 4394
3 4394 4405 4406
3 4394 4406 4395
3 4395 4406 4407
3 4395 4407 4396
3 4396 4407 4408
3 4396 4408 4397
3 4397 4408 4409
3 4397 4409 4398
3 4398 4409 4410
3 4398 4410 4387
3 4387 4410 4399
3 4399 4411 4400
3 4400 4411 4412
3 4400 4412 4401
3 4401 4412 4413
3 4401 4413 4402
3 4402 4413 4414
3 4402 4414 4403
3 4403 4414 4415
3 4403 4415 4404
3 4404 4415 4416
3 4404 4416 4405
3 4405 4416 4417
3 4405 4417 4406
3 4406 4417 4418
3 4406 4418 4407
3 4407 4418 4419
3 4407 4419 4408
3 4408 4419 4420
3 4408 4420 4409
3 4409 4420 4421
3 4409 4421 4410
3 4410 4421 4422
3 4410 4422 4399
3 4399 4422 4411
3 4411 4423 4412
3 4412 4423 4424
3 4412 4424 4413
3 4413 4424 4425
3 4413 4425 4414
3 4414 4425 4426
3 4414 4426 4415
3 4415 4426 4427
3 4415 4427 4416
3 4416 4427 4428
3 4416 4428 4417
3 4417 4428 4429
3 4417 4429 4418
3 4418 4429 4430
3 4418 4430 4419
3 4419 4430 4431
3 4419 4431 4420
3 4420 4431 4432
3 4420 4432 4421
3 4421 4432 4433
3 4421 4433 4422
3 4422 4433 4434
3 4422 4434 4411
3 4411 4434 4423
3 4423 4435 4424
3 4424 4435 4436
3 4424 4436 4425
3 4425 4436 4437
3 4425 4437 4426
3 4426 4437 4438
3 4426 4438 4427
3 4427 4438 4439
3 4427 4439 4428
3 4428 4439 4440
3 4428 4440 4429
3 4429 4440 4441
3 4429 4441 4430
3 4430 4441 4442
3 4430 4442 4431
3 4431 4442 4443
3 4431 4443 4432
3 4432 4443 4444
3 4432 4444 4433
3 4433 4444 4445
3 4433 4445 4434
3 4434 4445 4446
3 4434 4446 4423
3 4423 4446 4435
3 4435 4447 4436
3 4436 4447 4448
3 4436 4448 4437
3 4437 4448 4449
3 4437 4449 4438
3 4438 4449 4450
3 4438 4450 4439
3 4439 4450 4451
3 4439 4451 4440
3 4440 4451 4452
3 4440 4452 4441
3 4441 4452 4453
3 4441 4453 4442
3 4442 4453 4454
3 4442 4454 4443
3 4443 4454 4455
3 4443 4455 4444
3 4444 4455 4456
3 4444 4456 4445
3 4445 4456 4457
3 4445 4457 4446
3 4446 4457 4458
3 4446 4458 4435
3 4435 4458 4447
3 4447 4459 4448
3 4448 4459 4460
3 4448 4460 4449
3 4449 4460 4461
3 4449 4461 4450
3 4450 4461 4462
3 4450 4462 4451
3 4451 4462 4463
3 4451 4463 4452
3 4452 4463 4464
3 4452 4464 4453
3 4453 4464 4465
3 4453 4465 4454
3 4454 4465 4466
3 4454 4466 4455
3 4455 4466 4467
3 4455 4467 4456
3 4456 4467 4468
3 4456 4468 4457
3 4457 4468 4469
3 4457 4469 4458
3 4458 4469 4470
3 4458 4470 4447
3 4447 4470 4459
3 4471 4460 4459
3 4471 4461 4460
3 4471 4462 4461
3 4471 4463 4462
3 4471 4464 4463
3 4471 4465 4464
3 4471 4466 4465
3 4471 4467 4466
3 4471 4468 4467
3 4471 4469 4468
3 4471 4470 4469
3 4471 4459 4470
3 4472 4473 4474
3 4472 4474 4475
3 4472 4475 4476
3 4472 4476 4477
3 4472 4477 4478
3 4472 4478 4479
3 4472 4479 4480
3 4472 4480 4481
3 4472 4481 4482
3 4472 4482 4483
3 4472 4483 4484
3 4472 4484 4473
3 4473 4485 4474
3 4474 4485 4486
3 4474 4486 4475
3 4475 4486 4487
3 4475 4487 4476
3 4476 4487 4488
3 4476 4488 4477
3 4477 4488 4489
3 4477 4489 4478
3 4478 4489 4490
3 4478 4490 4479
3 4479 4490 4491
3 4479 4491 4480
3 4480 4491 4492
3 4480 4492 4481
3 4481 4492 4493
3 4481 4493 4482
3 4482 4493 4494
3 4482 4494 4483
3 4483 4494 4495
3 4483 4495 4484
3 4484 4495 4496
3 4484 4496 4473
3 4473 4496 4485
3 4485 4497 4486
3 4486 4497 4498
3 4486 4498 4487
3 4487 4498 4499
3 4487 4499 4488
3 4488 4499 4500
3 4488 4500 4489
3 4489 4500 4501
3 4489 4501 4490
3 4490 4501 4502
3 4490 4502 4491
3 4491 4502 4503
3 4491 4503 4492
3 4492 4503 4504
3 4492 4504 4493
3 4493 4504 4505
3 4493 4505 4494
3 4494 4505 4506
3 4494 4506 4495
3 4495 4506 4507
3 4495 4507 4496
3 4496 4507 4508
3 4496 4508 4485
3 4485 4508 4497
3 4497 4509 4498
3 4498 4509 4510
3 4498 4510 4499
3 4499 4510 4511
3 4499 4511 4500
3 4500 4511 4512
3 4500 4512 4501
3 4501 4512 4513
3 4501 4513 4502
3 4502 4513 4514
3 4502 4514 4503
3 4503 4514 4515
3 4503 4515 4504
3 4504 4515 4516
3 4504 4516 4505
3 4505 4516 4517
3 4505 4517 4506
3 4506 4517 4518
3 4506 4518 4507
3 4507 4518 4519
3 4507 4519 4508
3 4508 4519 4520
3 4508 4520 4497
3 4497 4520 4509
3 4509 4521 4510
3 4510 4521 4522
3 4510 4522 4511
3 4511 4522 4523
3 4511 4523 4512
3 4512 4523 4524
3 4512 4524 4513
3 4513 4524 4525
3 4513 4525 4514
3 4514 4525 4526
3 4514 4526 4515
3 4515 4526 4527
3 4515 4527 4516
3 4516 4527 4528
3 4516 4528 4517
3 4517 4528 4529
3 4517 4529 4518
3 4518 4529 4530
3 4518 4530 4519
3 4519 4530 4531
3 4519 4531 4520
3 4520 4531 4532
3 4520 4532 4509
3 4509 4532 4521
3 4521 4533 4522
3 4522 4533 4534
3 4522 4534 4523
3 4523 4534 4535
3 4523 4535 4524
3 4524 4535 4536
3 4524 4536 4525
3 4525 4536 4537
3 4525 4537 4526
3 4526 4537 4538
3 4526 4538 4527
3 4527 4538 4539
3 4527 4539 4528
3 4528 4539 4540
3 4528 4540 4529
3 4529 4540 4541
3 4529 4541 4530
3 4530 4541 4542
3 4530 4542 4531
3 4531 4542 4543
3 4531 4543 4532
3 4532 4543 4544
3 4532 4544 4521
3 4521 4544 4533
3 4533 4545 4534
3 4534 4545 4546
3 4534 4546 4535
3 4535 4546 4547
3 4535 4547 4536
3 4536 4547 4548
3 4536 4548 4537
3 4537 4548 4549
3 4537 4549 4538
3 4538 4549 4550
3 4538 4550 4539
3 4539 4550 4551
3 4539 4551 4540
3 4540 4551 4552
3 4540 4552 4541
3 4541 4552 4553
3 4541 4553 4542
3 4542 4553 4554
3 4542 4554 4543
3 4543 4554 4555
3 4543 4555 4544
3 4544 4555 4556
3 4544 4556 4533
3 4533 4556 4545
3 4557 4546 4545
3 4557 4547 4546
3 4557 4548 4547
3 4557 4549 4548
3 4557 4550 4549
3 4557 4551 4550
3 4557 4552 4551
3 4557 4553 4552
3 4557 4554 4553
3 4557 4555 4554
3 4557 4556 4555
3 4557 4545 4556
3 4558 4559 4560
3 4558 4560 4561
3 4558 4561 4562
3 4558 4562 4563
3 4558 4563 4564
3 4558 4564 4565
3 4558 4565 4566
3 4558 4566 4567
3 4558 4567 4568
3 4558 4568 4569
3 4558 4569 4570
3 4558 4570 4559
3 4559 4571 4560
3 4560 4571 4572
3 4560 4572 4561
3 4561 4572 4573
3 4561 4573 4562
3 4562 4573 4574
3 4562 4574 4563
3 4563 4574 4575
3 4563 4575 4564
3 4564 4575 4576
3 4564 4576 4565
3 4565 4576 4577
3 4565 4577 4566
3 4566 4577 4578
3 4566 4578 4567
3 4567 4578 4579
3 4567 4579 4568
3 4568 4579 4580
3 4568 4580 4569
3 4569 4580 4581
3 4569 4581 4570
3 4570 4581 4582
3 4570 4582 4559
3 4559 4582 4571
3 4571 4583 4572
3 4572 4583 4584
3 4572 4584 4573
3 4573 4584 4585
3 4573 4585 4574
3 4574 4585 4586
3 4574 4586 4575
3 4575 4586 4587
3 4575 4587 4576
3 4576 4587 4588
3 4576 4588 4577
3 4577 4588 4589
3 4577 4589 4578
3 4578 4589 4590
3 4578 4590 4579
3 4579 4590 4591
3 4579 4591 4580
3 4580 4591 4592
3 4580 4592 4581
3 4581 4592 4593
3 4581 4593 4582
3 4582 4593 4594
3 4582 4594 4571
3 4571 4594 4583
3 4583 4595 4584
3 4584 4595 4596
3 4584 4596 4585
3 4585 4596 4597
3 4585 4597 4586
3 4586 4597 4598
3 4586 4598 4587
3 4587 4598 4599
3 4587 4599 4588
3 4588 4599 4600
3 4588 4600 4589
3 4589 4600 4601
3 4589 4601 4590
3 4590 4601 4602
3 4590 4602 4591
3 4591 4602 4603
3 4591 4603 4592
3 4592 4603 4604
3 4592 4604 4593
3 4593 4604 4605
3 4593 4605 4594
3 4594 4605 4606
3 4594 4606 4583
3 4583 4606 4595
3 4595 4607 4596
3 4596 4607 4608
3 4596 4608 4597
3 4597 4608 4609
3 4597 4609 4598
3 4598 4609 4610
3 4598 4610 4599
3 4599 4610 4611
3 4599 4611 4600
3 4600 4611 4612
3 4600 4612 4601
3 4601 4612 4613
3 4601 4613 4602
3 4602 4613 4614
3 4602 4614 4603
3 4603 4614 4615
3 4603 4615 4604
3 4604 4615 4616
3 4604 4616 4605
3 4605 4616 4617
3 4605 4617 4606
3 4606 4617 4618
3 4606 4618 4595
3 4595 4618 4607
3 4607 4619 4608
3 4608 4619 4620
3 4608 4620 4609
3 4609 4620 4621
3 4609 4621 4610
3 4610 4621 4622
3 4610 4622 4611
3 4611 4622 4623
3 4611 4623 4612
3 4612 4623 4624
3 4612 4624 4613
3 4613 4624 4625
3 4613 4625 4614
3 4614 4625 4626
3 4614 4626 4615
3 4615 4626 4627
3 4615 4627 4616
3 4616 4627 4628
3 4616 4628 4617
3 4617 4628 4629
3 4617 4629 4618
3 4618 4629 4630
3 4618 4630 4607
3 4607 4630 4619
3 4619 4631 4620
3 4620 4631 4632
3 4620 4632 4621
3 4621 4632 4633
3 4621 4633 4622
3 4622 4633 4634
3 4622 4634 4623
3 4623 4634 4635
3 4623 4635 4624
3 4624 4635 4636
3 4624 4636 4625
3 4625 4636 4637
3 4625 4637 4626
3 4626 4637 4638
3 4626 4638 4627
3 4627 4638 4639
3 4627 4639 4628
3 4628 4639 4640
3 4628 4640 4629
3 4629 4640 4641
3 4629 4641 4630
3 4630 4641 4642
3 4630 4642 4619
3 4619 4642 4631
3 4643 4632 4631
3 4643 4633 4632
3 4643 4634 4633
3 4643 4635 4634
3 4643 4636 4635
3 4643 4637 4636
3 4643 4638 4637
3 4643 4639 4638
3 4643 4640 4639
3 4643 4641 4640
3 4643 4642 4641
3 4643 4631 4642
3 4644 4645 4646
3 4644 4646 4647
3 4644 4647 4648
3 4644 4648 4649
3 4644 4649 4650
3 4644 4650 4651
3 4644 4651 4652
3 4644 4652 4653
3 4644 4653 4654
3 4644 4654 4655
3 4644 4655 4656
3 4644 4656 4645
3 4645 4657 4646
3 4646 4657 4658
3 4646 4658 4647
3 4647 4658 4659
3 4647 4659 4648
3 4648 4659 4660
3 4648 4660 4649
3 4649 4660 4661
3 4649 4661 4650
3 4650 4661 4662
3 4650 4662 4651
3 4651 4662 4663
3 4651 4663 4652
3 4652 4663 4664
3 4652 4664 4653
3 4653 4664 4665
3 4653 4665 4654
3 4654 4665 4666
3 4654 4666 4655
3 4655 4666 4667
3 4655 4667 4656
3 4656 4667 4668
3 4656 4668 4645
3 4645 4668 4657
3 4657 4669 4658
3 4658 4669 4670
3 4658 4670 4659
3 4659 4670 4671
3 4659 4671 4660
3 4660 4671 4672
3 4660 4672 4661
3 4661 4672 4673
3 4661 4673 4662
3 4662 4673 4674
3 4662 4674 4663
3 4663 4674 4675
3 4663 4675 4664
3 4664 4675 4676
3 4664 4676 4665
3 4665 4676 4677
3 4665 4677 4666
3 4666 4677 4678
3 4666 4678 4667
3 4667 4678 4679
3 4667 4679 4668
3 4668 4679 4680
3 4668 4680 4657
3 4657 4680 4669
3 4669 4681 4670
3 4670 4681 4682
3 4670 4682 4671
3 4671 4682 4683
3 4671 4683 4672
3 4672 4683 4684
3 4672 4684 4673
3 4673 4684 4685
3 4673 4685 4674
3 4674 4685 4686
3 4674 4686 4675
3 4675 4686 4687
3 4675 4687 4676
3 4676 4687 4688
3 4676 4688 4677
3 4677 4688 4689
3 4677 4689 4678
3 4678 4689 4690
3 4678 4690 4679
3 4679 4690 4691
3 4679 4691 4680
3 4680 4691 4692
3 4680 4692 4669
3 4669 4692 4681
3 4681 4693 4682
3 4682 4693 4694
3 4682 4694 4683
3 4683 4694 4695
3 4683 4695 4684
3 4684 4695 4696
3 4684 4696 4685
3 4685 4696 4697
3 4685 4697 4686
3 4686 4697 4698
3 4686 4698 4687
3 4687 4698 4699
3 4687 4699 4688
3 4688 4699 4700
3 4688 4700 4689
3 4689 4700 4701
3 4689 4701 4690
3 4690 4701 4702
3 4690 4702 4691
3 4691 4702 4703
3 4691 4703 4692
3 4692 4703 4704
3 4692 4704 4681
3 4681 4704 4693
3 4693 4705 4694
3 4694 4705 4706
3 4694 4706 4695
3 4695 4706 4707
3 4695 4707 4696
3 4696 4707 4708
3 4696 4708 4697
3 4697 4708 4709
3 4697 4709 4698
3 4698 4709 4710
3 4698 4710 4699
3 4699 4710 4711
3 4699 4711 4700
3 4700 4711 4712
3 4700 4712 4701
3 4701 4712 4713
3 4701 4713 4702
3 4702 4713 4714
3 4702 4714 4703
3 4703 4714 4715
3 4703 4715 4704
3 4704 4715 4716
3 4704 4716 4693
3 4693 4716 4705
3 4705 4717 4706
3 4706 4717 4718
3 4706 4718 4707
3 4707 4718 4719
3 4707 4719 4708
3 4708 4719 4720
3 4708 4720 4709
3 4709 4720 4721
3 4709 4721 4710
3 4710 4721 4722
3 4710 4722 4711
3 4711 4722 4723
3 4711 4723 4712
3 4712 4723 4724
3 4712 4724 4713
3 4713 4724 4725
3 4713 4725 4714
3 4714 4725 4726
3 4714 4726 4715
3 4715 4726 4727
3 4715 4727 4716
3 4716 4727 4728
3 4716 4728 4705
3 4705 4728 4717
3 4729 4718 4717
3 4729 4719 4718
3 4729 4720 4719
3 4729 4721 4720
3 4729 4722 4721
3 4729 4723 4722
3 4729 4724 4723
3 4729 4725 4724
3 4729 4726 4725
3 4729 4727 4726
3 4729 4728 4727
3 4729 4717 4728
3 4730 4731 4732
3 4730 4732 4733
3 4730 4733 4734
3 4730 4734 4735
3 4730 4735 4736
3 4730 4736 4737
3 4730 4737 4738
3 4730 4738 4739
3 4730 4739 4740
3 4730 4740 4741
3 4730 4741 4742
3 4730 4742 4731
3 4731 4743 4732
3 4732 4743 4744
3 4732 4744 4733
3 4733 4744 4745
3 4733 4745 4734
3 4734 4745 4746
3 4734 4746 4735
3 4735 4746 4747
3 4735 4747 4736
3 4736 4747 4748
3 4736 4748 4737
3 4737 4748 4749
3 4737 4749 4738
3 4738 4749 4750
3 4738 4750 4739
3 4739 4750 4751
3 4739 4751 4740
3 4740 4751 4752
3 4740 4752 4741
3 4741 4752 4753
3 4741 4753 4742
3 4742 4753 4754
3 4742 4754 4731
3 4731 4754 4743
3 4743 4755 4744
3 4744 4755 4756
3 4744 4756 4745
3 4745 4756 4757
3 4745 4757 4746
3 4746 4757 4758
3 4746 4758 4747
3 4747 4758 4759
3 4747 4759 4748
3 4748 4759 4760
3 4748 4760 4749
3 4749 4760 4761
3 4749 4761 4750
3 4750 4761 4762
3 4750 4762 4751
3 4751 4762 4763
3 4751 4763 4752
3 4752 4763 4764
3 4752 4764 4753
3 4753 4764 4765
3 4753 4765 4754
3 4754 4765 4766
3 4754 4766 4743
3 4743 4766 4755
3 4755 4767 4756
3 4756 4767 4768
3 4756 4768 4757
3 4757 4768 4769
3 4757 4769 4758
3 4758 4769 4770
3 4758 4770 4759
3 4759 4770 4771
3 4759 4771 4760
3 4760 4771 4772
3 4760 4772 4761
3 4761 4772 4773
3 4761 4773 4762
3 4762 4773 4774
3 4762 4774 4763
3 4763 4774 4775
3 4763 4775 4764
3 4764 4775 4776
3 4764 4776 4765
3 4765 4776 4777
3 4765 4777 4766
3 4766 4777 4778
3 4766 4778 4755
3 4755 4778 4767
3 4767 4779 4768
3 4768 4779 4780
3 4768 4780 4769
3 4769 4780 4781
3 4769 4781 4770
3 4770 4781 4782
3 4770 4782 4771
3 4771 4782 4783
3 4771 4783 4772
3 4772 4783 4784
3 4772 4784 4773
3 4773 4784 4785
3 4773 4785 4774
3 4774 4785 4786
3 4774 4786 4775
3 4775 4786 4787
3 4775 4787 4776
3 4776 4787 4788
3 4776 4788 4777
3 4777 4788 4789
3 4777 4789 4778
3 4778 4789 4790
3 4778 4790 4767
3 4767 4790 4779
3 4779 4791 4780
3 4780 4791 4792
3 4780 4792 4781
3 4781 4792 4793
3 4781 4793 4782
3 4782 4793 4794
3 4782 4794 4783
3 4783 4794 4795
3 4783 4795 4784
3 4784 4795 4796
3 4784 4796 4785
3 4785 4796 4797
3 4785 4797 4786
3 4786 4797 4798
3 4786 4798 4787
3 4787 4798 4799
3 4787 4799 4788
3 4788 4799 4800
3 4788 4800 4789
3 4789 4800 4801
3 4789 4801 4790
3 4790 4801 4802
3 4790 4802 4779
3 4779 4802 4791
3 4791 4803 4792
3 4792 4803 4804
3 4792 4804 4793
3 4793 4804 4805
3 4793 4805 4794
3 4794 4805 4806
3 4794 4806 4795
3 4795 4806 4807
3 4795 4807 4796
3 4796 4807 4808
3 4796 4808 4797
3 4797 4808 4809
3 4797 4809 4798
3 4798 4809 4810
3 4798 4810 4799
3 4799 4810 4811
3 4799 4811 4800
3 4800 4811 4812
3 4800 4812 4801
3 4801 4812 4813
3 4801 4813 4802
3 4802 4813 4814
3 4802 4814 4791
3 4791 4814 4803
3 4815 4804 4803
3 4815 4805 4804
3 4815 4806 4805
3 4815 4807 4806
3 4815 4808 4807
3 4815 4809 4808
3 4815 4810 4809
3 4815 4811 4810
3 4815 4812 4811
3 4815 4813 4812
3 4815 4814 4813
3 4815 4803 4814
3 4816 4817 4818
3 4816 4818 4819
3 4816 4819 4820
3 4816 4820 4821
3 4816 4821 4822
3 4816 4822 4823
3 4816 4823 4824
3 4816 4824 4825
3 4816 4825 4826
3 4816 4826 4827
3 4816 4827 4828
3 4816 4828 4817
3 4817 4829 4818
3 4818 4829 4830
3 4818 4830 4819
3 4819 4830 4831
3 4819 4831 4820
3 4820 4831 4832
3 4820 4832 4821
3 4821 4832 4833
3 4821 4833 4822
3 4822 4833 4834
3 4822 4834 4823
3 4823 4834 4835
3 4823 4835 4824
3 4824 4835 4836
3 4824 4836 4825
3 4825 4836 4837
3 4825 4837 4826
3 4826 4837 4838
3 4826 4838 4827
3 4827 4838 4839
3 4827 4839 4828
3 4828 4839 4840
3 4828 4840 4817
3 4817 4840 4829
3 4829 4841 4830
3 4830 4841 4842
3 4830 4842 4831
3 4831 4842 4843
3 4831 4843 4832
3 4832 4843 4844
3 4832 4844 4833
3 4833 4844 4845
3 4833 4845 4834
3 4834 4845 4846
3 4834 4846 4835
3 4835 4846 4847
3 4835 4847 4836
3 4836 4847 4848
3 4836 4848 4837
3 4837 4848 4849
3 4837 4849 4838
3 4838 4849 4850
3 4838 4850 4839
3 4839 4850 4851
3 4839 4851 4840
3 4840 4851 4852
3 4840 4852 4829
3 4829 4852 4841
3 4841 4853 4842
3 4842 4853 4854
3 4842 4854 4843
3 4843 4854 4855
3 4843 4855 4844
3 4844 4855 4856
3 4844 4856 4845
3 4845 4856 4857
3 4845 4857 4846
3 4846 4857 4858
3 4846 4858 4847
3 4847 4858 4859
3 4847 4859 4848
3 4848 4859 4860
3 4848 4860 4849
3 4849 4860 4861
3 4849 4861 4850
3 4850 4861 4862
3 4850 4862 4851
3 4851 4862 4863
3 4851 4863 4852
3 4852 4863 4864
3 4852 4864 4841
3 4841 4864 4853
3 4853 4865 4854
3 4854 4865 4866
3 4854 4866 4855
3 4855 4866 4867
3 4855 4867 4856
3 4856 4867 4868
3 4856 4868 4857
3 4857 4868 4869
3 4857 4869 4858
3 4858 4869 4870
3 4858 4870 4859
3 4859 4870 4871
3 4859 4871 4860
3 4860 4871 4872
3 4860 4872 4861
3 4861 4872 4873
3 4861 4873 4862
3 4862 4873 4874
3 4862 4874 4863
3 4863 4874 4875
3 4863 4875 4864
3 4864 4875 4876
3 4864 4876 4853
3 4853 4876 4865
3 4865 4877 4866
3 4866 4877 4878
3 4866 4878 4867
3 4867 4878 4879
3 4867 4879 4868
3 4868 4879 4880
3 4868 4880 4869
3 4869 4880 4881
3 4869 4881 4870
3 4870 4881 4882
3 4870 4882 4871
3 4871 4882 4883
3 4871 4883 4872
3 4872 4883 4884
3 4872 4884 4873
3 4873 4884 4885
3 4873 4885 4874
3 4874 4885 4886
3 4874 4886 4875
3 4875 4886 4887
3 4875 4887 4876
3 4876 4887 4888
3 4876 4888 4865
3 4865 4888 4877
3 4877 4889 4878
3 4878 4889 4890
3 4878 4890 4879
3 4879 4890 4891
3 4879 4891 4880
3 4880 4891 4892
3 4880 4892 4881
3 4881 4892 4893
3 4881 4893 4882
3 4882 4893 4894
3 4882 4894 4883
3 4883 4894 4895
3 4883 4895 4884
3 4884 4895 4896
3 4884 4896 4885
3 4885 4896 4897
3 4885 4897 4886
3 4886 4897 4898
3 4886 4898 4887
3 4887 4898 4899
3 4887 4899 4888
3 4888 4899 4900
3 4888 4900 4877
3 4877 4900 4889
3 4901 4890 4889
3 4901 4891 4890
3 4901 4892 4891
3 4901 4893 4892
3 4901 4894 4893
3 4901 4895 4894
3 4901 4896 4895
3 4901 4897 4896
3 4901 4898 4897
3 4901 4899 4898
3 4901 4900 4899
3 4901 4889 4900
3 4902 4903 4904
3 4902 4904 4905
3 4902 4905 4906
3 4902 4906 4907
3 4902 4907 4908
3 4902 4908 4909
3 4902 4909 4910
3 4902 4910 4911
3 4902 4911 4912
3 4902 4912 4913
3 4902 4913 4914
3 4902 4914 4903
3 4903 4915 4904
3 4904 4915 4916
3 4904 4916 4905
3 4905 4916 4917
3 4905 4917 4906
3 4906 4917 4918
3 4906 4918 4907
3 4907 4918 4919
3 4907 4919 4908
3 4908 4919 4920
3 4908 4920 4909
3 4909 4920 4921
3 4909 4921 4910
3 4910 4921 4922
3 4910 4922 4911
3 4911 4922 4923
3 4911 4923 4912
3 4912 4923 4924
3 4912 4924 4913
3 4913 4924 4925
3 4913 4925 4914
3 4914 4925 4926
3 4914 4926 4903
3 4903 4926 4915
3 4915 4927 4916
3 4916 4927 4928
3 4916 4928 4917
3 4917 4928 4929
3 4917 4929 4918
3 4918 4929 4930
3 4918 4930 4919
3 4919 4930 4931
3 4919 4931 4920
3 4920 4931 4932
3 4920 4932 4921
3 4921 4932 4933
3 4921 4933 4922
3 4922 4933 4934
3 4922 4934 4923
3 4923 4934 4935
3 4923 4935 4924
3 4924 4935 4936
3 4924 4936 4925
3 4925 4936 4937
3 4925 4937 4926
3 4926 4937 4938
3 4926 4938 4915
3 4915 4938 4927
3 4927 4939 4928
3 4928 4939 4940
3 4928 4940 4929
3 4929 4940 4941
3 4929 4941 4930
3 4930 4941 4942
3 4930 4942 4931
3 4931 4942 4943
3 4931 4943 4932
3 4932 4943 4944
3 4932 4944 4933
3 4933 4944 4945
3 4933 4945 4934
3 4934 4945 4946
3 4934 4946 4935
3 4935 4946 4947
3 4935 4947 4936
3 4936 4947 4948
3 4936 4948 4937
3 4937 4948 4949
3 4937 4949 4938
3 4938 4949 4950
3 4938 4950 4927
3 4927 4950 4939
3 4939 4951 4940
3 4940 4951 4952
3 4940 4952 4941
3 4941 4952 4953
3 4941 4953 4942
3 4942 4953 4954
3 4942 4954 4943
3 4943 4954 4955
3 4943 4955 4944
3 4944 4955 4956
3 4944 4956 4945
3 4945 4956 4957
3 4945 4957 4946
3 4946 4957 4958
3 4946 4958 4947
3 4947 4958 4959
3 4947 4959 4948
3 4948 4959 4960
3 4948 4960 4949
3 4949 4960 4961
3 4949 4961 4950
3 4950 4961 4962
3 4950 4962 4939
3 4939 4962 4951
3 4951 4963 4952
3 4952 4963 4964
3 4952 4964 4953
3 4953 4964 4965
3 4953 4965 4954
3 4954 4965 4966
3 4954 4966 4955
3 4955 4966 4967
3 4955 4967 4956
3 4956 4967 4968
3 4956 4968 4957
3 4957 4968 4969
3 4957 4969 4958
3 4958 4969 4970
3 4958 4970 4959
3 4959 4970 4971
3 4959 4971 4960
3 4960 4971 4972
3 4960 4972 4961
3 4961 4972 4973
3 4961 4973 4962
3 4962 4973 4974
3 4962 4974 4951
3 4951 4974 4963
3 4963 4975 4964
3 4964 4975 4976
3 4964 4976 4965
3 4965 4976 4977
3 4965 4977 4966
3 4966 4977 4978
3 4966 4978 4967
3 4967 4978 4979
3 4967 4979 4968
3 4968 4979 4980
3 4968 4980 4969
3 4969 4980 4981
3 4969 4981 4970
3 4970 4981 4982
3 4970 4982 4971
3 4971 4982 4983
3 4971 4983 4972
3 4972 4983 4984
3 4972 4984 4973
3 4973 4984 4985
3 4973 4985 4974
3 4974 4985 4986
3 4974 4986 4963
3 4963 4986 4975
3 4987 4976 4975
3 4987 4977 4976
3 4987 4978 4977
3 4987 4979 4978
3 4987 4980 4979
3 4987 4981 4980
3 4987 4982 4981
3 4987 4983 4982
3 4987 4984 4983
3 4987 4985 4984
3 4987 4986 4985
3 4987 4975 4986
3 4988 4989 4990
3 4988 4990 4991
3 4988 4991 4992
3 4988 4992 4993
3 4988 4993 4994
3 4988 4994 4995
3 4988 4995 4996
3 4988 4996 4997
3 4988 4997 4998
3 4988 4998 4999
3 4988 4999 5000
3 4988 5000 4989
3 4989 5001 4990
3 4990 5001 5002
3 4990 5002 4991
3 4991 5002 5003
3 4991 5003 4992
3 4992 5003 5004
3 4992 5004 4993
3 4993 5004 5005
3 4993 5005 4994
3 4994 5005 5006
3 4994 5006 4995
3 4995 5006 5007
3 4995 5007 4996
3 4996 5007 5008
3 4996 5008 4997
3 4997 5008 5009
3 4997 5009 4998
3 4998 5009 5010
3 4998 5010 4999
3 4999 5010 5011
3 4999 5011 5000
3 5000 5011 5012
3 5000 5012 4989
3 4989 5012 5001
3 5001 5013 5002
3 5002 5013 5014
3 5002 5014 5003
3 5003 5014 5015
3 5003 5015 5004
3 5004 5015 5016
3 5004 5016 5005
3 5005 5016 5017
3 5005 5017 5006
3 5006 5017 5018
3 5006 5018 5007
3 5007 5018 5019
3 5007 5019 5008
3 5008 5019 5020
3 5008 5020 5009
3 5009 5020 5021
3 5009 5021 5010
3 5010 5021 5022
3 5010 5022 5011
3 5011 5022 5023
3 5011 5023 5012
3 5012 5023 5024
3 5012 5024 5001
3 5001 5024 5013
3 5013 5025 5014
3 5014 5025 5026
3 5014 5026 5015
3 5015 5026 5027
3 5015 5027 5016
3 5016 5027 5028
3 5016 5028 5017
3 5017 5028 5029
3 5017 5029 5018
3 5018 5029 5030
3 5018 5030 5019
3 5019 5030 5031
3 5019 5031 5020
3 5020 5031 5032
3 5020 5032 5021
3 5021 5032 5033
3 5021 5033 5022
3 5022 5033 5034
3 5022 5034 5023
3 5023 5034 5035
3 5023 5035 5024
3 5024 5035 5036
3 5024 5036 5013
3 5013 5036 5025
3 5025 5037 5026
3 5026 5037 5038
3 5026 5038 5027
3 5027 5038 5039
3 5027 5039 5028
3 5028 5039 5040
3 5028 5040 5029
3 5029 5040 5041
3 5029 5041 5030
3 5030 5041 5042
3 5030 5042 5031
3 5031 5042 5043
3 5031 5043 5032
3 5032 5043 5044
3 5032 5044 5033
3 5033 5044 5045
3 5033 5045 5034
3 5034 5045 5046
3 5034 5046 5035
3 5035 5046 5047
3 5035 5047 5036
3 5036 5047 5048
3 5036 5048 5025
3 5025 5048 5037
3 5037 5049 5038
3 5038 5049 5050
3 5038 5050 5039
3 5039 5050 5051
3 5039 5051 5040
3 5040 5051 5052
3 5040 5052 5041
3 5041 5052 5053
3 5041 5053 5042
3 5042 5053 5054
3 5042 5054 5043
3 5043 5054 5055
3 5043 5055 5044
3 5044 5055 5056
3 5044 5056 5045
3 5045 5056 5057
3 5045 5057 5046
3 5046 5057 5058
3 5046 5058 5047
3 5047 5058 5059
3 5047 5059 5048
3 5048 5059 5060
3 5048 5060 5037
3 5037 5060 5049
3 5049 5061 5050
3 5050 5061 5062
3 5050 5062 5051
3 5051 5062 5063
3 5051 5063 5052
3 5052 5063 5064
3 5052 5064 5053
3 5053 5064 5065
3 5053 5065 5054
3 5054 5065 5066
3 5054 5066 5055
3 5055 5066 5067
3 5055 5067 5056
3 5056 5067 5068
3 5056 5068 5057
3 5057 5068 5069
3 5057 5069 5058
3 5058 5069 5070
3 5058 5070 5059
3 5059 5070 5071
3 5059 5071 5060
3 5060 5071 5072
3 5060 5072 5049
3 5049 5072 5061
3 5073 5062 5061
3 5073 5063 5062
3 5073 5064 5063
3 5073 5065 5064
3 5073 5066 5065
3 5073 5067 5066
3 5073 5068 5067
3 5073 5069 5068
3 5073 5070 5069
3 5073 5071 5070
3 5073 5072 5071
3 5073 5061 5072
3 5074 5075 5076
3 5074 5076 5077
3 5074 5077 5078
3 5074 5078 5079
3 5074 5079 5080
3 5074 5080 5081
3 5074 5081 5082
3 5074 5082 5083
3 5074 5083 5084
3 5074 5084 5085
3 5074 5085 5086
3 5074 5086 5075
3 5075 5087 5076
3 5076 5087 5088
3 5076 5088 5077
3 5077 5088 5089
3 5077 5089 5078
3 5078 5089 5090
3 5078 5090 5079
3 5079 5090 5091
3 5079 5091 5080
3 5080 5091 5092
3 5080 5092 5081
3 5081 5092 5093
3 5081 5093 5082
3 5082 5093 5094
3 5082 5094 5083
3 5083 5094 5095
3 5083 5095 5084
3 5084 5095 5096
3 5084 5096 5085
3 5085 5096 5097
3 5085 5097 5086
3 5086 5097 5098
3 5086 5098 5075
3 5075 5098 5087
3 5087 5099 5088
3 5088 5099 5100
3 5088 5100 5089
3 5089 5100 5101
3 5089 5101 5090
3 5090 5101 5102
3 5090 5102 5091
3 5091 5102 5103
3 5091 5103 5092
3 5092 5103 5104
3 5092 5104 5093
3 5093 5104 5105
3 5093 5105 5094
3 5094 5105 5106
3 5094 5106 5095
3 5095 5106 5107
3 5095 5107 5096
3 5096 5107 5108
3 5096 5108 5097
3 5097 5108 5109
3 5097 5109 5098
3 5098 5109 5110
3 5098 5110 5087
3 5087 5110 5099
3 5099 5111 5100
3 5100 5111 5112
3 5100 5112 5101
3 5101 5112 5113
3 5101 5113 5102
3 5102 5113 5114
3 5102 5114 5103
3 5103 5114 5115
3 5103 5115 5104
3 5104 5115 5116
3 5104 5116 5105
3 5105 5116 5117
3 5105 5117 5106
3 5106 5117 5118
3 5106 5118 5107
3 5107 5118 5119
3 5107 5119 5108
3 5108 5119 5120
3 5108 5120 5109
3 5109 5120 5121
3 5109 5121 5110
3 5110 5121 5122
3 5110 5122 5099
3 5099 5122 5111
3 5111 5123 5112
3 5112 5123 5124
3 5112 5124 5113
3 5113 5124 5125
3 5113 5125 5114
3 5114 5125 5126
3 5114 5126 5115
3 5115 5126 5127
3 5115 5127 5116
3 5116 5127 5128
3 5116 5128 5117
3 5117 5128 5129
3 5117 5129 5118
3 5118 5129 5130
3 5118 5130 5119
3 5119 5130 5131
3 5119 5131 5120
3 5120 5131 5132
3 5120 5132 5121
3 5121 5132 5133
3 5121 5133 5122
3 5122 5133 5134
3 5122 5134 5111
3 5111 5134 5123
3 5123 5135 5124
3 5124 5135 5136
3 5124 5136 5125
3 5125 5136 5137
3 5125 5137 5126
3 5126 5137 5138
3 5126 5138 5127
3 5127 5138 5139
3 5127 5139 5128
3 5128 5139 5140
3 5128 5140 5129
3 5129 5140 5141
3 5129 5141 5130
3 5130 5141 5142
3 5130 5142 5131
3 5131 5142 5143
3 5131 5143 5132
3 5132 5143 5144
3 5132 5144 5133
3 5133 5144 5145
3 5133 5145 5134
3 5134 5145 5146
3 5134 5146 5123
3 5123 5146 5135
3 5135 5147 5136
3 5136 5147 5148
3 5136 5148 5137
3 5137 5148 5149
3 5137 5149 5138
3 5138 5149 5150
3 5138 5150 5139
3 5139 5150 5151
3 5139 5151 5140
3 5140 5151 5152
3 5140 5152 5141
3 5141 5152 5153
3 5141 5153 5142
3 5142 5153 5154
3 5142 5154 5143
3 5143 5154 5155
3 5143 5155 5144
3 5144 5155 5156
3 5144 5156 5145
3 5145 5156 5157
3 5145 5157 5146
3 5146 5157 5158
3 5146 5158 5135
3 5135 5158 5147
3 5159 5148 5147
3 5159 5149 5148
3 5159 5150 5149
3 5159 5151 5150
3 5159 5152 5151
3 5159 5153 5152
3 5159 5154 5153
3 5159 5155 5154
3 5159 5156 5155
3 5159 5157 5156
3 5159 5158 5157
3 5159 5147 5158
3 5160 5161 5162
3 5160 5162 5163
3 5160 5163 5164
3 5160 5164 5165
3 5160 5165 5166
3 5160 5166 5167
3 5160 5167 5168
3 5160 5168 5169
3 5160 5169 5170
3 5160 5170 5171
3 5160 5171 5172
3 5160 5172 5161
3 5161 5173 5162
3 5162 5173 5174
3 5162 5174 5163
3 5163 5174 5175
3 5163 5175 5164
3 5164 5175 5176
3 5164 5176 5165
3 5165 5176 5177
3 5165 5177 5166
3 5166 5177 5178
3 5166 5178 5167
3 5167 5178 5179
3 5167 5179 5168
3 5168 5179 5180
3 5168 5180 5169
3 5169 5180 5181
3 5169 5181 5170
3 5170 5181 5182
3 5170 5182 5171
3 5171 5182 5183
3 5171 5183 5172
3 5172 5183 5184
3 5172 5184 5161
3 5161 5184 5173
3 5173 5185 5174
3 5174 5185 5186
3 5174 5186 5175
3 5175 5186 5187
3 5175 5187 5176
3 5176 5187 5188
3 5176 5188 5177
3 5177 5188 5189
3 5177 5189 5178
3 5178 5189 5190
3 5178 5190 5179
3 5179 5190 5191
3 5179 5191 5180
3 5180 5191 5192
3 5180 5192 5181
3 5181 5192 5193
3 5181 5193 5182
3 5182 5193 5194
3 5182 5194 5183
3 5183 5194 5195
3 5183 5195 5184
3 5184 5195 5196
3 5184 5196 5173
3 5173 5196 5185
3 5185 5197 5186
3 5186 5197 5198
3 5186 5198 5187
3 5187 5198 5199
3 5187 5199 5188
3 5188 5199 5200
3 5188 5200 5189
3 5189 5200 5201
3 5189 5201 5190
3 5190 5201 5202
3 5190 5202 5191
3 5191 5202 5203
3 5191 5203 5192
3 5192 5203 5204
3 5192 5204 5193
3 5193 5204 5205
3 5193 5205 5194
3 5194 5205 5206
3 5194 5206 5195
3 5195 5206 5207
3 5195 5207 5196
3 5196 5207 5208
3 5196 5208 5185
3 5185 5208 5197
3 5197 5209 5198
3 5198 5209 5210
3 5198 5210 5199
3 5199 5210 5211
3 5199 5211 5200
3 5200 5211 5212
3 5200 5212 5201
3 5201 5212 5213
3 5201 5213 5202
3 5202 5213 5214
3 5202 5214 5203
3 5203 5214 5215
3 5203 5215 5204
3 5204 5215 5216
3 5204 5216 5205
3 5205 5216 5217
3 5205 5217 5206
3 5206 5217 5218
3 5206 5218 5207
3 5207 5218 5219
3 5207 5219 5208
3 5208 5219 5220
3 5208 5220 5197
3 5197 5220 5209
3 5209 5221 5210
3 5210 5221 5222
3 5210 5222 5211
3 5211 5222 5223
3 5211 5223 5212
3 5212 5223 5224
3 5212 5224 5213
3 5213 5224 5225
3 5213 5225 5214
3 5214 5225 5226
3 5214 5226 5215
3 5215 5226 5227
3 5215 5227 5216
3 5216 5227 5228
3 5216 5228 5217
3 5217 5228 5229
3 5217 5229 5218
3 5218 5229 5230
3 5218 5230 5219
3 5219 5230 5231
3 5219 5231 5220
3 5220 5231 5232
3 5220 5232 5209
3 5209 5232 5221
3 5221 5233 5222
3 5222 5233 5234
3 5222 5234 5223
3 5223 5234 5235
3 5223 5235 5224
3 5224 5235 5236
3 5224 5236 5225
3 5225 5236 5237
3 5225 5237 5226
3 5226 5237 5238
3 5226 5238 5227
3 5227 5238 5239
3 5227 5239 5228
3 5228 5239 5240
3 5228 5240 5229
3 5229 5240 5241
3 5229 5241 5230
3 5230 5241 5242
3 5230 5242 5231
3 5231 5242 5243
3 5231 5243 5232
3 5232 5243 5244
3 5232 5244 5221
3 5221 5244 5233
3 5245 5234 5233
3 5245 5235 5234
3 5245 5236 5235
3 5245 5237 5236
3 5245 5238 5237
3 5245 5239 5238
3 5245 5240 5239
3 5245 5241 5240
3 5245 5242 5241
3 5245 5243 5242
3 5245 5244 5243
3 5245 5233 5244
3 5246 5247 5248
3 5246 5248 5249
3 5246 5249 5250
3 5246 5250 5251
3 5246 5251 5252
3 5246 5252 5253
3 5246 5253 5254
3 5246 5254 5255
3 5246 5255 5256
3 5246 5256 5257
3 5246 5257 5258
3 5246 5258 5247
3 5247 5259 5248
3 5248 5259 5260
3 5248 5260 5249
3 5249 5260 5261
3 5249 5261 5250
3 5250 5261 5262
3 5250 5262 5251
3 5251 5262 5263
3 5251 5263 5252
3 5252 5263 5264
3 5252 5264 5253
3 5253 5264 5265
3 5253 5265 5254
3 5254 5265 5266
3 5254 5266 5255
3 5255 5266 5267
3 5255 5267 5256
3 5256 5267 5268
3 5256 5268 5257
3 5257 5268 5269
3 5257 5269 5258
3 5258 5269 5270
3 5258 5270 5247
3 5247 5270 5259
3 5259 5271 5260
3 5260 5271 5272
3 5260 5272 5261
3 5261 5272 5273
3 5261 5273 5262
3 5262 5273 5274
3 5262 5274 5263
3 5263 5274 5275
3 5263 5275 5264
3 5264 5275 5276
3 5264 5276 5265
3 5265 5276 5277
3 5265 5277 5266
3 5266 5277 5278
3 5266 5278 5267
3 5267 5278 5279
3 5267 5279 5268
3 5268 5279 5280
3 5268 5280 5269
3 5269 5280 5281
3 5269 5281 5270
3 5270 5281 5282
3 5270 5282 5259
3 5259 5282 5271
3 5271 5283 5272
3 5272 5283 5284
3 5272 5284 5273
3 5273 5284 5285
3 5273 5285 5274
3 5274 5285 5286
3 5274 5286 5275
3 5275 5286 5287
3 5275 5287 5276
3 5276 5287 5288
3 5276 5288 5277
3 5277 5288 5289
3 5277 5289 5278
3 5278 5289 5290
3 5278 5290 5279
3 5279 5290 5291
3 5279 5291 5280
3 5280 5291 5292
3 5280 5292 5281
3 5281 5292 5293
3 5281 5293 5282
3 5282 5293 5294
3 5282 5294 5271
3 5271 5294 5283
3 5283 5295 5284
3 5284 5295 5296
3 5284 5296 5285
3 5285 5296 5297
3 5285 5297 5286
3 5286 5297 5298
3 5286 5298 5287
3 5287 5298 5299
3 5287 5299 5288
3 5288 5299 5300
3 5288 5300 5289
3 5289 5300 5301
3 5289 5301 5290
3 5290 5301 5302
3 5290 5302 5291
3 5291 5302 5303
3 5291 5303 5292
3 5292 5303 5304
3 5292 5304 5293
3 5293 5304 5305
3 5293 5305 5294
3 5294 5305 5306
3 5294 5306 5283
3 5283 5306 5295
3 5295 5307 5296
3 5296 5307 5308
3 5296 5308 5297
3 5297 5308 5309
3 5297 5309 5298
3 5298 5309 5310
3 5298 5310 5299
3 5299 5310 5311
3 5299 5311 5300
3 5300 5311 5312
3 5300 5312 5301
3 5301 5312 5313
3 5301 5313 5302
3 5302 5313 5314
3 5302 5314 5303
3 5303 5314 5315
3 5303 5315 5304
3 5304 5315 5316
3 5304 5316 5305
3 5305 5316 5317
3 5305 5317 5306
3 5306 5317 5318
3 5306 5318 5295
3 5295 5318 5307
3 5307 5319 5308
3 5308 5319 5320
3 5308 5320 5309
3 5309 5320 5321
3 5309 5321 5310
3 5310 5321 5322
3 5310 5322 5311
3 5311 5322 5323
3 5311 5323 5312
3 5312 5323 5324
3 5312 5324 5313
3 5313 5324 5325
3 5313 5325 5314
3 5314 5325 5326
3 5314 5326 5315
3 5315 5326 5327
3 5315 5327 5316
3 5316 5327 5328
3 5316 5328 5317
3 5317 5328 5329
3 5317 5329 5318
3 5318 5329 5330
3 5318 5330 5307
3 5307 5330 5319
3 5331 5320 5319
3 5331 5321 5320
3 5331 5322 5321
3 5331 5323 5322
3 5331 5324 5323
3 5331 5325 5324
3 5331 5326 5325
3 5331 5327 5326
3 5331 5328 5327
3 5331 5329 5328
3 5331 5330 5329
3 5331 5319 5330
3 5332 5333 5334
3 5332 5334 5335
3 5332 5335 5336
3 5332 5336 5337
3 5332 5337 5338
3 5332 5338 5339
3 5332 5339 5340
3 5332 5340 5341
3 5332 5341 5342
3 5332 5342 5343
3 5332 5343 5344
3 5332 5344 5333
3 5333 5345 5334
3 5334 5345 5346
3 5334 5346 5335
3 5335 5346 5347
3 5335 5347 5336
3 5336 5347 5348
3 5336 5348 5337
3 5337 5348 5349
3 5337 5349 5338
3 5338 5349 5350
3 5338 5350 5339
3 5339 5350 5351
3 5339 5351 5340
3 5340 5351 5352
3 5340 5352 5341
3 5341 5352 5353
3 5341 5353 5342
3 5342 5353 5354
3 5342 5354 5343
3 5343 5354 5355
3 5343 5355 5344
3 5344 5355 5356
3 5344 5356 5333
3 5333 5356 5345
3 5345 5357 5346
3 5346 5357 5358
3 5346 5358 5347
3 5347 5358 5359
3 5347 5359 5348
3 5348 5359 5360
3 5348 5360 5349
3 5349 5360 5361
3 5349 5361 5350
3 5350 5361 5362
3 5350 5362 5351
3 5351 5362 5363
3 5351 5363 5352
3 5352 5363 5364
3 5352 5364 5353
3 5353 5364 5365
3 5353 5365 5354
3 5354 5365 5366
3 5354 5366 5355
3 5355 5366 5367
3 5355 5367 5356
3 5356 5367 5368
3 5356 5368 5345
3 5345 5368 5357
3 5357 5369 5358
3 5358 5369 5370
3 5358 5370 5359
3 5359 5370 5371
3 5359 5371 5360
3 5360 5371 5372
3 5360 5372 5361
3 5361 5372 5373
3 5361 5373 5362
3 5362 5373 5374
3 5362 5374 5363
3 5363 5374 5375
3 5363 5375 5364
3 5364 5375 5376
3 5364 5376 5365
3 5365 5376 5377
3 5365 5377 5366
3 5366 5377 5378
3 5366 5378 5367
3 5367 5378 5379
3 5367 5379 5368
3 5368 5379 5380
3 5368 5380 5357
3 5357 5380 5369
3 5369 5381 5370
3 5370 5381 5382
3 5370 5382 5371
3 5371 5382 5383
3 5371 5383 5372
3 5372 5383 5384
3 5372 5384 5373
3 5373 5384 5385
3 5373 5385 5374
3 5374 5385 5386
3 5374 5386 5375
3 5375 5386 5387
3 5375 5387 5376
3 5376 5387 5388
3 5376 5388 5377
3 5377 5388 5389
3 5377 5389 5378
3 5378 5389 5390
3 5378 5390 5379
3 5379 5390 5391
3 5379 5391 5380
3 5380 5391 5392
3 5380 5392 5369
3 5369 5392 5381
3 5381 5393 5382
3 5382 5393 5394
3 5382 5394 5383
3 5383 5394 5395
3 5383 5395 5384
3 5384 5395 5396
3 5384 5396 5385
3 5385 5396 5397
3 5385 5397 5386
3 5386 5397 5398
3 5386 5398 5387
3 5387 5398 5399
3 5387 5399 5388
3 5388 5399 5400
3 5388 5400 5389
3 5389 5400 5401
3 5389 5401 5390
3 5390 5401 5402
3 5390 5402 5391
3 5391 5402 5403
3 5391 5403 5392
3 5392 5403 5404
3 5392 5404 5381
3 5381 5404 5393
3 5393 5405 5394
3 5394 5405 5406
3 5394 5406 5395
3 5395 5406 5407
3 5395 5407 5396
3 5396 5407 5408
3 5396 5408 5397
3 5397 5408 5409
3 5397 5409 5398
3 5398 5409 5410
3 5398 5410 5399
3 5399 5410 5411
3 5399 5411 5400
3 5400 5411 5412
3 5400 5412 5401
3 5401 5412 5413
3 5401 5413 5402
3 5402 5413 5414
3 5402 5414 5403
3 5403 5414 5415
3 5403 5415 5404
3 5404 5415 5416
3 5404 5416 5393
3 5393 5416 5405
3 5417 5406 5405
3 5417 5407 5406
3 5417 5408 5407
3 5417 5409 5408
3 5417 5410 5409
3 5417 5411 5410
3 5417 5412 5411
3 5417 5413 5412
3 5417 5414 5413
3 5417 5415 5414
3 5417 5416 5415
3 5417 5405 5416
3 5418 5419 5420
3 5418 5420 5421
3 5418 5421 5422
3 5418 5422 5423
3 5418 5423 5424
3 5418 5424 5425
3 5418 5425 5426
3 5418 5426 5427
3 5418 5427 5428
3 5418 5428 5429
3 5418 5429 5430
3 5418 5430 5419
3 5419 5431 5420
3 5420 5431 5432
3 5420 5432 5421
3 5421 5432 5433
3 5421 5433 5422
3 5422 5433 5434
3 5422 5434 5423
3 5423 5434 5435
3 5423 5435 5424
3 5424 5435 5436
3 5424 5436 5425
3 5425 5436 5437
3 5425 5437 5426
3 5426 5437 5438
3 5426 5438 5427
3 5427 5438 5439
3 5427 5439 5428
3 5428 5439 5440
3 5428 5440 5429
3 5429 5440 5441
3 5429 5441 5430
3 5430 5441 5442
3 5430 5442 5419
3 5419 5442 5431
3 5431 5443 5432
3 5432 5443 5444
3 5432 5444 5433
3 5433 5444 5445
3 5433 5445 5434
3 5434 5445 5446
3 5434 5446 5435
3 5435 5446 5447
3 5435 5447 5436
3 5436 5447 5448
3 5436 5448 5437
3 5437 5448 5449
3 5437 5449 5438
3 5438 5449 5450
3 5438 5450 5439
3 5439 5450 5451
3 5439 5451 5440
3 5440 5451 5452
3 5440 5452 5441
3 5441 5452 5453
3 5441 5453 5442
3 5442 5453 5454
3 5442 5454 5431
3 5431 5454 5443
3 5443 5455 5444
3 5444 5455 5456
3 5444 5456 5445
3 5445 5456 5457
3 5445 5457 5446
3 5446 5457 5458
3 5446 5458 5447
3 5447 5458 5459
3 5447 5459 5448
3 5448 5459 5460
3 5448 5460 5449
3 5449 5460 5461
3 5449 5461 5450
3 5450 5461 5462
3 5450 5462 5451
3 5451 5462 5463
3 5451 5463 5452
3 5452 5463 5464
3 5452 5464 5453
3 5453 5464 5465
3 5453 5465 5454
3 5454 5465 5466
3 5454 5466 5443
3 5443 5466 5455
3 5455 5467 5456
3 5456 5467 5468
3 5456 5468 5457
3 5457 5468 5469
3 5457 5469 5458
3 5458 5469 5470
3 5458 5470 5459
3 5459 5470 5471
3 5459 5471 5460
3 5460 5471 5472
3 5460 5472 5461
3 5461 5472 5473
3 5461 5473 5462
3 5462 5473 5474
3 5462 5474 5463
3 5463 5474 5475
3 5463 5475 5464
3 5464 5475 5476
3 5464 5476 5465
3 5465 5476 5477
3 5465 5477 5466
3 5466 5477 5478
3 5466 5478 5455
3 5455 5478 5467
3 5467 5479 5468
3 5468 5479 5480
3 5468 5480 5469
3 5469 5480 5481
3 5469 5481 5470
3 5470 5481 5482
3 5470 5482 5471
3 5471 5482 5483
3 5471 5483 5472
3 5472 5483 5484
3 5472 5484 5473
3 5473 5484 5485
3 5473 5485 5474
3 5474 5485 5486
3 5474 5486 5475
3 5475 5486 5487
3 5475 5487 5476
3 5476 5487 5488
3 5476 5488 5477
3 5477 5488 5489
3 5477 5489 5478
3 5478 5489 5490
3 5478 5490 5467
3 5467 5490 5479
3 5479 5491 5480
3 5480 5491 5492
3 5480 5492 5481
3 5481 5492 5493
3 5481 5493 5482
3 5482 5493 5494
3 5482 5494 5483
3 5483 5494 5495
3 5483 5495 5484
3 5484 5495 5496
3 5484 5496 5485
3 5485 5496 5497
3 5485 5497 5486
3 5486 5497 5498
3 5486 5498 5487
3 5487 5498 5499
3 5487 5499 5488
3 5488 5499 5500
3 5488 5500 5489
3 5489 5500 5501
3 5489 5501 5490
3 5490 5501 5502
3 5490 5502 5479
3 5479 5502 5491
3 5503 5492 5491
3 5503 5493 5492
3 5503 5494 5493
3 5503 5495 5494
3 5503 5496 5495
3 5503 5497 5496
3 5503 5498 5497
3 5503 5499 5498
3 5503 5500 5499
3 5503 5501 5500
3 5503 5502 5501
3 5503 5491 5502
3 5504 5505 5506
3 5504 5506 5507
3 5504 5507 5508
3 5504 5508 5509
3 5504 5509 5510
3 5504 5510 5511
3 5504 5511 5512
3 5504 5512 5513
3 5504 5513 5514
3 5504 5514 5515
3 5504 5515 5516
3 5504 5516 5505
3 5505 5517 5506
3 5506 5517 5518
3 5506 5518 5507
3 5507 5518 5519
3 5507 5519 5508
3 5508 5519 5520
3 5508 5520 5509
3 5509 5520 5521
3 5509 5521 5510
3 5510 5521 5522
3 5510 5522 5511
3 5511 5522 5523
3 5511 5523 5512
3 5512 5523 5524
3 5512 5524 5513
3 5513 5524 5525
3 5513 5525 5514
3 5514 5525 5526
3 5514 5526 5515
3 5515 5526 5527
3 5515 5527 5516
3 5516 5527 5528
3 5516 5528 5505
3 5505 5528 5517
3 5517 5529 5518
3 5518 5529 5530
3 5518 5530 5519
3 5519 5530 5531
3 5519 5531 5520
3 5520 5531 5532
3 5520 5532 5521
3 5521 5532 5533
3 5521 5533 5522
3 5522 5533 5534
3 5522 5534 5523
3 5523 5534 5535
3 5523 5535 5524
3 5524 5535 5536
3 5524 5536 5525
3 5525 5536 5537
3 5525 5537 5526
3 5526 5537 5538
3 5526 5538 5527
3 5527 5538 5539
3 5527 5539 5528
3 5528 5539 5540
3 5528 5540 5517
3 5517 5540 5529
3 5529 5541 5530
3 5530 5541 5542
3 5530 5542 5531
3 5531 5542 5543
3 5531 5543 5532
3 5532 5543 5544
3 5532 5544 5533
3 5533 5544 5545
3 5533 5545 5534
3 5534 5545 5546
3 5534 5546 5535
3 5535 5546 5547
3 5535 5547 5536
3 5536 5547 5548
3 5536 5548 5537
3 5537 5548 5549
3 5537 5549 5538
3 5538 5549 5550
3 5538 5550 5539
3 5539 5550 5551
3 5539 5551 5540
3 5540 5551 5552
3 5540 5552 5529
3 5529 5552 5541
3 5541 5553 5542
3 5542 5553 5554
3 5542 5554 5543
3 5543 5554 5555
3 5543 5555 5544
3 5544 5555 5556
3 5544 5556 5545
3 5545 5556 5557
3 5545 5557 5546
3 5546 5557 5558
3 5546 5558 5547
3 5547 5558 5559
3 5547 5559 5548
3 5548 5559 5560
3 5548 5560 5549
3 5549 5560 5561
3 5549 5561 5550
3 5550 5561 5562
3 5550 5562 5551
3 5551 5562 5563
3 5551 5563 5552
3 5552 5563 5564
3 5552 5564 5541
3 5541 5564 5553
3 5553 5565 5554
3 5554 5565 5566
3 5554 5566 5555
3 5555 5566 5567
3 5555 5567 5556
3 5556 5567 5568
3 5556 5568 5557
3 5557 5568 5569
3 5557 5569 5558
3 5558 5569 5570
3 5558 5570 5559
3 5559 5570 5571
3 5559 5571 5560
3 5560 5571 5572
3 5560 5572 5561
3 5561 5572 5573
3 5561 5573 5562
3 5562 5573 5574
3 5562 5574 5563
3 5563 5574 5575
3 5563 5575 5564
3 5564 5575 5576
3 5564 5576 5553
3 5553 5576 5565
3 5565 5577 5566
3 5566 5577 5578
3 5566 5578 5567
3 5567 5578 5579
3 5567 5579 5568
3 5568 5579 5580
3 5568 5580 5569
3 5569 5580 5581
3 5569 5581 5570
3 5570 5581 5582
3 5570 5582 5571
3 5571 5582 5583
3 5571 5583 5572
3 5572 5583 5584
3 5572 5584 5573
3 5573 5584 5585
3 5573 5585 5574
3 5574 5585 5586
3 5574 5586 5575
3 5575 5586 5587
3 5575 5587 5576
3 5576 5587 5588
3 5576 5588 5565
3 5565 5588 5577
3 5589 5578 5577
3 5589 5579 5578
3 5589 5580 5579
3 5589 5581 5580
3 5589 5582 5581
3 5589 5583 5582
3 5589 5584 5583
3 5589 5585 5584
3 5589 5586 5585
3 5589 5587 5586
3 5589 5588 5587
3 5589 5577 5588
3 5590 5591 5592
3 5590 5592 5593
3 5590 5593 5594
3 5590 5594 5595
3 5590 5595 5596
3 5590 5596 5597
3 5590 5597 5598
3 5590 5598 5599
3 5590 5599 5600
3 5590 5600 5601
3 5590 5601 5602
3 5590 5602 5591
3 5591 5603 5592
3 5592 5603 5604
3 5592 5604 5593
3 5593 5604 5605
3 5593 5605 5594
3 5594 5605 5606
3 5594 5606 5595
3 5595 5606 5607
3 5595 5607 5596
3 5596 5607 5608
3 5596 5608 5597
3 5597 5608 5609
3 5597 5609 5598
3 5598 5609 5610
3 5598 5610 5599
3 5599 5610 5611
3 5599 5611 5600
3 5600 5611 5612
3 5600 5612 5601
3 5601 5612 5613
3 5601 5613 5602
3 5602 5613 5614
3 5602 5614 5591
3 5591 5614 5603
3 5603 5615 5604
3 5604 5615 5616
3 5604 5616 5605
3 5605 5616 5617
3 5605 5617 5606
3 5606 5617 5618
3 5606 5618 5607
3 5607 5618 5619
3 5607 5619 5608
3 5608 5619 5620
3 5608 5620 5609
3 5609 5620 5621
3 5609 5621 5610
3 5610 5621 5622
3 5610 5622 5611
3 5611 5622 5623
3 5611 5623 5612
3 5612 5623 5624
3 5612 5624 5613
3 5613 5624 5625
3 5613 5625 5614
3 5614 5625 5626
3 5614 5626 5603
3 5603 5626 5615
3 5615 5627 5616
3 5616 5627 5628
3 5616 5628 5617
3 5617 5628 5629
3 5617 5629 5618
3 5618 5629 5630
3 5618 5630 5619
3 5619 5630 5631
3 5619 5631 5620
3 5620 5631 5632
3 5620 5632 5621
3 5621 5632 5633
3 5621 5633 5622
3 5622 5633 5634
3 5622 5634 5623
3 5623 5634 5635
3 5623 5635 5624
3 5624 5635 5636
3 5624 5636 5625
3 5625 5636 5637
3 5625 5637 5626
3 5626 5637 5638
3 5626 5638 5615
3 5615 5638 5627
3 5627 5639 5628
3 5628 5639 5640
3 5628 5640 5629
3 5629 5640 5641
3 5629 5641 5630
3 5630 5641 5642
3 5630 5642 5631
3 5631 5642 5643
3 5631 5643 5632
3 5632 5643 5644
3 5632 5644 5633
3 5633 5644 5645
3 5633 5645 5634
3 5634 5645 5646
3 5634 5646 5635
3 5635 5646 5647
3 5635 5647 5636
3 5636 5647 5648
3 5636 5648 5637
3 5637 5648 5649
3 5637 5649 5638
3 5638 5649 5650
3 5638 5650 5627
3 5627 5650 5639
3 5639 5651 5640
3 5640 5651 5652
3 5640 5652 5641
3 5641 5652 5653
3 5641 5653 5642
3 5642 5653 5654
3 5642 5654 5643
3 5643 5654 5655
3 5643 5655 5644
3 5644 5655 5656
3 5644 5656 5645
3 5645 5656 5657
3 5645 5657 5646
3 5646 5657 5658
3 5646 5658 5647
3 5647 5658 5659
3 5647 5659 5648
3 5648 5659 5660
3 5648 5660 5649
3 5649 5660 5661
3 5649 5661 5650
3 5650 5661 5662
3 5650 5662 5639
3 5639 5662 5651
3 5651 5663 5652
3 5652 5663 5664
3 5652 5664 5653
3 5653 5664 5665
3 5653 5665 5654
3 5654 5665 5666
3 5654 5666 5655
3 5655 5666 5667
3 5655 5667 5656
3 5656 5667 5668
3 5656 5668 5657
3 5657 5668 5669
3 5657 5669 5658
3 5658 5669 5670
3 5658 5670 5659
3 5659 5670 5671
3 5659 5671 5660
3 5660 5671 5672
3 5660 5672 5661
3 5661 5672 5673
3 5661 5673 5662
3 5662 5673 5674
3 5662 5674 5651
3 5651 5674 5663
3 5675 5664 5663
3 5675 5665 5664
3 5675 5666 5665
3 5675 5667 5666
3 5675 5668 5667
3 5675 5669 5668
3 5675 5670 5669
3 5675 5671 5670
3 5675 5672 5671
3 5675 5673 5672
3 5675 5674 5673
3 5675 5663 5674
3 5676 5677 5678
3 5676 5678 5679
3 5676 5679 5680
3 5676 5680 5681
3 5676 5681 5682
3 5676 5682 5683
3 5676 5683 5684
3 5676 5684 5685
3 5676 5685 5686
3 5676 5686 5687
3 5676 5687 5688
3 5676 5688 5677
3 5677 5689 5678
3 5678 5689 5690
3 5678 5690 5679
3 5679 5690 5691
3 5679 5691 5680
3 5680 5691 5692
3 5680 5692 5681
3 5681 5692 5693
3 5681 5693 5682
3 5682 5693 5694
3 5682 5694 5683
3 5683 5694 5695
3 5683 5695 5684
3 5684 5695 5696
3 5684 5696 5685
3 5685 5696 5697
3 5685 5697 5686
3 5686 5697 5698
3 5686 5698 5687
3 5687 5698 5699
3 5687 5699 5688
3 5688 5699 5700
3 5688 5700 5677
3 5677 5700 5689
3 5689 5701 5690
3 5690 5701 5702
3 5690 5702 5691
3 5691 5702 5703
3 5691 5703 5692
3 5692 5703 5704
3 5692 5704 5693
3 5693 5704 5705
3 5693 5705 5694
3 5694 5705 5706
3 5694 5706 5695
3 5695 5706 5707
3 5695 5707 5696
3 5696 5707 5708
3 5696 5708 5697
3 5697 5708 5709
3 5697 5709 5698
3 5698 5709 5710
3 5698 5710 5699
3 5699 5710 5711
3 5699 5711 5700
3 5700 5711 5712
3 5700 5712 5689
3 5689 5712 5701
3 5701 5713 5702
3 5702 5713 5714
3 5702 5714 5703
3 5703 5714 5715
3 5703 5715 5704
3 5704 5715 5716
3 5704 5716 5705
3 5705 5716 5717
3 5705 5717 5706
3 5706 5717 5718
3 5706 5718 5707
3 5707 5718 5719
3 5707 5719 5708
3 5708 5719 5720
3 5708 5720 5709
3 5709 5720 5721
3 5709 5721 5710
3 5710 5721 5722
3 5710 5722 5711
3 5711 5722 5723
3 5711 5723 5712
3 5712 5723 5724
3 5712 5724 5701
3 5701 5724 5713
3 5713 5725 5714
3 5714 5725 5726
3 5714 5726 5715
3 5715 5726 5727
3 5715 5727 5716
3 5716 5727 5728
3 5716 5728 5717
3 5717 5728 5729
3 5717 5729 5718
3 5718 5729 5730
3 5718 5730 5719
3 5719 5730 5731
3 5719 5731 5720
3 5720 5731 5732
3 5720 5732 5721
3 5721 5732 5733
3 5721 5733 5722
3 5722 5733 5734
3 5722 5734 5723
3 5723 5734 5735
3 5723 5735 5724
3 5724 5735 5736
3 5724 5736 5713
3 5713 5736 5725
3 5725 5737 5726
3 5726 5737 5738
3 5726 5738 5727
3 5727 5738 5739
3 5727 5739 5728
3 5728 5739 5740
3 5728 5740 5729
3 5729 5740 5741
3 5729 5741 5730
3 5730 5741 5742
3 5730 5742 5731
3 5731 5742 5743
3 5731 5743 5732
3 5732 5743 5744
3 5732 5744 5733
3 5733 5744 5745
3 5733 5745 5734
3 5734 5745 5746
3 5734 5746 5735
3 5735 5746 5747
3 5735 5747 5736
3 5736 5747 5748
3 5736 5748 5725
3 5725 5748 5737
3 5737 5749 5738
3 5738 5749 5750
3 5738 5750 5739
3 5739 5750 5751
3 5739 5751 5740
3 5740 5751 5752
3 5740 5752 5741
3 5741 5752 5753
3 5741 5753 5742
3 5742 5753 5754
3 5742 5754 5743
3 5743 5754 5755
3 5743 5755 5744
3 5744 5755 5756
3 5744 5756 5745
3 5745 5756 5757
3 5745 5757 5746
3 5746 5757 5758
3 5746 5758 5747
3 5747 5758 5759
3 5747 5759 5748
3 5748 5759 5760
3 5748 5760 5737
3 5737 5760 5749
3 5761 5750 5749
3 5761 5751 5750
3 5761 5752 5751
3 5761 5753 5752
3 5761 5754 5753
3 5761 5755 5754
3 5761 5756 5755
3 5761 5757 5756
3 5761 5758 5757
3 5761 5759 5758
3 5761 5760 5759
3 5761 5749 5760
3 5762 5763 5764
3 5762 5764 5765
3 5762 5765 5766
3 5762 5766 5767
3 5762 5767 5768
3 5762 5768 5769
3 5762 5769 5770
3 5762 5770 5771
3 5762 5771 5772
3 5762 5772 5773
3 5762 5773 5774
3 5762 5774 5763
3 5763 5775 5764
3 5764 5775 5776
3 5764 5776 5765
3 5765 5776 5777
3 5765 5777 5766
3 5766 5777 5778
3 5766 5778 5767
3 5767 5778 5779
3 5767 5779 5768
3 5768 5779 5780
3 5768 5780 5769
3 5769 5780 5781
3 5769 5781 5770
3 5770 5781 5782
3 5770 5782 5771
3 5771 5782 5783
3 5771 5783 5772
3 5772 5783 5784
3 5772 5784 5773
3 5773 5784 5785
3 5773 5785 5774
3 5774 5785 5786
3 5774 5786 5763
3 5763 5786 5775
3 5775 5787 5776
3 5776 5787 5788
3 5776 5788 5777
3 5777 5788 5789
3 5777 5789 5778
3 5778 5789 5790
3 5778 5790 5779
3 5779 5790 5791
3 5779 5791 5780
3 5780 5791 5792
3 5780 5792 5781
3 5781 5792 5793
3 5781 5793 5782
3 5782 5793 5794
3 5782 5794 5783
3 5783 5794 5795
3 5783 5795 5784
3 5784 5795 5796
3 5784 5796 5785
3 5785 5796 5797
3 5785 5797 5786
3 5786 5797 5798
3 5786 5798 5775
3 5775 5798 5787
3 5787 5799 5788
3 5788 5799 5800
3 5788 5800 5789
3 5789 5800 5801
3 5789 5801 5790
3 5790 5801 5802
3 5790 5802 5791
3 5791 5802 5803
3 5791 5803 5792
3 5792 5803 5804
3 5792 5804 5793
3 5793 5804 5805
3 5793 5805 5794
3 5794 5805 5806
3 5794 5806 5795
3 5795 5806 5807
3 5795 5807 5796
3 5796 5807 5808
3 5796 5808 5797
3 5797 5808 5809
3 5797 5809 5798
3 5798 5809 5810
3 5798 5810 5787
3 5787 5810 5799
3 5799 5811 5800
3 5800 5811 5812
3 5800 5812 5801
3 5801 5812 5813
3 5801 5813 5802
3 5802 5813 5814
3 5802 5814 5803
3 5803 5814 5815
3 5803 5815 5804
3 5804 5815 5816
3 5804 5816 5805
3 5805 5816 5817
3 5805 5817 5806
3 5806 5817 5818
3 5806 5818 5807
3 5807 5818 5819
3 5807 5819 5808
3 5808 5819 5820
3 5808 5820 5809
3 5809 5820 5821
3 5809 5821 5810
3 5810 5821 5822
3 5810 5822 5799
3 5799 5822 5811
3 5811 5823 5812
3 5812 5823 5824
3 5812 5824 5813
3 5813 5824 5825
3 5813 5825 5814
3 5814 5825 5826
3 5814 5826 5815
3 5815 5826 5827
3 5815 5827 5816
3 5816 5827 5828
3 5816 5828 5817
3 5817 5828 5829
3 5817 5829 5818
3 5818 5829 5830
3 5818 5830 5819
3 5819 5830 5831
3 5819 5831 5820
3 5820 5831 5832
3 5820 5832 5821
3 5821 5832 5833
3 5821 5833 5822
3 5822 5833 5834
3 5822 5834 5811
3 5811 5834 5823
3 5823 5835 5824
3 5824 5835 5836
3 5824 5836 5825
3 5825 5836 5837
3 5825 5837 5826
3 5826 5837 5838
3 5826 5838 5827
3 5827 5838 5839
3 5827 5839 5828
3 5828 5839 5840
3 5828 5840 5829
3 5829 5840 5841
3 5829 5841 5830
3 5830 5841 5842
3 5830 5842 5831
3 5831 5842 5843
3 5831 5843 5832
3 5832 5843 5844
3 5832 5844 5833
3 5833 5844 5845
3 5833 5845 5834
3 5834 5845 5846
3 5834 5846 5823
3 5823 5846 5835
3 5847 5836 5835
3 5847 5837 5836
3 5847 5838 5837
3 5847 5839 5838
3 5847 5840 5839
3 5847 5841 5840
3 5847 5842 5841
3 5847 5843 5842
3 5847 5844 5843
3 5847 5845 5844
3 5847 5846 5845
3 5847 5835 5846
3 5848 5849 5850
3 5848 5850 5851
3 5848 5851 5852
3 5848 5852 5853
3 5848 5853 5854
3 5848 5854 5855
3 5848 5855 5856
3 5848 5856 5857
3 5848 5857 5858
3 5848 5858 5859
3 5848 5859 5860
3 5848 5860 5849
3 5849 5861 5850
3 5850 5861 5862
3 5850 5862 5851
3 5851 5862 5863
3 5851 5863 5852
3 5852 5863 5864
3 5852 5864 5853
3 5853 5864 5865
3 5853 5865 5854
3 5854 5865 5866
3 5854 5866 5855
3 5855 5866 5867
3 5855 5867 5856
3 5856 5867 5868
3 5856 5868 5857
3 5857 5868 5869
3 5857 5869 5858
3 5858 5869 5870
3 5858 5870 5859
3 5859 5870 5871
3 5859 5871 5860
3 5860 5871 5872
3 5860 5872 5849
3 5849 5872 5861
3 5861 5873 5862
3 5862 5873 5874
3 5862 5874 5863
3 5863 5874 5875
3 5863 5875 5864
3 5864 5875 5876
3 5864 5876 5865
3 5865 5876 5877
3 5865 5877 5866
3 5866 5877 5878
3 5866 5878 5867
3 5867 5878 5879
3 5867 5879 5868
3 5868 5879 5880
3 5868 5880 5869
3 5869 5880 5881
3 5869 5881 5870
3 5870 5881 5882
3 5870 5882 5871
3 5871 5882 5883
3 5871 5883 5872
3 5872 5883 5884
3 5872 5884 5861
3 5861 5884 5873
3 5873 5885 5874
3 5874 5885 5886
3 5874 5886 5875
3 5875 5886 5887
3 5875 5887 5876
3 5876 5887 5888
3 5876 5888 5877
3 5877 5888 5889
3 5877 5889 5878
3 5878 5889 5890
3 5878 5890 5879
3 5879 5890 5891
3 5879 5891 5880
3 5880 5891 5892
3 5880 5892 5881
3 5881 5892 5893
3 5881 5893 5882
3 5882 5893 5894
3 5882 5894 5883
3 5883 5894 5895
3 5883 5895 5884
3 5884 5895 5896
3 5884 5896 5873
3 5873 5896 5885
3 5885 5897 5886
3 5886 5897 5898
3 5886 5898 5887
3 5887 5898 5899
3 5887 5899 5888
3 5888 5899 5900
3 5888 5900 5889
3 5889 5900 5901
3 5889 5901 5890
3 5890 5901 5902
3 5890 5902 5891
3 5891 5902 5903
3 5891 5903 5892
3 5892 5903 5904
3 5892 5904 5893
3 5893 5904 5905
3 5893 5905 5894
3 5894 5905 5906
3 5894 5906 5895
3 5895 5906 5907
3 5895 5907 5896
3 5896 5907 5908
3 5896 5908 5885
3 5885 5908 5897
3 5897 5909 5898
3 5898 5909 5910
3 5898 5910 5899
3 5899 5910 5911
3 5899 5911 5900
3 5900 5911 5912
3 5900 5912 5901
3 5901 5912 5913
3 5901 5913 5902
3 5902 5913 5914
3 5902 5914 5903
3 5903 5914 5915
3 5903 5915 5904
3 5904 5915 5916
3 5904 5916 5905
3 5905 5916 5917
3 5905 5917 5906
3 5906 5917 5918
3 5906 5918 5907
3 5907 5918 5919
3 5907 5919 5908
3 5908 5919 5920
3 5908 5920 5897
3 5897 5920 5909
3 5909 5921 5910
3 5910 5921 5922
3 5910 5922 5911
3 5911 5922 5923
3 5911 5923 5912
3 5912 5923 5924
3 5912 5924 5913
3 5913 5924 5925
3 5913 5925 5914
3 5914 5925 5926
3 5914 5926 5915
3 5915 5926 5927
3 5915 5927 5916
3 5916 5927 5928
3 5916 5928 5917
3 5917 5928 5929
3 5917 5929 5918
3 5918 5929 5930
3 5918 5930 5919
3 5919 5930 5931
3 5919 5931 5920
3 5920 5931 5932
3 5920 5932 5909
3 5909 5932 5921
3 5933 5922 5921
3 5933 5923 5922
3 5933 5924 5923
3 5933 5925 5924
3 5933 5926 5925
3 5933 5927 5926
3 5933 5928 5927
3 5933 5929 5928
3 5933 5930 5929
3 5933 5931 5930
3 5933 5932 5931
3 5933 5921 5932
3 5934 5935 5936
3 5934 5936 5937
3 5934 5937 5938
3 5934 5938 5939
3 5934 5939 5940
3 5934 5940 5941
3 5934 5941 5942
3 5934 5942 5943
3 5934 5943 5944
3 5934 5944 5945
3 5934 5945 5946
3 5934 5946 5935
3 5935 5947 5936
3 5936 5947 5948
3 5936 5948 5937
3 5937 5948 5949
3 5937 5949 5938
3 5938 5949 5950
3 5938 5950 5939
3 5939 5950 5951
3 5939 5951 5940
3 5940 5951 5952
3 5940 5952 5941
3 5941 5952 5953
3 5941 5953 5942
3 5942 5953 5954
3 5942 5954 5943
3 5943 5954 5955
3 5943 5955 5944
3 5944 5955 5956
3 5944 5956 5945
3 5945 5956 5957
3 5945 5957 5946
3 5946 5957 5958
3 5946 5958 5935
3 5935 5958 5947
3 5947 5959 5948
3 5948 5959 5960
3 5948 5960 5949
3 5949 5960 5961
3 5949 5961 5950
3 5950 5961 5962
3 5950 5962 5951
3 5951 5962 5963
3 5951 5963 5952
3 5952 5963 5964
3 5952 5964 5953
3 5953 5964 5965
3 5953 5965 5954
3 5954 5965 5966
3 5954 5966 5955
3 5955 5966 5967
3 5955 5967 5956
3 5956 5967 5968
3 5956 5968 5957
3 5957 5968 5969
3 5957 5969 5958
3 5958 5969 5970
3 5958 5970 5947
3 5947 5970 5959
3 5959 5971 5960
3 5960 5971 5972
3 5960 5972 5961
3 5961 5972 5973
3 5961 5973 5962
3 5962 5973 5974
3 5962 5974 5963
3 5963 5974 5975
3 5963 5975 5964
3 5964 5975 5976
3 5964 5976 5965
3 5965 5976 5977
3 5965 5977 5966
3 5966 5977 5978
3 5966 5978 5967
3 5967 5978 5979
3 5967 5979 5968
3 5968 5979 5980
3 5968 5980 5969
3 5969 5980 5981
3 5969 5981 5970
3 5970 5981 5982
3 5970 5982 5959
3 5959 5982 5971
3 5971 5983 5972
3 5972 5983 5984
3 5972 5984 5973
3 5973 5984 5985
3 5973 5985 5974
3 5974 5985 5986
3 5974 5986 5975
3 5975 5986 5987
3 5975 5987 5976
3 5976 5987 5988
3 5976 5988 5977
3 5977 5988 5989
3 5977 5989 5978
3 5978 5989 5990
3 5978 5990 5979
3 5979 5990 5991
3 5979 5991 5980
3 5980 5991 5992
3 5980 5992 5981
3 5981 5992 5993
3 5981 5993 5982
3 5982 5993 5994
3 5982 5994 5971
3 5971 5994 5983
3 5983 5995 5984
3 5984 5995 5996
3 5984 5996 5985
3 5985 5996 5997
3 5985 5997 5986
3 5986 5997 5998
3 5986 5998 5987
3 5987 5998 5999
3 5987 5999 5988
3 5988 5999 6000
3 5988 6000 5989
3 5989 6000 6001
3 5989 6001 5990
3 5990 6001 6002
3 5990 6002 5991
3 5991 6002 6003
3 5991 6003 5992
3 5992 6003 6004
3 5992 6004 5993
3 5993 6004 6005
3 5993 6005 5994
3 5994 6005 6006
3 5994 6006 5983
3 5983 6006 5995
3 5995 6007 5996
3 5996 6007 6008
3 5996 6008 5997
3 5997 6008 6009
3 5997 6009 5998
3 5998 6009 6010
3 5998 6010 5999
3 5999 6010 6011
3 5999 6011 6000
3 6000 6011 6012
3 6000 6012 6001
3 6001 6012 6013
3 6001 6013 6002
3 6002 6013 6014
3 6002 6014 6003
3 6003 6014 6015
3 6003 6015 6004
3 6004 6015 6016
3 6004 6016 6005
3 6005 6016 6017
3 6005 6017 6006
3 6006 6017 6018
3 6006 6018 5995
3 5995 6018 6007
3 6019 6008 6007
3 6019 6009 6008
3 6019 6010 6009
3 6019 6011 6010
3 6019 6012 6011
3 6019 6013 6012
3 6019 6014 6013
3 6019 6015 6014
3 6019 6016 6015
3 6019 6017 6016
3 6019 6018 6017
3 6019 6007 6018
3 6020 6021 6022
3 6020 6022 6023
3 6020 6023 6024
3 6020 6024 6025
3 6020 6025 6026
3 6020 6026 6027
3 6020 6027 6028
3 6020 6028 6029
3 6020 6029 6030
3 6020 6030 6031
3 6020 6031 6032
3 6020 6032 6021
3 6021 6033 6022
3 6022 6033 6034
3 6022 6034 6023
3 6023 6034 6035
3 6023 6035 6024
3 6024 6035 6036
3 6024 6036 6025
3 6025 6036 6037
3 6025 6037 6026
3 6026 6037 6038
3 6026 6038 6027
3 6027 6038 6039
3 6027 6039 6028
3 6028 6039 6040
3 6028 6040 6029
3 6029 6040 6041
3 6029 6041 6030
3 6030 6041 6042
3 6030 6042 6031
3 6031 6042 6043
3 6031 6043 6032
3 6032 6043 6044
3 6032 6044 6021
3 6021 6044 6033
3 6033 6045 6034
3 6034 6045 6046
3 6034 6046 6035
3 6035 6046 6047
3 6035 6047 6036
3 6036 6047 6048
3 6036 6048 6037
3 6037 6048 6049
3 6037 6049 6038
3 6038 6049 6050
3 6038 6050 6039
3 6039 6050 6051
3 6039 6051 6040
3 6040 6051 6052
3 6040 6052 6041
3 6041 6052 6053
3 6041 6053 6042
3 6042 6053 6054
3 6042 6054 6043
3 6043 6054 6055
3 6043 6055 6044
3 6044 6055 6056
3 6044 6056 6033
3 6033 6056 6045
3 6045 6057 6046
3 6046 6057 6058
3 6046 6058 6047
3 6047 6058 6059
3 6047 6059 6048
3 6048 6059 6060
3 6048 6060 6049
3 6049 6060 6061
3 6049 6061 6050
3 6050 6061 6062
3 6050 6062 6051
3 6051 6062 6063
3 6051 6063 6052
3 6052 6063 6064
3 6052 6064 6053
3 6053 6064 6065
3 6053 6065 6054
3 6054 6065 6066
3 6054 6066 6055
3 6055 6066 6067
3 6055 6067 6056
3 6056 6067 6068
3 6056 6068 6045
3 6045 6068 6057
3 6057 6069 6058
3 6058 6069 6070
3 6058 6070 6059
3 6059 6070 6071
3 6059 6071 6060
3 6060 6071 6072
3 6060 6072 6061
3 6061 6072 6073
3 6061 6073 6062
3 6062 6073 6074
3 6062 6074 6063
3 6063 6074 6075
3 6063 6075 6064
3 6064 6075 6076
3 6064 6076 6065
3 6065 6076 6077
3 6065 6077 6066
3 6066 6077 6078
3 6066 6078 6067
3 6067 6078 6079
3 6067 6079 6068
3 6068 6079 6080
3 6068 6080 6057
3 6057 6080 6069
3 6069 6081 6070
3 6070 6081 6082
3 6070 6082 6071
3 6071 6082 6083
3 6071 6083 6072
3 6072 6083 6084
3 6072 6084 6073
3 6073 6084 6085
3 6073 6085 6074
3 6074 6085 6086
3 6074 6086 6075
3 6075 6086 6087
3 6075 6087 6076
3 6076 6087 6088
3 6076 6088 6077
3 6077 6088 6089
3 6077 6089 6078
3 6078 6089 6090
3 6078 6090 6079
3 6079 6090 6091
3 6079 6091 6080
3 6080 6091 6092
3 6080 6092 6069
3 6069 6092 6081
3 6081 6093 6082
3 6082 6093 6094
3 6082 6094 6083
3 6083 6094 6095
3 6083 6095 6084
3 6084 6095 6096
3 6084 6096 6085
3 6085 6096 6097
3 6085 6097 6086
3 6086 6097 6098
3 6086 6098 6087
3 6087 6098 6099
3 6087 6099 6088
3 6088 6099 6100
3 6088 6100 6089
3 6089 6100 6101
3 6089 6101 6090
3 6090 6101 6102
3 6090 6102 6091
3 6091 6102 6103
3 6091 6103 6092
3 6092 6103 6104
3 6092 6104 6081
3 6081 6104 6093
3 6105 6094 6093
3 6105 6095 6094
3 6105 6096 6095
3 6105 6097 6096
3 6105 6098 6097
3 6105 6099 6098
3 6105 6100 6099
3 6105 6101 6100
3 6105 6102 6101
3 6105 6103 6102
3 6105 6104 6103
3 6105 6093 6104
3 6106 6107 6108
3 6106 6108 6109
3 6106 6109 6110
3 6106 6110 6111
3 6106 6111 6112
3 6106 6112 6113
3 6106 6113 6114
3 6106 6114 6115
3 6106 6115 6116
3 6106 6116 6117
3 6106 6117 6118
3 6106 6118 6107
3 6107 6119 6108
3 6108 6119 6120
3 6108 6120 6109
3 6109 6120 6121
3 6109 6121 6110
3 6110 6121 6122
3 6110 6122 6111
3 6111 6122 6123
3 6111 6123 6112
3 6112 6123 6124
3 6112 6124 6113
3 6113 6124 6125
3 6113 6125 6114
3 6114 6125 6126
3 6114 6126 6115
3 6115 6126 6127
3 6115 6127 6116
3 6116 6127 6128
3 6116 6128 6117
3 6117 6128 6129
3 6117 6129 6118
3 6118 6129 6130
3 6118 6130 6107
3 6107 6130 6119
3 6119 6131 6120
3 6120 6131 6132
3 6120 6132 6121
3 6121 6132 6133
3 6121 6133 6122
3 6122 6133 6134
3 6122 6134 6123
3 6123 6134 6135
3 6123 6135 6124
3 6124 6135 6136
3 6124 6136 6125
3 6125 6136 6137
3 6125 6137 6126
3 6126 6137 6138
3 6126 6138 6127
3 6127 6138 6139
3 6127 6139 6128
3 6128 6139 6140
3 6128 6140 6129
3 6129 6140 6141
3 6129 6141 6130
3 6130 6141 6142
3 6130 6142 6119
3 6119 6142 6131
3 6131 6143 6132
3 6132 6143 6144
3 6132 6144 6133
3 6133 6144 6145
3 6133 6145 6134
3 6134 6145 6146
3 6134 6146 6135
3 6135 6146 6147
3 6135 6147 6136
3 6136 6147 6148
3 6136 6148 6137
3 6137 6148 6149
3 6137 6149 6138
3 6138 6149 6150
3 6138 6150 6139
3 6139 6150 6151
3 6139 6151 6140
3 6140 6151 6152
3 6140 6152 6141
3 6141 6152 6153
3 6141 6153 6142
3 6142 6153 6154
3 6142 6154 6131
3 6131 6154 6143
3 6143 6155 6144
3 6144 6155 6156
3 6144 6156 6145
3 6145 6156 6157
3 6145 6157 6146
3 6146 6157 6158
3 6146 6158 6147
3 6147 6158 6159
3 6147 6159 6148
3 6148 6159 6160
3 6148 6160 6149
3 6149 6160 6161
3 6149 6161 6150
3 6150 6161 6162
3 6150 6162 6151
3 6151 6162 6163
3 6151 6163 6152
3 6152 6163 6164
3 6152 6164 6153
3 6153 6164 6165
3 6153 6165 6154
3 6154 6165 6166
3 6154 6166 6143
3 6143 6166 6155
3 6155 6167 6156
3 6156 6167 6168
3 6156 6168 6157
3 6157 6168 6169
3 6157 6169 6158
3 6158 6169 6170
3 6158 6170 6159
3 6159 6170 6171
3 6159 6171 6160
3 6160 6171 6172
3 6160 6172 6161
3 6161 6172 6173
3 6161 6173 6162
3 6162 6173 6174
3 6162 6174 6163
3 6163 6174 6175
3 6163 6175 6164
3 6164 6175 6176
3 6164 6176 6165
3 6165 6176 6177
3 6165 6177 6166
3 6166 6177 6178
3 6166 6178 6155
3 6155 6178 6167
3 6167 6179 6168
3 6168 6179 6180
3 6168 6180 6169
3 6169 6180 6181
3 6169 6181 6170
3 6170 6181 6182
3 6170 6182 6171
3 6171 6182 6183
3 6171 6183 6172
3 6172 6183 6184
3 6172 6184 6173
3 6173 6184 6185
3 6173 6185 6174
3 6174 6185 6186
3 6174 6186 6175
3 6175 6186 6187
3 6175 6187 6176
3 6176 6187 6188
3 6176 6188 6177
3 6177 6188 6189
3 6177 6189 6178
3 6178 6189 6190
3 6178 6190 6167
3 6167 6190 6179
3 6191 6180 6179
3 6191 6181 6180
3 6191 6182 6181
3 6191 6183 6182
3 6191 6184 6183
3 6191 6185 6184
3 6191 6186 6185
3 6191 6187 6186
3 6191 6188 6187
3 6191 6189 6188
3 6191 6190 6189
3 6191 6179 6190
3 6192 6193 6194
3 6192 6194 6195
3 6192 6195 6196
3 6192 6196 6197
3 6192 6197 6198
3 6192 6198 6199
3 6192 6199 6200
3 6192 6200 6201
3 6192 6201 6202
3 6192 6202 6203
3 6192 6203 6204
3 6192 6204 6193
3 6193 6205 6194
3 6194 6205 6206
3 6194 6206 6195
3 6195 6206 6207
3 6195 6207 6196
3 6196 6207 6208
3 6196 6208 6197
3 6197 6208 6209
3 6197 6209 6198
3 6198 6209 6210
3 6198 6210 6199
3 6199 6210 6211
3 6199 6211 6200
3 6200 6211 6212
3 6200 6212 6201
3 6201 6212 6213
3 6201 6213 6202
3 6202 6213 6214
3 6202 6214 6203
3 6203 6214 6215
3 6203 6215 6204
3 6204 6215 6216
3 6204 6216 6193
3 6193 6216 6205
3 6205 6217 6206
3 6206 6217 6218
3 6206 6218 6207
3 6207 6218 6219
3 6207 6219 6208
3 6208 6219 6220
3 6208 6220 6209
3 6209 6220 6221
3 6209 6221 6210
3 6210 6221 6222
3 6210 6222 6211
3 6211 6222 6223
3 6211 6223 6212
3 6212 6223 6224
3 6212 6224 6213
3 6213 6224 6225
3 6213 6225 6214
3 6214 6225 6226
3 6214 6226 6215
3 6215 6226 6227
3 6215 6227 6216
3 6216 6227 6228
3 6216 6228 6205
3 6205 6228 6217
3 6217 6229 6218
3 6218 6229 6230
3 6218 6230 6219
3 6219 6230 6231
3 6219 6231 6220
3 6220 6231 6232
3 6220 6232 6221
3 6221 6232 6233
3 6221 6233 6222
3 6222 6233 6234
3 6222 6234 6223
3 6223 6234 6235
3 6223 6235 6224
3 6224 6235 6236
3 6224 6236 6225
3 6225 6236 6237
3 6225 6237 6226
3 6226 6237 6238
3 6226 6238 6227
3 6227 6238 6239
3 6227 6239 6228
3 6228 6239 6240
3 6228 6240 6217
3 6217 6240 6229
3 6229 6241 6230
3 6230 6241 6242
3 6230 6242 6231
3 6231 6242 6243
3 6231 6243 6232
3 6232 6243 6244
3 6232 6244 6233
3 6233 6244 6245
3 6233 6245 6234
3 6234 6245 6246
3 6234 6246 6235
3 6235 6246 6247
3 6235 6247 6236
3 6236 6247 6248
3 6236 6248 6237
3 6237 6248 6249
3 6237 6249 6238
3 6238 6249 6250
3 6238 6250 6239
3 6239 6250 6251
3 6239 6251 6240
3 6240 6251 6252
3 6240 6252 6229
3 6229 6252 6241
3 6241 6253 6242
3 6242 6253 6254
3 6242 6254 6243
3 6243 6254 6255
3 6243 6255 6244
3 6244 6255 6256
3 6244 6256 6245
3 6245 6256 6257
3 6245 6257 6246
3 6246 6257 6258
3 6246 6258 6247
3 6247 6258 6259
3 6247 6259 6248
3 6248 6259 6260
3 6248 6260 6249
3 6249 6260 6261
3 6249 6261 6250
3 6250 6261 6262
3 6250 6262 6251
3 6251 6262 6263
3 6251 6263 6252
3 6252 6263 6264
3 6252 6264 6241
3 6241 6264 6253
3 6253 6265 6254
3 6254 6265 6266
3 6254 6266 6255
3 6255 6266 6267
3 6255 6267 6256
3 6256 6267 6268
3 6256 6268 6257
3 6257 6268 6269
3 6257 6269 6258
3 6258 6269 6270
3 6258 6270 6259
3 6259 6270 6271
3 6259 6271 6260
3 6260 6271 6272
3 6260 6272 6261
3 6261 6272 6273
3 6261 6273 6262
3 6262 6273 6274
3 6262 6274 6263
3 6263 6274 6275
3 6263 6275 6264
3 6264 6275 6276
3 6264 6276 6253
3 6253 6276 6265
3 6277 6266 6265
3 6277 6267 6266
3 6277 6268 6267
3 6277 6269 6268
3 6277 6270 6269
3 6277 6271 6270
3 6277 6272 6271
3 6277 6273 6272
3 6277 6274 6273
3 6277 6275 6274
3 6277 6276 6275
3 6277 6265 6276
3 6278 6279 6280
3 6278 6280 6281
3 6278 6281 6282
3 6278 6282 6283
3 6278 6283 6284
3 6278 6284 6285
3 6278 6285 6286
3 6278 6286 6287
3 6278 6287 6288
3 6278 6288 6289
3 6278 6289 6290
3 6278 6290 6279
3 6279 6291 6280
3 6280 6291 6292
3 6280 6292 6281
3 6281 6292 6293
3 6281 6293 6282
3 6282 6293 6294
3 6282 6294 6283
3 6283 6294 6295
3 6283 6295 6284
3 6284 6295 6296
3 6284 6296 6285
3 6285 6296 6297
3 6285 6297 6286
3 6286 6297 6298
3 6286 6298 6287
3 6287 6298 6299
3 6287 6299 6288
3 6288 6299 6300
3 6288 6300 6289
3 6289 6300 6301
3 6289 6301 6290
3 6290 6301 6302
3 6290 6302 6279
3 6279 6302 6291
3 6291 6303 6292
3 6292 6303 6304
3 6292 6304 6293
3 6293 6304 6305
3 6293 6305 6294
3 6294 6305 6306
3 6294 6306 6295
3 6295 6306 6307
3 6295 6307 6296
3 6296 6307 6308
3 6296 6308 6297
3 6297 6308 6309
3 6297 6309 6298
3 6298 6309 6310
3 6298 6310 6299
3 6299 6310 6311
3 6299 6311 6300
3 6300 6311 6312
3 6300 6312 6301
3 6301 6312 6313
3 6301 6313 6302
3 6302 6313 6314
3 6302 6314 6291
3 6291 6314 6303
3 6303 6315 6304
3 6304 6315 6316
3 6304 6316 6305
3 6305 6316 6317
3 6305 6317 6306
3 6306 6317 6318
3 6306 6318 6307
3 6307 6318 6319
3 6307 6319 6308
3 6308 6319 6320
3 6308 6320 6309
3 6309 6320 6321
3 6309 6321 6310
3 6310 6321 6322
3 6310 6322 6311
3 6311 6322 6323
3 6311 6323 6312
3 6312 6323 6324
3 6312 6324 6313
3 6313 6324 6325
3 6313 6325 6314
3 6314 6325 6326
3 6314 6326 6303
3 6303 6326 6315
3 6315 6327 6316
3 6316 6327 6328
3 6316 6328 6317
3 6317 6328 6329
3 6317 6329 6318
3 6318 6329 6330
3 6318 6330 6319
3 6319 6330 6331
3 6319 6331 6320
3 6320 6331 6332
3 6320 6332 6321
3 6321 6332 6333
3 6321 6333 6322
3 6322 6333 6334
3 6322 6334 6323
3 6323 6334 6335
3 6323 6335 6324
3 6324 6335 6336
3 6324 6336 6325
3 6325 6336 6337
3 6325 6337 6326
3 6326 6337 6338
3 6326 6338 6315
3 6315 6338 6327
3 6327 6339 6328
3 6328 6339 6340
3 6328 6340 6329
3 6329 6340 6341
3 6329 6341 6330
3 6330 6341 6342
3 6330 6342 6331
3 6331 6342 6343
3 6331 6343 6332
3 6332 6343 6344
3 6332 6344 6333
3 6333 6344 6345
3 6333 6345 6334
3 6334 6345 6346
3 6334 6346 6335
3 6335 6346 6347
3 6335 6347 6336
3 6336 6347 6348
3 6336 6348 6337
3 6337 6348 6349
3 6337 6349 6338
3 6338 6349 6350
3 6338 6350 6327
3 6327 6350 6339
3 6339 6351 6340
3 6340 6351 6352
3 6340 6352 6341
3 6341 6352 6353
3 6341 6353 6342
3 6342 6353 6354
3 6342 6354 6343
3 6343 6354 6355
3 6343 6355 6344
3 6344 6355 6356
3 6344 6356 6345
3 6345 6356 6357
3 6345 6357 6346
3 6346 6357 6358
3 6346 6358 6347
3 6347 6358 6359
3 6347 6359 6348
3 6348 6359 6360
3 6348 6360 6349
3 6349 6360 6361
3 6349 6361 6350
3 6350 6361 6362
3 6350 6362 6339
3 6339 6362 6351
3 6363 6352 6351
3 6363 6353 6352
3 6363 6354 6353
3 6363 6355 6354
3 6363 6356 6355
3 6363 6357 6356
3 6363 6358 6357
3 6363 6359 6358
3 6363 6360 6359
3 6363 6361 6360
3 6363 6362 6361
3 6363 6351 6362
3 6364 6365 6366
3 6364 6366 6367
3 6364 6367 6368
3 6364 6368 6369
3 6364 6369 6370
3 6364 6370 6371
3 6364 6371 6372
3 6364 6372 6373
3 6364 6373 6374
3 6364 6374 6375
3 6364 6375 6376
3 6364 6376 6365
3 6365 6377 6366
3 6366 6377 6378
3 6366 6378 6367
3 6367 6378 6379
3 6367 6379 6368
3 6368 6379 6380
3 6368 6380 6369
3 6369 6380 6381
3 6369 6381 6370
3 6370 6381 6382
3 6370 6382 6371
3 6371 6382 6383
3 6371 6383 6372
3 6372 6383 6384
3 6372 6384 6373
3 6373 6384 6385
3 6373 6385 6374
3 6374 6385 6386
3 6374 6386 6375
3 6375 6386 6387
3 6375 6387 6376
3 6376 6387 6388
3 6376 6388 6365
3 6365 6388 6377
3 6377 6389 6378
3 6378 6389 6390
3 6378 6390 6379
3 6379 6390 6391
3 6379 6391 6380
3 6380 6391 6392
3 6380 6392 6381
3 6381 6392 6393
3 6381 6393 6382
3 6382 6393 6394
3 6382 6394 6383
3 6383 6394 6395
3 6383 6395 6384
3 6384 6395 6396
3 6384 6396 6385
3 6385 6396 6397
3 6385 6397 6386
3 6386 6397 6398
3 6386 6398 6387
3 6387 6398 6399
3 6387 6399 6388
3 6388 6399 6400
3 6388 6400 6377
3 6377 6400 6389
3 6389 6401 6390
3 6390 6401 6402
3 6390 6402 6391
3 6391 6402 6403
3 6391 6403 6392
3 6392 6403 6404
3 6392 6404 6393
3 6393 6404 6405
3 6393 6405 6394
3 6394 6405 6406
3 6394 6406 6395
3 6395 6406 6407
3 6395 6407 6396
3 6396 6407 6408
3 6396 6408 6397
3 6397 6408 6409
3 6397 6409 6398
3 6398 6409 6410
3 6398 6410 6399
3 6399 6410 6411
3 6399 6411 6400
3 6400 6411 6412
3 6400 6412 6389
3 6389 6412 6401
3 6401 6413 6402
3 6402 6413 6414
3 6402 6414 6403
3 6403 6414 6415
3 6403 6415 6404
3 6404 6415 6416
3 6404 6416 6405
3 6405 6416 6417
3 6405 6417 6406
3 6406 6417 6418
3 6406 6418 6407
3 6407 6418 6419
3 6407 6419 6408
3 6408 6419 6420
3 6408 6420 6409
3 6409 6420 6421
3 6409 6421 6410
3 6410 6421 6422
3 6410 6422 6411
3 6411 6422 6423
3 6411 6423 6412
3 6412 6423 6424
3 6412 6424 6401
3 6401 6424 6413
3 6413 6425 6414
3 6414 6425 6426
3 6414 6426 6415
3 6415 6426 6427
3 6415 6427 6416
3 6416 6427 6428
3 6416 6428 6417
3 6417 6428 6429
3 6417 6429 6418
3 6418 6429 6430
3 6418 6430 6419
3 6419 6430 6431
3 6419 6431 6420
3 6420 6431 6432
3 6420 6432 6421
3 6421 6432 6433
3 6421 6433 6422
3 6422 6433 6434
3 6422 6434 6423
3 6423 6434 6435
3 6423 6435 6424
3 6424 6435 6436
3 6424 6436 6413
3 6413 6436 6425
3 6425 6437 6426
3 6426 6437 6438
3 6426 6438 6427
3 6427 6438 6439
3 6427 6439 6428
3 6428 6439 6440
3 6428 6440 6429
3 6429 6440 6441
3 6429 6441 6430
3 6430 6441 6442
3 6430 6442 6431
3 6431 6442 6443
3 6431 6443 6432
3 6432 6443 6444
3 6432 6444 6433
3 6433 6444 6445
3 6433 6445 6434
3 6434 6445 6446
3 6434 6446 6435
3 6435 6446 6447
3 6435 6447 6436
3 6436 6447 6448
3 6436 6448 6425
3 6425 6448 6437
3 6449 6438 6437
3 6449 6439 6438
3 6449 6440 6439
3 6449 6441 6440
3 6449 6442 6441
3 6449 6443 6442
3 6449 6444 6443
3 6449 6445 6444
3 6449 6446 6445
3 6449 6447 6446
3 6449 6448 6447
3 6449 6437 6448
3 6450 6451 6452
3 6450 6452 6453
3 6450 6453 6454
3 6450 6454 6455
3 6450 6455 6456
3 6450 6456 6457
3 6450 6457 6458
3 6450 6458 6459
3 6450 6459 6460
3 6450 6460 6461
3 6450 6461 6462
3 6450 6462 6451
3 6451 6463 6452
3 6452 6463 6464
3 6452 6464 6453
3 6453 6464 6465
3 6453 6465 6454
3 6454 6465 6466
3 6454 6466 6455
3 6455 6466 6467
3 6455 6467 6456
3 6456 6467 6468
3 6456 6468 6457
3 6457 6468 6469
3 6457 6469 6458
3 6458 6469 6470
3 6458 6470 6459
3 6459 6470 6471
3 6459 6471 6460
3 6460 6471 6472
3 6460 6472 6461
3 6461 6472 6473
3 6461 6473 6462
3 6462 6473 6474
3 6462 6474 6451
3 6451 6474 6463
3 6463 6475 6464
3 6464 6475 6476
3 6464 6476 6465
3 6465 6476 6477
3 6465 6477 6466
3 6466 6477 6478
3 6466 6478 6467
3 6467 6478 6479
3 6467 6479 6468
3 6468 6479 6480
3 6468 6480 6469
3 6469 6480 6481
3 6469 6481 6470
3 6470 6481 6482
3 6470 6482 6471
3 6471 6482 6483
3 6471 6483 6472
3 6472 6483 6484
3 6472 6484 6473
3 6473 6484 6485
3 6473 6485 6474
3 6474 6485 6486
3 6474 6486 6463
3 6463 6486 6475
3 6475 6487 6476
3 6476 6487 6488
3 6476 6488 6477
3 6477 6488 6489
3 6477 6489 6478
3 6478 6489 6490
3 6478 6490 6479
3 6479 6490 6491
3 6479 6491 6480
3 6480 6491 6492
3 6480 6492 6481
3 6481 6492 6493
3 6481 6493 6482
3 6482 6493 6494
3 6482 6494 6483
3 6483 6494 6495
3 6483 6495 6484
3 6484 6495 6496
3 6484 6496 6485
3 6485 6496 6497
3 6485 6497 6486
3 6486 6497 6498
3 6486 6498 6475
3 6475 6498 6487
3 6487 6499 6488
3 6488 6499 6500
3 6488 6500 6489
3 6489 6500 6501
3 6489 6501 6490
3 6490 6501 6502
3 6490 6502 6491
3 6491 6502 6503
3 6491 6503 6492
3 6492 6503 6504
3 6492 6504 6493
3 6493 6504 6505
3 6493 6505 6494
3 6494 6505 6506
3 6494 6506 6495
3 6495 6506 6507
3 6495 6507 6496
3 6496 6507 6508
3 6496 6508 6497
3 6497 6508 6509
3 6497 6509 6498
3 6498 6509 6510
3 6498 6510 6487
3 6487 6510 6499
3 6499 6511 6500
3 6500 6511 6512
3 6500 6512 6501
3 6501 6512 6513
3 6501 6513 6502
3 6502 6513 6514
3 6502 6514 6503
3 6503 6514 6515
3 6503 6515 6504
3 6504 6515 6516
3 6504 6516 6505
3 6505 6516 6517
3 6505 6517 6506
3 6506 6517 6518
3 6506 6518 6507
3 6507 6518 6519
3 6507 6519 6508
3 6508 6519 6520
3 6508 6520 6509
3 6509 6520 6521
3 6509 6521 6510
3 6510 6521 6522
3 6510 6522 6499
3 6499 6522 6511
3 6511 6523 6512
3 6512 6523 6524
3 6512 6524 6513
3 6513 6524 6525
3 6513 6525 6514
3 6514 6525 6526
3 6514 6526 6515
3 6515 6526 6527
3 6515 6527 6516
3 6516 6527 6528
3 6516 6528 6517
3 6517 6528 6529
3 6517 6529 6518
3 6518 6529 6530
3 6518 6530 6519
3 6519 6530 6531
3 6519 6531 6520
3 6520 6531 6532
3 6520 6532 6521
3 6521 6532 6533
3 6521 6533 6522
3 6522 6533 6534
3 6522 6534 6511
3 6511 6534 6523
3 6535 6524 6523
3 6535 6525 6524
3 6535 6526 6525
3 6535 6527 6526
3 6535 6528 6527
3 6535 6529 6528
3 6535 6530 6529
3 6535 6531 6530
3 6535 6532 6531
3 6535 6533 6532
3 6535 6534 6533
3 6535 6523 6534
3 6536 6537 6538
3 6536 6538 6539
3 6536 6539 6540
3 6536 6540 6541
3 6536 6541 6542
3 6536 6542 6543
3 6536 6543 6544
3 6536 6544 6545
3 6536 6545 6546
3 6536 6546 6547
3 6536 6547 6548
3 6536 6548 6537
3 6537 6549 6538
3 6538 6549 6550
3 6538 6550 6539
3 6539 6550 6551
3 6539 6551 6540
3 6540 6551 6552
3 6540 6552 6541
3 6541 6552 6553
3 6541 6553 6542
3 6542 6553 6554
3 6542 6554 6543
3 6543 6554 6555
3 6543 6555 6544
3 6544 6555 6556
3 6544 6556 6545
3 6545 6556 6557
3 6545 6557 6546
3 6546 6557 6558
3 6546 6558 6547
3 6547 6558 6559
3 6547 6559 6548
3 6548 6559 6560
3 6548 6560 6537
3 6537 6560 6549
3 6549 6561 6550
3 6550 6561 6562
3 6550 6562 6551
3 6551 6562 6563
3 6551 6563 6552
3 6552 6563 6564
3 6552 6564 6553
3 6553 6564 6565
3 6553 6565 6554
3 6554 6565 6566
3 6554 6566 6555
3 6555 6566 6567
3 6555 6567 6556
3 6556 6567 6568
3 6556 6568 6557
3 6557 6568 6569
3 6557 6569 6558
3 6558 6569 6570
3 6558 6570 6559
3 6559 6570 6571
3 6559 6571 6560
3 6560 6571 6572
3 6560 6572 6549
3 6549 6572 6561
3 6561 6573 6562
3 6562 6573 6574
3 6562 6574 6563
3 6563 6574 6575
3 6563 6575 6564
3 6564 6575 6576
3 6564 6576 6565
3 6565 6576 6577
3 6565 6577 6566
3 6566 6577 6578
3 6566 6578 6567
3 6567 6578 6579
3 6567 6579 6568
3 6568 6579 6580
3 6568 6580 6569
3 6569 6580 6581
3 6569 6581 6570
3 6570 6581 6582
3 6570 6582 6571
3 6571 6582 6583
3 6571 6583 6572
3 6572 6583 6584
3 6572 6584 6561
3 6561 6584 6573
3 6573 6585 6574
3 6574 6585 6586
3 6574 6586 6575
3 6575 6586 6587
3 6575 6587 6576
3 6576 6587 6588
3 6576 6588 6577
3 6577 6588 6589
3 6577 6589 6578
3 6578 6589 6590
3 6578 6590 6579
3 6579 6590 6591
3 6579 6591 6580
3 6580 6591 6592
3 6580 6592 6581
3 6581 6592 6593
3 6581 6593 6582
3 6582 6593 6594
3 6582 6594 6583
3 6583 6594 6595
3 6583 6595 6584
3 6584 6595 6596
3 6584 6596 6573
3 6573 6596 6585
3 6585 6597 6586
3 6586 6597 6598
3 6586 6598 6587
3 6587 6598 6599
3 6587 6599 6588
3 6588 6599 6600
3 6588 6600 6589
3 6589 6600 6601
3 6589 6601 6590
3 6590 6601 6602
3 6590 6602 6591
3 6591 6602 6603
3 6591 6603 6592
3 6592 6603 6604
3 6592 6604 6593
3 6593 6604 6605
3 6593 6605 6594
3 6594 6605 6606
3 6594 6606 6595
3 6595 6606 6607
3 6595 6607 6596
3 6596 6607 6608
3 6596 6608 6585
3 6585 6608 6597
3 6597 6609 6598
3 6598 6609 6610
3 6598 6610 6599
3 6599 6610 6611
3 6599 6611 6600
3 6600 6611 6612
3 6600 6612 6601
3 6601 6612 6613
3 6601 6613 6602
3 6602 6613 6614
3 6602 6614 6603
3 6603 6614 6615
3 6603 6615 6604
3 6604 6615 6616
3 6604 6616 6605
3 6605 6616 6617
3 6605 6617 6606
3 6606 6617 6618
3 6606 6618 6607
3 6607 6618 6619
3 6607 6619 6608
3 6608 6619 6620
3 6608 6620 6597
3 6597 6620 6609
3 6621 6610 6609
3 6621 6611 6610
3 6621 6612 6611
3 6621 6613 6612
3 6621 6614 6613
3 6621 6615 6614
3 6621 6616 6615
3 6621 6617 6616
3 6621 6618 6617
3 6621 6619 6618
3 6621 6620 6619
3 6621 6609 6620
3 6622 6623 6624
3 6622 6624 6625
3 6622 6625 6626
3 6622 6626 6627
3 6622 6627 6628
3 6622 6628 6629
3 6622 6629 6630
3 6622 6630 6631
3 6622 6631 6632
3 6622 6632 6633
3 6622 6633 6634
3 6622 6634 6623
3 6623 6635 6624
3 6624 6635 6636
3 6624 6636 6625
3 6625 6636 6637
3 6625 6637 6626
3 6626 6637 6638
3 6626 6638 6627
3 6627 6638 6639
3 6627 6639 6628
3 6628 6639 6640
3 6628 6640 6629
3 6629 6640 6641
3 6629 6641 6630
3 6630 6641 6642
3 6630 6642 6631
3 6631 6642 6643
3 6631 6643 6632
3 6632 6643 6644
3 6632 6644 6633
3 6633 6644 6645
3 6633 6645 6634
3 6634 6645 6646
3 6634 6646 6623
3 6623 6646 6635
3 6635 6647 6636
3 6636 6647 6648
3 6636 6648 6637
3 6637 6648 6649
3 6637 6649 6638
3 6638 6649 6650
3 6638 6650 6639
3 6639 6650 6651
3 6639 6651 6640
3 6640 6651 6652
3 6640 6652 6641
3 6641 6652 6653
3 6641 6653 6642
3 6642 6653 6654
3 6642 6654 6643
3 6643 6654 6655
3 6643 6655 6644
3 6644 6655 6656
3 6644 6656 6645
3 6645 6656 6657
3 6645 6657 6646
3 6646 6657 6658
3 6646 6658 6635
3 6635 6658 6647
3 6647 6659 6648
3 6648 6659 6660
3 6648 6660 6649
3 6649 6660 6661
3 6649 6661 6650
3 6650 6661 6662
3 6650 6662 6651
3 6651 6662 6663
3 6651 6663 6652
3 6652 6663 6664
3 6652 6664 6653
3 6653 6664 6665
3 6653 6665 6654
3 6654 6665 6666
3 6654 6666 6655
3 6655 6666 6667
3 6655 6667 6656
3 6656 6667 6668
3 6656 6668 6657
3 6657 6668 6669
3 6657 6669 6658
3 6658 6669 6670
3 6658 6670 6647
3 6647 6670 6659
3 6659 6671 6660
3 6660 6671 6672
3 6660 6672 6661
3 6661 6672 6673
3 6661 6673 6662
3 6662 6673 6674
3 6662 6674 6663
3 6663 6674 6675
3 6663 6675 6664
3 6664 6675 6676
3 6664 6676 6665
3 6665 6676 6677
3 6665 6677 6666
3 6666 6677 6678
3 6666 6678 6667
3 6667 6678 6679
3 6667 6679 6668
3 6668 6679 6680
3 6668 6680 6669
3 6669 6680 6681
3 6669 6681 6670
3 6670 6681 6682
3 6670 6682 6659
3 6659 6682 6671
3 6671 6683 6672
3 6672 6683 6684
3 6672 6684 6673
3 6673 6684 6685
3 6673 6685 6674
3 6674 6685 6686
3 6674 6686 6675
3 6675 6686 6687
3 6675 6687 6676
3 6676 6687 6688
3 6676 6688 6677
3 6677 6688 6689
3 6677 6689 6678
3 6678 6689 6690
3 6678 6690 6679
3 6679 6690 6691
3 6679 6691 6680
3 6680 6691 6692
3 6680 6692 6681
3 6681 6692 6693
3 6681 6693 6682
3 6682 6693 6694
3 6682 6694 6671
3 6671 6694 6683
3 6683 6695 6684
3 6684 6695 6696
3 6684 6696 6685
3 6685 6696 6697
3 6685 6697 6686
3 6686 6697 6698
3 6686 6698 6687
3 6687 6698 6699
3 6687 6699 6688
3 6688 6699 6700
3 6688 6700 6689
3 6689 6700 6701
3 6689 6701 6690
3 6690 6701 6702
3 6690 6702 6691
3 6691 6702 6703
3 6691 6703 6692
3 6692 6703 6704
3 6692 6704 6693
3 6693 6704 6705
3 6693 6705 6694
3 6694 6705 6706
3 6694 6706 6683
3 6683 6706 6695
3 6707 6696 6695
3 6707 6697 6696
3 6707 6698 6697
3 6707 6699 6698
3 6707 6700 6699
3 6707 6701 6700
3 6707 6702 6701
3 6707 6703 6702
3 6707 6704 6703
3 6707 6705 6704
3 6707 6706 6705
3 6707 6695 6706
3 6708 6709 6710
3 6708 6710 6711
3 6708 6711 6712
3 6708 6712 6713
3 6708 6713 6714
3 6708 6714 6715
3 6708 6715 6716
3 6708 6716 6717
3 6708 6717 6718
3 6708 6718 6719
3 6708 6719 6720
3 6708 6720 6709
3 6709 6721 6710
3 6710 6721 6722
3 6710 6722 6711
3 6711 6722 6723
3 6711 6723 6712
3 6712 6723 6724
3 6712 6724 6713
3 6713 6724 6725
3 6713 6725 6714
3 6714 6725 6726
3 6714 6726 6715
3 6715 6726 6727
3 6715 6727 6716
3 6716 6727 6728
3 6716 6728 6717
3 6717 6728 6729
3 6717 6729 6718
3 6718 6729 6730
3 6718 6730 6719
3 6719 6730 6731
3 6719 6731 6720
3 6720 6731 6732
3 6720 6732 6709
3 6709 6732 6721
3 6721 6733 6722
3 6722 6733 6734
3 6722 6734 6723
3 6723 6734 6735
3 6723 6735 6724
3 6724 6735 6736
3 6724 6736 6725
3 6725 6736 6737
3 6725 6737 6726
3 6726 6737 6738
3 6726 6738 6727
3 6727 6738 6739
3 6727 6739 6728
3 6728 6739 6740
3 6728 6740 6729
3 6729 6740 6741
3 6729 6741 6730
3 6730 6741 6742
3 6730 6742 6731
3 6731 6742 6743
3 6731 6743 6732
3 6732 6743 6744
3 6732 6744 6721
3 6721 6744 6733
3 6733 6745 6734
3 6734 6745 6746
3 6734 6746 6735
3 6735 6746 6747
3 6735 6747 6736
3 6736 6747 6748
3 6736 6748 6737
3 6737 6748 6749
3 6737 6749 6738
3 6738 6749 6750
3 6738 6750 6739
3 6739 6750 6751
3 6739 6751 6740
3 6740 6751 6752
3 6740 6752 6741
3 6741 6752 6753
3 6741 6753 6742
3 6742 6753 6754
3 6742 6754 6743
3 6743 6754 6755
3 6743 6755 6744
3 6744 6755 6756
3 6744 6756 6733
3 6733 6756 6745
3 6745 6757 6746
3 6746 6757 6758
3 6746 6758 6747
3 6747 6758 6759
3 6747 6759 6748
3 6748 6759 6760
3 6748 6760 6749
3 6749 6760 6761
3 6749 6761 6750
3 6750 6761 6762
3 6750 6762 6751
3 6751 6762 6763
3 6751 6763 6752
3 6752 6763 6764
3 6752 6764 6753
3 6753 6764 6765
3 6753 6765 6754
3 6754 6765 6766
3 6754 6766 6755
3 6755 6766 6767
3 6755 6767 6756
3 6756 6767 6768
3 6756 6768 6745
3 6745 6768 6757
3 6757 6769 6758
3 6758 6769 6770
3 6758 6770 6759
3 6759 6770 6771
3 6759 6771 6760
3 6760 6771 6772
3 6760 6772 6761
3 6761 6772 6773
3 6761 6773 6762
3 6762 6773 6774
3 6762 6774 6763
3 6763 6774 6775
3 6763 6775 6764
3 6764 6775 6776
3 6764 6776 6765
3 6765 6776 6777
3 6765 6777 6766
3 6766 6777 6778
3 6766 6778 6767
3 6767 6778 6779
3 6767 6779 6768
3 6768 6779 6780
3 6768 6780 6757
3 6757 6780 6769
3 6769 6781 6770
3 6770 6781 6782
3 6770 6782 6771
3 6771 6782 6783
3 6771 6783 6772
3 6772 6783 6784
3 6772 6784 6773
3 6773 6784 6785
3 6773 6785 6774
3 6774 6785 6786
3 6774 6786 6775
3 6775 6786 6787
3 6775 6787 6776
3 6776 6787 6788
3 6776 6788 6777
3 6777 6788 6789
3 6777 6789 6778
3 6778 6789 6790
3 6778 6790 6779
3 6779 6790 6791
3 6779 6791 6780
3 6780 6791 6792
3 6780 6792 6769
3 6769 6792 6781
3 6793 6782 6781
3 6793 6783 6782
3 6793 6784 6783
3 6793 6785 6784
3 6793 6786 6785
3 6793 6787 6786
3 6793 6788 6787
3 6793 6789 6788
3 6793 6790 6789
3 6793 6791 6790
3 6793 6792 6791
3 6793 6781 6792
3 6794 6795 6796
3 6794 6796 6797
3 6794 6797 6798
3 6794 6798 6799
3 6794 6799 6800
3 6794 6800 6801
3 6794 6801 6802
3 6794 6802 6803
3 6794 6803 6804
3 6794 6804 6805
3 6794 6805 6806
3 6794 6806 6795
3 6795 6807 6796
3 6796 6807 6808
3 6796 6808 6797
3 6797 6808 6809
3 6797 6809 6798
3 6798 6809 6810
3 6798 6810 6799
3 6799 6810 6811
3 6799 6811 6800
3 6800 6811 6812
3 6800 6812 6801
3 6801 6812 6813
3 6801 6813 6802
3 6802 6813 6814
3 6802 6814 6803
3 6803 6814 6815
3 6803 6815 6804
3 6804 6815 6816
3 6804 6816 6805
3 6805 6816 6817
3 6805 6817 6806
3 6806 6817 6818
3 6806 6818 6795
3 6795 6818 6807
3 6807 6819 6808
3 6808 6819 6820
3 6808 6820 6809
3 6809 6820 6821
3 6809 6821 6810
3 6810 6821 6822
3 6810 6822 6811
3 6811 6822 6823
3 6811 6823 6812
3 6812 6823 6824
3 6812 6824 6813
3 6813 6824 6825
3 6813 6825 6814
3 6814 6825 6826
3 6814 6826 6815
3 6815 6826 6827
3 6815 6827 6816
3 6816 6827 6828
3 6816 6828 6817
3 6817 6828 6829
3 6817 6829 6818
3 6818 6829 6830
3 6818 6830 6807
3 6807 6830 6819
3 6819 6831 6820
3 6820 6831 6832
3 6820 6832 6821
3 6821 6832 6833
3 6821 6833 6822
3 6822 6833 6834
3 6822 6834 6823
3 6823 6834 6835
3 6823 6835 6824
3 6824 6835 6836
3 6824 6836 6825
3 6825 6836 6837
3 6825 6837 6826
3 6826 6837 6838
3 6826 6838 6827
3 6827 6838 6839
3 6827 6839 6828
3 6828 6839 6840
3 6828 6840 6829
3 6829 6840 6841
3 6829 6841 6830
3 6830 6841 6842
3 6830 6842 6819
3 6819 6842 6831
3 6831 6843 6832
3 6832 6843 6844
3 6832 6844 6833
3 6833 6844 6845
3 6833 6845 6834
3 6834 6845 6846
3 6834 6846 6835
3 6835 6846 6847
3 6835 6847 6836
3 6836 6847 6848
3 6836 6848 6837
3 6837 6848 6849
3 6837 6849 6838
3 6838 6849 6850
3 6838 6850 6839
3 6839 6850 6851
3 6839 6851 6840
3 6840 6851 6852
3 6840 6852 6841
3 6841 6852 6853
3 6841 6853 6842
3 6842 6853 6854
3 6842 6854 6831
3 6831 6854 6843
3 6843 6855 6844
3 6844 6855 6856
3 6844 6856 6845
3 6845 6856 6857
3 6845 6857 6846
3 6846 6857 6858
3 6846 6858 6847
3 6847 6858 6859
3 6847 6859 6848
3 6848 6859 6860
3 6848 6860 6849
3 6849 6860 6861
3 6849 6861 6850
3 6850 6861 6862
3 6850 6862 6851
3 6851 6862 6863
3 6851 6863 6852
3 6852 6863 6864
3 6852 6864 6853
3 6853 6864 6865
3 6853 6865 6854
3 6854 6865 6866
3 6854 6866 6843
3 6843 6866 6855
3 6855 6867 6856
3 6856 6867 6868
3 6856 6868 6857
3 6857 6868 6869
3 6857 6869 6858
3 6858 6869 6870
3 6858 6870 6859
3 6859 6870 6871
3 6859 6871 6860
3 6860 6871 6872
3 6860 6872 6861
3 6861 6872 6873
3 6861 6873 6862
3 6862 6873 6874
3 6862 6874 6863
3 6863 6874 6875
3 6863 6875 6864
3 6864 6875 6876
3 6864 6876 6865
3 6865 6876 6877
3 6865 6877 6866
3 6866 6877 6878
3 6866 6878 6855
3 6855 6878 6867
3 6879 6868 6867
3 6879 6869 6868
3 6879 6870 6869
3 6879 6871 6870
3 6879 6872 6871
3 6879 6873 6872
3 6879 6874 6873
3 6879 6875 6874
3 6879 6876 6875
3 6879 6877 6876
3 6879 6878 6877
3 6879 6867 6878
3 6880 6881 6882
3 6880 6882 6883
3 6880 6883 6884
3 6880 6884 6885
3 6880 6885 6886
3 6880 6886 6887
3 6880 6887 6888
3 6880 6888 6889
3 6880 6889 6890
3 6880 6890 6891
3 6880 6891 6892
3 6880 6892 6881
3 6881 6893 6882
3 6882 6893 6894
3 6882 6894 6883
3 6883 6894 6895
3 6883 6895 6884
3 6884 6895 6896
3 6884 6896 6885
3 6885 6896 6897
3 6885 6897 6886
3 6886 6897 6898
3 6886 6898 6887
3 6887 6898 6899
3 6887 6899 6888
3 6888 6899 6900
3 6888 6900 6889
3 6889 6900 6901
3 6889 6901 6890
3 6890 6901 6902
3 6890 6902 6891
3 6891 6902 6903
3 6891 6903 6892
3 6892 6903 6904
3 6892 6904 6881
3 6881 6904 6893
3 6893 6905 6894
3 6894 6905 6906
3 6894 6906 6895
3 6895 6906 6907
3 6895 6907 6896
3 6896 6907 6908
3 6896 6908 6897
3 6897 6908 6909
3 6897 6909 6898
3 6898 6909 6910
3 6898 6910 6899
3 6899 6910 6911
3 6899 6911 6900
3 6900 6911 6912
3 6900 6912 6901
3 6901 6912 6913
3 6901 6913 6902
3 6902 6913 6914
3 6902 6914 6903
3 6903 6914 6915
3 6903 6915 6904
3 6904 6915 6916
3 6904 6916 6893
3 6893 6916 6905
3 6905 6917 6906
3 6906 6917 6918
3 6906 6918 6907
3 6907 6918 6919
3 6907 6919 6908
3 6908 6919 6920
3 6908 6920 6909
3 6909 6920 6921
3 6909 6921 6910
3 6910 6921 6922
3 6910 6922 6911
3 6911 6922 6923
3 6911 6923 6912
3 6912 6923 6924
3 6912 6924 6913
3 6913 6924 6925
3 6913 6925 6914
3 6914 6925 6926
3 6914 6926 6915
3 6915 6926 6927
3 6915 6927 6916
3 6916 6927 6928
3 6916 6928 6905
3 6905 6928 6917
3 6917 6929 6918
3 6918 6929 6930
3 6918 6930 6919
3 6919 6930 6931
3 6919 6931 6920
3 6920 6931 6932
3 6920 6932 6921
3 6921 6932 6933
3 6921 6933 6922
3 6922 6933 6934
3 6922 6934 6923
3 6923 6934 6935
3 6923 6935 6924
3 6924 6935 6936
3 6924 6936 6925
3 6925 6936 6937
3 6925 6937 6926
3 6926 6937 6938
3 6926 6938 6927
3 6927 6938 6939
3 6927 6939 6928
3 6928 6939 6940
3 6928 6940 6917
3 6917 6940 6929
3 6929 6941 6930
3 6930 6941 6942
3 6930 6942 6931
3 6931 6942 6943
3 6931 6943 6932
3 6932 6943 6944
3 6932 6944 6933
3 6933 6944 6945
3 6933 6945 6934
3 6934 6945 6946
3 6934 6946 6935
3 6935 6946 6947
3 6935 6947 6936
3 6936 6947 6948
3 6936 6948 6937
3 6937 6948 6949
3 6937 6949 6938
3 6938 6949 6950
3 6938 6950 6939
3 6939 6950 6951
3 6939 6951 6940
3 6940 6951 6952
3 6940 6952 6929
3 6929 6952 6941
3 6941 6953 6942
3 6942 6953 6954
3 6942 6954 6943
3 6943 6954 6955
3 6943 6955 6944
3 6944 6955 6956
3 6944 6956 6945
3 6945 6956 6957
3 6945 6957 6946
3 6946 6957 6958
3 6946 6958 6947
3 6947 6958 6959
3 6947 6959 6948
3 6948 6959 6960
3 6948 6960 6949
3 6949 6960 6961
3 6949 6961 6950
3 6950 6961 6962
3 6950 6962 6951
3 6951 6962 6963
3 6951 6963 6952
3 6952 6963 6964
3 6952 6964 6941
3 6941 6964 6953
3 6965 6954 6953
3 6965 6955 6954
3 6965 6956 6955
3 6965 6957 6956
3 6965 6958 6957
3 6965 6959 6958
3 6965 6960 6959
3 6965 6961 6960
3 6965 6962 6961
3 6965 6963 6962
3 6965 6964 6963
3 6965 6953 6964
3 6966 6967 6968
3 6966 6968 6969
3 6966 6969 6970
3 6966 6970 6971
3 6966 6971 6972
3 6966 6972 6973
3 6966 6973 6974
3 6966 6974 6975
3 6966 6975 6976
3 6966 6976 6977
3 6966 6977 6978
3 6966 6978 6967
3 6967 6979 6968
3 6968 6979 6980
3 6968 6980 6969
3 6969 6980 6981
3 6969 6981 6970
3 6970 6981 6982
3 6970 6982 6971
3 6971 6982 6983
3 6971 6983 6972
3 6972 6983 6984
3 6972 6984 6973
3 6973 6984 6985
3 6973 6985 6974
3 6974 6985 6986
3 6974 6986 6975
3 6975 6986 6987
3 6975 6987 6976
3 6976 6987 6988
3 6976 6988 6977
3 6977 6988 6989
3 6977 6989 6978
3 6978 6989 6990
3 6978 6990 6967
3 6967 6990 6979
3 6979 6991 6980
3 6980 6991 6992
3 6980 6992 6981
3 6981 6992 6993
3 6981 6993 6982
3 6982 6993 6994
3 6982 6994 6983
3 6983 6994 6995
3 6983 6995 6984
3 6984 6995 6996
3 6984 6996 6985
3 6985 6996 6997
3 6985 6997 6986
3 6986 6997 6998
3 6986 6998 6987
3 6987 6998 6999
3 6987 6999 6988
3 6988 6999 7000
3 6988 7000 6989
3 6989 7000 7001
3 6989 7001 6990
3 6990 7001 7002
3 6990 7002 6979
3 6979 7002 6991
3 6991 7003 6992
3 6992 7003 7004
3 6992 7004 6993
3 6993 7004 7005
3 6993 7005 6994
3 6994 7005 7006
3 6994 7006 6995
3 6995 7006 7007
3 6995 7007 6996
3 6996 7007 7008
3 6996 7008 6997
3 6997 7008 7009
3 6997 7009 6998
3 6998 7009 7010
3 6998 7010 6999
3 6999 7010 7011
3 6999 7011 7000
3 7000 7011 7012
3 7000 7012 7001
3 7001 7012 7013
3 7001 7013 7002
3 7002 7013 7014
3 7002 7014 6991
3 6991 7014 7003
3 7003 7015 7004
3 7004 7015 7016
3 7004 7016 7005
3 7005 7016 7017
3 7005 7017 7006
3 7006 7017 7018
3 7006 7018 7007
3 7007 7018 7019
3 7007 7019 7008
3 7008 7019 7020
3 7008 7020 7009
3 7009 7020 7021
3 7009 7021 7010
3 7010 7021 7022
3 7010 7022 7011
3 7011 7022 7023
3 7011 7023 7012
3 7012 7023 7024
3 7012 7024 7013
3 7013 7024 7025
3 7013 7025 7014
3 7014 7025 7026
3 7014 7026 7003
3 7003 7026 7015
3 7015 7027 7016
3 7016 7027 7028
3 7016 7028 7017
3 7017 7028 7029
3 7017 7029 7018
3 7018 7029 7030
3 7018 7030 7019
3 7019 7030 7031
3 7019 7031 7020
3 7020 7031 7032
3 7020 7032 7021
3 7021 7032 7033
3 7021 7033 7022
3 7022 7033 7034
3 7022 7034 7023
3 7023 7034 7035
3 7023 7035 7024
3 7024 7035 7036
3 7024 7036 7025
3 7025 7036 7037
3 7025 7037 7026
3 7026 7037 7038
3 7026 7038 7015
3 7015 7038 7027
3 7027 7039 7028
3 7028 7039 7040
3 7028 7040 7029
3 7029 7040 7041
3 7029 7041 7030
3 7030 7041 7042
3 7030 7042 7031
3 7031 7042 7043
3 7031 7043 7032
3 7032 7043 7044
3 7032 7044 7033
3 7033 7044 7045
3 7033 7045 7034
3 7034 7045 7046
3 7034 7046 7035
3 7035 7046 7047
3 7035 7047 7036
3 7036 7047 7048
3 7036 7048 7037
3 7037 7048 7049
3 7037 7049 7038
3 7038 7049 7050
3 7038 7050 7027
3 7027 7050 7039
3 7051 7040 7039
3 7051 7041 7040
3 7051 7042 7041
3 7051 7043 7042
3 7051 7044 7043
3 7051 7045 7044
3 7051 7046 7045
3 7051 7047 7046
3 7051 7048 7047
3 7051 7049 7048
3 7051 7050 7049
3 7051 7039 7050
3 7052 7053 7054
3 7052 7054 7055
3 7052 7055 7056
3 7052 7056 7057
3 7052 7057 7058
3 7052 7058 7059
3 7052 7059 7060
3 7052 7060 7061
3 7052 7061 7062
3 7052 7062 7063
3 7052 7063 7064
3 7052 7064 7053
3 7053 7065 7054
3 7054 7065 7066
3 7054 7066 7055
3 7055 7066 7067
3 7055 7067 7056
3 7056 7067 7068
3 7056 7068 7057
3 7057 7068 7069
3 7057 7069 7058
3 7058 7069 7070
3 7058 7070 7059
3 7059 7070 7071
3 7059 7071 7060
3 7060 7071 7072
3 7060 7072 7061
3 7061 7072 7073
3 7061 7073 7062
3 7062 7073 7074
3 7062 7074 7063
3 7063 7074 7075
3 7063 7075 7064
3 7064 7075 7076
3 7064 7076 7053
3 7053 7076 7065
3 7065 7077 7066
3 7066 7077 7078
3 7066 7078 7067
3 7067 7078 7079
3 7067 7079 7068
3 7068 7079 7080
3 7068 7080 7069
3 7069 7080 7081
3 7069 7081 7070
3 7070 7081 7082
3 7070 7082 7071
3 7071 7082 7083
3 7071 7083 7072
3 7072 7083 7084
3 7072 7084 7073
3 7073 7084 7085
3 7073 7085 7074
3 7074 7085 7086
3 7074 7086 7075
3 7075 7086 7087
3 7075 7087 7076
3 7076 7087 7088
3 7076 7088 7065
3 7065 7088 7077
3 7077 7089 7078
3 7078 7089 7090
3 7078 7090 7079
3 7079 7090 7091
3 7079 7091 7080
3 7080 7091 7092
3 7080 7092 7081
3 7081 7092 7093
3 7081 7093 7082
3 7082 7093 7094
3 7082 7094 7083
3 7083 7094 7095
3 7083 7095 7084
3 7084 7095 7096
3 7084 7096 7085
3 7085 7096 7097
3 7085 7097 7086
3 7086 7097 7098
3 7086 7098 7087
3 7087 7098 7099
3 7087 7099 7088
3 7088 7099 7100
3 7088 7100 7077
3 7077 7100 7089
3 7089 7101 7090
3 7090 7101 7102
3 7090 7102 7091
3 7091 7102 7103
3 7091 7103 7092
3 7092 7103 7104
3 7092 7104 7093
3 7093 7104 7105
3 7093 7105 7094
3 7094 7105 7106
3 7094 7106 7095
3 7095 7106 7107
3 7095 7107 7096
3 7096 7107 7108
3 7096 7108 7097
3 7097 7108 7109
3 7097 7109 7098
3 7098 7109 7110
3 7098 7110 7099
3 7099 7110 7111
3 7099 7111 7100
3 7100 7111 7112
3 7100 7112 7089
3 7089 7112 7101
3 7101 7113 7102
3 7102 7113 7114
3 7102 7114 7103
3 7103 7114 7115
3 7103 7115 7104
3 7104 7115 7116
3 7104 7116 7105
3 7105 7116 7117
3 7105 7117 7106
3 7106 7117 7118
3 7106 7118 7107
3 7107 7118 7119
3 7107 7119 7108
3 7108 7119 7120
3 7108 7120 7109
3 7109 7120 7121
3 7109 7121 7110
3 7110 7121 7122
3 7110 7122 7111
3 7111 7122 7123
3 7111 7123 7112
3 7112 7123 7124
3 7112 7124 7101
3 7101 7124 7113
3 7113 7125 7114
3 7114 7125 7126
3 7114 7126 7115
3 7115 7126 7127
3 7115 7127 7116
3 7116 7127 7128
3 7116 7128 7117
3 7117 7128 7129
3 7117 7129 7118
3 7118 7129 7130
3 7118 7130 7119
3 7119 7130 7131
3 7119 7131 7120
3 7120 7131 7132
3 7120 7132 7121
3 7121 7132 7133
3 7121 7133 7122
3 7122 7133 7134
3 7122 7134 7123
3 7123 7134 7135
3 7123 7135 7124
3 7124 7135 7136
3 7124 7136 7113
3 7113 7136 7125
3 7137 7126 7125
3 7137 7127 7126
3 7137 7128 7127
3 7137 7129 7128
3 7137 7130 7129
3 7137 7131 7130
3 7137 7132 7131
3 7137 7133 7132
3 7137 7134 7133
3 7137 7135 7134
3 7137 7136 7135
3 7137 7125 7136
3 7138 7139 7140
3 7138 7140 7141
3 7138 7141 7142
3 7138 7142 7143
3 7138 7143 7144
3 7138 7144 7145
3 7138 7145 7146
3 7138 7146 7147
3 7138 7147 7148
3 7138 7148 7149
3 7138 7149 7150
3 7138 7150 7139
3 7139 7151 7140
3 7140 7151 7152
3 7140 7152 7141
3 7141 7152 7153
3 7141 7153 7142
3 7142 7153 7154
3 7142 7154 7143
3 7143 7154 7155
3 7143 7155 7144
3 7144 7155 7156
3 7144 7156 7145
3 7145 7156 7157
3 7145 7157 7146
3 7146 7157 7158
3 7146 7158 7147
3 7147 7158 7159
3 7147 7159 7148
3 7148 7159 7160
3 7148 7160 7149
3 7149 7160 7161
3 7149 7161 7150
3 7150 7161 7162
3 7150 7162 7139
3 7139 7162 7151
3 7151 7163 7152
3 7152 7163 7164
3 7152 7164 7153
3 7153 7164 7165
3 7153 7165 7154
3 7154 7165 7166
3 7154 7166 7155
3 7155 7166 7167
3 7155 7167 7156
3 7156 7167 7168
3 7156 7168 7157
3 7157 7168 7169
3 7157 7169 7158
3 7158 7169 7170
3 7158 7170 7159
3 7159 7170 7171
3 7159 7171 7160
3 7160 7171 7172
3 7160 7172 7161
3 7161 7172 7173
3 7161 7173 7162
3 7162 7173 7174
3 7162 7174 7151
3 7151 7174 7163
3 7163 7175 7164
3 7164 7175 7176
3 7164 7176 7165
3 7165 7176 7177
3 7165 7177 7166
3 7166 7177 7178
3 7166 7178 7167
3 7167 7178 7179
3 7167 7179 7168
3 7168 7179 7180
3 7168 7180 7169
3 7169 7180 7181
3 7169 7181 7170
3 7170 7181 7182
3 7170 7182 7171
3 7171 7182 7183
3 7171 7183 7172
3 7172 7183 7184
3 7172 7184 7173
3 7173 7184 7185
3 7173 7185 7174
3 7174 7185 7186
3 7174 7186 7163
3 7163 7186 7175
3 7175 7187 7176
3 7176 7187 7188
3 7176 7188 7177
3 7177 7188 7189
3 7177 7189 7178
3 7178 7189 7190
3 7178 7190 7179
3 7179 7190 7191
3 7179 7191 7180
3 7180 7191 7192
3 7180 7192 7181
3 7181 7192 7193
3 7181 7193 7182
3 7182 7193 7194
3 7182 7194 7183
3 7183 7194 7195
3 7183 7195 7184
3 7184 7195 7196
3 7184 7196 7185
3 7185 7196 7197
3 7185 7197 7186
3 7186 7197 7198
3 7186 7198 7175
3 7175 7198 7187
3 7187 7199 7188
3 7188 7199 7200
3 7188 7200 7189
3 7189 7200 7201
3 7189 7201 7190
3 7190 7201 7202
3 7190 7202 7191
3 7191 7202 7203
3 7191 7203 7192
3 7192 7203 7204
3 7192 7204 7193
3 7193 7204 7205
3 7193 7205 7194
3 7194 7205 7206
3 7194 7206 7195
3 7195 7206 7207
3 7195 7207 7196
3 7196 7207 7208
3 7196 7208 7197
3 7197 7208 7209
3 7197 7209 7198
3 7198 7209 7210
3 7198 7210 7187
3 7187 7210 7199
3 7199 7211 7200
3 7200 7211 7212
3 7200 7212 7201
3 7201 7212 7213
3 7201 7213 7202
3 7202 7213 7214
3 7202 7214 7203
3 7203 7214 7215
3 7203 7215 7204
3 7204 7215 7216
3 7204 7216 7205
3 7205 7216 7217
3 7205 7217 7206
3 7206 7217 7218
3 7206 7218 7207
3 7207 7218 7219
3 7207 7219 7208
3 7208 7219 7220
3 7208 7220 7209
3 7209 7220 7221
3 7209 7221 7210
3 7210 7221 7222
3 7210 7222 7199
3 7199 7222 7211
3 7223 7212 7211
3 7223 7213 7212
3 7223 7214 7213
3 7223 7215 7214
3 7223 7216 7215
3 7223 7217 7216
3 7223 7218 7217
3 7223 7219 7218
3 7223 7220 7219
3 7223 7221 7220
3 7223 7222 7221
3 7223 7211 7222
3 7224 7225 7226
3 7224 7226 7227
3 7224 7227 7228
3 7224 7228 7229
3 7224 7229 7230
3 7224 7230 7231
3 7224 7231 7232
3 7224 7232 7233
3 7224 7233 7234
3 7224 7234 7235
3 7224 7235 7236
3 7224 7236 7225
3 7225 7237 7226
3 7226 7237 7238
3 7226 7238 7227
3 7227 7238 7239
3 7227 7239 7228
3 7228 7239 7240
3 7228 7240 7229
3 7229 7240 7241
3 7229 7241 7230
3 7230 7241 7242
3 7230 7242 7231
3 7231 7242 7243
3 7231 7243 7232
3 7232 7243 7244
3 7232 7244 7233
3 7233 7244 7245
3 7233 7245 7234
3 7234 7245 7246
3 7234 7246 7235
3 7235 7246 7247
3 7235 7247 7236
3 7236 7247 7248
3 7236 7248 7225
3 7225 7248 7237
3 7237 7249 7238
3 7238 7249 7250
3 7238 7250 7239
3 7239 7250 7251
3 7239 7251 7240
3 7240 7251 7252
3 7240 7252 7241
3 7241 7252 7253
3 7241 7253 7242
3 7242 7253 7254
3 7242 7254 7243
3 7243 7254 7255
3 7243 7255 7244
3 7244 7255 7256
3 7244 7256 7245
3 7245 7256 7257
3 7245 7257 7246
3 7246 7257 7258
3 7246 7258 7247
3 7247 7258 7259
3 7247 7259 7248
3 7248 7259 7260
3 7248 7260 7237
3 7237 7260 7249
3 7249 7261 7250
3 7250 7261 7262
3 7250 7262 7251
3 7251 7262 7263
3 7251 7263 7252
3 7252 7263 7264
3 7252 7264 7253
3 7253 7264 7265
3 7253 7265 7254
3 7254 7265 7266
3 7254 7266 7255
3 7255 7266 7267
3 7255 7267 7256
3 7256 7267 7268
3 7256 7268 7257
3 7257 7268 7269
3 7257 7269 7258
3 7258 7269 7270
3 7258 7270 7259
3 7259 7270 7271
3 7259 7271 7260
3 7260 7271 7272
3 7260 7272 7249
3 7249 7272 7261
3 7261 7273 7262
3 7262 7273 7274
3 7262 7274 7263
3 7263 7274 7275
3 7263 7275 7264
3 7264 7275 7276
3 7264 7276 7265
3 7265 7276 7277
3 7265 7277 7266
3 7266 7277 7278
3 7266 7278 7267
3 7267 7278 7279
3 7267 7279 7268
3 7268 7279 7280
3 7268 7280 7269
3 7269 7280 7281
3 7269 7281 7270
3 7270 7281 7282
3 7270 7282 7271
3 7271 7282 7283
3 7271 7283 7272
3 7272 7283 7284
3 7272 7284 7261
3 7261 7284 7273
3 7273 7285 7274
3 7274 7285 7286
3 7274 7286 7275
3 7275 7286 7287
3 7275 7287 7276
3 7276 7287 7288
3 7276 7288 7277
3 7277 7288 7289
3 7277 7289 7278
3 7278 7289 7290
3 7278 7290 7279
3 7279 7290 7291
3 7279 7291 7280
3 7280 7291 7292
3 7280 7292 7281
3 7281 7292 7293
3 7281 7293 7282
3 7282 7293 7294
3 7282 7294 7283
3 7283 7294 7295
3 7283 7295 7284
3 7284 7295 7296
3 7284 7296 7273
3 7273 7296 7285
3 7285 7297 7286
3 7286 7297 7298
3 7286 7298 7287
3 7287 7298 7299
3 7287 7299 7288
3 7288 7299 7300
3 7288 7300 7289
3 7289 7300 7301
3 7289 7301 7290
3 7290 7301 7302
3 7290 7302 7291
3 7291 7302 7303
3 7291 7303 7292
3 7292 7303 7304
3 7292 7304 7293
3 7293 7304 7305
3 7293 7305 7294
3 7294 7305 7306
3 7294 7306 7295
3 7295 7306 7307
3 7295 7307 7296
3 7296 7307 7308
3 7296 7308 7285
3 7285 7308 7297
3 7309 7298 7297
3 7309 7299 7298
3 7309 7300 7299
3 7309 7301 7300
3 7309 7302 7301
3 7309 7303 7302
3 7309 7304 7303
3 7309 7305 7304
3 7309 7306 7305
3 7309 7307 7306
3 7309 7308 7307
3 7309 7297 7308
3 7310 7311 7312
3 7310 7312 7313
3 7310 7313 7314
3 7310 7314 7315
3 7310 7315 7316
3 7310 7316 7317
3 7310 7317 7318
3 7310 7318 7319
3 7310 7319 7320
3 7310 7320 7321
3 7310 7321 7322
3 7310 7322 7311
3 7311 7323 7312
3 7312 7323 7324
3 7312 7324 7313
3 7313 7324 7325
3 7313 7325 7314
3 7314 7325 7326
3 7314 7326 7315
3 7315 7326 7327
3 7315 7327 7316
3 7316 7327 7328
3 7316 7328 7317
3 7317 7328 7329
3 7317 7329 7318
3 7318 7329 7330
3 7318 7330 7319
3 7319 7330 7331
3 7319 7331 7320
3 7320 7331 7332
3 7320 7332 7321
3 7321 7332 7333
3 7321 7333 7322
3 7322 7333 7334
3 7322 7334 7311
3 7311 7334 7323
3 7323 7335 7324
3 7324 7335 7336
3 7324 7336 7325
3 7325 7336 7337
3 7325 7337 7326
3 7326 7337 7338
3 7326 7338 7327
3 7327 7338 7339
3 7327 7339 7328
3 7328 7339 7340
3 7328 7340 7329
3 7329 7340 7341
3 7329 7341 7330
3 7330 7341 7342
3 7330 7342 7331
3 7331 7342 7343
3 7331 7343 7332
3 7332 7343 7344
3 7332 7344 7333
3 7333 7344 7345
3 7333 7345 7334
3 7334 7345 7346
3 7334 7346 7323
3 7323 7346 7335
3 7335 7347 7336
3 7336 7347 7348
3 7336 7348 7337
3 7337 7348 7349
3 7337 7349 7338
3 7338 7349 7350
3 7338 7350 7339
3 7339 7350 7351
3 7339 7351 7340
3 7340 7351 7352
3 7340 7352 7341
3 7341 7352 7353
3 7341 7353 7342
3 7342 7353 7354
3 7342 7354 7343
3 7343 7354 7355
3 7343 7355 7344
3 7344 7355 7356
3 7344 7356 7345
3 7345 7356 7357
3 7345 7357 7346
3 7346 7357 7358
3 7346 7358 7335
3 7335 7358 7347
3 7347 7359 7348
3 7348 7359 7360
3 7348 7360 7349
3 7349 7360 7361
3 7349 7361 7350
3 7350 7361 7362
3 7350 7362 7351
3 7351 7362 7363
3 7351 7363 7352
3 7352 7363 7364
3 7352 7364 7353
3 7353 7364 7365
3 7353 7365 7354
3 7354 7365 7366
3 7354 7366 7355
3 7355 7366 7367
3 7355 7367 7356
3 7356 7367 7368
3 7356 7368 7357
3 7357 7368 7369
3 7357 7369 7358
3 7358 7369 7370
3 7358 7370 7347
3 7347 7370 7359
3 7359 7371 7360
3 7360 7371 7372
3 7360 7372 7361
3 7361 7372 7373
3 7361 7373 7362
3 7362 7373 7374
3 7362 7374 7363
3 7363 7374 7375
3 7363 7375 7364
3 7364 7375 7376
3 7364 7376 7365
3 7365 7376 7377
3 7365 7377 7366
3 7366 7377 7378
3 7366 7378 7367
3 7367 7378 7379
3 7367 7379 7368
3 7368 7379 7380
3 7368 7380 7369
3 7369 7380 7381
3 7369 7381 7370
3 7370 7381 7382
3 7370 7382 7359
3 7359 7382 7371
3 7371 7383 7372
3 7372 7383 7384
3 7372 7384 7373
3 7373 7384 7385
3 7373 7385 7374
3 7374 7385 7386
3 7374 7386 7375
3 7375 7386 7387
3 7375 7387 7376
3 7376 7387 7388
3 7376 7388 7377
3 7377 7388 7389
3 7377 7389 7378
3 7378 7389 7390
3 7378 7390 7379
3 7379 7390 7391
3 7379 7391 7380
3 7380 7391 7392
3 7380 7392 7381
3 7381 7392 7393
3 7381 7393 7382
3 7382 7393 7394
3 7382 7394 7371
3 7371 7394 7383
3 7395 7384 7383
3 7395 7385 7384
3 7395 7386 7385
3 7395 7387 7386
3 7395 7388 7387
3 7395 7389 7388
3 7395 7390 7389
3 7395 7391 7390
3 7395 7392 7391
3 7395 7393 7392
3 7395 7394 7393
3 7395 7383 7394
3 7396 7397 7398
3 7396 7398 7399
3 7396 7399 7400
3 7396 7400 7401
3 7396 7401 7402
3 7396 7402 7403
3 7396 7403 7404
3 7396 7404 7405
3 7396 7405 7406
3 7396 7406 7407
3 7396 7407 7408
3 7396 7408 7397
3 7397 7409 7398
3 7398 7409 7410
3 7398 7410 7399
3 7399 7410 7411
3 7399 7411 7400
3 7400 7411 7412
3 7400 7412 7401
3 7401 7412 7413
3 7401 7413 7402
3 7402 7413 7414
3 7402 7414 7403
3 7403 7414 7415
3 7403 7415 7404
3 7404 7415 7416
3 7404 7416 7405
3 7405 7416 7417
3 7405 7417 7406
3 7406 7417 7418
3 7406 7418 7407
3 7407 7418 7419
3 7407 7419 7408
3 7408 7419 7420
3 7408 7420 7397
3 7397 7420 7409
3 7409 7421 7410
3 7410 7421 7422
3 7410 7422 7411
3 7411 7422 7423
3 7411 7423 7412
3 7412 7423 7424
3 7412 7424 7413
3 7413 7424 7425
3 7413 7425 7414
3 7414 7425 7426
3 7414 7426 7415
3 7415 7426 7427
3 7415 7427 7416
3 7416 7427 7428
3 7416 7428 7417
3 7417 7428 7429
3 7417 7429 7418
3 7418 7429 7430
3 7418 7430 7419
3 7419 7430 7431
3 7419 7431 7420
3 7420 7431 7432
3 7420 7432 7409
3 7409 7432 7421
3 7421 7433 7422
3 7422 7433 7434
3 7422 7434 7423
3 7423 7434 7435
3 7423 7435 7424
3 7424 7435 7436
3 7424 7436 7425
3 7425 7436 7437
3 7425 7437 7426
3 7426 7437 7438
3 7426 7438 7427
3 7427 7438 7439
3 7427 7439 7428
3 7428 7439 7440
3 7428 7440 7429
3 7429 7440 7441
3 7429 7441 7430
3 7430 7441 7442
3 7430 7442 7431
3 7431 7442 7443
3 7431 7443 7432
3 7432 7443 7444
3 7432 7444 7421
3 7421 7444 7433
3 7433 7445 7434
3 7434 7445 7446
3 7434 7446 7435
3 7435 7446 7447
3 7435 7447 7436
3 7436 7447 7448
3 7436 7448 7437
3 7437 7448 7449
3 7437 7449 7438
3 7438 7449 7450
3 7438 7450 7439
3 7439 7450 7451
3 7439 7451 7440
3 7440 7451 7452
3 7440 7452 7441
3 7441 7452 7453
3 7441 7453 7442
3 7442 7453 7454
3 7442 7454 7443
3 7443 7454 7455
3 7443 7455 7444
3 7444 7455 7456
3 7444 7456 7433
3 7433 7456 7445
3 7445 7457 7446
3 7446 7457 7458
3 7446 7458 7447
3 7447 7458 7459
3 7447 7459 7448
3 7448 7459 7460
3 7448 7460 7449
3 7449 7460 7461
3 7449 7461 7450
3 7450 7461 7462
3 7450 7462 7451
3 7451 7462 7463
3 7451 7463 7452
3 7452 7463 7464
3 7452 7464 7453
3 7453 7464 7465
3 7453 7465 7454
3 7454 7465 7466
3 7454 7466 7455
3 7455 7466 7467
3 7455 7467 7456
3 7456 7467 7468
3 7456 7468 7445
3 7445 7468 7457
3 7457 7469 7458
3 7458 7469 7470
3 7458 7470 7459
3 7459 7470 7471
3 7459 7471 7460
3 7460 7471 7472
3 7460 7472 7461
3 7461 7472 7473
3 7461 7473 7462
3 7462 7473 7474
3 7462 7474 7463
3 7463 7474 7475
3 7463 7475 7464
3 7464 7475 7476
3 7464 7476 7465
3 7465 7476 7477
3 7465 7477 7466
3 7466 7477 7478
3 7466 7478 7467
3 7467 7478 7479
3 7467 7479 7468
3 7468 7479 7480
3 7468 7480 7457
3 7457 7480 7469
3 7481 7470 7469
3 7481 7471 7470
3 7481 7472 7471
3 7481 7473 7472
3 7481 7474 7473
3 7481 7475 7474
3 7481 7476 7475
3 7481 7477 7476
3 7481 7478 7477
3 7481 7479 7478
3 7481 7480 7479
3 7481 7469 7480
3 7482 7483 7484
3 7482 7484 7485
3 7482 7485 7486
3 7482 7486 7487
3 7482 7487 7488
3 7482 7488 7489
3 7482 7489 7490
3 7482 7490 7491
3 7482 7491 7492
3 7482 7492 7493
3 7482 7493 7494
3 7482 7494 7483
3 7483 7495 7484
3 7484 7495 7496
3 7484 7496 7485
3 7485 7496 7497
3 7485 7497 7486
3 7486 7497 7498
3 7486 7498 7487
3 7487 7498 7499
3 7487 7499 7488
3 7488 7499 7500
3 7488 7500 7489
3 7489 7500 7501
3 7489 7501 7490
3 7490 7501 7502
3 7490 7502 7491
3 7491 7502 7503
3 7491 7503 7492
3 7492 7503 7504
3 7492 7504 7493
3 7493 7504 7505
3 7493 7505 7494
3 7494 7505 7506
3 7494 7506 7483
3 7483 7506 7495
3 7495 7507 7496
3 7496 7507 7508
3 7496 7508 7497
3 7497 7508 7509
3 7497 7509 7498
3 7498 7509 7510
3 7498 7510 7499
3 7499 7510 7511
3 7499 7511 7500
3 7500 7511 7512
3 7500 7512 7501
3 7501 7512 7513
3 7501 7513 7502
3 7502 7513 7514
3 7502 7514 7503
3 7503 7514 7515
3 7503 7515 7504
3 7504 7515 7516
3 7504 7516 7505
3 7505 7516 7517
3 7505 7517 7506
3 7506 7517 7518
3 7506 7518 7495
3 7495 7518 7507
3 7507 7519 7508
3 7508 7519 7520
3 7508 7520 7509
3 7509 7520 7521
3 7509 7521 7510
3 7510 7521 7522
3 7510 7522 7511
3 7511 7522 7523
3 7511 7523 7512
3 7512 7523 7524
3 7512 7524 7513
3 7513 7524 7525
3 7513 7525 7514
3 7514 7525 7526
3 7514 7526 7515
3 7515 7526 7527
3 7515 7527 7516
3 7516 7527 7528
3 7516 7528 7517
3 7517 7528 7529
3 7517 7529 7518
3 7518 7529 7530
3 7518 7530 7507
3 7507 7530 7519
3 7519 7531 7520
3 7520 7531 7532
3 7520 7532 7521
3 7521 7532 7533
3 7521 7533 7522
3 7522 7533 7534
3 7522 7534 7523
3 7523 7534 7535
3 7523 7535 7524
3 7524 7535 7536
3 7524 7536 7525
3 7525 7536 7537
3 7525 7537 7526
3 7526 7537 7538
3 7526 7538 7527
3 7527 7538 7539
3 7527 7539 7528
3 7528 7539 7540
3 7528 7540 7529
3 7529 7540 7541
3 7529 7541 7530
3 7530 7541 7542
3 7530 7542 7519
3 7519 7542 7531
3 7531 7543 7532
3 7532 7543 7544
3 7532 7544 7533
3 7533 7544 7545
3 7533 7545 7534
3 7534 7545 7546
3 7534 7546 7535
3 7535 7546 7547
3 7535 7547 7536
3 7536 7547 7548
3 7536 7548 7537
3 7537 7548 7549
3 7537 7549 7538
3 7538 7549 7550
3 7538 7550 7539
3 7539 7550 7551
3 7539 7551 7540
3 7540 7551 7552
3 7540 7552 7541
3 7541 7552 7553
3 7541 7553 7542
3 7542 7553 7554
3 7542 7554 7531
3 7531 7554 7543
3 7543 7555 7544
3 7544 7555 7556
3 7544 7556 7545
3 7545 7556 7557
3 7545 7557 7546
3 7546 7557 7558
3 7546 7558 7547
3 7547 7558 7559
3 7547 7559 7548
3 7548 7559 7560
3 7548 7560 7549
3 7549 7560 7561
3 7549 7561 7550
3 7550 7561 7562
3 7550 7562 7551
3 7551 7562 7563
3 7551 7563 7552
3 7552 7563 7564
3 7552 7564 7553
3 7553 7564 7565
3 7553 7565 7554
3 7554 7565 7566
3 7554 7566 7543
3 7543 7566 7555
3 7567 7556 7555
3 7567 7557 7556
3 7567 7558 7557
3 7567 7559 7558
3 7567 7560 7559
3 7567 7561 7560
3 7567 7562 7561
3 7567 7563 7562
3 7567 7564 7563
3 7567 7565 7564
3 7567 7566 7565
3 7567 7555 7566
3 7568 7569 7570
3 7568 7570 7571
3 7568 7571 7572
3 7568 7572 7573
3 7568 7573 7574
3 7568 7574 7575
3 7568 7575 7576
3 7568 7576 7577
3 7568 7577 7578
3 7568 7578 7579
3 7568 7579 7580
3 7568 7580 7569
3 7569 7581 7570
3 7570 7581 7582
3 7570 7582 7571
3 7571 7582 7583
3 7571 7583 7572
3 7572 7583 7584
3 7572 7584 7573
3 7573 7584 7585
3 7573 7585 7574
3 7574 7585 7586
3 7574 7586 7575
3 7575 7586 7587
3 7575 7587 7576
3 7576 7587 7588
3 7576 7588 7577
3 7577 7588 7589
3 7577 7589 7578
3 7578 7589 7590
3 7578 7590 7579
3 7579 7590 7591
3 7579 7591 7580
3 7580 7591 7592
3 7580 7592 7569
3 7569 7592 7581
3 7581 7593 7582
3 7582 7593 7594
3 7582 7594 7583
3 7583 7594 7595
3 7583 7595 7584
3 7584 7595 7596
3 7584 7596 7585
3 7585 7596 7597
3 7585 7597 7586
3 7586 7597 7598
3 7586 7598 7587
3 7587 7598 7599
3 7587 7599 7588
3 7588 7599 7600
3 7588 7600 7589
3 7589 7600 7601
3 7589 7601 7590
3 7590 7601 7602
3 7590 7602 7591
3 7591 7602 7603
3 7591 7603 7592
3 7592 7603 7604
3 7592 7604 7581
3 7581 7604 7593
3 7593 7605 7594
3 7594 7605 7606
3 7594 7606 7595
3 7595 7606 7607
3 7595 7607 7596
3 7596 7607 7608
3 7596 7608 7597
3 7597 7608 7609
3 7597 7609 7598
3 7598 7609 7610
3 7598 7610 7599
3 7599 7610 7611
3 7599 7611 7600
3 7600 7611 7612
3 7600 7612 7601
3 7601 7612 7613
3 7601 7613 7602
3 7602 7613 7614
3 7602 7614 7603
3 7603 7614 7615
3 7603 7615 7604
3 7604 7615 7616
3 7604 7616 7593
3 7593 7616 7605
3 7605 7617 7606
3 7606 7617 7618
3 7606 7618 7607
3 7607 7618 7619
3 7607 7619 7608
3 7608 7619 7620
3 7608 7620 7609
3 7609 7620 7621
3 7609 7621 7610
3 7610 7621 7622
3 7610 7622 7611
3 7611 7622 7623
3 7611 7623 7612
3 7612 7623 7624
3 7612 7624 7613
3 7613 7624 7625
3 7613 7625 7614
3 7614 7625 7626
3 7614 7626 7615
3 7615 7626 7627
3 7615 7627 7616
3 7616 7627 7628
3 7616 7628 7605
3 7605 7628 7617
3 7617 7629 7618
3 7618 7629 7630
3 7618 7630 7619
3 7619 7630 7631
3 7619 7631 7620
3 7620 7631 7632
3 7620 7632 7621
3 7621 7632 7633
3 7621 7633 7622
3 7622 7633 7634
3 7622 7634 7623
3 7623 7634 7635
3 7623 7635 7624
3 7624 7635 7636
3 7624 7636 7625
3 7625 7636 7637
3 7625 7637 7626
3 7626 7637 7638
3 7626 7638 7627
3 7627 7638 7639
3 7627 7639 7628
3 7628 7639 7640
3 7628 7640 7617
3 7617 7640 7629
3 7629 7641 7630
3 7630 7641 7642
3 7630 7642 7631
3 7631 7642 7643
3 7631 7643 7632
3 7632 7643 7644
3 7632 7644 7633
3 7633 7644 7645
3 7633 7645 7634
3 7634 7645 7646
3 7634 7646 7635
3 7635 7646 7647
3 7635 7647 7636
3 7636 7647 7648
3 7636 7648 7637
3 7637 7648 7649
3 7637 7649 7638
3 7638 7649 7650
3 7638 7650 7639
3 7639 7650 7651
3 7639 7651 7640
3 7640 7651 7652
3 7640 7652 7629
3 7629 7652 7641
3 7653 7642 7641
3 7653 7643 7642
3 7653 7644 7643
3 7653 7645 7644
3 7653 7646 7645
3 7653 7647 7646
3 7653 7648 7647
3 7653 7649 7648
3 7653 7650 7649
3 7653 7651 7650
3 7653 7652 7651
3 7653 7641 7652
3 7654 7655 7656
3 7654 7656 7657
3 7654 7657 7658
3 7654 7658 7659
3 7654 7659 7660
3 7654 7660 7661
3 7654 7661 7662
3 7654 7662 7663
3 7654 7663 7664
3 7654 7664 7665
3 7654 7665 7666
3 7654 7666 7655
3 7655 7667 7656
3 7656 7667 7668
3 7656 7668 7657
3 7657 7668 7669
3 7657 7669 7658
3 7658 7669 7670
3 7658 7670 7659
3 7659 7670 7671
3 7659 7671 7660
3 7660 7671 7672
3 7660 7672 7661
3 7661 7672 7673
3 7661 7673 7662
3 7662 7673 7674
3 7662 7674 7663
3 7663 7674 7675
3 7663 7675 7664
3 7664 7675 7676
3 7664 7676 7665
3 7665 7676 7677
3 7665 7677 7666
3 7666 7677 7678
3 7666 7678 7655
3 7655 7678 7667
3 7667 7679 7668
3 7668 7679 7680
3 7668 7680 7669
3 7669 7680 7681
3 7669 7681 7670
3 7670 7681 7682
3 7670 7682 7671
3 7671 7682 7683
3 7671 7683 7672
3 7672 7683 7684
3 7672 7684 7673
3 7673 7684 7685
3 7673 7685 7674
3 7674 7685 7686
3 7674 7686 7675
3 7675 7686 7687
3 7675 7687 7676
3 7676 7687 7688
3 7676 7688 7677
3 7677 7688 7689
3 7677 7689 7678
3 7678 7689 7690
3 7678 7690 7667
3 7667 7690 7679
3 7679 7691 7680
3 7680 7691 7692
3 7680 7692 7681
3 7681 7692 7693
3 7681 7693 7682
3 7682 7693 7694
3 7682 7694 7683
3 7683 7694 7695
3 7683 7695 7684
3 7684 7695 7696
3 7684 7696 7685
3 7685 7696 7697
3 7685 7697 7686
3 7686 7697 7698
3 7686 7698 7687
3 7687 7698 7699
3 7687 7699 7688
3 7688 7699 7700
3 7688 7700 7689
3 7689 7700 7701
3 7689 7701 7690
3 7690 7701 7702
3 7690 7702 7679
3 7679 7702 7691
3 7691 7703 7692
3 7692 7703 7704
3 7692 7704 7693
3 7693 7704 7705
3 7693 7705 7694
3 7694 7705 7706
3 7694 7706 7695
3 7695 7706 7707
3 7695 7707 7696
3 7696 7707 7708
3 7696 7708 7697
3 7697 7708 7709
3 7697 7709 7698
3 7698 7709 7710
3 7698 7710 7699
3 7699 7710 7711
3 7699 7711 7700
3 7700 7711 7712
3 7700 7712 7701
3 7701 7712 7713
3 7701 7713 7702
3 7702 7713 7714
3 7702 7714 7691
3 7691 7714 7703
3 7703 7715 7704
3 7704 7715 7716
3 7704 7716 7705
3 7705 7716 7717
3 7705 7717 7706
3 7706 7717 7718
3 7706 7718 7707
3 7707 7718 7719
3 7707 7719 7708
3 7708 7719 7720
3 7708 7720 7709
3 7709 7720 7721
3 7709 7721 7710
3 7710 7721 7722
3 7710 7722 7711
3 7711 7722 7723
3 7711 7723 7712
3 7712 7723 7724
3 7712 7724 7713
3 7713 7724 7725
3 7713 7725 7714
3 7714 7725 7726
3 7714 7726 7703
3 7703 7726 7715
3 7715 7727 7716
3 7716 7727 7728
3 7716 7728 7717
3 7717 7728 7729
3 7717 7729 7718
3 7718 7729 7730
3 7718 7730 7719
3 7719 7730 7731
3 7719 7731 7720
3 7720 7731 7732
3 7720 7732 7721
3 7721 7732 7733
3 7721 7733 7722
3 7722 7733 7734
3 7722 7734 7723
3 7723 7734 7735
3 7723 7735 7724
3 7724 7735 7736
3 7724 7736 7725
3 7725 7736 7737
3 7725 7737 7726
3 7726 7737 7738
3 7726 7738 7715
3 7715 7738 7727
3 7739 7728 7727
3 7739 7729 7728
3 7739 7730 7729
3 7739 7731 7730
3 7739 7732 7731
3 7739 7733 7732
3 7739 7734 7733
3 7739 7735 7734
3 7739 7736 7735
3 7739 7737 7736
3 7739 7738 7737
3 7739 7727 7738
3 7740 7741 7742
3 7740 7742 7743
3 7740 7743 7744
3 7740 7744 7745
3 7740 7745 7746
3 7740 7746 7747
3 7740 7747 7748
3 7740 7748 7749
3 7740 7749 7750
3 7740 7750 7751
3 7740 7751 7752
3 7740 7752 7741
3 7741 7753 7742
3 7742 7753 7754
3 7742 7754 7743
3 7743 7754 7755
3 7743 7755 7744
3 7744 7755 7756
3 7744 7756 7745
3 7745 7756 7757
3 7745 7757 7746
3 7746 7757 7758
3 7746 7758 7747
3 7747 7758 7759
3 7747 7759 7748
3 7748 7759 7760
3 7748 7760 7749
3 7749 7760 7761
3 7749 7761 7750
3 7750 7761 7762
3 7750 7762 7751
3 7751 7762 7763
3 7751 7763 7752
3 7752 7763 7764
3 7752 7764 7741
3 7741 7764 7753
3 7753 7765 7754
3 7754 7765 7766
3 7754 7766 7755
3 7755 7766 7767
3 7755 7767 7756
3 7756 7767 7768
3 7756 7768 7757
3 7757 7768 7769
3 7757 7769 7758
3 7758 7769 7770
3 7758 7770 7759
3 7759 7770 7771
3 7759 7771 7760
3 7760 7771 7772
3 7760 7772 7761
3 7761 7772 7773
3 7761 7773 7762
3 7762 7773 7774
3 7762 7774 7763
3 7763 7774 7775
3 7763 7775 7764
3 7764 7775 7776
3 7764 7776 7753
3 7753 7776 7765
3 7765 7777 7766
3 7766 7777 7778
3 7766 7778 7767
3 7767 7778 7779
3 7767 7779 7768
3 7768 7779 7780
3 7768 7780 7769
3 7769 7780 7781
3 7769 7781 7770
3 7770 7781 7782
3 7770 7782 7771
3 7771 7782 7783
3 7771 7783 7772
3 7772 7783 7784
3 7772 7784 7773
3 7773 7784 7785
3 7773 7785 7774
3 7774 7785 7786
3 7774 7786 7775
3 7775 7786 7787
3 7775 7787 7776
3 7776 7787 7788
3 7776 7788 7765
3 7765 7788 7777
3 7777 7789 7778
3 7778 7789 7790
3 7778 7790 7779
3 7779 7790 7791
3 7779 7791 7780
3 7780 7791 7792
3 7780 7792 7781
3 7781 7792 7793
3 7781 7793 7782
3 7782 7793 7794
3 7782 7794 7783
3 7783 7794 7795
3 7783 7795 7784
3 7784 7795 7796
3 7784 7796 7785
3 7785 7796 7797
3 7785 7797 7786
3 7786 7797 7798
3 7786 7798 7787
3 7787 7798 7799
3 7787 7799 7788
3 7788 7799 7800
3 7788 7800 7777
3 7777 7800 7789
3 7789 7801 7790
3 7790 7801 7802
3 7790 7802 7791
3 7791 7802 7803
3 7791 7803 7792
3 7792 7803 7804
3 7792 7804 7793
3 7793 7804 7805
3 7793 7805 7794
3 7794 7805 7806
3 7794 7806 7795
3 7795 7806 7807
3 7795 7807 7796
3 7796 7807 7808
3 7796 7808 7797
3 7797 7808 7809
3 7797 7809 7798
3 7798 7809 7810
3 7798 7810 7799
3 7799 7810 7811
3 7799 7811 7800
3 7800 7811 7812
3 7800 7812 7789
3 7789 7812 7801
3 7801 7813 7802
3 7802 7813 7814
3 7802 7814 7803
3 7803 7814 7815
3 7803 7815 7804
3 7804 7815 7816
3 7804 7816 7805
3 7805 7816 7817
3 7805 7817 7806
3 7806 7817 7818
3 7806 7818 7807
3 7807 7818 7819
3 7807 7819 7808
3 7808 7819 7820
3 7808 7820 7809
3 7809 7820 7821
3 7809 7821 7810
3 7810 7821 7822
3 7810 7822 7811
3 7811 7822 7823
3 7811 7823 7812
3 7812 7823 7824
3 7812 7824 7801
3 7801 7824 7813
3 7825 7814 7813
3 7825 7815 7814
3 7825 7816 7815
3 7825 7817 7816
3 7825 7818 7817
3 7825 7819 7818
3 7825 7820 7819
3 7825 7821 7820
3 7825 7822 7821
3 7825 7823 7822
3 7825 7824 7823
3 7825 7813 7824
3 7826 7827 7828
3 7826 7828 7829
3 7826 7829 7830
3 7826 7830 7831
3 7826 7831 7832
3 7826 7832 7833
3 7826 7833 7834
3 7826 7834 7835
3 7826 7835 7836
3 7826 7836 7837
3 7826 7837 7838
3 7826 7838 7827
3 7827 7839 7828
3 7828 7839 7840
3 7828 7840 7829
3 7829 7840 7841
3 7829 7841 7830
3 7830 7841 7842
3 7830 7842 7831
3 7831 7842 7843
3 7831 7843 7832
3 7832 7843 7844
3 7832 7844 7833
3 7833 7844 7845
3 7833 7845 7834
3 7834 7845 7846
3 7834 7846 7835
3 7835 7846 7847
3 7835 7847 7836
3 7836 7847 7848
3 7836 7848 7837
3 7837 7848 7849
3 7837 7849 7838
3 7838 7849 7850
3 7838 7850 7827
3 7827 7850 7839
3 7839 7851 7840
3 7840 7851 7852
3 7840 7852 7841
3 7841 7852 7853
3 7841 7853 7842
3 7842 7853 7854
3 7842 7854 7843
3 7843 7854 7855
3 7843 7855 7844
3 7844 7855 7856
3 7844 7856 7845
3 7845 7856 7857
3 7845 7857 7846
3 7846 7857 7858
3 7846 7858 7847
3 7847 7858 7859
3 7847 7859 7848
3 7848 7859 7860
3 7848 7860 7849
3 7849 7860 7861
3 7849 7861 7850
3 7850 7861 7862
3 7850 7862 7839
3 7839 7862 7851
3 7851 7863 7852
3 7852 7863 7864
3 7852 7864 7853
3 7853 7864 7865
3 7853 7865 7854
3 7854 7865 7866
3 7854 7866 7855
3 7855 7866 7867
3 7855 7867 7856
3 7856 7867 7868
3 7856 7868 7857
3 7857 7868 7869
3 7857 7869 7858
3 7858 7869 7870
3 7858 7870 7859
3 7859 7870 7871
3 7859 7871 7860
3 7860 7871 7872
3 7860 7872 7861
3 7861 7872 7873
3 7861 7873 7862
3 7862 7873 7874
3 7862 7874 7851
3 7851 7874 7863
3 7863 7875 7864
3 7864 7875 7876
3 7864 7876 7865
3 7865 7876 7877
3 7865 7877 7866
3 7866 7877 7878
3 7866 7878 7867
3 7867 7878 7879
3 7867 7879 7868
3 7868 7879 7880
3 7868 7880 7869
3 7869 7880 7881
3 7869 7881 7870
3 7870 7881 7882
3 7870 7882 7871
3 7871 7882 7883
3 7871 7883 7872
3 7872 7883 7884
3 7872 7884 7873
3 7873 7884 7885
3 7873 7885 7874
3 7874 7885 7886
3 7874 7886 7863
3 7863 7886 7875
3 7875 7887 7876
3 7876 7887 7888
3 7876 7888 7877
3 7877 7888 7889
3 7877 7889 7878
3 7878 7889 7890
3 7878 7890 7879
3 7879 7890 7891
3 7879 7891 7880
3 7880 7891 7892
3 7880 7892 7881
3 7881 7892 7893
3 7881 7893 7882
3 7882 7893 7894
3 7882 7894 7883
3 7883 7894 7895
3 7883 7895 7884
3 7884 7895 7896
3 7884 7896 7885
3 7885 7896 7897
3 7885 7897 7886
3 7886 7897 7898
3 7886 7898 7875
3 7875 7898 7887
3 7887 7899 7888
3 7888 7899 7900
3 7888 7900 7889
3 7889 7900 7901
3 7889 7901 7890
3 7890 7901 7902
3 7890 7902 7891
3 7891 7902 7903
3 7891 7903 7892
3 7892 7903 7904
3 7892 7904 7893
3 7893 7904 7905
3 7893 7905 7894
3 7894 7905 7906
3 7894 7906 7895
3 7895 7906 7907
3 7895 7907 7896
3 7896 7907 7908
3 7896 7908 7897
3 7897 7908 7909
3 7897 7909 7898
3 7898 7909 7910
3 7898 7910 7887
3 7887 7910 7899
3 7911 7900 7899
3 7911 7901 7900
3 7911 7902 7901
3 7911 7903 7902
3 7911 7904 7903
3 7911 7905 7904
3 7911 7906 7905
3 7911 7907 7906
3 7911 7908 7907
3 7911 7909 7908
3 7911 7910 7909
3 7911 7899 7910
3 7912 7913 7914
3 7912 7914 7915
3 7912 7915 7916
3 7912 7916 7917
3 7912 7917 7918
3 7912 7918 7919
3 7912 7919 7920
3 7912 7920 7921
3 7912 7921 7922
3 7912 7922 7923
3 7912 7923 7924
3 7912 7924 7913
3 7913 7925 7914
3 7914 7925 7926
3 7914 7926 7915
3 7915 7926 7927
3 7915 7927 7916
3 7916 7927 7928
3 7916 7928 7917
3 7917 7928 7929
3 7917 7929 7918
3 7918 7929 7930
3 7918 7930 7919
3 7919 7930 7931
3 7919 7931 7920
3 7920 7931 7932
3 7920 7932 7921
3 7921 7932 7933
3 7921 7933 7922
3 7922 7933 7934
3 7922 7934 7923
3 7923 7934 7935
3 7923 7935 7924
3 7924 7935 7936
3 7924 7936 7913
3 7913 7936 7925
3 7925 7937 7926
3 7926 7937 7938
3 7926 7938 7927
3 7927 7938 7939
3 7927 7939 7928
3 7928 7939 7940
3 7928 7940 7929
3 7929 7940 7941
3 7929 7941 7930
3 7930 7941 7942
3 7930 7942 7931
3 7931 7942 7943
3 7931 7943 7932
3 7932 7943 7944
3 7932 7944 7933
3 7933 7944 7945
3 7933 7945 7934
3 7934 7945 7946
3 7934 7946 7935
3 7935 7946 7947
3 7935 7947 7936
3 7936 7947 7948
3 7936 7948 7925
3 7925 7948 7937
3 7937 7949 7938
3 7938 7949 7950
3 7938 7950 7939
3 7939 7950 7951
3 7939 7951 7940
3 7940 7951 7952
3 7940 7952 7941
3 7941 7952 7953
3 7941 7953 7942
3 7942 7953 7954
3 7942 7954 7943
3 7943 7954 7955
3 7943 7955 7944
3 7944 7955 7956
3 7944 7956 7945
3 7945 7956 7957
3 7945 7957 7946
3 7946 7957 7958
3 7946 7958 7947
3 7947 7958 7959
3 7947 7959 7948
3 7948 7959 7960
3 7948 7960 7937
3 7937 7960 7949
3 7949 7961 7950
3 7950 7961 7962
3 7950 7962 7951
3 7951 7962 7963
3 7951 7963 7952
3 7952 7963 7964
3 7952 7964 7953
3 7953 7964 7965
3 7953 7965 7954
3 7954 7965 7966
3 7954 7966 7955
3 7955 7966 7967
3 7955 7967 7956
3 7956 7967 7968
3 7956 7968 7957
3 7957 7968 7969
3 7957 7969 7958
3 7958 7969 7970
3 7958 7970 7959
3 7959 7970 7971
3 7959 7971 7960
3 7960 7971 7972
3 7960 7972 7949
3 7949 7972 7961
3 7961 7973 7962
3 7962 7973 7974
3 7962 7974 7963
3 7963 7974 7975
3 7963 7975 7964
3 7964 7975 7976
3 7964 7976 7965
3 7965 7976 7977
3 7965 7977 7966
3 7966 7977 7978
3 7966 7978 7967
3 7967 7978 7979
3 7967 7979 7968
3 7968 7979 7980
3 7968 7980 7969
3 7969 7980 7981
3 7969 7981 7970
3 7970 7981 7982
3 7970 7982 7971
3 7971 7982 7983
3 7971 7983 7972
3 7972 7983 7984
3 7972 7984 7961
3 7961 7984 7973
3 7973 7985 7974
3 7974 7985 7986
3 7974 7986 7975
3 7975 7986 7987
3 7975 7987 7976
3 7976 7987 7988
3 7976 7988 7977
3 7977 7988 7989
3 7977 7989 7978
3 7978 7989 7990
3 7978 7990 7979
3 7979 7990 7991
3 7979 7991 7980
3 7980 7991 7992
3 7980 7992 7981
3 7981 7992 7993
3 7981 7993 7982
3 7982 7993 7994
3 7982 7994 7983
3 7983 7994 7995
3 7983 7995 7984
3 7984 7995 7996
3 7984 7996 7973
3 7973 7996 7985
3 7997 7986 7985
3 7997 7987 7986
3 7997 7988 7987
3 7997 7989 7988
3 7997 7990 7989
3 7997 7991 7990
3 7997 7992 7991
3 7997 7993 7992
3 7997 7994 7993
3 7997 7995 7994
3 7997 7996 7995
3 7997 7985 7996
3 7998 7999 8000
3 7998 8000 8001
3 7998 8001 8002
3 7998 8002 8003
3 7998 8003 8004
3 7998 8004 8005
3 7998 8005 8006
3 7998 8006 8007
3 7998 8007 8008
3 7998 8008 8009
3 7998 8009 8010
3 7998 8010 7999
3 7999 8011 8000
3 8000 8011 8012
3 8000 8012 8001
3 8001 8012 8013
3 8001 8013 8002
3 8002 8013 8014
3 8002 8014 8003
3 8003 8014 8015
3 8003 8015 8004
3 8004 8015 8016
3 8004 8016 8005
3 8005 8016 8017
3 8005 8017 8006
3 8006 8017 8018
3 8006 8018 8007
3 8007 8018 8019
3 8007 8019 8008
3 8008 8019 8020
3 8008 8020 8009
3 8009 8020 8021
3 8009 8021 8010
3 8010 8021 8022
3 8010 8022 7999
3 7999 8022 8011
3 8011 8023 8012
3 8012 8023 8024
3 8012 8024 8013
3 8013 8024 8025
3 8013 8025 8014
3 8014 8025 8026
3 8014 8026 8015
3 8015 8026 8027
3 8015 8027 8016
3 8016 8027 8028
3 8016 8028 8017
3 8017 8028 8029
3 8017 8029 8018
3 8018 8029 8030
3 8018 8030 8019
3 8019 8030 8031
3 8019 8031 8020
3 8020 8031 8032
3 8020 8032 8021
3 8021 8032 8033
3 8021 8033 8022
3 8022 8033 8034
3 8022 8034 8011
3 8011 8034 8023
3 8023 8035 8024
3 8024 8035 8036
3 8024 8036 8025
3 8025 8036 8037
3 8025 8037 8026
3 8026 8037 8038
3 8026 8038 8027
3 8027 8038 8039
3 8027 8039 8028
3 8028 8039 8040
3 8028 8040 8029
3 8029 8040 8041
3 8029 8041 8030
3 8030 8041 8042
3 8030 8042 8031
3 8031 8042 8043
3 8031 8043 8032
3 8032 8043 8044
3 8032 8044 8033
3 8033 8044 8045
3 8033 8045 8034
3 8034 8045 8046
3 8034 8046 8023
3 8023 8046 8035
3 8035 8047 8036
3 8036 8047 8048
3 8036 8048 8037
3 8037 8048 8049
3 8037 8049 8038
3 8038 8049 8050
3 8038 8050 8039
3 8039 8050 8051
3 8039 8051 8040
3 8040 8051 8052
3 8040 8052 8041
3 8041 8052 8053
3 8041 8053 8042
3 8042 8053 8054
3 8042 8054 8043
3 8043 8054 8055
3 8043 8055 8044
3 8044 8055 8056
3 8044 8056 8045
3 8045 8056 8057
3 8045 8057 8046
3 8046 8057 8058
3 8046 8058 8035
3 8035 8058 8047
3 8047 8059 8048
3 8048 8059 8060
3 8048 8060 8049
3 8049 8060 8061
3 8049 8061 8050
3 8050 8061 8062
3 8050 8062 8051
3 8051 8062 8063
3 8051 8063 8052
3 8052 8063 8064
3 8052 8064 8053
3 8053 8064 8065
3 8053 8065 8054
3 8054 8065 8066
3 8054 8066 8055
3 8055 8066 8067
3 8055 8067 8056
3 8056 8067 8068
3 8056 8068 8057
3 8057 8068 8069
3 8057 8069 8058
3 8058 8069 8070
3 8058 8070 8047
3 8047 8070 8059
3 8059 8071 8060
3 8060 8071 8072
3 8060 8072 8061
3 8061 8072 8073
3 8061 8073 8062
3 8062 8073 8074
3 8062 8074 8063
3 8063 8074 8075
3 8063 8075 8064
3 8064 8075 8076
3 8064 8076 8065
3 8065 8076 8077
3 8065 8077 8066
3 8066 8077 8078
3 8066 8078 8067
3 8067 8078 8079
3 8067 8079 8068
3 8068 8079 8080
3 8068 8080 8069
3 8069 8080 8081
3 8069 8081 8070
3 8070 8081 8082
3 8070 8082 8059
3 8059 8082 8071
3 8083 8072 8071
3 8083 8073 8072
3 8083 8074 8073
3 8083 8075 8074
3 8083 8076 8075
3 8083 8077 8076
3 8083 8078 8077
3 8083 8079 8078
3 8083 8080 8079
3 8083 8081 8080
3 8083 8082 8081
3 8083 8071 8082
3 8084 8085 8086
3 8084 8086 8087
3 8084 8087 8088
3 8084 8088 8089
3 8084 8089 8090
3 8084 8090 8091
3 8084 8091 8092
3 8084 8092 8093
3 8084 8093 8094
3 8084 8094 8095
3 8084 8095 8096
3 8084 8096 8085
3 8085 8097 8086
3 8086 8097 8098
3 8086 8098 8087
3 8087 8098 8099
3 8087 8099 8088
3 8088 8099 8100
3 8088 8100 8089
3 8089 8100 8101
3 8089 8101 8090
3 8090 8101 8102
3 8090 8102 8091
3 8091 8102 8103
3 8091 8103 8092
3 8092 8103 8104
3 8092 8104 8093
3 8093 8104 8105
3 8093 8105 8094
3 8094 8105 8106
3 8094 8106 8095
3 8095 8106 8107
3 8095 8107 8096
3 8096 8107 8108
3 8096 8108 8085
3 8085 8108 8097
3 8097 8109 8098
3 8098 8109 8110
3 8098 8110 8099
3 8099 8110 8111
3 8099 8111 8100
3 8100 8111 8112
3 8100 8112 8101
3 8101 8112 8113
3 8101 8113 8102
3 8102 8113 8114
3 8102 8114 8103
3 8103 8114 8115
3 8103 8115 8104
3 8104 8115 8116
3 8104 8116 8105
3 8105 8116 8117
3 8105 8117 8106
3 8106 8117 8118
3 8106 8118 8107
3 8107 8118 8119
3 8107 8119 8108
3 8108 8119 8120
3 8108 8120 8097
3 8097 8120 8109
3 8109 8121 8110
3 8110 8121 8122
3 8110 8122 8111
3 8111 8122 8123
3 8111 8123 8112
3 8112 8123 8124
3 8112 8124 8113
3 8113 8124 8125
3 8113 8125 8114
3 8114 8125 8126
3 8114 8126 8115
3 8115 8126 8127
3 8115 8127 8116
3 8116 8127 8128
3 8116 8128 8117
3 8117 8128 8129
3 8117 8129 8118
3 8118 8129 8130
3 8118 8130 8119
3 8119 8130 8131
3 8119 8131 8120
3 8120 8131 8132
3 8120 8132 8109
3 8109 8132 8121
3 8121 8133 8122
3 8122 8133 8134
3 8122 8134 8123
3 8123 8134 8135
3 8123 8135 8124
3 8124 8135 8136
3 8124 8136 8125
3 8125 8136 8137
3 8125 8137 8126
3 8126 8137 8138
3 8126 8138 8127
3 8127 8138 8139
3 8127 8139 8128
3 8128 8139 8140
3 8128 8140 8129
3 8129 8140 8141
3 8129 8141 8130
3 8130 8141 8142
3 8130 8142 8131
3 8131 8142 8143
3 8131 8143 8132
3 8132 8143 8144
3 8132 8144 8121
3 8121 8144 8133
3 8133 8145 8134
3 8134 8145 8146
3 8134 8146 8135
3 8135 8146 8147
3 8135 8147 8136
3 8136 8147 8148
3 8136 8148 8137
3 8137 8148 8149
3 8137 8149 8138
3 8138 8149 8150
3 8138 8150 8139
3 8139 8150 8151
3 8139 8151 8140
3 8140 8151 8152
3 8140 8152 8141
3 8141 8152 8153
3 8141 8153 8142
3 8142 8153 8154
3 8142 8154 8143
3 8143 8154 8155
3 8143 8155 8144
3 8144 8155 8156
3 8144 8156 8133
3 8133 8156 8145
3 8145 8157 8146
3 8146 8157 8158
3 8146 8158 8147
3 8147 8158 8159
3 8147 8159 8148
3 8148 8159 8160
3 8148 8160 8149
3 8149 8160 8161
3 8149 8161 8150
3 8150 8161 8162
3 8150 8162 8151
3 8151 8162 8163
3 8151 8163 8152
3 8152 8163 8164
3 8152 8164 8153
3 8153 8164 8165
3 8153 8165 8154
3 8154 8165 8166
3 8154 8166 8155
3 8155 8166 8167
3 8155 8167 8156
3 8156 8167 8168
3 8156 8168 8145
3 8145 8168 8157
3 8169 8158 8157
3 8169 8159 8158
3 8169 8160 8159
3 8169 8161 8160
3 8169 8162 8161
3 8169 8163 8162
3 8169 8164 8163
3 8169 8165 8164
3 8169 8166 8165
3 8169 8167 8166
3 8169 8168 8167
3 8169 8157 8168
3 8170 8171 8172
3 8170 8172 8173
3 8170 8173 8174
3 8170 8174 8175
3 8170 8175 8176
3 8170 8176 8177
3 8170 8177 8178
3 8170 8178 8179
3 8170 8179 8180
3 8170 8180 8181
3 8170 8181 8182
3 8170 8182 8171
3 8171 8183 8172
3 8172 8183 8184
3 8172 8184 8173
3 8173 8184 8185
3 8173 8185 8174
3 8174 8185 8186
3 8174 8186 8175
3 8175 8186 8187
3 8175 8187 8176
3 8176 8187 8188
3 8176 8188 8177
3 8177 8188 8189
3 8177 8189 8178
3 8178 8189 8190
3 8178 8190 8179
3 8179 8190 8191
3 8179 8191 8180
3 8180 8191 8192
3 8180 8192 8181
3 8181 8192 8193
3 8181 8193 8182
3 8182 8193 8194
3 8182 8194 8171
3 8171 8194 8183
3 8183 8195 8184
3 8184 8195 8196
3 8184 8196 8185
3 8185 8196 8197
3 8185 8197 8186
3 8186 8197 8198
3 8186 8198 8187
3 8187 8198 8199
3 8187 8199 8188
3 8188 8199 8200
3 8188 8200 8189
3 8189 8200 8201
3 8189 8201 8190
3 8190 8201 8202
3 8190 8202 8191
3 8191 8202 8203
3 8191 8203 8192
3 8192 8203 8204
3 8192 8204 8193
3 8193 8204 8205
3 8193 8205 8194
3 8194 8205 8206
3 8194 8206 8183
3 8183 8206 8195
3 8195 8207 8196
3 8196 8207 8208
3 8196 8208 8197
3 8197 8208 8209
3 8197 8209 8198
3 8198 8209 8210
3 8198 8210 8199
3 8199 8210 8211
3 8199 8211 8200
3 8200 8211 8212
3 8200 8212 8201
3 8201 8212 8213
3 8201 8213 8202
3 8202 8213 8214
3 8202 8214 8203
3 8203 8214 8215
3 8203 8215 8204
3 8204 8215 8216
3 8204 8216 8205
3 8205 8216 8217
3 8205 8217 8206
3 8206 8217 8218
3 8206 8218 8195
3 8195 8218 8207
3 8207 8219 8208
3 8208 8219 8220
3 8208 8220 8209
3 8209 8220 8221
3 8209 8221 8210
3 8210 8221 8222
3 8210 8222 8211
3 8211 8222 8223
3 8211 8223 8212
3 8212 8223 8224
3 8212 8224 8213
3 8213 8224 8225
3 8213 8225 8214
3 8214 8225 8226
3 8214 8226 8215
3 8215 8226 8227
3 8215 8227 8216
3 8216 8227 8228
3 8216 8228 8217
3 8217 8228 8229
3 8217 8229 8218
3 8218 8229 8230
3 8218 8230 8207
3 8207 8230 8219
3 8219 8231 8220
3 8220 8231 8232
3 8220 8232 8221
3 8221 8232 8233
3 8221 8233 8222
3 8222 8233 8234
3 8222 8234 8223
3 8223 8234 8235
3 8223 8235 8224
3 8224 8235 8236
3 8224 8236 8225
3 8225 8236 8237
3 8225 8237 8226
3 8226 8237 8238
3 8226 8238 8227
3 8227 8238 8239
3 8227 8239 8228
3 8228 8239 8240
3 8228 8240 8229
3 8229 8240 8241
3 8229 8241 8230
3 8230 8241 8242
3 8230 8242 8219
3 8219 8242 8231
3 8231 8243 8232
3 8232 8243 8244
3 8232 8244 8233
3 8233 8244 8245
3 8233 8245 8234
3 8234 8245 8246
3 8234 8246 8235
3 8235 8246 8247
3 8235 8247 8236
3 8236 8247 8248
3 8236 8248 8237
3 8237 8248 8249
3 8237 8249 8238
3 8238 8249 8250
3 8238 8250 8239
3 8239 8250 8251
3 8239 8251 8240
3 8240 8251 8252
3 8240 8252 8241
3 8241 8252 8253
3 8241 8253 8242
3 8242 8253 8254
3 8242 8254 8231
3 8231 8254 8243
3 8255 8244 8243
3 8255 8245 8244
3 8255 8246 8245
3 8255 8247 8246
3 8255 8248 8247
3 8255 8249 8248
3 8255 8250 8249
3 8255 8251 8250
3 8255 8252 8251
3 8255 8253 8252
3 8255 8254 8253
3 8255 8243 8254
