ply
format ascii 1.0
element vertex 8944
property float x
property float y
property float z
element face 17472
property list uchar int vertex_indices
end_header
6.654086 -12.675444 -59.195473
7.036770 -12.675444 -59.271593
6.985500 -12.484102 -59.271593
6.845428 -12.344030 -59.271593
6.654086 -12.292760 -59.271593
6.462744 -12.344030 -59.271593
6.322673 -12.484102 -59.271593
6.271403 -12.675444 -59.271593
6.322673 -12.866785 -59.271593
6.462744 -13.006857 -59.271593
6.654086 -13.058127 -59.271593
6.845428 -13.006857 -59.271593
6.985500 -12.866785 -59.271593
7.361193 -12.675444 -59.488366
7.266459 -12.321890 -59.488366
7.007640 -12.063071 -59.488366
6.654086 -11.968337 -59.488366
6.300533 -12.063071 -59.488366
6.041714 -12.321890 -59.488366
5.946979 -12.675444 -59.488366
6.041714 -13.028997 -59.488366
6.300533 -13.287816 -59.488366
6.654086 -13.382550 -59.488366
7.007640 -13.287816 -59.488366
7.266459 -13.028997 -59.488366
7.577966 -12.675444 -59.812789
7.454189 -12.213504 -59.812789
7.116026 -11.875341 -59.812789
6.654086 -11.751564 -59.812789
6.192146 -11.875341 -59.812789
5.853983 -12.213504 -59.812789
5.730207 -12.675444 -59.812789
5.853983 -13.137383 -59.812789
6.192146 -13.475547 -59.812789
6.654086 -13.599323 -59.812789
7.116026 -13.475547 -59.812789
7.454189 -13.137383 -59.812789
7.654086 -12.675444 -60.195473
7.520112 -12.175444 -60.195473
7.154086 -11.809418 -60.195473
6.654086 -11.675444 -60.195473
6.154086 -11.809418 -60.195473
5.788061 -12.175444 -60.195473
5.654086 -12.675444 -60.195473
5.788061 -13.175444 -60.195473
6.154086 -13.541469 -60.195473
6.654086 -13.675444 -60.195473
7.154086 -13.541469 -60.195473
7.520112 -13.175444 -60.195473
7.577966 -12.675444 -60.578156
7.454189 -12.213504 -60.578156
7.116026 -11.875341 -60.578156
6.654086 -11.751564 -60.578156
6.192146 -11.875341 -60.578156
5.853983 -12.213504 -60.578156
5.730207 -12.675444 -60.578156
5.853983 -13.137383 -60.578156
6.192146 -13.475547 -60.578156
6.654086 -13.599323 -60.578156
7.116026 -13.475547 -60.578156
7.454189 -13.137383 -60.578156
7.361193 -12.675444 -60.902579
7.266459 -12.321890 -60.902579
7.007640 -12.063071 -60.902579
6.654086 -11.968337 -60.902579
6.300533 -12.063071 -60.902579
6.041714 -12.321890 -60.902579
5.946979 -12.675444 -60.902579
6.041714 -13.028997 -60.902579
6.300533 -13.287816 -60.902579
6.654086 -13.382550 -60.902579
7.007640 -13.287816 -60.902579
7.266459 -13.028997 -60.902579
7.036770 -12.675444 -61.119352
6.985500 -12.484102 -61.119352
6.845428 -12.344030 -61.119352
6.654086 -12.292760 -61.119352
6.462744 -12.344030 -61.119352
6.322673 -12.484102 -61.119352
6.271403 -12.675444 -61.119352
6.322673 -12.866785 -61.119352
6.462744 -13.006857 -61.119352
6.654086 -13.058127 -61.119352
6.845428 -13.006857 -61.119352
6.985500 -12.866785 -61.119352
6.654086 -12.675444 -61.195473
4.470137 -12.626969 -57.599434
4.852821 -12.626969 -57.675554
4.801551 -12.435628 -57.675554
4.661479 -12.295556 -57.675554
4.470137 -12.244286 -57.675554
4.278795 -12.295556 -57.675554
4.138724 -12.435628 -57.675554
4.087454 -12.626969 -57.675554
4.138724 -12.818311 -57.675554
4.278795 -12.958383 -57.675554
4.470137 -13.009653 -57.675554
4.661479 -12.958383 -57.675554
4.801551 -12.818311 -57.675554
5.177244 -12.626969 -57.892327
5.082510 -12.273416 -57.892327
4.823691 -12.014597 -57.892327
4.470137 -11.919863 -57.892327
4.116584 -12.014597 -57.892327
3.857765 -12.273416 -57.892327
3.763030 -12.626969 -57.892327
3.857765 -12.980523 -57.892327
4.116584 -13.239342 -57.892327
4.470137 -13.334076 -57.892327
4.823691 -13.239342 -57.892327
5.082510 -12.980523 -57.892327
5.394017 -12.626969 -58.216750
5.270240 -12.165030 -58.216750
4.932077 -11.826866 -58.216750
4.470137 -11.703090 -58.216750
4.008197 -11.826866 -58.216750
3.670034 -12.165030 -58.216750
3.546258 -12.626969 -58.216750
3.670034 -13.088909 -58.216750
4.008197 -13.427072 -58.216750
4.470137 -13.550849 -58.216750
4.932077 -13.427072 -58.216750
5.270240 -13.088909 -58.216750
5.470137 -12.626969 -58.599434
5.336163 -12.126969 -58.599434
4.970137 -11.760944 -58.599434
4.470137 -11.626969 -58.599434
3.970137 -11.760944 -58.599434
3.604112 -12.126969 -58.599434
3.470137 -12.626969 -58.599434
3.604112 -13.126969 -58.599434
3.970137 -13.492995 -58.599434
4.470137 -13.626969 -58.599434
4.970137 -13.492995 -58.599434
5.336163 -13.126969 -58.599434
5.394017 -12.626969 -58.982117
5.270240 -12.165030 -58.982117
4.932077 -11.826866 -58.982117
4.470137 -11.703090 -58.982117
4.008197 -11.826866 -58.982117
3.670034 -12.165030 -58.982117
3.546258 -12.626969 -58.982117
3.670034 -13.088909 -58.982117
4.008197 -13.427072 -58.982117
4.470137 -13.550849 -58.982117
4.932077 -13.427072 -58.982117
5.270240 -13.088909 -58.982117
5.177244 -12.626969 -59.306541
5.082510 -12.273416 -59.306541
4.823691 -12.014597 -59.306541
4.470137 -11.919863 -59.306541
4.116584 -12.014597 -59.306541
3.857765 -12.273416 -59.306541
3.763030 -12.626969 -59.306541
3.857765 -12.980523 -59.306541
4.116584 -13.239342 -59.306541
4.470137 -13.334076 -59.306541
4.823691 -13.239342 -59.306541
5.082510 -12.980523 -59.306541
4.852821 -12.626969 -59.523313
4.801551 -12.435628 -59.523313
4.661479 -12.295556 -59.523313
4.470137 -12.244286 -59.523313
4.278795 -12.295556 -59.523313
4.138724 -12.435628 -59.523313
4.087454 -12.626969 -59.523313
4.138724 -12.818311 -59.523313
4.278795 -12.958383 -59.523313
4.470137 -13.009653 -59.523313
4.661479 -12.958383 -59.523313
4.801551 -12.818311 -59.523313
4.470137 -12.626969 -59.599434
1.945246 -12.757174 -56.946217
2.327929 -12.757174 -57.022337
2.276659 -12.565833 -57.022337
2.136587 -12.425761 -57.022337
1.945246 -12.374491 -57.022337
1.753904 -12.425761 -57.022337
1.613832 -12.565833 -57.022337
1.562562 -12.757174 -57.022337
1.613832 -12.948516 -57.022337
1.753904 -13.088588 -57.022337
1.945246 -13.139858 -57.022337
2.136587 -13.088588 -57.022337
2.276659 -12.948516 -57.022337
2.652353 -12.757174 -57.239110
2.557618 -12.403621 -57.239110
2.298799 -12.144802 -57.239110
1.945246 -12.050068 -57.239110
1.591692 -12.144802 -57.239110
1.332873 -12.403621 -57.239110
1.238139 -12.757174 -57.239110
1.332873 -13.110728 -57.239110
1.591692 -13.369547 -57.239110
1.945246 -13.464281 -57.239110
2.298799 -13.369547 -57.239110
2.557618 -13.110728 -57.239110
2.869125 -12.757174 -57.563533
2.745349 -12.295235 -57.563533
2.407186 -11.957071 -57.563533
1.945246 -11.833295 -57.563533
1.483306 -11.957071 -57.563533
1.145143 -12.295235 -57.563533
1.021366 -12.757174 -57.563533
1.145143 -13.219114 -57.563533
1.483306 -13.557278 -57.563533
1.945246 -13.681054 -57.563533
2.407186 -13.557278 -57.563533
2.745349 -13.219114 -57.563533
2.945246 -12.757174 -57.946217
2.811271 -12.257174 -57.946217
2.445246 -11.891149 -57.946217
1.945246 -11.757174 -57.946217
1.445246 -11.891149 -57.946217
1.079220 -12.257174 -57.946217
0.945246 -12.757174 -57.946217
1.079220 -13.257174 -57.946217
1.445246 -13.623200 -57.946217
1.945246 -13.757174 -57.946217
2.445246 -13.623200 -57.946217
2.811271 -13.257174 -57.946217
2.869125 -12.757174 -58.328900
2.745349 -12.295235 -58.328900
2.407186 -11.957071 -58.328900
1.945246 -11.833295 -58.328900
1.483306 -11.957071 -58.328900
1.145143 -12.295235 -58.328900
1.021366 -12.757174 -58.328900
1.145143 -13.219114 -58.328900
1.483306 -13.557278 -58.328900
1.945246 -13.681054 -58.328900
2.407186 -13.557278 -58.328900
2.745349 -13.219114 -58.328900
2.652353 -12.757174 -58.653323
2.557618 -12.403621 -58.653323
2.298799 -12.144802 -58.653323
1.945246 -12.050068 -58.653323
1.591692 -12.144802 -58.653323
1.332873 -12.403621 -58.653323
1.238139 -12.757174 -58.653323
1.332873 -13.110728 -58.653323
1.591692 -13.369547 -58.653323
1.945246 -13.464281 -58.653323
2.298799 -13.369547 -58.653323
2.557618 -13.110728 -58.653323
2.327929 -12.757174 -58.870096
2.276659 -12.565833 -58.870096
2.136587 -12.425761 -58.870096
1.945246 -12.374491 -58.870096
1.753904 -12.425761 -58.870096
1.613832 -12.565833 -58.870096
1.562562 -12.757174 -58.870096
1.613832 -12.948516 -58.870096
1.753904 -13.088588 -58.870096
1.945246 -13.139858 -58.870096
2.136587 -13.088588 -58.870096
2.276659 -12.948516 -58.870096
1.945246 -12.757174 -58.946217
-0.287899 -11.874997 -57.037800
0.094784 -11.874997 -57.113920
0.043514 -11.683655 -57.113920
-0.096558 -11.543584 -57.113920
-0.287899 -11.492314 -57.113920
-0.479241 -11.543584 -57.113920
-0.619313 -11.683655 -57.113920
-0.670583 -11.874997 -57.113920
-0.619313 -12.066339 -57.113920
-0.479241 -12.206411 -57.113920
-0.287899 -12.257681 -57.113920
-0.096558 -12.206411 -57.113920
0.043514 -12.066339 -57.113920
0.419207 -11.874997 -57.330693
0.324473 -11.521444 -57.330693
0.065654 -11.262625 -57.330693
-0.287899 -11.167890 -57.330693
-0.641453 -11.262625 -57.330693
-0.900272 -11.521444 -57.330693
-0.995006 -11.874997 -57.330693
-0.900272 -12.228551 -57.330693
-0.641453 -12.487370 -57.330693
-0.287899 -12.582104 -57.330693
0.065654 -12.487370 -57.330693
0.324473 -12.228551 -57.330693
0.635980 -11.874997 -57.655116
0.512204 -11.413057 -57.655116
0.174040 -11.074894 -57.655116
-0.287899 -10.951118 -57.655116
-0.749839 -11.074894 -57.655116
-1.088003 -11.413057 -57.655116
-1.211779 -11.874997 -57.655116
-1.088003 -12.336937 -57.655116
-0.749839 -12.675100 -57.655116
-0.287899 -12.798877 -57.655116
0.174040 -12.675100 -57.655116
0.512204 -12.336937 -57.655116
0.712101 -11.874997 -58.037800
0.578126 -11.374997 -58.037800
0.212101 -11.008972 -58.037800
-0.287899 -10.874997 -58.037800
-0.787899 -11.008972 -58.037800
-1.153925 -11.374997 -58.037800
-1.287899 -11.874997 -58.037800
-1.153925 -12.374997 -58.037800
-0.787899 -12.741023 -58.037800
-0.287899 -12.874997 -58.037800
0.212101 -12.741023 -58.037800
0.578126 -12.374997 -58.037800
0.635980 -11.874997 -58.420483
0.512204 -11.413057 -58.420483
0.174040 -11.074894 -58.420483
-0.287899 -10.951118 -58.420483
-0.749839 -11.074894 -58.420483
-1.088003 -11.413057 -58.420483
-1.211779 -11.874997 -58.420483
-1.088003 -12.336937 -58.420483
-0.749839 -12.675100 -58.420483
-0.287899 -12.798877 -58.420483
0.174040 -12.675100 -58.420483
0.512204 -12.336937 -58.420483
0.419207 -11.874997 -58.744907
0.324473 -11.521444 -58.744907
0.065654 -11.262625 -58.744907
-0.287899 -11.167890 -58.744907
-0.641453 -11.262625 -58.744907
-0.900272 -11.521444 -58.744907
-0.995006 -11.874997 -58.744907
-0.900272 -12.228551 -58.744907
-0.641453 -12.487370 -58.744907
-0.287899 -12.582104 -58.744907
0.065654 -12.487370 -58.744907
0.324473 -12.228551 -58.744907
0.094784 -11.874997 -58.961679
0.043514 -11.683655 -58.961679
-0.096558 -11.543584 -58.961679
-0.287899 -11.492314 -58.961679
-0.479241 -11.543584 -58.961679
-0.619313 -11.683655 -58.961679
-0.670583 -11.874997 -58.961679
-0.619313 -12.066339 -58.961679
-0.479241 -12.206411 -58.961679
-0.287899 -12.257681 -58.961679
-0.096558 -12.206411 -58.961679
0.043514 -12.066339 -58.961679
-0.287899 -11.874997 -59.037800
-1.953085 -10.661341 -57.768337
-1.570401 -10.661341 -57.844458
-1.621671 -10.469999 -57.844458
-1.761743 -10.329927 -57.844458
-1.953085 -10.278657 -57.844458
-2.144427 -10.329927 -57.844458
-2.284498 -10.469999 -57.844458
-2.335768 -10.661341 -57.844458
-2.284498 -10.852682 -57.844458
-2.144427 -10.992754 -57.844458
-1.953085 -11.044024 -57.844458
-1.761743 -10.992754 -57.844458
-1.621671 -10.852682 -57.844458
-1.245978 -10.661341 -58.061230
-1.340712 -10.307787 -58.061230
-1.599531 -10.048968 -58.061230
-1.953085 -9.954234 -58.061230
-2.306638 -10.048968 -58.061230
-2.565457 -10.307787 -58.061230
-2.660192 -10.661341 -58.061230
-2.565457 -11.014894 -58.061230
-2.306638 -11.273713 -58.061230
-1.953085 -11.368447 -58.061230
-1.599531 -11.273713 -58.061230
-1.340712 -11.014894 -58.061230
-1.029205 -10.661341 -58.385654
-1.152982 -10.199401 -58.385654
-1.491145 -9.861238 -58.385654
-1.953085 -9.737461 -58.385654
-2.415025 -9.861238 -58.385654
-2.753188 -10.199401 -58.385654
-2.876964 -10.661341 -58.385654
-2.753188 -11.123280 -58.385654
-2.415025 -11.461444 -58.385654
-1.953085 -11.585220 -58.385654
-1.491145 -11.461444 -58.385654
-1.152982 -11.123280 -58.385654
-0.953085 -10.661341 -58.768337
-1.087059 -10.161341 -58.768337
-1.453085 -9.795315 -58.768337
-1.953085 -9.661341 -58.768337
-2.453085 -9.795315 -58.768337
-2.819110 -10.161341 -58.768337
-2.953085 -10.661341 -58.768337
-2.819110 -11.161341 -58.768337
-2.453085 -11.527366 -58.768337
-1.953085 -11.661341 -58.768337
-1.453085 -11.527366 -58.768337
-1.087059 -11.161341 -58.768337
-1.029205 -10.661341 -59.151021
-1.152982 -10.199401 -59.151021
-1.491145 -9.861238 -59.151021
-1.953085 -9.737461 -59.151021
-2.415025 -9.861238 -59.151021
-2.753188 -10.199401 -59.151021
-2.876964 -10.661341 -59.151021
-2.753188 -11.123280 -59.151021
-2.415025 -11.461444 -59.151021
-1.953085 -11.585220 -59.151021
-1.491145 -11.461444 -59.151021
-1.152982 -11.123280 -59.151021
-1.245978 -10.661341 -59.475444
-1.340712 -10.307787 -59.475444
-1.599531 -10.048968 -59.475444
-1.953085 -9.954234 -59.475444
-2.306638 -10.048968 -59.475444
-2.565457 -10.307787 -59.475444
-2.660192 -10.661341 -59.475444
-2.565457 -11.014894 -59.475444
-2.306638 -11.273713 -59.475444
-1.953085 -11.368447 -59.475444
-1.599531 -11.273713 -59.475444
-1.340712 -11.014894 -59.475444
-1.570401 -10.661341 -59.692217
-1.621671 -10.469999 -59.692217
-1.761743 -10.329927 -59.692217
-1.953085 -10.278657 -59.692217
-2.144427 -10.329927 -59.692217
-2.284498 -10.469999 -59.692217
-2.335768 -10.661341 -59.692217
-2.284498 -10.852682 -59.692217
-2.144427 -10.992754 -59.692217
-1.953085 -11.044024 -59.692217
-1.761743 -10.992754 -59.692217
-1.621671 -10.852682 -59.692217
-1.953085 -10.661341 -59.768337
-4.395588 -10.117146 -58.816849
-4.012905 -10.117146 -58.892969
-4.064175 -9.925805 -58.892969
-4.204247 -9.785733 -58.892969
-4.395588 -9.734463 -58.892969
-4.586930 -9.785733 -58.892969
-4.727002 -9.925805 -58.892969
-4.778272 -10.117146 -58.892969
-4.727002 -10.308488 -58.892969
-4.586930 -10.448560 -58.892969
-4.395588 -10.499830 -58.892969
-4.204247 -10.448560 -58.892969
-4.064175 -10.308488 -58.892969
-3.688482 -10.117146 -59.109742
-3.783216 -9.763593 -59.109742
-4.042035 -9.504774 -59.109742
-4.395588 -9.410040 -59.109742
-4.749142 -9.504774 -59.109742
-5.007961 -9.763593 -59.109742
-5.102695 -10.117146 -59.109742
-5.007961 -10.470700 -59.109742
-4.749142 -10.729519 -59.109742
-4.395588 -10.824253 -59.109742
-4.042035 -10.729519 -59.109742
-3.783216 -10.470700 -59.109742
-3.471709 -10.117146 -59.434165
-3.595485 -9.655207 -59.434165
-3.933649 -9.317043 -59.434165
-4.395588 -9.193267 -59.434165
-4.857528 -9.317043 -59.434165
-5.195692 -9.655207 -59.434165
-5.319468 -10.117146 -59.434165
-5.195692 -10.579086 -59.434165
-4.857528 -10.917250 -59.434165
-4.395588 -11.041026 -59.434165
-3.933649 -10.917250 -59.434165
-3.595485 -10.579086 -59.434165
-3.395588 -10.117146 -59.816849
-3.529563 -9.617146 -59.816849
-3.895588 -9.251121 -59.816849
-4.395588 -9.117146 -59.816849
-4.895588 -9.251121 -59.816849
-5.261614 -9.617146 -59.816849
-5.395588 -10.117146 -59.816849
-5.261614 -10.617146 -59.816849
-4.895588 -10.983172 -59.816849
-4.395588 -11.117146 -59.816849
-3.895588 -10.983172 -59.816849
-3.529563 -10.617146 -59.816849
-3.471709 -10.117146 -60.199532
-3.595485 -9.655207 -60.199532
-3.933649 -9.317043 -60.199532
-4.395588 -9.193267 -60.199532
-4.857528 -9.317043 -60.199532
-5.195692 -9.655207 -60.199532
-5.319468 -10.117146 -60.199532
-5.195692 -10.579086 -60.199532
-4.857528 -10.917250 -60.199532
-4.395588 -11.041026 -60.199532
-3.933649 -10.917250 -60.199532
-3.595485 -10.579086 -60.199532
-3.688482 -10.117146 -60.523956
-3.783216 -9.763593 -60.523956
-4.042035 -9.504774 -60.523956
-4.395588 -9.410040 -60.523956
-4.749142 -9.504774 -60.523956
-5.007961 -9.763593 -60.523956
-5.102695 -10.117146 -60.523956
-5.007961 -10.470700 -60.523956
-4.749142 -10.729519 -60.523956
-4.395588 -10.824253 -60.523956
-4.042035 -10.729519 -60.523956
-3.783216 -10.470700 -60.523956
-4.012905 -10.117146 -60.740728
-4.064175 -9.925805 -60.740728
-4.204247 -9.785733 -60.740728
-4.395588 -9.734463 -60.740728
-4.586930 -9.785733 -60.740728
-4.727002 -9.925805 -60.740728
-4.778272 -10.117146 -60.740728
-4.727002 -10.308488 -60.740728
-4.586930 -10.448560 -60.740728
-4.395588 -10.499830 -60.740728
-4.204247 -10.448560 -60.740728
-4.064175 -10.308488 -60.740728
-4.395588 -10.117146 -60.816849
9.291110 -13.362013 -60.300014
9.673793 -13.362013 -60.376135
9.622524 -13.170671 -60.376135
9.482452 -13.030599 -60.376135
9.291110 -12.979329 -60.376135
9.099768 -13.030599 -60.376135
8.959696 -13.170671 -60.376135
8.908427 -13.362013 -60.376135
8.959696 -13.553355 -60.376135
9.099768 -13.693426 -60.376135
9.291110 -13.744696 -60.376135
9.482452 -13.693426 -60.376135
9.622524 -13.553355 -60.376135
9.998217 -13.362013 -60.592908
9.903482 -13.008459 -60.592908
9.644663 -12.749640 -60.592908
9.291110 -12.654906 -60.592908
8.937557 -12.749640 -60.592908
8.678738 -13.008459 -60.592908
8.584003 -13.362013 -60.592908
8.678738 -13.715566 -60.592908
8.937557 -13.974385 -60.592908
9.291110 -14.069120 -60.592908
9.644663 -13.974385 -60.592908
9.903482 -13.715566 -60.592908
10.214990 -13.362013 -60.917331
10.091213 -12.900073 -60.917331
9.753050 -12.561910 -60.917331
9.291110 -12.438133 -60.917331
8.829170 -12.561910 -60.917331
8.491007 -12.900073 -60.917331
8.367231 -13.362013 -60.917331
8.491007 -13.823953 -60.917331
8.829170 -14.162116 -60.917331
9.291110 -14.285892 -60.917331
9.753050 -14.162116 -60.917331
10.091213 -13.823953 -60.917331
10.291110 -13.362013 -61.300014
10.157135 -12.862013 -61.300014
9.791110 -12.495987 -61.300014
9.291110 -12.362013 -61.300014
8.791110 -12.495987 -61.300014
8.425085 -12.862013 -61.300014
8.291110 -13.362013 -61.300014
8.425085 -13.862013 -61.300014
8.791110 -14.228038 -61.300014
9.291110 -14.362013 -61.300014
9.791110 -14.228038 -61.300014
10.157135 -13.862013 -61.300014
10.214990 -13.362013 -61.682698
10.091213 -12.900073 -61.682698
9.753050 -12.561910 -61.682698
9.291110 -12.438133 -61.682698
8.829170 -12.561910 -61.682698
8.491007 -12.900073 -61.682698
8.367231 -13.362013 -61.682698
8.491007 -13.823953 -61.682698
8.829170 -14.162116 -61.682698
9.291110 -14.285892 -61.682698
9.753050 -14.162116 -61.682698
10.091213 -13.823953 -61.682698
9.998217 -13.362013 -62.007121
9.903482 -13.008459 -62.007121
9.644663 -12.749640 -62.007121
9.291110 -12.654906 -62.007121
8.937557 -12.749640 -62.007121
8.678738 -13.008459 -62.007121
8.584003 -13.362013 -62.007121
8.678738 -13.715566 -62.007121
8.937557 -13.974385 -62.007121
9.291110 -14.069120 -62.007121
9.644663 -13.974385 -62.007121
9.903482 -13.715566 -62.007121
9.673793 -13.362013 -62.223894
9.622524 -13.170671 -62.223894
9.482452 -13.030599 -62.223894
9.291110 -12.979329 -62.223894
9.099768 -13.030599 -62.223894
8.959696 -13.170671 -62.223894
8.908427 -13.362013 -62.223894
8.959696 -13.553355 -62.223894
9.099768 -13.693426 -62.223894
9.291110 -13.744696 -62.223894
9.482452 -13.693426 -62.223894
9.622524 -13.553355 -62.223894
9.291110 -13.362013 -62.300014
11.715722 -13.973134 -60.304150
12.098406 -13.973134 -60.380270
12.047136 -13.781792 -60.380270
11.907064 -13.641720 -60.380270
11.715722 -13.590451 -60.380270
11.524380 -13.641720 -60.380270
11.384309 -13.781792 -60.380270
11.333039 -13.973134 -60.380270
11.384309 -14.164476 -60.380270
11.524380 -14.304548 -60.380270
11.715722 -14.355817 -60.380270
11.907064 -14.304548 -60.380270
12.047136 -14.164476 -60.380270
12.422829 -13.973134 -60.597043
12.328095 -13.619581 -60.597043
12.069275 -13.360762 -60.597043
11.715722 -13.266027 -60.597043
11.362169 -13.360762 -60.597043
11.103350 -13.619581 -60.597043
11.008615 -13.973134 -60.597043
11.103350 -14.326687 -60.597043
11.362169 -14.585506 -60.597043
11.715722 -14.680241 -60.597043
12.069275 -14.585506 -60.597043
12.328095 -14.326687 -60.597043
12.639602 -13.973134 -60.921466
12.515825 -13.511194 -60.921466
12.177662 -13.173031 -60.921466
11.715722 -13.049255 -60.921466
11.253782 -13.173031 -60.921466
10.915619 -13.511194 -60.921466
10.791843 -13.973134 -60.921466
10.915619 -14.435074 -60.921466
11.253782 -14.773237 -60.921466
11.715722 -14.897014 -60.921466
12.177662 -14.773237 -60.921466
12.515825 -14.435074 -60.921466
12.715722 -13.973134 -61.304150
12.581747 -13.473134 -61.304150
12.215722 -13.107109 -61.304150
11.715722 -12.973134 -61.304150
11.215722 -13.107109 -61.304150
10.849697 -13.473134 -61.304150
10.715722 -13.973134 -61.304150
10.849697 -14.473134 -61.304150
11.215722 -14.839159 -61.304150
11.715722 -14.973134 -61.304150
12.215722 -14.839159 -61.304150
12.581747 -14.473134 -61.304150
12.639602 -13.973134 -61.686833
12.515825 -13.511194 -61.686833
12.177662 -13.173031 -61.686833
11.715722 -13.049255 -61.686833
11.253782 -13.173031 -61.686833
10.915619 -13.511194 -61.686833
10.791843 -13.973134 -61.686833
10.915619 -14.435074 -61.686833
11.253782 -14.773237 -61.686833
11.715722 -14.897014 -61.686833
12.177662 -14.773237 -61.686833
12.515825 -14.435074 -61.686833
12.422829 -13.973134 -62.011256
12.328095 -13.619581 -62.011256
12.069275 -13.360762 -62.011256
11.715722 -13.266027 -62.011256
11.362169 -13.360762 -62.011256
11.103350 -13.619581 -62.011256
11.008615 -13.973134 -62.011256
11.103350 -14.326687 -62.011256
11.362169 -14.585506 -62.011256
11.715722 -14.680241 -62.011256
12.069275 -14.585506 -62.011256
12.328095 -14.326687 -62.011256
12.098406 -13.973134 -62.228029
12.047136 -13.781792 -62.228029
11.907064 -13.641720 -62.228029
11.715722 -13.590451 -62.228029
11.524380 -13.641720 -62.228029
11.384309 -13.781792 -62.228029
11.333039 -13.973134 -62.228029
11.384309 -14.164476 -62.228029
11.524380 -14.304548 -62.228029
11.715722 -14.355817 -62.228029
11.907064 -14.304548 -62.228029
12.047136 -14.164476 -62.228029
11.715722 -13.973134 -62.304150
13.552028 -14.224159 -58.685139
13.934711 -14.224159 -58.761259
13.883441 -14.032818 -58.761259
13.743369 -13.892746 -58.761259
13.552028 -13.841476 -58.761259
13.360686 -13.892746 -58.761259
13.220614 -14.032818 -58.761259
13.169344 -14.224159 -58.761259
13.220614 -14.415501 -58.761259
13.360686 -14.555573 -58.761259
13.552028 -14.606843 -58.761259
13.743369 -14.555573 -58.761259
13.883441 -14.415501 -58.761259
14.259134 -14.224159 -58.978032
14.164400 -13.870606 -58.978032
13.905581 -13.611787 -58.978032
13.552028 -13.517052 -58.978032
13.198474 -13.611787 -58.978032
12.939655 -13.870606 -58.978032
12.844921 -14.224159 -58.978032
12.939655 -14.577713 -58.978032
13.198474 -14.836532 -58.978032
13.552028 -14.931266 -58.978032
13.905581 -14.836532 -58.978032
14.164400 -14.577713 -58.978032
14.475907 -14.224159 -59.302455
14.352131 -13.762219 -59.302455
14.013967 -13.424056 -59.302455
13.552028 -13.300280 -59.302455
13.090088 -13.424056 -59.302455
12.751925 -13.762219 -59.302455
12.628148 -14.224159 -59.302455
12.751925 -14.686099 -59.302455
13.090088 -15.024262 -59.302455
13.552028 -15.148039 -59.302455
14.013967 -15.024262 -59.302455
14.352131 -14.686099 -59.302455
14.552028 -14.224159 -59.685139
14.418053 -13.724159 -59.685139
14.052028 -13.358134 -59.685139
13.552028 -13.224159 -59.685139
13.052028 -13.358134 -59.685139
12.686002 -13.724159 -59.685139
12.552028 -14.224159 -59.685139
12.686002 -14.724159 -59.685139
13.052028 -15.090185 -59.685139
13.552028 -15.224159 -59.685139
14.052028 -15.090185 -59.685139
14.418053 -14.724159 -59.685139
14.475907 -14.224159 -60.067822
14.352131 -13.762219 -60.067822
14.013967 -13.424056 -60.067822
13.552028 -13.300280 -60.067822
13.090088 -13.424056 -60.067822
12.751925 -13.762219 -60.067822
12.628148 -14.224159 -60.067822
12.751925 -14.686099 -60.067822
13.090088 -15.024262 -60.067822
13.552028 -15.148039 -60.067822
14.013967 -15.024262 -60.067822
14.352131 -14.686099 -60.067822
14.259134 -14.224159 -60.392245
14.164400 -13.870606 -60.392245
13.905581 -13.611787 -60.392245
13.552028 -13.517052 -60.392245
13.198474 -13.611787 -60.392245
12.939655 -13.870606 -60.392245
12.844921 -14.224159 -60.392245
12.939655 -14.577713 -60.392245
13.198474 -14.836532 -60.392245
13.552028 -14.931266 -60.392245
13.905581 -14.836532 -60.392245
14.164400 -14.577713 -60.392245
13.934711 -14.224159 -60.609018
13.883441 -14.032818 -60.609018
13.743369 -13.892746 -60.609018
13.552028 -13.841476 -60.609018
13.360686 -13.892746 -60.609018
13.220614 -14.032818 -60.609018
13.169344 -14.224159 -60.609018
13.220614 -14.415501 -60.609018
13.360686 -14.555573 -60.609018
13.552028 -14.606843 -60.609018
13.743369 -14.555573 -60.609018
13.883441 -14.415501 -60.609018
13.552028 -14.224159 -60.685139
16.203613 -14.735700 -52.894405
16.586297 -14.735700 -52.970526
16.535027 -14.544358 -52.970526
16.394955 -14.404286 -52.970526
16.203613 -14.353016 -52.970526
16.012272 -14.404286 -52.970526
15.872200 -14.544358 -52.970526
15.820930 -14.735700 -52.970526
15.872200 -14.927041 -52.970526
16.012272 -15.067113 -52.970526
16.203613 -15.118383 -52.970526
16.394955 -15.067113 -52.970526
16.535027 -14.927041 -52.970526
16.910720 -14.735700 -53.187299
16.815986 -14.382146 -53.187299
16.557167 -14.123327 -53.187299
16.203613 -14.028593 -53.187299
15.850060 -14.123327 -53.187299
15.591241 -14.382146 -53.187299
15.496507 -14.735700 -53.187299
15.591241 -15.089253 -53.187299
15.850060 -15.348072 -53.187299
16.203613 -15.442806 -53.187299
16.557167 -15.348072 -53.187299
16.815986 -15.089253 -53.187299
17.127493 -14.735700 -53.511722
17.003716 -14.273760 -53.511722
16.665553 -13.935597 -53.511722
16.203613 -13.811820 -53.511722
15.741674 -13.935597 -53.511722
15.403510 -14.273760 -53.511722
15.279734 -14.735700 -53.511722
15.403510 -15.197639 -53.511722
15.741674 -15.535803 -53.511722
16.203613 -15.659579 -53.511722
16.665553 -15.535803 -53.511722
17.003716 -15.197639 -53.511722
17.203613 -14.735700 -53.894405
17.069639 -14.235700 -53.894405
16.703613 -13.869674 -53.894405
16.203613 -13.735700 -53.894405
15.703613 -13.869674 -53.894405
15.337588 -14.235700 -53.894405
15.203613 -14.735700 -53.894405
15.337588 -15.235700 -53.894405
15.703613 -15.601725 -53.894405
16.203613 -15.735700 -53.894405
16.703613 -15.601725 -53.894405
17.069639 -15.235700 -53.894405
17.127493 -14.735700 -54.277089
17.003716 -14.273760 -54.277089
16.665553 -13.935597 -54.277089
16.203613 -13.811820 -54.277089
15.741674 -13.935597 -54.277089
15.403510 -14.273760 -54.277089
15.279734 -14.735700 -54.277089
15.403510 -15.197639 -54.277089
15.741674 -15.535803 -54.277089
16.203613 -15.659579 -54.277089
16.665553 -15.535803 -54.277089
17.003716 -15.197639 -54.277089
16.910720 -14.735700 -54.601512
16.815986 -14.382146 -54.601512
16.557167 -14.123327 -54.601512
16.203613 -14.028593 -54.601512
15.850060 -14.123327 -54.601512
15.591241 -14.382146 -54.601512
15.496507 -14.735700 -54.601512
15.591241 -15.089253 -54.601512
15.850060 -15.348072 -54.601512
16.203613 -15.442806 -54.601512
16.557167 -15.348072 -54.601512
16.815986 -15.089253 -54.601512
16.586297 -14.735700 -54.818285
16.535027 -14.544358 -54.818285
16.394955 -14.404286 -54.818285
16.203613 -14.353016 -54.818285
16.012272 -14.404286 -54.818285
15.872200 -14.544358 -54.818285
15.820930 -14.735700 -54.818285
15.872200 -14.927041 -54.818285
16.012272 -15.067113 -54.818285
16.203613 -15.118383 -54.818285
16.394955 -15.067113 -54.818285
16.535027 -14.927041 -54.818285
16.203613 -14.735700 -54.894405
18.576712 -15.149794 -50.561207
18.959395 -15.149794 -50.637327
18.908125 -14.958452 -50.637327
18.768053 -14.818380 -50.637327
18.576712 -14.767110 -50.637327
18.385370 -14.818380 -50.637327
18.245298 -14.958452 -50.637327
18.194028 -15.149794 -50.637327
18.245298 -15.341135 -50.637327
18.385370 -15.481207 -50.637327
18.576712 -15.532477 -50.637327
18.768053 -15.481207 -50.637327
18.908125 -15.341135 -50.637327
19.283818 -15.149794 -50.854100
19.189084 -14.796240 -50.854100
18.930265 -14.537421 -50.854100
18.576712 -14.442687 -50.854100
18.223158 -14.537421 -50.854100
17.964339 -14.796240 -50.854100
17.869605 -15.149794 -50.854100
17.964339 -15.503347 -50.854100
18.223158 -15.762166 -50.854100
18.576712 -15.856900 -50.854100
18.930265 -15.762166 -50.854100
19.189084 -15.503347 -50.854100
19.500591 -15.149794 -51.178523
19.376815 -14.687854 -51.178523
19.038651 -14.349690 -51.178523
18.576712 -14.225914 -51.178523
18.114772 -14.349690 -51.178523
17.776609 -14.687854 -51.178523
17.652832 -15.149794 -51.178523
17.776609 -15.611733 -51.178523
18.114772 -15.949897 -51.178523
18.576712 -16.073673 -51.178523
19.038651 -15.949897 -51.178523
19.376815 -15.611733 -51.178523
19.576712 -15.149794 -51.561207
19.442737 -14.649794 -51.561207
19.076712 -14.283768 -51.561207
18.576712 -14.149794 -51.561207
18.076712 -14.283768 -51.561207
17.710686 -14.649794 -51.561207
17.576712 -15.149794 -51.561207
17.710686 -15.649794 -51.561207
18.076712 -16.015819 -51.561207
18.576712 -16.149794 -51.561207
19.076712 -16.015819 -51.561207
19.442737 -15.649794 -51.561207
19.500591 -15.149794 -51.943890
19.376815 -14.687854 -51.943890
19.038651 -14.349690 -51.943890
18.576712 -14.225914 -51.943890
18.114772 -14.349690 -51.943890
17.776609 -14.687854 -51.943890
17.652832 -15.149794 -51.943890
17.776609 -15.611733 -51.943890
18.114772 -15.949897 -51.943890
18.576712 -16.073673 -51.943890
19.038651 -15.949897 -51.943890
19.376815 -15.611733 -51.943890
19.283818 -15.149794 -52.268314
19.189084 -14.796240 -52.268314
18.930265 -14.537421 -52.268314
18.576712 -14.442687 -52.268314
18.223158 -14.537421 -52.268314
17.964339 -14.796240 -52.268314
17.869605 -15.149794 -52.268314
17.964339 -15.503347 -52.268314
18.223158 -15.762166 -52.268314
18.576712 -15.856900 -52.268314
18.930265 -15.762166 -52.268314
19.189084 -15.503347 -52.268314
18.959395 -15.149794 -52.485086
18.908125 -14.958452 -52.485086
18.768053 -14.818380 -52.485086
18.576712 -14.767110 -52.485086
18.385370 -14.818380 -52.485086
18.245298 -14.958452 -52.485086
18.194028 -15.149794 -52.485086
18.245298 -15.341135 -52.485086
18.385370 -15.481207 -52.485086
18.576712 -15.532477 -52.485086
18.768053 -15.481207 -52.485086
18.908125 -15.341135 -52.485086
18.576712 -15.149794 -52.561207
-6.764326 -9.339014 -58.517811
-6.381642 -9.339014 -58.593931
-6.432912 -9.147672 -58.593931
-6.572984 -9.007600 -58.593931
-6.764326 -8.956331 -58.593931
-6.955667 -9.007600 -58.593931
-7.095739 -9.147672 -58.593931
-7.147009 -9.339014 -58.593931
-7.095739 -9.530356 -58.593931
-6.955667 -9.670428 -58.593931
-6.764326 -9.721697 -58.593931
-6.572984 -9.670428 -58.593931
-6.432912 -9.530356 -58.593931
-6.057219 -9.339014 -58.810704
-6.151953 -8.985461 -58.810704
-6.410772 -8.726642 -58.810704
-6.764326 -8.631907 -58.810704
-7.117879 -8.726642 -58.810704
-7.376698 -8.985461 -58.810704
-7.471432 -9.339014 -58.810704
-7.376698 -9.692567 -58.810704
-7.117879 -9.951386 -58.810704
-6.764326 -10.046121 -58.810704
-6.410772 -9.951386 -58.810704
-6.151953 -9.692567 -58.810704
-5.840446 -9.339014 -59.135127
-5.964222 -8.877074 -59.135127
-6.302386 -8.538911 -59.135127
-6.764326 -8.415135 -59.135127
-7.226265 -8.538911 -59.135127
-7.564429 -8.877074 -59.135127
-7.688205 -9.339014 -59.135127
-7.564429 -9.800954 -59.135127
-7.226265 -10.139117 -59.135127
-6.764326 -10.262894 -59.135127
-6.302386 -10.139117 -59.135127
-5.964222 -9.800954 -59.135127
-5.764326 -9.339014 -59.517811
-5.898300 -8.839014 -59.517811
-6.264326 -8.472989 -59.517811
-6.764326 -8.339014 -59.517811
-7.264326 -8.472989 -59.517811
-7.630351 -8.839014 -59.517811
-7.764326 -9.339014 -59.517811
-7.630351 -9.839014 -59.517811
-7.264326 -10.205039 -59.517811
-6.764326 -10.339014 -59.517811
-6.264326 -10.205039 -59.517811
-5.898300 -9.839014 -59.517811
-5.840446 -9.339014 -59.900494
-5.964222 -8.877074 -59.900494
-6.302386 -8.538911 -59.900494
-6.764326 -8.415135 -59.900494
-7.226265 -8.538911 -59.900494
-7.564429 -8.877074 -59.900494
-7.688205 -9.339014 -59.900494
-7.564429 -9.800954 -59.900494
-7.226265 -10.139117 -59.900494
-6.764326 -10.262894 -59.900494
-6.302386 -10.139117 -59.900494
-5.964222 -9.800954 -59.900494
-6.057219 -9.339014 -60.224918
-6.151953 -8.985461 -60.224918
-6.410772 -8.726642 -60.224918
-6.764326 -8.631907 -60.224918
-7.117879 -8.726642 -60.224918
-7.376698 -8.985461 -60.224918
-7.471432 -9.339014 -60.224918
-7.376698 -9.692567 -60.224918
-7.117879 -9.951386 -60.224918
-6.764326 -10.046121 -60.224918
-6.410772 -9.951386 -60.224918
-6.151953 -9.692567 -60.224918
-6.381642 -9.339014 -60.441690
-6.432912 -9.147672 -60.441690
-6.572984 -9.007600 -60.441690
-6.764326 -8.956331 -60.441690
-6.955667 -9.007600 -60.441690
-7.095739 -9.147672 -60.441690
-7.147009 -9.339014 -60.441690
-7.095739 -9.530356 -60.441690
-6.955667 -9.670428 -60.441690
-6.764326 -9.721697 -60.441690
-6.572984 -9.670428 -60.441690
-6.432912 -9.530356 -60.441690
-6.764326 -9.339014 -60.517811
-8.397094 -9.638437 -58.102711
-8.014410 -9.638437 -58.178831
-8.065680 -9.447096 -58.178831
-8.205752 -9.307024 -58.178831
-8.397094 -9.255754 -58.178831
-8.588435 -9.307024 -58.178831
-8.728507 -9.447096 -58.178831
-8.779777 -9.638437 -58.178831
-8.728507 -9.829779 -58.178831
-8.588435 -9.969851 -58.178831
-8.397094 -10.021121 -58.178831
-8.205752 -9.969851 -58.178831
-8.065680 -9.829779 -58.178831
-7.689987 -9.638437 -58.395604
-7.784721 -9.284884 -58.395604
-8.043540 -9.026065 -58.395604
-8.397094 -8.931330 -58.395604
-8.750647 -9.026065 -58.395604
-9.009466 -9.284884 -58.395604
-9.104201 -9.638437 -58.395604
-9.009466 -9.991991 -58.395604
-8.750647 -10.250810 -58.395604
-8.397094 -10.345544 -58.395604
-8.043540 -10.250810 -58.395604
-7.784721 -9.991991 -58.395604
-7.473214 -9.638437 -58.720027
-7.596991 -9.176498 -58.720027
-7.935154 -8.838334 -58.720027
-8.397094 -8.714558 -58.720027
-8.859034 -8.838334 -58.720027
-9.197197 -9.176498 -58.720027
-9.320973 -9.638437 -58.720027
-9.197197 -10.100377 -58.720027
-8.859034 -10.438540 -58.720027
-8.397094 -10.562317 -58.720027
-7.935154 -10.438540 -58.720027
-7.596991 -10.100377 -58.720027
-7.397094 -9.638437 -59.102711
-7.531068 -9.138437 -59.102711
-7.897094 -8.772412 -59.102711
-8.397094 -8.638437 -59.102711
-8.897094 -8.772412 -59.102711
-9.263119 -9.138437 -59.102711
-9.397094 -9.638437 -59.102711
-9.263119 -10.138437 -59.102711
-8.897094 -10.504463 -59.102711
-8.397094 -10.638437 -59.102711
-7.897094 -10.504463 -59.102711
-7.531068 -10.138437 -59.102711
-7.473214 -9.638437 -59.485394
-7.596991 -9.176498 -59.485394
-7.935154 -8.838334 -59.485394
-8.397094 -8.714558 -59.485394
-8.859034 -8.838334 -59.485394
-9.197197 -9.176498 -59.485394
-9.320973 -9.638437 -59.485394
-9.197197 -10.100377 -59.485394
-8.859034 -10.438540 -59.485394
-8.397094 -10.562317 -59.485394
-7.935154 -10.438540 -59.485394
-7.596991 -10.100377 -59.485394
-7.689987 -9.638437 -59.809818
-7.784721 -9.284884 -59.809818
-8.043540 -9.026065 -59.809818
-8.397094 -8.931330 -59.809818
-8.750647 -9.026065 -59.809818
-9.009466 -9.284884 -59.809818
-9.104201 -9.638437 -59.809818
-9.009466 -9.991991 -59.809818
-8.750647 -10.250810 -59.809818
-8.397094 -10.345544 -59.809818
-8.043540 -10.250810 -59.809818
-7.784721 -9.991991 -59.809818
-8.014410 -9.638437 -60.026590
-8.065680 -9.447096 -60.026590
-8.205752 -9.307024 -60.026590
-8.397094 -9.255754 -60.026590
-8.588435 -9.307024 -60.026590
-8.728507 -9.447096 -60.026590
-8.779777 -9.638437 -60.026590
-8.728507 -9.829779 -60.026590
-8.588435 -9.969851 -60.026590
-8.397094 -10.021121 -60.026590
-8.205752 -9.969851 -60.026590
-8.065680 -9.829779 -60.026590
-8.397094 -9.638437 -60.102711
-0.365893 -35.975636 -49.178661
0.016791 -35.975636 -49.254782
-0.034479 -35.784294 -49.254782
-0.174551 -35.644222 -49.254782
-0.365893 -35.592952 -49.254782
-0.557234 -35.644222 -49.254782
-0.697306 -35.784294 -49.254782
-0.748576 -35.975636 -49.254782
-0.697306 -36.166977 -49.254782
-0.557234 -36.307049 -49.254782
-0.365893 -36.358319 -49.254782
-0.174551 -36.307049 -49.254782
-0.034479 -36.166977 -49.254782
0.341214 -35.975636 -49.471555
0.246480 -35.622082 -49.471555
-0.012339 -35.363263 -49.471555
-0.365893 -35.268529 -49.471555
-0.719446 -35.363263 -49.471555
-0.978265 -35.622082 -49.471555
-1.072999 -35.975636 -49.471555
-0.978265 -36.329189 -49.471555
-0.719446 -36.588008 -49.471555
-0.365893 -36.682742 -49.471555
-0.012339 -36.588008 -49.471555
0.246480 -36.329189 -49.471555
0.557987 -35.975636 -49.795978
0.434211 -35.513696 -49.795978
0.096047 -35.175532 -49.795978
-0.365893 -35.051756 -49.795978
-0.827832 -35.175532 -49.795978
-1.165996 -35.513696 -49.795978
-1.289772 -35.975636 -49.795978
-1.165996 -36.437575 -49.795978
-0.827832 -36.775739 -49.795978
-0.365893 -36.899515 -49.795978
0.096047 -36.775739 -49.795978
0.434211 -36.437575 -49.795978
0.634107 -35.975636 -50.178661
0.500133 -35.475636 -50.178661
0.134107 -35.109610 -50.178661
-0.365893 -34.975636 -50.178661
-0.865893 -35.109610 -50.178661
-1.231918 -35.475636 -50.178661
-1.365893 -35.975636 -50.178661
-1.231918 -36.475636 -50.178661
-0.865893 -36.841661 -50.178661
-0.365893 -36.975636 -50.178661
0.134107 -36.841661 -50.178661
0.500133 -36.475636 -50.178661
0.557987 -35.975636 -50.561345
0.434211 -35.513696 -50.561345
0.096047 -35.175532 -50.561345
-0.365893 -35.051756 -50.561345
-0.827832 -35.175532 -50.561345
-1.165996 -35.513696 -50.561345
-1.289772 -35.975636 -50.561345
-1.165996 -36.437575 -50.561345
-0.827832 -36.775739 -50.561345
-0.365893 -36.899515 -50.561345
0.096047 -36.775739 -50.561345
0.434211 -36.437575 -50.561345
0.341214 -35.975636 -50.885768
0.246480 -35.622082 -50.885768
-0.012339 -35.363263 -50.885768
-0.365893 -35.268529 -50.885768
-0.719446 -35.363263 -50.885768
-0.978265 -35.622082 -50.885768
-1.072999 -35.975636 -50.885768
-0.978265 -36.329189 -50.885768
-0.719446 -36.588008 -50.885768
-0.365893 -36.682742 -50.885768
-0.012339 -36.588008 -50.885768
0.246480 -36.329189 -50.885768
0.016791 -35.975636 -51.102541
-0.034479 -35.784294 -51.102541
-0.174551 -35.644222 -51.102541
-0.365893 -35.592952 -51.102541
-0.557234 -35.644222 -51.102541
-0.697306 -35.784294 -51.102541
-0.748576 -35.975636 -51.102541
-0.697306 -36.166977 -51.102541
-0.557234 -36.307049 -51.102541
-0.365893 -36.358319 -51.102541
-0.174551 -36.307049 -51.102541
-0.034479 -36.166977 -51.102541
-0.365893 -35.975636 -51.178661
3.381417 -36.719055 -48.780972
3.764100 -36.719055 -48.857092
3.712830 -36.527713 -48.857092
3.572758 -36.387642 -48.857092
3.381417 -36.336372 -48.857092
3.190075 -36.387642 -48.857092
3.050003 -36.527713 -48.857092
2.998733 -36.719055 -48.857092
3.050003 -36.910397 -48.857092
3.190075 -37.050469 -48.857092
3.381417 -37.101739 -48.857092
3.572758 -37.050469 -48.857092
3.712830 -36.910397 -48.857092
4.088523 -36.719055 -49.073865
3.993789 -36.365502 -49.073865
3.734970 -36.106683 -49.073865
3.381417 -36.011948 -49.073865
3.027863 -36.106683 -49.073865
2.769044 -36.365502 -49.073865
2.674310 -36.719055 -49.073865
2.769044 -37.072609 -49.073865
3.027863 -37.331428 -49.073865
3.381417 -37.426162 -49.073865
3.734970 -37.331428 -49.073865
3.993789 -37.072609 -49.073865
4.305296 -36.719055 -49.398288
4.181520 -36.257115 -49.398288
3.843356 -35.918952 -49.398288
3.381417 -35.795176 -49.398288
2.919477 -35.918952 -49.398288
2.581313 -36.257115 -49.398288
2.457537 -36.719055 -49.398288
2.581313 -37.180995 -49.398288
2.919477 -37.519158 -49.398288
3.381417 -37.642935 -49.398288
3.843356 -37.519158 -49.398288
4.181520 -37.180995 -49.398288
4.381417 -36.719055 -49.780972
4.247442 -36.219055 -49.780972
3.881417 -35.853030 -49.780972
3.381417 -35.719055 -49.780972
2.881417 -35.853030 -49.780972
2.515391 -36.219055 -49.780972
2.381417 -36.719055 -49.780972
2.515391 -37.219055 -49.780972
2.881417 -37.585081 -49.780972
3.381417 -37.719055 -49.780972
3.881417 -37.585081 -49.780972
4.247442 -37.219055 -49.780972
4.305296 -36.719055 -50.163655
4.181520 -36.257115 -50.163655
3.843356 -35.918952 -50.163655
3.381417 -35.795176 -50.163655
2.919477 -35.918952 -50.163655
2.581313 -36.257115 -50.163655
2.457537 -36.719055 -50.163655
2.581313 -37.180995 -50.163655
2.919477 -37.519158 -50.163655
3.381417 -37.642935 -50.163655
3.843356 -37.519158 -50.163655
4.181520 -37.180995 -50.163655
4.088523 -36.719055 -50.488078
3.993789 -36.365502 -50.488078
3.734970 -36.106683 -50.488078
3.381417 -36.011948 -50.488078
3.027863 -36.106683 -50.488078
2.769044 -36.365502 -50.488078
2.674310 -36.719055 -50.488078
2.769044 -37.072609 -50.488078
3.027863 -37.331428 -50.488078
3.381417 -37.426162 -50.488078
3.734970 -37.331428 -50.488078
3.993789 -37.072609 -50.488078
3.764100 -36.719055 -50.704851
3.712830 -36.527713 -50.704851
3.572758 -36.387642 -50.704851
3.381417 -36.336372 -50.704851
3.190075 -36.387642 -50.704851
3.050003 -36.527713 -50.704851
2.998733 -36.719055 -50.704851
3.050003 -36.910397 -50.704851
3.190075 -37.050469 -50.704851
3.381417 -37.101739 -50.704851
3.572758 -37.050469 -50.704851
3.712830 -36.910397 -50.704851
3.381417 -36.719055 -50.780972
5.925639 -37.426617 -47.433178
6.308322 -37.426617 -47.509298
6.257052 -37.235275 -47.509298
6.116980 -37.095203 -47.509298
5.925639 -37.043933 -47.509298
5.734297 -37.095203 -47.509298
5.594225 -37.235275 -47.509298
5.542955 -37.426617 -47.509298
5.594225 -37.617958 -47.509298
5.734297 -37.758030 -47.509298
5.925639 -37.809300 -47.509298
6.116980 -37.758030 -47.509298
6.257052 -37.617958 -47.509298
6.632745 -37.426617 -47.726071
6.538011 -37.073063 -47.726071
6.279192 -36.814244 -47.726071
5.925639 -36.719510 -47.726071
5.572085 -36.814244 -47.726071
5.313266 -37.073063 -47.726071
5.218532 -37.426617 -47.726071
5.313266 -37.780170 -47.726071
5.572085 -38.038989 -47.726071
5.925639 -38.133723 -47.726071
6.279192 -38.038989 -47.726071
6.538011 -37.780170 -47.726071
6.849518 -37.426617 -48.050495
6.725742 -36.964677 -48.050495
6.387578 -36.626514 -48.050495
5.925639 -36.502737 -48.050495
5.463699 -36.626514 -48.050495
5.125536 -36.964677 -48.050495
5.001759 -37.426617 -48.050495
5.125536 -37.888556 -48.050495
5.463699 -38.226720 -48.050495
5.925639 -38.350496 -48.050495
6.387578 -38.226720 -48.050495
6.725742 -37.888556 -48.050495
6.925639 -37.426617 -48.433178
6.791664 -36.926617 -48.433178
6.425639 -36.560591 -48.433178
5.925639 -36.426617 -48.433178
5.425639 -36.560591 -48.433178
5.059613 -36.926617 -48.433178
4.925639 -37.426617 -48.433178
5.059613 -37.926617 -48.433178
5.425639 -38.292642 -48.433178
5.925639 -38.426617 -48.433178
6.425639 -38.292642 -48.433178
6.791664 -37.926617 -48.433178
6.849518 -37.426617 -48.815861
6.725742 -36.964677 -48.815861
6.387578 -36.626514 -48.815861
5.925639 -36.502737 -48.815861
5.463699 -36.626514 -48.815861
5.125536 -36.964677 -48.815861
5.001759 -37.426617 -48.815861
5.125536 -37.888556 -48.815861
5.463699 -38.226720 -48.815861
5.925639 -38.350496 -48.815861
6.387578 -38.226720 -48.815861
6.725742 -37.888556 -48.815861
6.632745 -37.426617 -49.140285
6.538011 -37.073063 -49.140285
6.279192 -36.814244 -49.140285
5.925639 -36.719510 -49.140285
5.572085 -36.814244 -49.140285
5.313266 -37.073063 -49.140285
5.218532 -37.426617 -49.140285
5.313266 -37.780170 -49.140285
5.572085 -38.038989 -49.140285
5.925639 -38.133723 -49.140285
6.279192 -38.038989 -49.140285
6.538011 -37.780170 -49.140285
6.308322 -37.426617 -49.357057
6.257052 -37.235275 -49.357057
6.116980 -37.095203 -49.357057
5.925639 -37.043933 -49.357057
5.734297 -37.095203 -49.357057
5.594225 -37.235275 -49.357057
5.542955 -37.426617 -49.357057
5.594225 -37.617958 -49.357057
5.734297 -37.758030 -49.357057
5.925639 -37.809300 -49.357057
6.116980 -37.758030 -49.357057
6.257052 -37.617958 -49.357057
5.925639 -37.426617 -49.433178
8.646473 -37.315182 -46.994720
9.029156 -37.315182 -47.070841
8.977887 -37.123840 -47.070841
8.837815 -36.983768 -47.070841
8.646473 -36.932498 -47.070841
8.455131 -36.983768 -47.070841
8.315059 -37.123840 -47.070841
8.263789 -37.315182 -47.070841
8.315059 -37.506523 -47.070841
8.455131 -37.646595 -47.070841
8.646473 -37.697865 -47.070841
8.837815 -37.646595 -47.070841
8.977887 -37.506523 -47.070841
9.353580 -37.315182 -47.287614
9.258845 -36.961628 -47.287614
9.000026 -36.702809 -47.287614
8.646473 -36.608075 -47.287614
8.292920 -36.702809 -47.287614
8.034100 -36.961628 -47.287614
7.939366 -37.315182 -47.287614
8.034100 -37.668735 -47.287614
8.292920 -37.927554 -47.287614
8.646473 -38.022289 -47.287614
9.000026 -37.927554 -47.287614
9.258845 -37.668735 -47.287614
9.570352 -37.315182 -47.612037
9.446576 -36.853242 -47.612037
9.108413 -36.515079 -47.612037
8.646473 -36.391302 -47.612037
8.184533 -36.515079 -47.612037
7.846370 -36.853242 -47.612037
7.722593 -37.315182 -47.612037
7.846370 -37.777121 -47.612037
8.184533 -38.115285 -47.612037
8.646473 -38.239061 -47.612037
9.108413 -38.115285 -47.612037
9.446576 -37.777121 -47.612037
9.646473 -37.315182 -47.994720
9.512498 -36.815182 -47.994720
9.146473 -36.449156 -47.994720
8.646473 -36.315182 -47.994720
8.146473 -36.449156 -47.994720
7.780448 -36.815182 -47.994720
7.646473 -37.315182 -47.994720
7.780448 -37.815182 -47.994720
8.146473 -38.181207 -47.994720
8.646473 -38.315182 -47.994720
9.146473 -38.181207 -47.994720
9.512498 -37.815182 -47.994720
9.570352 -37.315182 -48.377404
9.446576 -36.853242 -48.377404
9.108413 -36.515079 -48.377404
8.646473 -36.391302 -48.377404
8.184533 -36.515079 -48.377404
7.846370 -36.853242 -48.377404
7.722593 -37.315182 -48.377404
7.846370 -37.777121 -48.377404
8.184533 -38.115285 -48.377404
8.646473 -38.239061 -48.377404
9.108413 -38.115285 -48.377404
9.446576 -37.777121 -48.377404
9.353580 -37.315182 -48.701827
9.258845 -36.961628 -48.701827
9.000026 -36.702809 -48.701827
8.646473 -36.608075 -48.701827
8.292920 -36.702809 -48.701827
8.034100 -36.961628 -48.701827
7.939366 -37.315182 -48.701827
8.034100 -37.668735 -48.701827
8.292920 -37.927554 -48.701827
8.646473 -38.022289 -48.701827
9.000026 -37.927554 -48.701827
9.258845 -37.668735 -48.701827
9.029156 -37.315182 -48.918600
8.977887 -37.123840 -48.918600
8.837815 -36.983768 -48.918600
8.646473 -36.932498 -48.918600
8.455131 -36.983768 -48.918600
8.315059 -37.123840 -48.918600
8.263789 -37.315182 -48.918600
8.315059 -37.506523 -48.918600
8.455131 -37.646595 -48.918600
8.646473 -37.697865 -48.918600
8.837815 -37.646595 -48.918600
8.977887 -37.506523 -48.918600
8.646473 -37.315182 -48.994720
0.859297 -36.768040 -48.746471
1.241981 -36.768040 -48.822592
1.190711 -36.576698 -48.822592
1.050639 -36.436626 -48.822592
0.859297 -36.385356 -48.822592
0.667956 -36.436626 -48.822592
0.527884 -36.576698 -48.822592
0.476614 -36.768040 -48.822592
0.527884 -36.959381 -48.822592
0.667956 -37.099453 -48.822592
0.859297 -37.150723 -48.822592
1.050639 -37.099453 -48.822592
1.190711 -36.959381 -48.822592
1.566404 -36.768040 -49.039365
1.471670 -36.414486 -49.039365
1.212851 -36.155667 -49.039365
0.859297 -36.060933 -49.039365
0.505744 -36.155667 -49.039365
0.246925 -36.414486 -49.039365
0.152191 -36.768040 -49.039365
0.246925 -37.121593 -49.039365
0.505744 -37.380412 -49.039365
0.859297 -37.475146 -49.039365
1.212851 -37.380412 -49.039365
1.471670 -37.121593 -49.039365
1.783177 -36.768040 -49.363788
1.659401 -36.306100 -49.363788
1.321237 -35.967937 -49.363788
0.859297 -35.844160 -49.363788
0.397358 -35.967937 -49.363788
0.059194 -36.306100 -49.363788
-0.064582 -36.768040 -49.363788
0.059194 -37.229979 -49.363788
0.397358 -37.568143 -49.363788
0.859297 -37.691919 -49.363788
1.321237 -37.568143 -49.363788
1.659401 -37.229979 -49.363788
1.859297 -36.768040 -49.746471
1.725323 -36.268040 -49.746471
1.359297 -35.902014 -49.746471
0.859297 -35.768040 -49.746471
0.359297 -35.902014 -49.746471
-0.006728 -36.268040 -49.746471
-0.140703 -36.768040 -49.746471
-0.006728 -37.268040 -49.746471
0.359297 -37.634065 -49.746471
0.859297 -37.768040 -49.746471
1.359297 -37.634065 -49.746471
1.725323 -37.268040 -49.746471
1.783177 -36.768040 -50.129155
1.659401 -36.306100 -50.129155
1.321237 -35.967937 -50.129155
0.859297 -35.844160 -50.129155
0.397358 -35.967937 -50.129155
0.059194 -36.306100 -50.129155
-0.064582 -36.768040 -50.129155
0.059194 -37.229979 -50.129155
0.397358 -37.568143 -50.129155
0.859297 -37.691919 -50.129155
1.321237 -37.568143 -50.129155
1.659401 -37.229979 -50.129155
1.566404 -36.768040 -50.453578
1.471670 -36.414486 -50.453578
1.212851 -36.155667 -50.453578
0.859297 -36.060933 -50.453578
0.505744 -36.155667 -50.453578
0.246925 -36.414486 -50.453578
0.152191 -36.768040 -50.453578
0.246925 -37.121593 -50.453578
0.505744 -37.380412 -50.453578
0.859297 -37.475146 -50.453578
1.212851 -37.380412 -50.453578
1.471670 -37.121593 -50.453578
1.241981 -36.768040 -50.670351
1.190711 -36.576698 -50.670351
1.050639 -36.436626 -50.670351
0.859297 -36.385356 -50.670351
0.667956 -36.436626 -50.670351
0.527884 -36.576698 -50.670351
0.476614 -36.768040 -50.670351
0.527884 -36.959381 -50.670351
0.667956 -37.099453 -50.670351
0.859297 -37.150723 -50.670351
1.050639 -37.099453 -50.670351
1.190711 -36.959381 -50.670351
0.859297 -36.768040 -50.746471
-3.069379 -34.504543 -50.231182
-2.686696 -34.504543 -50.307303
-2.737966 -34.313202 -50.307303
-2.878037 -34.173130 -50.307303
-3.069379 -34.121860 -50.307303
-3.260721 -34.173130 -50.307303
-3.400793 -34.313202 -50.307303
-3.452063 -34.504543 -50.307303
-3.400793 -34.695885 -50.307303
-3.260721 -34.835957 -50.307303
-3.069379 -34.887227 -50.307303
-2.878037 -34.835957 -50.307303
-2.737966 -34.695885 -50.307303
-2.362272 -34.504543 -50.524075
-2.457007 -34.150990 -50.524075
-2.715826 -33.892171 -50.524075
-3.069379 -33.797437 -50.524075
-3.422932 -33.892171 -50.524075
-3.681752 -34.150990 -50.524075
-3.776486 -34.504543 -50.524075
-3.681752 -34.858097 -50.524075
-3.422932 -35.116916 -50.524075
-3.069379 -35.211650 -50.524075
-2.715826 -35.116916 -50.524075
-2.457007 -34.858097 -50.524075
-2.145500 -34.504543 -50.848499
-2.269276 -34.042604 -50.848499
-2.607439 -33.704440 -50.848499
-3.069379 -33.580664 -50.848499
-3.531319 -33.704440 -50.848499
-3.869482 -34.042604 -50.848499
-3.993259 -34.504543 -50.848499
-3.869482 -34.966483 -50.848499
-3.531319 -35.304646 -50.848499
-3.069379 -35.428423 -50.848499
-2.607439 -35.304646 -50.848499
-2.269276 -34.966483 -50.848499
-2.069379 -34.504543 -51.231182
-2.203354 -34.004543 -51.231182
-2.569379 -33.638518 -51.231182
-3.069379 -33.504543 -51.231182
-3.569379 -33.638518 -51.231182
-3.935404 -34.004543 -51.231182
-4.069379 -34.504543 -51.231182
-3.935404 -35.004543 -51.231182
-3.569379 -35.370569 -51.231182
-3.069379 -35.504543 -51.231182
-2.569379 -35.370569 -51.231182
-2.203354 -35.004543 -51.231182
-2.145500 -34.504543 -51.613866
-2.269276 -34.042604 -51.613866
-2.607439 -33.704440 -51.613866
-3.069379 -33.580664 -51.613866
-3.531319 -33.704440 -51.613866
-3.869482 -34.042604 -51.613866
-3.993259 -34.504543 -51.613866
-3.869482 -34.966483 -51.613866
-3.531319 -35.304646 -51.613866
-3.069379 -35.428423 -51.613866
-2.607439 -35.304646 -51.613866
-2.269276 -34.966483 -51.613866
-2.362272 -34.504543 -51.938289
-2.457007 -34.150990 -51.938289
-2.715826 -33.892171 -51.938289
-3.069379 -33.797437 -51.938289
-3.422932 -33.892171 -51.938289
-3.681752 -34.150990 -51.938289
-3.776486 -34.504543 -51.938289
-3.681752 -34.858097 -51.938289
-3.422932 -35.116916 -51.938289
-3.069379 -35.211650 -51.938289
-2.715826 -35.116916 -51.938289
-2.457007 -34.858097 -51.938289
-2.686696 -34.504543 -52.155062
-2.737966 -34.313202 -52.155062
-2.878037 -34.173130 -52.155062
-3.069379 -34.121860 -52.155062
-3.260721 -34.173130 -52.155062
-3.400793 -34.313202 -52.155062
-3.452063 -34.504543 -52.155062
-3.400793 -34.695885 -52.155062
-3.260721 -34.835957 -52.155062
-3.069379 -34.887227 -52.155062
-2.878037 -34.835957 -52.155062
-2.737966 -34.695885 -52.155062
-3.069379 -34.504543 -52.231182
-5.745892 -32.699028 -50.851742
-5.363209 -32.699028 -50.927862
-5.414478 -32.507686 -50.927862
-5.554550 -32.367614 -50.927862
-5.745892 -32.316345 -50.927862
-5.937234 -32.367614 -50.927862
-6.077306 -32.507686 -50.927862
-6.128575 -32.699028 -50.927862
-6.077306 -32.890370 -50.927862
-5.937234 -33.030442 -50.927862
-5.745892 -33.081711 -50.927862
-5.554550 -33.030442 -50.927862
-5.414478 -32.890370 -50.927862
-5.038785 -32.699028 -51.144635
-5.133520 -32.345475 -51.144635
-5.392339 -32.086656 -51.144635
-5.745892 -31.991921 -51.144635
-6.099445 -32.086656 -51.144635
-6.358264 -32.345475 -51.144635
-6.452999 -32.699028 -51.144635
-6.358264 -33.052581 -51.144635
-6.099445 -33.311400 -51.144635
-5.745892 -33.406135 -51.144635
-5.392339 -33.311400 -51.144635
-5.133520 -33.052581 -51.144635
-4.822013 -32.699028 -51.469058
-4.945789 -32.237088 -51.469058
-5.283952 -31.898925 -51.469058
-5.745892 -31.775148 -51.469058
-6.207832 -31.898925 -51.469058
-6.545995 -32.237088 -51.469058
-6.669772 -32.699028 -51.469058
-6.545995 -33.160968 -51.469058
-6.207832 -33.499131 -51.469058
-5.745892 -33.622908 -51.469058
-5.283952 -33.499131 -51.469058
-4.945789 -33.160968 -51.469058
-4.745892 -32.699028 -51.851742
-4.879867 -32.199028 -51.851742
-5.245892 -31.833003 -51.851742
-5.745892 -31.699028 -51.851742
-6.245892 -31.833003 -51.851742
-6.611917 -32.199028 -51.851742
-6.745892 -32.699028 -51.851742
-6.611917 -33.199028 -51.851742
-6.245892 -33.565053 -51.851742
-5.745892 -33.699028 -51.851742
-5.245892 -33.565053 -51.851742
-4.879867 -33.199028 -51.851742
-4.822013 -32.699028 -52.234425
-4.945789 -32.237088 -52.234425
-5.283952 -31.898925 -52.234425
-5.745892 -31.775148 -52.234425
-6.207832 -31.898925 -52.234425
-6.545995 -32.237088 -52.234425
-6.669772 -32.699028 -52.234425
-6.545995 -33.160968 -52.234425
-6.207832 -33.499131 -52.234425
-5.745892 -33.622908 -52.234425
-5.283952 -33.499131 -52.234425
-4.945789 -33.160968 -52.234425
-5.038785 -32.699028 -52.558849
-5.133520 -32.345475 -52.558849
-5.392339 -32.086656 -52.558849
-5.745892 -31.991921 -52.558849
-6.099445 -32.086656 -52.558849
-6.358264 -32.345475 -52.558849
-6.452999 -32.699028 -52.558849
-6.358264 -33.052581 -52.558849
-6.099445 -33.311400 -52.558849
-5.745892 -33.406135 -52.558849
-5.392339 -33.311400 -52.558849
-5.133520 -33.052581 -52.558849
-5.363209 -32.699028 -52.775621
-5.414478 -32.507686 -52.775621
-5.554550 -32.367614 -52.775621
-5.745892 -32.316345 -52.775621
-5.937234 -32.367614 -52.775621
-6.077306 -32.507686 -52.775621
-6.128575 -32.699028 -52.775621
-6.077306 -32.890370 -52.775621
-5.937234 -33.030442 -52.775621
-5.745892 -33.081711 -52.775621
-5.554550 -33.030442 -52.775621
-5.414478 -32.890370 -52.775621
-5.745892 -32.699028 -52.851742
-7.454962 -31.478642 -51.503063
-7.072279 -31.478642 -51.579184
-7.123549 -31.287300 -51.579184
-7.263621 -31.147228 -51.579184
-7.454962 -31.095958 -51.579184
-7.646304 -31.147228 -51.579184
-7.786376 -31.287300 -51.579184
-7.837646 -31.478642 -51.579184
-7.786376 -31.669983 -51.579184
-7.646304 -31.810055 -51.579184
-7.454962 -31.861325 -51.579184
-7.263621 -31.810055 -51.579184
-7.123549 -31.669983 -51.579184
-6.747855 -31.478642 -51.795956
-6.842590 -31.125088 -51.795956
-7.101409 -30.866269 -51.795956
-7.454962 -30.771535 -51.795956
-7.808516 -30.866269 -51.795956
-8.067335 -31.125088 -51.795956
-8.162069 -31.478642 -51.795956
-8.067335 -31.832195 -51.795956
-7.808516 -32.091014 -51.795956
-7.454962 -32.185748 -51.795956
-7.101409 -32.091014 -51.795956
-6.842590 -31.832195 -51.795956
-6.531083 -31.478642 -52.120380
-6.654859 -31.016702 -52.120380
-6.993022 -30.678538 -52.120380
-7.454962 -30.554762 -52.120380
-7.916902 -30.678538 -52.120380
-8.255065 -31.016702 -52.120380
-8.378842 -31.478642 -52.120380
-8.255065 -31.940581 -52.120380
-7.916902 -32.278745 -52.120380
-7.454962 -32.402521 -52.120380
-6.993022 -32.278745 -52.120380
-6.654859 -31.940581 -52.120380
-6.454962 -31.478642 -52.503063
-6.588937 -30.978642 -52.503063
-6.954962 -30.612616 -52.503063
-7.454962 -30.478642 -52.503063
-7.954962 -30.612616 -52.503063
-8.320988 -30.978642 -52.503063
-8.454962 -31.478642 -52.503063
-8.320988 -31.978642 -52.503063
-7.954962 -32.344667 -52.503063
-7.454962 -32.478642 -52.503063
-6.954962 -32.344667 -52.503063
-6.588937 -31.978642 -52.503063
-6.531083 -31.478642 -52.885747
-6.654859 -31.016702 -52.885747
-6.993022 -30.678538 -52.885747
-7.454962 -30.554762 -52.885747
-7.916902 -30.678538 -52.885747
-8.255065 -31.016702 -52.885747
-8.378842 -31.478642 -52.885747
-8.255065 -31.940581 -52.885747
-7.916902 -32.278745 -52.885747
-7.454962 -32.402521 -52.885747
-6.993022 -32.278745 -52.885747
-6.654859 -31.940581 -52.885747
-6.747855 -31.478642 -53.210170
-6.842590 -31.125088 -53.210170
-7.101409 -30.866269 -53.210170
-7.454962 -30.771535 -53.210170
-7.808516 -30.866269 -53.210170
-8.067335 -31.125088 -53.210170
-8.162069 -31.478642 -53.210170
-8.067335 -31.832195 -53.210170
-7.808516 -32.091014 -53.210170
-7.454962 -32.185748 -53.210170
-7.101409 -32.091014 -53.210170
-6.842590 -31.832195 -53.210170
-7.072279 -31.478642 -53.426943
-7.123549 -31.287300 -53.426943
-7.263621 -31.147228 -53.426943
-7.454962 -31.095958 -53.426943
-7.646304 -31.147228 -53.426943
-7.786376 -31.287300 -53.426943
-7.837646 -31.478642 -53.426943
-7.786376 -31.669983 -53.426943
-7.646304 -31.810055 -53.426943
-7.454962 -31.861325 -53.426943
-7.263621 -31.810055 -53.426943
-7.123549 -31.669983 -53.426943
-7.454962 -31.478642 -53.503063
-8.935377 -29.415165 -52.722015
-8.552694 -29.415165 -52.798136
-8.603964 -29.223823 -52.798136
-8.744035 -29.083751 -52.798136
-8.935377 -29.032482 -52.798136
-9.126719 -29.083751 -52.798136
-9.266791 -29.223823 -52.798136
-9.318061 -29.415165 -52.798136
-9.266791 -29.606507 -52.798136
-9.126719 -29.746579 -52.798136
-8.935377 -29.797848 -52.798136
-8.744035 -29.746579 -52.798136
-8.603964 -29.606507 -52.798136
-8.228270 -29.415165 -53.014909
-8.323005 -29.061612 -53.014909
-8.581824 -28.802793 -53.014909
-8.935377 -28.708058 -53.014909
-9.288931 -28.802793 -53.014909
-9.547750 -29.061612 -53.014909
-9.642484 -29.415165 -53.014909
-9.547750 -29.768718 -53.014909
-9.288931 -30.027537 -53.014909
-8.935377 -30.122272 -53.014909
-8.581824 -30.027537 -53.014909
-8.323005 -29.768718 -53.014909
-8.011498 -29.415165 -53.339332
-8.135274 -28.953225 -53.339332
-8.473437 -28.615062 -53.339332
-8.935377 -28.491285 -53.339332
-9.397317 -28.615062 -53.339332
-9.735480 -28.953225 -53.339332
-9.859257 -29.415165 -53.339332
-9.735480 -29.877105 -53.339332
-9.397317 -30.215268 -53.339332
-8.935377 -30.339044 -53.339332
-8.473437 -30.215268 -53.339332
-8.135274 -29.877105 -53.339332
-7.935377 -29.415165 -53.722015
-8.069352 -28.915165 -53.722015
-8.435377 -28.549140 -53.722015
-8.935377 -28.415165 -53.722015
-9.435377 -28.549140 -53.722015
-9.801403 -28.915165 -53.722015
-9.935377 -29.415165 -53.722015
-9.801403 -29.915165 -53.722015
-9.435377 -30.281190 -53.722015
-8.935377 -30.415165 -53.722015
-8.435377 -30.281190 -53.722015
-8.069352 -29.915165 -53.722015
-8.011498 -29.415165 -54.104699
-8.135274 -28.953225 -54.104699
-8.473437 -28.615062 -54.104699
-8.935377 -28.491285 -54.104699
-9.397317 -28.615062 -54.104699
-9.735480 -28.953225 -54.104699
-9.859257 -29.415165 -54.104699
-9.735480 -29.877105 -54.104699
-9.397317 -30.215268 -54.104699
-8.935377 -30.339044 -54.104699
-8.473437 -30.215268 -54.104699
-8.135274 -29.877105 -54.104699
-8.228270 -29.415165 -54.429122
-8.323005 -29.061612 -54.429122
-8.581824 -28.802793 -54.429122
-8.935377 -28.708058 -54.429122
-9.288931 -28.802793 -54.429122
-9.547750 -29.061612 -54.429122
-9.642484 -29.415165 -54.429122
-9.547750 -29.768718 -54.429122
-9.288931 -30.027537 -54.429122
-8.935377 -30.122272 -54.429122
-8.581824 -30.027537 -54.429122
-8.323005 -29.768718 -54.429122
-8.552694 -29.415165 -54.645895
-8.603964 -29.223823 -54.645895
-8.744035 -29.083751 -54.645895
-8.935377 -29.032482 -54.645895
-9.126719 -29.083751 -54.645895
-9.266791 -29.223823 -54.645895
-9.318061 -29.415165 -54.645895
-9.266791 -29.606507 -54.645895
-9.126719 -29.746579 -54.645895
-8.935377 -29.797848 -54.645895
-8.744035 -29.746579 -54.645895
-8.603964 -29.606507 -54.645895
-8.935377 -29.415165 -54.722015
-10.357734 -10.708041 -57.420971
-9.975050 -10.708041 -57.497091
-10.026320 -10.516699 -57.497091
-10.166392 -10.376628 -57.497091
-10.357734 -10.325358 -57.497091
-10.549075 -10.376628 -57.497091
-10.689147 -10.516699 -57.497091
-10.740417 -10.708041 -57.497091
-10.689147 -10.899383 -57.497091
-10.549075 -11.039455 -57.497091
-10.357734 -11.090725 -57.497091
-10.166392 -11.039455 -57.497091
-10.026320 -10.899383 -57.497091
-9.650627 -10.708041 -57.713864
-9.745361 -10.354488 -57.713864
-10.004180 -10.095669 -57.713864
-10.357734 -10.000934 -57.713864
-10.711287 -10.095669 -57.713864
-10.970106 -10.354488 -57.713864
-11.064841 -10.708041 -57.713864
-10.970106 -11.061595 -57.713864
-10.711287 -11.320414 -57.713864
-10.357734 -11.415148 -57.713864
-10.004180 -11.320414 -57.713864
-9.745361 -11.061595 -57.713864
-9.433854 -10.708041 -58.038287
-9.557631 -10.246101 -58.038287
-9.895794 -9.907938 -58.038287
-10.357734 -9.784162 -58.038287
-10.819673 -9.907938 -58.038287
-11.157837 -10.246101 -58.038287
-11.281613 -10.708041 -58.038287
-11.157837 -11.169981 -58.038287
-10.819673 -11.508144 -58.038287
-10.357734 -11.631921 -58.038287
-9.895794 -11.508144 -58.038287
-9.557631 -11.169981 -58.038287
-9.357734 -10.708041 -58.420971
-9.491708 -10.208041 -58.420971
-9.857734 -9.842016 -58.420971
-10.357734 -9.708041 -58.420971
-10.857734 -9.842016 -58.420971
-11.223759 -10.208041 -58.420971
-11.357734 -10.708041 -58.420971
-11.223759 -11.208041 -58.420971
-10.857734 -11.574067 -58.420971
-10.357734 -11.708041 -58.420971
-9.857734 -11.574067 -58.420971
-9.491708 -11.208041 -58.420971
-9.433854 -10.708041 -58.803654
-9.557631 -10.246101 -58.803654
-9.895794 -9.907938 -58.803654
-10.357734 -9.784162 -58.803654
-10.819673 -9.907938 -58.803654
-11.157837 -10.246101 -58.803654
-11.281613 -10.708041 -58.803654
-11.157837 -11.169981 -58.803654
-10.819673 -11.508144 -58.803654
-10.357734 -11.631921 -58.803654
-9.895794 -11.508144 -58.803654
-9.557631 -11.169981 -58.803654
-9.650627 -10.708041 -59.128078
-9.745361 -10.354488 -59.128078
-10.004180 -10.095669 -59.128078
-10.357734 -10.000934 -59.128078
-10.711287 -10.095669 -59.128078
-10.970106 -10.354488 -59.128078
-11.064841 -10.708041 -59.128078
-10.970106 -11.061595 -59.128078
-10.711287 -11.320414 -59.128078
-10.357734 -11.415148 -59.128078
-10.004180 -11.320414 -59.128078
-9.745361 -11.061595 -59.128078
-9.975050 -10.708041 -59.344850
-10.026320 -10.516699 -59.344850
-10.166392 -10.376628 -59.344850
-10.357734 -10.325358 -59.344850
-10.549075 -10.376628 -59.344850
-10.689147 -10.516699 -59.344850
-10.740417 -10.708041 -59.344850
-10.689147 -10.899383 -59.344850
-10.549075 -11.039455 -59.344850
-10.357734 -11.090725 -59.344850
-10.166392 -11.039455 -59.344850
-10.026320 -10.899383 -59.344850
-10.357734 -10.708041 -59.420971
20.971306 -14.470031 -48.992161
21.353989 -14.470031 -49.068281
21.302719 -14.278689 -49.068281
21.162648 -14.138617 -49.068281
20.971306 -14.087347 -49.068281
20.779964 -14.138617 -49.068281
20.639892 -14.278689 -49.068281
20.588622 -14.470031 -49.068281
20.639892 -14.661373 -49.068281
20.779964 -14.801444 -49.068281
20.971306 -14.852714 -49.068281
21.162648 -14.801444 -49.068281
21.302719 -14.661373 -49.068281
21.678413 -14.470031 -49.285054
21.583678 -14.116477 -49.285054
21.324859 -13.857658 -49.285054
20.971306 -13.762924 -49.285054
20.617752 -13.857658 -49.285054
20.358933 -14.116477 -49.285054
20.264199 -14.470031 -49.285054
20.358933 -14.823584 -49.285054
20.617752 -15.082403 -49.285054
20.971306 -15.177138 -49.285054
21.324859 -15.082403 -49.285054
21.583678 -14.823584 -49.285054
21.895185 -14.470031 -49.609477
21.771409 -14.008091 -49.609477
21.433246 -13.669928 -49.609477
20.971306 -13.546151 -49.609477
20.509366 -13.669928 -49.609477
20.171203 -14.008091 -49.609477
20.047426 -14.470031 -49.609477
20.171203 -14.931971 -49.609477
20.509366 -15.270134 -49.609477
20.971306 -15.393910 -49.609477
21.433246 -15.270134 -49.609477
21.771409 -14.931971 -49.609477
21.971306 -14.470031 -49.992161
21.837331 -13.970031 -49.992161
21.471306 -13.604005 -49.992161
20.971306 -13.470031 -49.992161
20.471306 -13.604005 -49.992161
20.105280 -13.970031 -49.992161
19.971306 -14.470031 -49.992161
20.105280 -14.970031 -49.992161
20.471306 -15.336056 -49.992161
20.971306 -15.470031 -49.992161
21.471306 -15.336056 -49.992161
21.837331 -14.970031 -49.992161
21.895185 -14.470031 -50.374844
21.771409 -14.008091 -50.374844
21.433246 -13.669928 -50.374844
20.971306 -13.546151 -50.374844
20.509366 -13.669928 -50.374844
20.171203 -14.008091 -50.374844
20.047426 -14.470031 -50.374844
20.171203 -14.931971 -50.374844
20.509366 -15.270134 -50.374844
20.971306 -15.393910 -50.374844
21.433246 -15.270134 -50.374844
21.771409 -14.931971 -50.374844
21.678413 -14.470031 -50.699268
21.583678 -14.116477 -50.699268
21.324859 -13.857658 -50.699268
20.971306 -13.762924 -50.699268
20.617752 -13.857658 -50.699268
20.358933 -14.116477 -50.699268
20.264199 -14.470031 -50.699268
20.358933 -14.823584 -50.699268
20.617752 -15.082403 -50.699268
20.971306 -15.177138 -50.699268
21.324859 -15.082403 -50.699268
21.583678 -14.823584 -50.699268
21.353989 -14.470031 -50.916040
21.302719 -14.278689 -50.916040
21.162648 -14.138617 -50.916040
20.971306 -14.087347 -50.916040
20.779964 -14.138617 -50.916040
20.639892 -14.278689 -50.916040
20.588622 -14.470031 -50.916040
20.639892 -14.661373 -50.916040
20.779964 -14.801444 -50.916040
20.971306 -14.852714 -50.916040
21.162648 -14.801444 -50.916040
21.302719 -14.661373 -50.916040
20.971306 -14.470031 -50.992161
22.505882 -14.218084 -48.429115
22.888566 -14.218084 -48.505236
22.837296 -14.026743 -48.505236
22.697224 -13.886671 -48.505236
22.505882 -13.835401 -48.505236
22.314541 -13.886671 -48.505236
22.174469 -14.026743 -48.505236
22.123199 -14.218084 -48.505236
22.174469 -14.409426 -48.505236
22.314541 -14.549498 -48.505236
22.505882 -14.600768 -48.505236
22.697224 -14.549498 -48.505236
22.837296 -14.409426 -48.505236
23.212989 -14.218084 -48.722009
23.118255 -13.864531 -48.722009
22.859436 -13.605712 -48.722009
22.505882 -13.510978 -48.722009
22.152329 -13.605712 -48.722009
21.893510 -13.864531 -48.722009
21.798775 -14.218084 -48.722009
21.893510 -14.571638 -48.722009
22.152329 -14.830457 -48.722009
22.505882 -14.925191 -48.722009
22.859436 -14.830457 -48.722009
23.118255 -14.571638 -48.722009
23.429762 -14.218084 -49.046432
23.305985 -13.756145 -49.046432
22.967822 -13.417981 -49.046432
22.505882 -13.294205 -49.046432
22.043942 -13.417981 -49.046432
21.705779 -13.756145 -49.046432
21.582003 -14.218084 -49.046432
21.705779 -14.680024 -49.046432
22.043942 -15.018187 -49.046432
22.505882 -15.141964 -49.046432
22.967822 -15.018187 -49.046432
23.305985 -14.680024 -49.046432
23.505882 -14.218084 -49.429115
23.371908 -13.718084 -49.429115
23.005882 -13.352059 -49.429115
22.505882 -13.218084 -49.429115
22.005882 -13.352059 -49.429115
21.639857 -13.718084 -49.429115
21.505882 -14.218084 -49.429115
21.639857 -14.718084 -49.429115
22.005882 -15.084110 -49.429115
22.505882 -15.218084 -49.429115
23.005882 -15.084110 -49.429115
23.371908 -14.718084 -49.429115
23.429762 -14.218084 -49.811799
23.305985 -13.756145 -49.811799
22.967822 -13.417981 -49.811799
22.505882 -13.294205 -49.811799
22.043942 -13.417981 -49.811799
21.705779 -13.756145 -49.811799
21.582003 -14.218084 -49.811799
21.705779 -14.680024 -49.811799
22.043942 -15.018187 -49.811799
22.505882 -15.141964 -49.811799
22.967822 -15.018187 -49.811799
23.305985 -14.680024 -49.811799
23.212989 -14.218084 -50.136222
23.118255 -13.864531 -50.136222
22.859436 -13.605712 -50.136222
22.505882 -13.510978 -50.136222
22.152329 -13.605712 -50.136222
21.893510 -13.864531 -50.136222
21.798775 -14.218084 -50.136222
21.893510 -14.571638 -50.136222
22.152329 -14.830457 -50.136222
22.505882 -14.925191 -50.136222
22.859436 -14.830457 -50.136222
23.118255 -14.571638 -50.136222
22.888566 -14.218084 -50.352995
22.837296 -14.026743 -50.352995
22.697224 -13.886671 -50.352995
22.505882 -13.835401 -50.352995
22.314541 -13.886671 -50.352995
22.174469 -14.026743 -50.352995
22.123199 -14.218084 -50.352995
22.174469 -14.409426 -50.352995
22.314541 -14.549498 -50.352995
22.505882 -14.600768 -50.352995
22.697224 -14.549498 -50.352995
22.837296 -14.409426 -50.352995
22.505882 -14.218084 -50.429115
24.517715 -13.689745 -47.781700
24.900399 -13.689745 -47.857821
24.849129 -13.498403 -47.857821
24.709057 -13.358331 -47.857821
24.517715 -13.307062 -47.857821
24.326374 -13.358331 -47.857821
24.186302 -13.498403 -47.857821
24.135032 -13.689745 -47.857821
24.186302 -13.881087 -47.857821
24.326374 -14.021159 -47.857821
24.517715 -14.072428 -47.857821
24.709057 -14.021159 -47.857821
24.849129 -13.881087 -47.857821
25.224822 -13.689745 -48.074593
25.130088 -13.336192 -48.074593
24.871269 -13.077373 -48.074593
24.517715 -12.982638 -48.074593
24.164162 -13.077373 -48.074593
23.905343 -13.336192 -48.074593
23.810609 -13.689745 -48.074593
23.905343 -14.043298 -48.074593
24.164162 -14.302117 -48.074593
24.517715 -14.396852 -48.074593
24.871269 -14.302117 -48.074593
25.130088 -14.043298 -48.074593
25.441595 -13.689745 -48.399017
25.317819 -13.227805 -48.399017
24.979655 -12.889642 -48.399017
24.517715 -12.765865 -48.399017
24.055776 -12.889642 -48.399017
23.717612 -13.227805 -48.399017
23.593836 -13.689745 -48.399017
23.717612 -14.151685 -48.399017
24.055776 -14.489848 -48.399017
24.517715 -14.613624 -48.399017
24.979655 -14.489848 -48.399017
25.317819 -14.151685 -48.399017
25.517715 -13.689745 -48.781700
25.383741 -13.189745 -48.781700
25.017715 -12.823720 -48.781700
24.517715 -12.689745 -48.781700
24.017715 -12.823720 -48.781700
23.651690 -13.189745 -48.781700
23.517715 -13.689745 -48.781700
23.651690 -14.189745 -48.781700
24.017715 -14.555770 -48.781700
24.517715 -14.689745 -48.781700
25.017715 -14.555770 -48.781700
25.383741 -14.189745 -48.781700
25.441595 -13.689745 -49.164384
25.317819 -13.227805 -49.164384
24.979655 -12.889642 -49.164384
24.517715 -12.765865 -49.164384
24.055776 -12.889642 -49.164384
23.717612 -13.227805 -49.164384
23.593836 -13.689745 -49.164384
23.717612 -14.151685 -49.164384
24.055776 -14.489848 -49.164384
24.517715 -14.613624 -49.164384
24.979655 -14.489848 -49.164384
25.317819 -14.151685 -49.164384
25.224822 -13.689745 -49.488807
25.130088 -13.336192 -49.488807
24.871269 -13.077373 -49.488807
24.517715 -12.982638 -49.488807
24.164162 -13.077373 -49.488807
23.905343 -13.336192 -49.488807
23.810609 -13.689745 -49.488807
23.905343 -14.043298 -49.488807
24.164162 -14.302117 -49.488807
24.517715 -14.396852 -49.488807
24.871269 -14.302117 -49.488807
25.130088 -14.043298 -49.488807
24.900399 -13.689745 -49.705580
24.849129 -13.498403 -49.705580
24.709057 -13.358331 -49.705580
24.517715 -13.307062 -49.705580
24.326374 -13.358331 -49.705580
24.186302 -13.498403 -49.705580
24.135032 -13.689745 -49.705580
24.186302 -13.881087 -49.705580
24.326374 -14.021159 -49.705580
24.517715 -14.072428 -49.705580
24.709057 -14.021159 -49.705580
24.849129 -13.881087 -49.705580
24.517715 -13.689745 -49.781700
27.605400 -13.791599 -47.437523
27.988084 -13.791599 -47.513643
27.936814 -13.600258 -47.513643
27.796742 -13.460186 -47.513643
27.605400 -13.408916 -47.513643
27.414058 -13.460186 -47.513643
27.273987 -13.600258 -47.513643
27.222717 -13.791599 -47.513643
27.273987 -13.982941 -47.513643
27.414058 -14.123013 -47.513643
27.605400 -14.174283 -47.513643
27.796742 -14.123013 -47.513643
27.936814 -13.982941 -47.513643
28.312507 -13.791599 -47.730416
28.217773 -13.438046 -47.730416
27.958953 -13.179227 -47.730416
27.605400 -13.084492 -47.730416
27.251847 -13.179227 -47.730416
26.993028 -13.438046 -47.730416
26.898293 -13.791599 -47.730416
26.993028 -14.145153 -47.730416
27.251847 -14.403972 -47.730416
27.605400 -14.498706 -47.730416
27.958953 -14.403972 -47.730416
28.217773 -14.145153 -47.730416
28.529280 -13.791599 -48.054839
28.405503 -13.329660 -48.054839
28.067340 -12.991496 -48.054839
27.605400 -12.867720 -48.054839
27.143460 -12.991496 -48.054839
26.805297 -13.329660 -48.054839
26.681521 -13.791599 -48.054839
26.805297 -14.253539 -48.054839
27.143460 -14.591702 -48.054839
27.605400 -14.715479 -48.054839
28.067340 -14.591702 -48.054839
28.405503 -14.253539 -48.054839
28.605400 -13.791599 -48.437523
28.471425 -13.291599 -48.437523
28.105400 -12.925574 -48.437523
27.605400 -12.791599 -48.437523
27.105400 -12.925574 -48.437523
26.739375 -13.291599 -48.437523
26.605400 -13.791599 -48.437523
26.739375 -14.291599 -48.437523
27.105400 -14.657625 -48.437523
27.605400 -14.791599 -48.437523
28.105400 -14.657625 -48.437523
28.471425 -14.291599 -48.437523
28.529280 -13.791599 -48.820206
28.405503 -13.329660 -48.820206
28.067340 -12.991496 -48.820206
27.605400 -12.867720 -48.820206
27.143460 -12.991496 -48.820206
26.805297 -13.329660 -48.820206
26.681521 -13.791599 -48.820206
26.805297 -14.253539 -48.820206
27.143460 -14.591702 -48.820206
27.605400 -14.715479 -48.820206
28.067340 -14.591702 -48.820206
28.405503 -14.253539 -48.820206
28.312507 -13.791599 -49.144630
28.217773 -13.438046 -49.144630
27.958953 -13.179227 -49.144630
27.605400 -13.084492 -49.144630
27.251847 -13.179227 -49.144630
26.993028 -13.438046 -49.144630
26.898293 -13.791599 -49.144630
26.993028 -14.145153 -49.144630
27.251847 -14.403972 -49.144630
27.605400 -14.498706 -49.144630
27.958953 -14.403972 -49.144630
28.217773 -14.145153 -49.144630
27.988084 -13.791599 -49.361402
27.936814 -13.600258 -49.361402
27.796742 -13.460186 -49.361402
27.605400 -13.408916 -49.361402
27.414058 -13.460186 -49.361402
27.273987 -13.600258 -49.361402
27.222717 -13.791599 -49.361402
27.273987 -13.982941 -49.361402
27.414058 -14.123013 -49.361402
27.605400 -14.174283 -49.361402
27.796742 -14.123013 -49.361402
27.936814 -13.982941 -49.361402
27.605400 -13.791599 -49.437523
27.930855 -16.835587 -47.719688
28.313538 -16.835587 -47.795809
28.262268 -16.644245 -47.795809
28.122197 -16.504173 -47.795809
27.930855 -16.452903 -47.795809
27.739513 -16.504173 -47.795809
27.599441 -16.644245 -47.795809
27.548171 -16.835587 -47.795809
27.599441 -17.026928 -47.795809
27.739513 -17.167000 -47.795809
27.930855 -17.218270 -47.795809
28.122197 -17.167000 -47.795809
28.262268 -17.026928 -47.795809
28.637962 -16.835587 -48.012582
28.543227 -16.482033 -48.012582
28.284408 -16.223214 -48.012582
27.930855 -16.128480 -48.012582
27.577301 -16.223214 -48.012582
27.318482 -16.482033 -48.012582
27.223748 -16.835587 -48.012582
27.318482 -17.189140 -48.012582
27.577301 -17.447959 -48.012582
27.930855 -17.542693 -48.012582
28.284408 -17.447959 -48.012582
28.543227 -17.189140 -48.012582
28.854734 -16.835587 -48.337005
28.730958 -16.373647 -48.337005
28.392795 -16.035483 -48.337005
27.930855 -15.911707 -48.337005
27.468915 -16.035483 -48.337005
27.130752 -16.373647 -48.337005
27.006975 -16.835587 -48.337005
27.130752 -17.297526 -48.337005
27.468915 -17.635690 -48.337005
27.930855 -17.759466 -48.337005
28.392795 -17.635690 -48.337005
28.730958 -17.297526 -48.337005
28.930855 -16.835587 -48.719688
28.796880 -16.335587 -48.719688
28.430855 -15.969561 -48.719688
27.930855 -15.835587 -48.719688
27.430855 -15.969561 -48.719688
27.064829 -16.335587 -48.719688
26.930855 -16.835587 -48.719688
27.064829 -17.335587 -48.719688
27.430855 -17.701612 -48.719688
27.930855 -17.835587 -48.719688
28.430855 -17.701612 -48.719688
28.796880 -17.335587 -48.719688
28.854734 -16.835587 -49.102372
28.730958 -16.373647 -49.102372
28.392795 -16.035483 -49.102372
27.930855 -15.911707 -49.102372
27.468915 -16.035483 -49.102372
27.130752 -16.373647 -49.102372
27.006975 -16.835587 -49.102372
27.130752 -17.297526 -49.102372
27.468915 -17.635690 -49.102372
27.930855 -17.759466 -49.102372
28.392795 -17.635690 -49.102372
28.730958 -17.297526 -49.102372
28.637962 -16.835587 -49.426795
28.543227 -16.482033 -49.426795
28.284408 -16.223214 -49.426795
27.930855 -16.128480 -49.426795
27.577301 -16.223214 -49.426795
27.318482 -16.482033 -49.426795
27.223748 -16.835587 -49.426795
27.318482 -17.189140 -49.426795
27.577301 -17.447959 -49.426795
27.930855 -17.542693 -49.426795
28.284408 -17.447959 -49.426795
28.543227 -17.189140 -49.426795
28.313538 -16.835587 -49.643568
28.262268 -16.644245 -49.643568
28.122197 -16.504173 -49.643568
27.930855 -16.452903 -49.643568
27.739513 -16.504173 -49.643568
27.599441 -16.644245 -49.643568
27.548171 -16.835587 -49.643568
27.599441 -17.026928 -49.643568
27.739513 -17.167000 -49.643568
27.930855 -17.218270 -49.643568
28.122197 -17.167000 -49.643568
28.262268 -17.026928 -49.643568
27.930855 -16.835587 -49.719688
27.353716 -18.958906 -47.787731
27.736399 -18.958906 -47.863852
27.685129 -18.767564 -47.863852
27.545058 -18.627493 -47.863852
27.353716 -18.576223 -47.863852
27.162374 -18.627493 -47.863852
27.022302 -18.767564 -47.863852
26.971032 -18.958906 -47.863852
27.022302 -19.150248 -47.863852
27.162374 -19.290320 -47.863852
27.353716 -19.341590 -47.863852
27.545058 -19.290320 -47.863852
27.685129 -19.150248 -47.863852
28.060823 -18.958906 -48.080624
27.966088 -18.605353 -48.080624
27.707269 -18.346534 -48.080624
27.353716 -18.251799 -48.080624
27.000163 -18.346534 -48.080624
26.741343 -18.605353 -48.080624
26.646609 -18.958906 -48.080624
26.741343 -19.312460 -48.080624
27.000163 -19.571279 -48.080624
27.353716 -19.666013 -48.080624
27.707269 -19.571279 -48.080624
27.966088 -19.312460 -48.080624
28.277595 -18.958906 -48.405048
28.153819 -18.496966 -48.405048
27.815656 -18.158803 -48.405048
27.353716 -18.035027 -48.405048
26.891776 -18.158803 -48.405048
26.553613 -18.496966 -48.405048
26.429836 -18.958906 -48.405048
26.553613 -19.420846 -48.405048
26.891776 -19.759009 -48.405048
27.353716 -19.882786 -48.405048
27.815656 -19.759009 -48.405048
28.153819 -19.420846 -48.405048
28.353716 -18.958906 -48.787731
28.219741 -18.458906 -48.787731
27.853716 -18.092881 -48.787731
27.353716 -17.958906 -48.787731
26.853716 -18.092881 -48.787731
26.487690 -18.458906 -48.787731
26.353716 -18.958906 -48.787731
26.487690 -19.458906 -48.787731
26.853716 -19.824932 -48.787731
27.353716 -19.958906 -48.787731
27.853716 -19.824932 -48.787731
28.219741 -19.458906 -48.787731
28.277595 -18.958906 -49.170415
28.153819 -18.496966 -49.170415
27.815656 -18.158803 -49.170415
27.353716 -18.035027 -49.170415
26.891776 -18.158803 -49.170415
26.553613 -18.496966 -49.170415
26.429836 -18.958906 -49.170415
26.553613 -19.420846 -49.170415
26.891776 -19.759009 -49.170415
27.353716 -19.882786 -49.170415
27.815656 -19.759009 -49.170415
28.153819 -19.420846 -49.170415
28.060823 -18.958906 -49.494838
27.966088 -18.605353 -49.494838
27.707269 -18.346534 -49.494838
27.353716 -18.251799 -49.494838
27.000163 -18.346534 -49.494838
26.741343 -18.605353 -49.494838
26.646609 -18.958906 -49.494838
26.741343 -19.312460 -49.494838
27.000163 -19.571279 -49.494838
27.353716 -19.666013 -49.494838
27.707269 -19.571279 -49.494838
27.966088 -19.312460 -49.494838
27.736399 -18.958906 -49.711611
27.685129 -18.767564 -49.711611
27.545058 -18.627493 -49.711611
27.353716 -18.576223 -49.711611
27.162374 -18.627493 -49.711611
27.022302 -18.767564 -49.711611
26.971032 -18.958906 -49.711611
27.022302 -19.150248 -49.711611
27.162374 -19.290320 -49.711611
27.353716 -19.341590 -49.711611
27.545058 -19.290320 -49.711611
27.685129 -19.150248 -49.711611
27.353716 -18.958906 -49.787731
11.671303 -36.758297 -46.809170
12.053986 -36.758297 -46.885290
12.002716 -36.566955 -46.885290
11.862645 -36.426883 -46.885290
11.671303 -36.375614 -46.885290
11.479961 -36.426883 -46.885290
11.339889 -36.566955 -46.885290
11.288619 -36.758297 -46.885290
11.339889 -36.949639 -46.885290
11.479961 -37.089711 -46.885290
11.671303 -37.140980 -46.885290
11.862645 -37.089711 -46.885290
12.002716 -36.949639 -46.885290
12.378410 -36.758297 -47.102063
12.283675 -36.404744 -47.102063
12.024856 -36.145925 -47.102063
11.671303 -36.051190 -47.102063
11.317749 -36.145925 -47.102063
11.058930 -36.404744 -47.102063
10.964196 -36.758297 -47.102063
11.058930 -37.111850 -47.102063
11.317749 -37.370669 -47.102063
11.671303 -37.465404 -47.102063
12.024856 -37.370669 -47.102063
12.283675 -37.111850 -47.102063
12.595182 -36.758297 -47.426486
12.471406 -36.296357 -47.426486
12.133243 -35.958194 -47.426486
11.671303 -35.834417 -47.426486
11.209363 -35.958194 -47.426486
10.871200 -36.296357 -47.426486
10.747423 -36.758297 -47.426486
10.871200 -37.220237 -47.426486
11.209363 -37.558400 -47.426486
11.671303 -37.682176 -47.426486
12.133243 -37.558400 -47.426486
12.471406 -37.220237 -47.426486
12.671303 -36.758297 -47.809170
12.537328 -36.258297 -47.809170
12.171303 -35.892272 -47.809170
11.671303 -35.758297 -47.809170
11.171303 -35.892272 -47.809170
10.805277 -36.258297 -47.809170
10.671303 -36.758297 -47.809170
10.805277 -37.258297 -47.809170
11.171303 -37.624322 -47.809170
11.671303 -37.758297 -47.809170
12.171303 -37.624322 -47.809170
12.537328 -37.258297 -47.809170
12.595182 -36.758297 -48.191853
12.471406 -36.296357 -48.191853
12.133243 -35.958194 -48.191853
11.671303 -35.834417 -48.191853
11.209363 -35.958194 -48.191853
10.871200 -36.296357 -48.191853
10.747423 -36.758297 -48.191853
10.871200 -37.220237 -48.191853
11.209363 -37.558400 -48.191853
11.671303 -37.682176 -48.191853
12.133243 -37.558400 -48.191853
12.471406 -37.220237 -48.191853
12.378410 -36.758297 -48.516277
12.283675 -36.404744 -48.516277
12.024856 -36.145925 -48.516277
11.671303 -36.051190 -48.516277
11.317749 -36.145925 -48.516277
11.058930 -36.404744 -48.516277
10.964196 -36.758297 -48.516277
11.058930 -37.111850 -48.516277
11.317749 -37.370669 -48.516277
11.671303 -37.465404 -48.516277
12.024856 -37.370669 -48.516277
12.283675 -37.111850 -48.516277
12.053986 -36.758297 -48.733049
12.002716 -36.566955 -48.733049
11.862645 -36.426883 -48.733049
11.671303 -36.375614 -48.733049
11.479961 -36.426883 -48.733049
11.339889 -36.566955 -48.733049
11.288619 -36.758297 -48.733049
11.339889 -36.949639 -48.733049
11.479961 -37.089711 -48.733049
11.671303 -37.140980 -48.733049
11.862645 -37.089711 -48.733049
12.002716 -36.949639 -48.733049
11.671303 -36.758297 -48.809170
13.269485 -36.572292 -46.569916
13.652168 -36.572292 -46.646036
13.600898 -36.380951 -46.646036
13.460826 -36.240879 -46.646036
13.269485 -36.189609 -46.646036
13.078143 -36.240879 -46.646036
12.938071 -36.380951 -46.646036
12.886801 -36.572292 -46.646036
12.938071 -36.763634 -46.646036
13.078143 -36.903706 -46.646036
13.269485 -36.954976 -46.646036
13.460826 -36.903706 -46.646036
13.600898 -36.763634 -46.646036
13.976591 -36.572292 -46.862809
13.881857 -36.218739 -46.862809
13.623038 -35.959920 -46.862809
13.269485 -35.865186 -46.862809
12.915931 -35.959920 -46.862809
12.657112 -36.218739 -46.862809
12.562378 -36.572292 -46.862809
12.657112 -36.925846 -46.862809
12.915931 -37.184665 -46.862809
13.269485 -37.279399 -46.862809
13.623038 -37.184665 -46.862809
13.881857 -36.925846 -46.862809
14.193364 -36.572292 -47.187232
14.069588 -36.110353 -47.187232
13.731424 -35.772189 -47.187232
13.269485 -35.648413 -47.187232
12.807545 -35.772189 -47.187232
12.469381 -36.110353 -47.187232
12.345605 -36.572292 -47.187232
12.469381 -37.034232 -47.187232
12.807545 -37.372395 -47.187232
13.269485 -37.496172 -47.187232
13.731424 -37.372395 -47.187232
14.069588 -37.034232 -47.187232
14.269485 -36.572292 -47.569916
14.135510 -36.072292 -47.569916
13.769485 -35.706267 -47.569916
13.269485 -35.572292 -47.569916
12.769485 -35.706267 -47.569916
12.403459 -36.072292 -47.569916
12.269485 -36.572292 -47.569916
12.403459 -37.072292 -47.569916
12.769485 -37.438318 -47.569916
13.269485 -37.572292 -47.569916
13.769485 -37.438318 -47.569916
14.135510 -37.072292 -47.569916
14.193364 -36.572292 -47.952599
14.069588 -36.110353 -47.952599
13.731424 -35.772189 -47.952599
13.269485 -35.648413 -47.952599
12.807545 -35.772189 -47.952599
12.469381 -36.110353 -47.952599
12.345605 -36.572292 -47.952599
12.469381 -37.034232 -47.952599
12.807545 -37.372395 -47.952599
13.269485 -37.496172 -47.952599
13.731424 -37.372395 -47.952599
14.069588 -37.034232 -47.952599
13.976591 -36.572292 -48.277023
13.881857 -36.218739 -48.277023
13.623038 -35.959920 -48.277023
13.269485 -35.865186 -48.277023
12.915931 -35.959920 -48.277023
12.657112 -36.218739 -48.277023
12.562378 -36.572292 -48.277023
12.657112 -36.925846 -48.277023
12.915931 -37.184665 -48.277023
13.269485 -37.279399 -48.277023
13.623038 -37.184665 -48.277023
13.881857 -36.925846 -48.277023
13.652168 -36.572292 -48.493795
13.600898 -36.380951 -48.493795
13.460826 -36.240879 -48.493795
13.269485 -36.189609 -48.493795
13.078143 -36.240879 -48.493795
12.938071 -36.380951 -48.493795
12.886801 -36.572292 -48.493795
12.938071 -36.763634 -48.493795
13.078143 -36.903706 -48.493795
13.269485 -36.954976 -48.493795
13.460826 -36.903706 -48.493795
13.600898 -36.763634 -48.493795
13.269485 -36.572292 -48.569916
16.661200 -35.645660 -46.068111
17.043883 -35.645660 -46.144232
16.992613 -35.454319 -46.144232
16.852541 -35.314247 -46.144232
16.661200 -35.262977 -46.144232
16.469858 -35.314247 -46.144232
16.329786 -35.454319 -46.144232
16.278516 -35.645660 -46.144232
16.329786 -35.837002 -46.144232
16.469858 -35.977074 -46.144232
16.661200 -36.028344 -46.144232
16.852541 -35.977074 -46.144232
16.992613 -35.837002 -46.144232
17.368306 -35.645660 -46.361005
17.273572 -35.292107 -46.361005
17.014753 -35.033288 -46.361005
16.661200 -34.938554 -46.361005
16.307646 -35.033288 -46.361005
16.048827 -35.292107 -46.361005
15.954093 -35.645660 -46.361005
16.048827 -35.999214 -46.361005
16.307646 -36.258033 -46.361005
16.661200 -36.352767 -46.361005
17.014753 -36.258033 -46.361005
17.273572 -35.999214 -46.361005
17.585079 -35.645660 -46.685428
17.461303 -35.183721 -46.685428
17.123139 -34.845557 -46.685428
16.661200 -34.721781 -46.685428
16.199260 -34.845557 -46.685428
15.861096 -35.183721 -46.685428
15.737320 -35.645660 -46.685428
15.861096 -36.107600 -46.685428
16.199260 -36.445764 -46.685428
16.661200 -36.569540 -46.685428
17.123139 -36.445764 -46.685428
17.461303 -36.107600 -46.685428
17.661200 -35.645660 -47.068111
17.527225 -35.145660 -47.068111
17.161200 -34.779635 -47.068111
16.661200 -34.645660 -47.068111
16.161200 -34.779635 -47.068111
15.795174 -35.145660 -47.068111
15.661200 -35.645660 -47.068111
15.795174 -36.145660 -47.068111
16.161200 -36.511686 -47.068111
16.661200 -36.645660 -47.068111
17.161200 -36.511686 -47.068111
17.527225 -36.145660 -47.068111
17.585079 -35.645660 -47.450795
17.461303 -35.183721 -47.450795
17.123139 -34.845557 -47.450795
16.661200 -34.721781 -47.450795
16.199260 -34.845557 -47.450795
15.861096 -35.183721 -47.450795
15.737320 -35.645660 -47.450795
15.861096 -36.107600 -47.450795
16.199260 -36.445764 -47.450795
16.661200 -36.569540 -47.450795
17.123139 -36.445764 -47.450795
17.461303 -36.107600 -47.450795
17.368306 -35.645660 -47.775218
17.273572 -35.292107 -47.775218
17.014753 -35.033288 -47.775218
16.661200 -34.938554 -47.775218
16.307646 -35.033288 -47.775218
16.048827 -35.292107 -47.775218
15.954093 -35.645660 -47.775218
16.048827 -35.999214 -47.775218
16.307646 -36.258033 -47.775218
16.661200 -36.352767 -47.775218
17.014753 -36.258033 -47.775218
17.273572 -35.999214 -47.775218
17.043883 -35.645660 -47.991991
16.992613 -35.454319 -47.991991
16.852541 -35.314247 -47.991991
16.661200 -35.262977 -47.991991
16.469858 -35.314247 -47.991991
16.329786 -35.454319 -47.991991
16.278516 -35.645660 -47.991991
16.329786 -35.837002 -47.991991
16.469858 -35.977074 -47.991991
16.661200 -36.028344 -47.991991
16.852541 -35.977074 -47.991991
16.992613 -35.837002 -47.991991
16.661200 -35.645660 -48.068111
19.674553 -33.676815 -45.807369
20.057236 -33.676815 -45.883490
20.005966 -33.485473 -45.883490
19.865895 -33.345401 -45.883490
19.674553 -33.294132 -45.883490
19.483211 -33.345401 -45.883490
19.343139 -33.485473 -45.883490
19.291869 -33.676815 -45.883490
19.343139 -33.868157 -45.883490
19.483211 -34.008229 -45.883490
19.674553 -34.059498 -45.883490
19.865895 -34.008229 -45.883490
20.005966 -33.868157 -45.883490
20.381660 -33.676815 -46.100262
20.286925 -33.323262 -46.100262
20.028106 -33.064443 -46.100262
19.674553 -32.969708 -46.100262
19.321000 -33.064443 -46.100262
19.062180 -33.323262 -46.100262
18.967446 -33.676815 -46.100262
19.062180 -34.030368 -46.100262
19.321000 -34.289187 -46.100262
19.674553 -34.383922 -46.100262
20.028106 -34.289187 -46.100262
20.286925 -34.030368 -46.100262
20.598432 -33.676815 -46.424686
20.474656 -33.214875 -46.424686
20.136493 -32.876712 -46.424686
19.674553 -32.752936 -46.424686
19.212613 -32.876712 -46.424686
18.874450 -33.214875 -46.424686
18.750673 -33.676815 -46.424686
18.874450 -34.138755 -46.424686
19.212613 -34.476918 -46.424686
19.674553 -34.600695 -46.424686
20.136493 -34.476918 -46.424686
20.474656 -34.138755 -46.424686
20.674553 -33.676815 -46.807369
20.540578 -33.176815 -46.807369
20.174553 -32.810790 -46.807369
19.674553 -32.676815 -46.807369
19.174553 -32.810790 -46.807369
18.808528 -33.176815 -46.807369
18.674553 -33.676815 -46.807369
18.808528 -34.176815 -46.807369
19.174553 -34.542840 -46.807369
19.674553 -34.676815 -46.807369
20.174553 -34.542840 -46.807369
20.540578 -34.176815 -46.807369
20.598432 -33.676815 -47.190053
20.474656 -33.214875 -47.190053
20.136493 -32.876712 -47.190053
19.674553 -32.752936 -47.190053
19.212613 -32.876712 -47.190053
18.874450 -33.214875 -47.190053
18.750673 -33.676815 -47.190053
18.874450 -34.138755 -47.190053
19.212613 -34.476918 -47.190053
19.674553 -34.600695 -47.190053
20.136493 -34.476918 -47.190053
20.474656 -34.138755 -47.190053
20.381660 -33.676815 -47.514476
20.286925 -33.323262 -47.514476
20.028106 -33.064443 -47.514476
19.674553 -32.969708 -47.514476
19.321000 -33.064443 -47.514476
19.062180 -33.323262 -47.514476
18.967446 -33.676815 -47.514476
19.062180 -34.030368 -47.514476
19.321000 -34.289187 -47.514476
19.674553 -34.383922 -47.514476
20.028106 -34.289187 -47.514476
20.286925 -34.030368 -47.514476
20.057236 -33.676815 -47.731249
20.005966 -33.485473 -47.731249
19.865895 -33.345401 -47.731249
19.674553 -33.294132 -47.731249
19.483211 -33.345401 -47.731249
19.343139 -33.485473 -47.731249
19.291869 -33.676815 -47.731249
19.343139 -33.868157 -47.731249
19.483211 -34.008229 -47.731249
19.674553 -34.059498 -47.731249
19.865895 -34.008229 -47.731249
20.005966 -33.868157 -47.731249
19.674553 -33.676815 -47.807369
22.728500 -31.850401 -45.393188
23.111184 -31.850401 -45.469309
23.059914 -31.659059 -45.469309
22.919842 -31.518987 -45.469309
22.728500 -31.467717 -45.469309
22.537159 -31.518987 -45.469309
22.397087 -31.659059 -45.469309
22.345817 -31.850401 -45.469309
22.397087 -32.041743 -45.469309
22.537159 -32.181814 -45.469309
22.728500 -32.233084 -45.469309
22.919842 -32.181814 -45.469309
23.059914 -32.041743 -45.469309
23.435607 -31.850401 -45.686082
23.340873 -31.496848 -45.686082
23.082054 -31.238028 -45.686082
22.728500 -31.143294 -45.686082
22.374947 -31.238028 -45.686082
22.116128 -31.496848 -45.686082
22.021394 -31.850401 -45.686082
22.116128 -32.203954 -45.686082
22.374947 -32.462773 -45.686082
22.728500 -32.557508 -45.686082
23.082054 -32.462773 -45.686082
23.340873 -32.203954 -45.686082
23.652380 -31.850401 -46.010505
23.528604 -31.388461 -46.010505
23.190440 -31.050298 -46.010505
22.728500 -30.926521 -46.010505
22.266561 -31.050298 -46.010505
21.928397 -31.388461 -46.010505
21.804621 -31.850401 -46.010505
21.928397 -32.312341 -46.010505
22.266561 -32.650504 -46.010505
22.728500 -32.774280 -46.010505
23.190440 -32.650504 -46.010505
23.528604 -32.312341 -46.010505
23.728500 -31.850401 -46.393188
23.594526 -31.350401 -46.393188
23.228500 -30.984376 -46.393188
22.728500 -30.850401 -46.393188
22.228500 -30.984376 -46.393188
21.862475 -31.350401 -46.393188
21.728500 -31.850401 -46.393188
21.862475 -32.350401 -46.393188
22.228500 -32.716426 -46.393188
22.728500 -32.850401 -46.393188
23.228500 -32.716426 -46.393188
23.594526 -32.350401 -46.393188
23.652380 -31.850401 -46.775872
23.528604 -31.388461 -46.775872
23.190440 -31.050298 -46.775872
22.728500 -30.926521 -46.775872
22.266561 -31.050298 -46.775872
21.928397 -31.388461 -46.775872
21.804621 -31.850401 -46.775872
21.928397 -32.312341 -46.775872
22.266561 -32.650504 -46.775872
22.728500 -32.774280 -46.775872
23.190440 -32.650504 -46.775872
23.528604 -32.312341 -46.775872
23.435607 -31.850401 -47.100295
23.340873 -31.496848 -47.100295
23.082054 -31.238028 -47.100295
22.728500 -31.143294 -47.100295
22.374947 -31.238028 -47.100295
22.116128 -31.496848 -47.100295
22.021394 -31.850401 -47.100295
22.116128 -32.203954 -47.100295
22.374947 -32.462773 -47.100295
22.728500 -32.557508 -47.100295
23.082054 -32.462773 -47.100295
23.340873 -32.203954 -47.100295
23.111184 -31.850401 -47.317068
23.059914 -31.659059 -47.317068
22.919842 -31.518987 -47.317068
22.728500 -31.467717 -47.317068
22.537159 -31.518987 -47.317068
22.397087 -31.659059 -47.317068
22.345817 -31.850401 -47.317068
22.397087 -32.041743 -47.317068
22.537159 -32.181814 -47.317068
22.728500 -32.233084 -47.317068
22.919842 -32.181814 -47.317068
23.059914 -32.041743 -47.317068
22.728500 -31.850401 -47.393188
24.442837 -30.511665 -45.151669
24.825520 -30.511665 -45.227789
24.774250 -30.320324 -45.227789
24.634178 -30.180252 -45.227789
24.442837 -30.128982 -45.227789
24.251495 -30.180252 -45.227789
24.111423 -30.320324 -45.227789
24.060153 -30.511665 -45.227789
24.111423 -30.703007 -45.227789
24.251495 -30.843079 -45.227789
24.442837 -30.894349 -45.227789
24.634178 -30.843079 -45.227789
24.774250 -30.703007 -45.227789
25.149944 -30.511665 -45.444562
25.055209 -30.158112 -45.444562
24.796390 -29.899293 -45.444562
24.442837 -29.804559 -45.444562
24.089283 -29.899293 -45.444562
23.830464 -30.158112 -45.444562
23.735730 -30.511665 -45.444562
23.830464 -30.865219 -45.444562
24.089283 -31.124038 -45.444562
24.442837 -31.218772 -45.444562
24.796390 -31.124038 -45.444562
25.055209 -30.865219 -45.444562
25.366716 -30.511665 -45.768985
25.242940 -30.049726 -45.768985
24.904777 -29.711562 -45.768985
24.442837 -29.587786 -45.768985
23.980897 -29.711562 -45.768985
23.642734 -30.049726 -45.768985
23.518957 -30.511665 -45.768985
23.642734 -30.973605 -45.768985
23.980897 -31.311768 -45.768985
24.442837 -31.435545 -45.768985
24.904777 -31.311768 -45.768985
25.242940 -30.973605 -45.768985
25.442837 -30.511665 -46.151669
25.308862 -30.011665 -46.151669
24.942837 -29.645640 -46.151669
24.442837 -29.511665 -46.151669
23.942837 -29.645640 -46.151669
23.576811 -30.011665 -46.151669
23.442837 -30.511665 -46.151669
23.576811 -31.011665 -46.151669
23.942837 -31.377691 -46.151669
24.442837 -31.511665 -46.151669
24.942837 -31.377691 -46.151669
25.308862 -31.011665 -46.151669
25.366716 -30.511665 -46.534352
25.242940 -30.049726 -46.534352
24.904777 -29.711562 -46.534352
24.442837 -29.587786 -46.534352
23.980897 -29.711562 -46.534352
23.642734 -30.049726 -46.534352
23.518957 -30.511665 -46.534352
23.642734 -30.973605 -46.534352
23.980897 -31.311768 -46.534352
24.442837 -31.435545 -46.534352
24.904777 -31.311768 -46.534352
25.242940 -30.973605 -46.534352
25.149944 -30.511665 -46.858775
25.055209 -30.158112 -46.858775
24.796390 -29.899293 -46.858775
24.442837 -29.804559 -46.858775
24.089283 -29.899293 -46.858775
23.830464 -30.158112 -46.858775
23.735730 -30.511665 -46.858775
23.830464 -30.865219 -46.858775
24.089283 -31.124038 -46.858775
24.442837 -31.218772 -46.858775
24.796390 -31.124038 -46.858775
25.055209 -30.865219 -46.858775
24.825520 -30.511665 -47.075548
24.774250 -30.320324 -47.075548
24.634178 -30.180252 -47.075548
24.442837 -30.128982 -47.075548
24.251495 -30.180252 -47.075548
24.111423 -30.320324 -47.075548
24.060153 -30.511665 -47.075548
24.111423 -30.703007 -47.075548
24.251495 -30.843079 -47.075548
24.442837 -30.894349 -47.075548
24.634178 -30.843079 -47.075548
24.774250 -30.703007 -47.075548
24.442837 -30.511665 -47.151669
24.995937 -28.185081 -46.007843
25.378621 -28.185081 -46.083963
25.327351 -27.993740 -46.083963
25.187279 -27.853668 -46.083963
24.995937 -27.802398 -46.083963
24.804596 -27.853668 -46.083963
24.664524 -27.993740 -46.083963
24.613254 -28.185081 -46.083963
24.664524 -28.376423 -46.083963
24.804596 -28.516495 -46.083963
24.995937 -28.567765 -46.083963
25.187279 -28.516495 -46.083963
25.327351 -28.376423 -46.083963
25.703044 -28.185081 -46.300736
25.608310 -27.831528 -46.300736
25.349491 -27.572709 -46.300736
24.995937 -27.477975 -46.300736
24.642384 -27.572709 -46.300736
24.383565 -27.831528 -46.300736
24.288831 -28.185081 -46.300736
24.383565 -28.538635 -46.300736
24.642384 -28.797454 -46.300736
24.995937 -28.892188 -46.300736
25.349491 -28.797454 -46.300736
25.608310 -28.538635 -46.300736
25.919817 -28.185081 -46.625160
25.796040 -27.723142 -46.625160
25.457877 -27.384978 -46.625160
24.995937 -27.261202 -46.625160
24.533998 -27.384978 -46.625160
24.195834 -27.723142 -46.625160
24.072058 -28.185081 -46.625160
24.195834 -28.647021 -46.625160
24.533998 -28.985185 -46.625160
24.995937 -29.108961 -46.625160
25.457877 -28.985185 -46.625160
25.796040 -28.647021 -46.625160
25.995937 -28.185081 -47.007843
25.861963 -27.685081 -47.007843
25.495937 -27.319056 -47.007843
24.995937 -27.185081 -47.007843
24.495937 -27.319056 -47.007843
24.129912 -27.685081 -47.007843
23.995937 -28.185081 -47.007843
24.129912 -28.685081 -47.007843
24.495937 -29.051107 -47.007843
24.995937 -29.185081 -47.007843
25.495937 -29.051107 -47.007843
25.861963 -28.685081 -47.007843
25.919817 -28.185081 -47.390526
25.796040 -27.723142 -47.390526
25.457877 -27.384978 -47.390526
24.995937 -27.261202 -47.390526
24.533998 -27.384978 -47.390526
24.195834 -27.723142 -47.390526
24.072058 -28.185081 -47.390526
24.195834 -28.647021 -47.390526
24.533998 -28.985185 -47.390526
24.995937 -29.108961 -47.390526
25.457877 -28.985185 -47.390526
25.796040 -28.647021 -47.390526
25.703044 -28.185081 -47.714950
25.608310 -27.831528 -47.714950
25.349491 -27.572709 -47.714950
24.995937 -27.477975 -47.714950
24.642384 -27.572709 -47.714950
24.383565 -27.831528 -47.714950
24.288831 -28.185081 -47.714950
24.383565 -28.538635 -47.714950
24.642384 -28.797454 -47.714950
24.995937 -28.892188 -47.714950
25.349491 -28.797454 -47.714950
25.608310 -28.538635 -47.714950
25.378621 -28.185081 -47.931723
25.327351 -27.993740 -47.931723
25.187279 -27.853668 -47.931723
24.995937 -27.802398 -47.931723
24.804596 -27.853668 -47.931723
24.664524 -27.993740 -47.931723
24.613254 -28.185081 -47.931723
24.664524 -28.376423 -47.931723
24.804596 -28.516495 -47.931723
24.995937 -28.567765 -47.931723
25.187279 -28.516495 -47.931723
25.327351 -28.376423 -47.931723
24.995937 -28.185081 -48.007843
26.220001 -25.787773 -46.379856
26.602685 -25.787773 -46.455977
26.551415 -25.596431 -46.455977
26.411343 -25.456360 -46.455977
26.220001 -25.405090 -46.455977
26.028660 -25.456360 -46.455977
25.888588 -25.596431 -46.455977
25.837318 -25.787773 -46.455977
25.888588 -25.979115 -46.455977
26.028660 -26.119187 -46.455977
26.220001 -26.170457 -46.455977
26.411343 -26.119187 -46.455977
26.551415 -25.979115 -46.455977
26.927108 -25.787773 -46.672749
26.832374 -25.434220 -46.672749
26.573555 -25.175401 -46.672749
26.220001 -25.080666 -46.672749
25.866448 -25.175401 -46.672749
25.607629 -25.434220 -46.672749
25.512894 -25.787773 -46.672749
25.607629 -26.141327 -46.672749
25.866448 -26.400146 -46.672749
26.220001 -26.494880 -46.672749
26.573555 -26.400146 -46.672749
26.832374 -26.141327 -46.672749
27.143881 -25.787773 -46.997173
27.020104 -25.325833 -46.997173
26.681941 -24.987670 -46.997173
26.220001 -24.863894 -46.997173
25.758061 -24.987670 -46.997173
25.419898 -25.325833 -46.997173
25.296122 -25.787773 -46.997173
25.419898 -26.249713 -46.997173
25.758061 -26.587876 -46.997173
26.220001 -26.711653 -46.997173
26.681941 -26.587876 -46.997173
27.020104 -26.249713 -46.997173
27.220001 -25.787773 -47.379856
27.086027 -25.287773 -47.379856
26.720001 -24.921748 -47.379856
26.220001 -24.787773 -47.379856
25.720001 -24.921748 -47.379856
25.353976 -25.287773 -47.379856
25.220001 -25.787773 -47.379856
25.353976 -26.287773 -47.379856
25.720001 -26.653799 -47.379856
26.220001 -26.787773 -47.379856
26.720001 -26.653799 -47.379856
27.086027 -26.287773 -47.379856
27.143881 -25.787773 -47.762540
27.020104 -25.325833 -47.762540
26.681941 -24.987670 -47.762540
26.220001 -24.863894 -47.762540
25.758061 -24.987670 -47.762540
25.419898 -25.325833 -47.762540
25.296122 -25.787773 -47.762540
25.419898 -26.249713 -47.762540
25.758061 -26.587876 -47.762540
26.220001 -26.711653 -47.762540
26.681941 -26.587876 -47.762540
27.020104 -26.249713 -47.762540
26.927108 -25.787773 -48.086963
26.832374 -25.434220 -48.086963
26.573555 -25.175401 -48.086963
26.220001 -25.080666 -48.086963
25.866448 -25.175401 -48.086963
25.607629 -25.434220 -48.086963
25.512894 -25.787773 -48.086963
25.607629 -26.141327 -48.086963
25.866448 -26.400146 -48.086963
26.220001 -26.494880 -48.086963
26.573555 -26.400146 -48.086963
26.832374 -26.141327 -48.086963
26.602685 -25.787773 -48.303736
26.551415 -25.596431 -48.303736
26.411343 -25.456360 -48.303736
26.220001 -25.405090 -48.303736
26.028660 -25.456360 -48.303736
25.888588 -25.596431 -48.303736
25.837318 -25.787773 -48.303736
25.888588 -25.979115 -48.303736
26.028660 -26.119187 -48.303736
26.220001 -26.170457 -48.303736
26.411343 -26.119187 -48.303736
26.551415 -25.979115 -48.303736
26.220001 -25.787773 -48.379856
26.221035 -23.625998 -47.024422
26.603718 -23.625998 -47.100542
26.552449 -23.434656 -47.100542
26.412377 -23.294584 -47.100542
26.221035 -23.243314 -47.100542
26.029693 -23.294584 -47.100542
25.889621 -23.434656 -47.100542
25.838352 -23.625998 -47.100542
25.889621 -23.817339 -47.100542
26.029693 -23.957411 -47.100542
26.221035 -24.008681 -47.100542
26.412377 -23.957411 -47.100542
26.552449 -23.817339 -47.100542
26.928142 -23.625998 -47.317315
26.833407 -23.272444 -47.317315
26.574588 -23.013625 -47.317315
26.221035 -22.918891 -47.317315
25.867482 -23.013625 -47.317315
25.608663 -23.272444 -47.317315
25.513928 -23.625998 -47.317315
25.608663 -23.979551 -47.317315
25.867482 -24.238370 -47.317315
26.221035 -24.333104 -47.317315
26.574588 -24.238370 -47.317315
26.833407 -23.979551 -47.317315
27.144915 -23.625998 -47.641738
27.021138 -23.164058 -47.641738
26.682975 -22.825894 -47.641738
26.221035 -22.702118 -47.641738
25.759095 -22.825894 -47.641738
25.420932 -23.164058 -47.641738
25.297155 -23.625998 -47.641738
25.420932 -24.087937 -47.641738
25.759095 -24.426101 -47.641738
26.221035 -24.549877 -47.641738
26.682975 -24.426101 -47.641738
27.021138 -24.087937 -47.641738
27.221035 -23.625998 -48.024422
27.087060 -23.125998 -48.024422
26.721035 -22.759972 -48.024422
26.221035 -22.625998 -48.024422
25.721035 -22.759972 -48.024422
25.355010 -23.125998 -48.024422
25.221035 -23.625998 -48.024422
25.355010 -24.125998 -48.024422
25.721035 -24.492023 -48.024422
26.221035 -24.625998 -48.024422
26.721035 -24.492023 -48.024422
27.087060 -24.125998 -48.024422
27.144915 -23.625998 -48.407105
27.021138 -23.164058 -48.407105
26.682975 -22.825894 -48.407105
26.221035 -22.702118 -48.407105
25.759095 -22.825894 -48.407105
25.420932 -23.164058 -48.407105
25.297155 -23.625998 -48.407105
25.420932 -24.087937 -48.407105
25.759095 -24.426101 -48.407105
26.221035 -24.549877 -48.407105
26.682975 -24.426101 -48.407105
27.021138 -24.087937 -48.407105
26.928142 -23.625998 -48.731528
26.833407 -23.272444 -48.731528
26.574588 -23.013625 -48.731528
26.221035 -22.918891 -48.731528
25.867482 -23.013625 -48.731528
25.608663 -23.272444 -48.731528
25.513928 -23.625998 -48.731528
25.608663 -23.979551 -48.731528
25.867482 -24.238370 -48.731528
26.221035 -24.333104 -48.731528
26.574588 -24.238370 -48.731528
26.833407 -23.979551 -48.731528
26.603718 -23.625998 -48.948301
26.552449 -23.434656 -48.948301
26.412377 -23.294584 -48.948301
26.221035 -23.243314 -48.948301
26.029693 -23.294584 -48.948301
25.889621 -23.434656 -48.948301
25.838352 -23.625998 -48.948301
25.889621 -23.817339 -48.948301
26.029693 -23.957411 -48.948301
26.221035 -24.008681 -48.948301
26.412377 -23.957411 -48.948301
26.552449 -23.817339 -48.948301
26.221035 -23.625998 -49.024422
26.534693 -21.206892 -47.616798
26.917376 -21.206892 -47.692919
26.866106 -21.015550 -47.692919
26.726034 -20.875478 -47.692919
26.534693 -20.824209 -47.692919
26.343351 -20.875478 -47.692919
26.203279 -21.015550 -47.692919
26.152009 -21.206892 -47.692919
26.203279 -21.398234 -47.692919
26.343351 -21.538306 -47.692919
26.534693 -21.589575 -47.692919
26.726034 -21.538306 -47.692919
26.866106 -21.398234 -47.692919
27.241800 -21.206892 -47.909692
27.147065 -20.853339 -47.909692
26.888246 -20.594520 -47.909692
26.534693 -20.499785 -47.909692
26.181139 -20.594520 -47.909692
25.922320 -20.853339 -47.909692
25.827586 -21.206892 -47.909692
25.922320 -21.560445 -47.909692
26.181139 -21.819264 -47.909692
26.534693 -21.913999 -47.909692
26.888246 -21.819264 -47.909692
27.147065 -21.560445 -47.909692
27.458572 -21.206892 -48.234115
27.334796 -20.744952 -48.234115
26.996633 -20.406789 -48.234115
26.534693 -20.283012 -48.234115
26.072753 -20.406789 -48.234115
25.734590 -20.744952 -48.234115
25.610813 -21.206892 -48.234115
25.734590 -21.668832 -48.234115
26.072753 -22.006995 -48.234115
26.534693 -22.130772 -48.234115
26.996633 -22.006995 -48.234115
27.334796 -21.668832 -48.234115
27.534693 -21.206892 -48.616798
27.400718 -20.706892 -48.616798
27.034693 -20.340867 -48.616798
26.534693 -20.206892 -48.616798
26.034693 -20.340867 -48.616798
25.668667 -20.706892 -48.616798
25.534693 -21.206892 -48.616798
25.668667 -21.706892 -48.616798
26.034693 -22.072917 -48.616798
26.534693 -22.206892 -48.616798
27.034693 -22.072917 -48.616798
27.400718 -21.706892 -48.616798
27.458572 -21.206892 -48.999482
27.334796 -20.744952 -48.999482
26.996633 -20.406789 -48.999482
26.534693 -20.283012 -48.999482
26.072753 -20.406789 -48.999482
25.734590 -20.744952 -48.999482
25.610813 -21.206892 -48.999482
25.734590 -21.668832 -48.999482
26.072753 -22.006995 -48.999482
26.534693 -22.130772 -48.999482
26.996633 -22.006995 -48.999482
27.334796 -21.668832 -48.999482
27.241800 -21.206892 -49.323905
27.147065 -20.853339 -49.323905
26.888246 -20.594520 -49.323905
26.534693 -20.499785 -49.323905
26.181139 -20.594520 -49.323905
25.922320 -20.853339 -49.323905
25.827586 -21.206892 -49.323905
25.922320 -21.560445 -49.323905
26.181139 -21.819264 -49.323905
26.534693 -21.913999 -49.323905
26.888246 -21.819264 -49.323905
27.147065 -21.560445 -49.323905
26.917376 -21.206892 -49.540678
26.866106 -21.015550 -49.540678
26.726034 -20.875478 -49.540678
26.534693 -20.824209 -49.540678
26.343351 -20.875478 -49.540678
26.203279 -21.015550 -49.540678
26.152009 -21.206892 -49.540678
26.203279 -21.398234 -49.540678
26.343351 -21.538306 -49.540678
26.534693 -21.589575 -49.540678
26.726034 -21.538306 -49.540678
26.866106 -21.398234 -49.540678
26.534693 -21.206892 -49.616798
-10.271004 -27.533104 -53.809036
-9.888320 -27.533104 -53.885157
-9.939590 -27.341762 -53.885157
-10.079662 -27.201690 -53.885157
-10.271004 -27.150421 -53.885157
-10.462345 -27.201690 -53.885157
-10.602417 -27.341762 -53.885157
-10.653687 -27.533104 -53.885157
-10.602417 -27.724446 -53.885157
-10.462345 -27.864518 -53.885157
-10.271004 -27.915787 -53.885157
-10.079662 -27.864518 -53.885157
-9.939590 -27.724446 -53.885157
-9.563897 -27.533104 -54.101929
-9.658631 -27.179551 -54.101929
-9.917450 -26.920732 -54.101929
-10.271004 -26.825997 -54.101929
-10.624557 -26.920732 -54.101929
-10.883376 -27.179551 -54.101929
-10.978111 -27.533104 -54.101929
-10.883376 -27.886657 -54.101929
-10.624557 -28.145476 -54.101929
-10.271004 -28.240211 -54.101929
-9.917450 -28.145476 -54.101929
-9.658631 -27.886657 -54.101929
-9.347124 -27.533104 -54.426353
-9.470901 -27.071164 -54.426353
-9.809064 -26.733001 -54.426353
-10.271004 -26.609224 -54.426353
-10.732943 -26.733001 -54.426353
-11.071107 -27.071164 -54.426353
-11.194883 -27.533104 -54.426353
-11.071107 -27.995044 -54.426353
-10.732943 -28.333207 -54.426353
-10.271004 -28.456983 -54.426353
-9.809064 -28.333207 -54.426353
-9.470901 -27.995044 -54.426353
-9.271004 -27.533104 -54.809036
-9.404978 -27.033104 -54.809036
-9.771004 -26.667079 -54.809036
-10.271004 -26.533104 -54.809036
-10.771004 -26.667079 -54.809036
-11.137029 -27.033104 -54.809036
-11.271004 -27.533104 -54.809036
-11.137029 -28.033104 -54.809036
-10.771004 -28.399129 -54.809036
-10.271004 -28.533104 -54.809036
-9.771004 -28.399129 -54.809036
-9.404978 -28.033104 -54.809036
-9.347124 -27.533104 -55.191720
-9.470901 -27.071164 -55.191720
-9.809064 -26.733001 -55.191720
-10.271004 -26.609224 -55.191720
-10.732943 -26.733001 -55.191720
-11.071107 -27.071164 -55.191720
-11.194883 -27.533104 -55.191720
-11.071107 -27.995044 -55.191720
-10.732943 -28.333207 -55.191720
-10.271004 -28.456983 -55.191720
-9.809064 -28.333207 -55.191720
-9.470901 -27.995044 -55.191720
-9.563897 -27.533104 -55.516143
-9.658631 -27.179551 -55.516143
-9.917450 -26.920732 -55.516143
-10.271004 -26.825997 -55.516143
-10.624557 -26.920732 -55.516143
-10.883376 -27.179551 -55.516143
-10.978111 -27.533104 -55.516143
-10.883376 -27.886657 -55.516143
-10.624557 -28.145476 -55.516143
-10.271004 -28.240211 -55.516143
-9.917450 -28.145476 -55.516143
-9.658631 -27.886657 -55.516143
-9.888320 -27.533104 -55.732916
-9.939590 -27.341762 -55.732916
-10.079662 -27.201690 -55.732916
-10.271004 -27.150421 -55.732916
-10.462345 -27.201690 -55.732916
-10.602417 -27.341762 -55.732916
-10.653687 -27.533104 -55.732916
-10.602417 -27.724446 -55.732916
-10.462345 -27.864518 -55.732916
-10.271004 -27.915787 -55.732916
-10.079662 -27.864518 -55.732916
-9.939590 -27.724446 -55.732916
-10.271004 -27.533104 -55.809036
-11.807693 -26.111549 -54.234905
-11.425010 -26.111549 -54.311026
-11.476280 -25.920208 -54.311026
-11.616352 -25.780136 -54.311026
-11.807693 -25.728866 -54.311026
-11.999035 -25.780136 -54.311026
-12.139107 -25.920208 -54.311026
-12.190377 -26.111549 -54.311026
-12.139107 -26.302891 -54.311026
-11.999035 -26.442963 -54.311026
-11.807693 -26.494233 -54.311026
-11.616352 -26.442963 -54.311026
-11.476280 -26.302891 -54.311026
-11.100587 -26.111549 -54.527798
-11.195321 -25.757996 -54.527798
-11.454140 -25.499177 -54.527798
-11.807693 -25.404443 -54.527798
-12.161247 -25.499177 -54.527798
-12.420066 -25.757996 -54.527798
-12.514800 -26.111549 -54.527798
-12.420066 -26.465103 -54.527798
-12.161247 -26.723922 -54.527798
-11.807693 -26.818656 -54.527798
-11.454140 -26.723922 -54.527798
-11.195321 -26.465103 -54.527798
-10.883814 -26.111549 -54.852222
-11.007590 -25.649610 -54.852222
-11.345754 -25.311446 -54.852222
-11.807693 -25.187670 -54.852222
-12.269633 -25.311446 -54.852222
-12.607797 -25.649610 -54.852222
-12.731573 -26.111549 -54.852222
-12.607797 -26.573489 -54.852222
-12.269633 -26.911653 -54.852222
-11.807693 -27.035429 -54.852222
-11.345754 -26.911653 -54.852222
-11.007590 -26.573489 -54.852222
-10.807693 -26.111549 -55.234905
-10.941668 -25.611549 -55.234905
-11.307693 -25.245524 -55.234905
-11.807693 -25.111549 -55.234905
-12.307693 -25.245524 -55.234905
-12.673719 -25.611549 -55.234905
-12.807693 -26.111549 -55.234905
-12.673719 -26.611549 -55.234905
-12.307693 -26.977575 -55.234905
-11.807693 -27.111549 -55.234905
-11.307693 -26.977575 -55.234905
-10.941668 -26.611549 -55.234905
-10.883814 -26.111549 -55.617589
-11.007590 -25.649610 -55.617589
-11.345754 -25.311446 -55.617589
-11.807693 -25.187670 -55.617589
-12.269633 -25.311446 -55.617589
-12.607797 -25.649610 -55.617589
-12.731573 -26.111549 -55.617589
-12.607797 -26.573489 -55.617589
-12.269633 -26.911653 -55.617589
-11.807693 -27.035429 -55.617589
-11.345754 -26.911653 -55.617589
-11.007590 -26.573489 -55.617589
-11.100587 -26.111549 -55.942012
-11.195321 -25.757996 -55.942012
-11.454140 -25.499177 -55.942012
-11.807693 -25.404443 -55.942012
-12.161247 -25.499177 -55.942012
-12.420066 -25.757996 -55.942012
-12.514800 -26.111549 -55.942012
-12.420066 -26.465103 -55.942012
-12.161247 -26.723922 -55.942012
-11.807693 -26.818656 -55.942012
-11.454140 -26.723922 -55.942012
-11.195321 -26.465103 -55.942012
-11.425010 -26.111549 -56.158785
-11.476280 -25.920208 -56.158785
-11.616352 -25.780136 -56.158785
-11.807693 -25.728866 -56.158785
-11.999035 -25.780136 -56.158785
-12.139107 -25.920208 -56.158785
-12.190377 -26.111549 -56.158785
-12.139107 -26.302891 -56.158785
-11.999035 -26.442963 -56.158785
-11.807693 -26.494233 -56.158785
-11.616352 -26.442963 -56.158785
-11.476280 -26.302891 -56.158785
-11.807693 -26.111549 -56.234905
-13.423584 -23.620125 -54.821159
-13.040901 -23.620125 -54.897280
-13.092170 -23.428783 -54.897280
-13.232242 -23.288711 -54.897280
-13.423584 -23.237441 -54.897280
-13.614926 -23.288711 -54.897280
-13.754998 -23.428783 -54.897280
-13.806267 -23.620125 -54.897280
-13.754998 -23.811467 -54.897280
-13.614926 -23.951538 -54.897280
-13.423584 -24.002808 -54.897280
-13.232242 -23.951538 -54.897280
-13.092170 -23.811467 -54.897280
-12.716477 -23.620125 -55.114053
-12.811212 -23.266571 -55.114053
-13.070031 -23.007752 -55.114053
-13.423584 -22.913018 -55.114053
-13.777137 -23.007752 -55.114053
-14.035956 -23.266571 -55.114053
-14.130691 -23.620125 -55.114053
-14.035956 -23.973678 -55.114053
-13.777137 -24.232497 -55.114053
-13.423584 -24.327232 -55.114053
-13.070031 -24.232497 -55.114053
-12.811212 -23.973678 -55.114053
-12.499704 -23.620125 -55.438476
-12.623481 -23.158185 -55.438476
-12.961644 -22.820022 -55.438476
-13.423584 -22.696245 -55.438476
-13.885524 -22.820022 -55.438476
-14.223687 -23.158185 -55.438476
-14.347464 -23.620125 -55.438476
-14.223687 -24.082065 -55.438476
-13.885524 -24.420228 -55.438476
-13.423584 -24.544004 -55.438476
-12.961644 -24.420228 -55.438476
-12.623481 -24.082065 -55.438476
-12.423584 -23.620125 -55.821159
-12.557559 -23.120125 -55.821159
-12.923584 -22.754099 -55.821159
-13.423584 -22.620125 -55.821159
-13.923584 -22.754099 -55.821159
-14.289609 -23.120125 -55.821159
-14.423584 -23.620125 -55.821159
-14.289609 -24.120125 -55.821159
-13.923584 -24.486150 -55.821159
-13.423584 -24.620125 -55.821159
-12.923584 -24.486150 -55.821159
-12.557559 -24.120125 -55.821159
-12.499704 -23.620125 -56.203843
-12.623481 -23.158185 -56.203843
-12.961644 -22.820022 -56.203843
-13.423584 -22.696245 -56.203843
-13.885524 -22.820022 -56.203843
-14.223687 -23.158185 -56.203843
-14.347464 -23.620125 -56.203843
-14.223687 -24.082065 -56.203843
-13.885524 -24.420228 -56.203843
-13.423584 -24.544004 -56.203843
-12.961644 -24.420228 -56.203843
-12.623481 -24.082065 -56.203843
-12.716477 -23.620125 -56.528266
-12.811212 -23.266571 -56.528266
-13.070031 -23.007752 -56.528266
-13.423584 -22.913018 -56.528266
-13.777137 -23.007752 -56.528266
-14.035956 -23.266571 -56.528266
-14.130691 -23.620125 -56.528266
-14.035956 -23.973678 -56.528266
-13.777137 -24.232497 -56.528266
-13.423584 -24.327232 -56.528266
-13.070031 -24.232497 -56.528266
-12.811212 -23.973678 -56.528266
-13.040901 -23.620125 -56.745039
-13.092170 -23.428783 -56.745039
-13.232242 -23.288711 -56.745039
-13.423584 -23.237441 -56.745039
-13.614926 -23.288711 -56.745039
-13.754998 -23.428783 -56.745039
-13.806267 -23.620125 -56.745039
-13.754998 -23.811467 -56.745039
-13.614926 -23.951538 -56.745039
-13.423584 -24.002808 -56.745039
-13.232242 -23.951538 -56.745039
-13.092170 -23.811467 -56.745039
-13.423584 -23.620125 -56.821159
-12.613089 -12.586799 -56.837482
-12.230405 -12.586799 -56.913603
-12.281675 -12.395457 -56.913603
-12.421747 -12.255385 -56.913603
-12.613089 -12.204115 -56.913603
-12.804430 -12.255385 -56.913603
-12.944502 -12.395457 -56.913603
-12.995772 -12.586799 -56.913603
-12.944502 -12.778140 -56.913603
-12.804430 -12.918212 -56.913603
-12.613089 -12.969482 -56.913603
-12.421747 -12.918212 -56.913603
-12.281675 -12.778140 -56.913603
-11.905982 -12.586799 -57.130376
-12.000716 -12.233245 -57.130376
-12.259535 -11.974426 -57.130376
-12.613089 -11.879692 -57.130376
-12.966642 -11.974426 -57.130376
-13.225461 -12.233245 -57.130376
-13.320195 -12.586799 -57.130376
-13.225461 -12.940352 -57.130376
-12.966642 -13.199171 -57.130376
-12.613089 -13.293905 -57.130376
-12.259535 -13.199171 -57.130376
-12.000716 -12.940352 -57.130376
-11.689209 -12.586799 -57.454799
-11.812985 -12.124859 -57.454799
-12.151149 -11.786696 -57.454799
-12.613089 -11.662919 -57.454799
-13.075028 -11.786696 -57.454799
-13.413192 -12.124859 -57.454799
-13.536968 -12.586799 -57.454799
-13.413192 -13.048738 -57.454799
-13.075028 -13.386902 -57.454799
-12.613089 -13.510678 -57.454799
-12.151149 -13.386902 -57.454799
-11.812985 -13.048738 -57.454799
-11.613089 -12.586799 -57.837482
-11.747063 -12.086799 -57.837482
-12.113089 -11.720773 -57.837482
-12.613089 -11.586799 -57.837482
-13.113089 -11.720773 -57.837482
-13.479114 -12.086799 -57.837482
-13.613089 -12.586799 -57.837482
-13.479114 -13.086799 -57.837482
-13.113089 -13.452824 -57.837482
-12.613089 -13.586799 -57.837482
-12.113089 -13.452824 -57.837482
-11.747063 -13.086799 -57.837482
-11.689209 -12.586799 -58.220166
-11.812985 -12.124859 -58.220166
-12.151149 -11.786696 -58.220166
-12.613089 -11.662919 -58.220166
-13.075028 -11.786696 -58.220166
-13.413192 -12.124859 -58.220166
-13.536968 -12.586799 -58.220166
-13.413192 -13.048738 -58.220166
-13.075028 -13.386902 -58.220166
-12.613089 -13.510678 -58.220166
-12.151149 -13.386902 -58.220166
-11.812985 -13.048738 -58.220166
-11.905982 -12.586799 -58.544589
-12.000716 -12.233245 -58.544589
-12.259535 -11.974426 -58.544589
-12.613089 -11.879692 -58.544589
-12.966642 -11.974426 -58.544589
-13.225461 -12.233245 -58.544589
-13.320195 -12.586799 -58.544589
-13.225461 -12.940352 -58.544589
-12.966642 -13.199171 -58.544589
-12.613089 -13.293905 -58.544589
-12.259535 -13.199171 -58.544589
-12.000716 -12.940352 -58.544589
-12.230405 -12.586799 -58.761362
-12.281675 -12.395457 -58.761362
-12.421747 -12.255385 -58.761362
-12.613089 -12.204115 -58.761362
-12.804430 -12.255385 -58.761362
-12.944502 -12.395457 -58.761362
-12.995772 -12.586799 -58.761362
-12.944502 -12.778140 -58.761362
-12.804430 -12.918212 -58.761362
-12.613089 -12.969482 -58.761362
-12.421747 -12.918212 -58.761362
-12.281675 -12.778140 -58.761362
-12.613089 -12.586799 -58.837482
-13.220490 -14.959661 -56.734894
-12.837806 -14.959661 -56.811014
-12.889076 -14.768320 -56.811014
-13.029148 -14.628248 -56.811014
-13.220490 -14.576978 -56.811014
-13.411831 -14.628248 -56.811014
-13.551903 -14.768320 -56.811014
-13.603173 -14.959661 -56.811014
-13.551903 -15.151003 -56.811014
-13.411831 -15.291075 -56.811014
-13.220490 -15.342345 -56.811014
-13.029148 -15.291075 -56.811014
-12.889076 -15.151003 -56.811014
-12.513383 -14.959661 -57.027787
-12.608117 -14.606108 -57.027787
-12.866936 -14.347289 -57.027787
-13.220490 -14.252555 -57.027787
-13.574043 -14.347289 -57.027787
-13.832862 -14.606108 -57.027787
-13.927596 -14.959661 -57.027787
-13.832862 -15.313215 -57.027787
-13.574043 -15.572034 -57.027787
-13.220490 -15.666768 -57.027787
-12.866936 -15.572034 -57.027787
-12.608117 -15.313215 -57.027787
-12.296610 -14.959661 -57.352210
-12.420386 -14.497722 -57.352210
-12.758550 -14.159558 -57.352210
-13.220490 -14.035782 -57.352210
-13.682429 -14.159558 -57.352210
-14.020593 -14.497722 -57.352210
-14.144369 -14.959661 -57.352210
-14.020593 -15.421601 -57.352210
-13.682429 -15.759765 -57.352210
-13.220490 -15.883541 -57.352210
-12.758550 -15.759765 -57.352210
-12.420386 -15.421601 -57.352210
-12.220490 -14.959661 -57.734894
-12.354464 -14.459661 -57.734894
-12.720490 -14.093636 -57.734894
-13.220490 -13.959661 -57.734894
-13.720490 -14.093636 -57.734894
-14.086515 -14.459661 -57.734894
-14.220490 -14.959661 -57.734894
-14.086515 -15.459661 -57.734894
-13.720490 -15.825687 -57.734894
-13.220490 -15.959661 -57.734894
-12.720490 -15.825687 -57.734894
-12.354464 -15.459661 -57.734894
-12.296610 -14.959661 -58.117577
-12.420386 -14.497722 -58.117577
-12.758550 -14.159558 -58.117577
-13.220490 -14.035782 -58.117577
-13.682429 -14.159558 -58.117577
-14.020593 -14.497722 -58.117577
-14.144369 -14.959661 -58.117577
-14.020593 -15.421601 -58.117577
-13.682429 -15.759765 -58.117577
-13.220490 -15.883541 -58.117577
-12.758550 -15.759765 -58.117577
-12.420386 -15.421601 -58.117577
-12.513383 -14.959661 -58.442001
-12.608117 -14.606108 -58.442001
-12.866936 -14.347289 -58.442001
-13.220490 -14.252555 -58.442001
-13.574043 -14.347289 -58.442001
-13.832862 -14.606108 -58.442001
-13.927596 -14.959661 -58.442001
-13.832862 -15.313215 -58.442001
-13.574043 -15.572034 -58.442001
-13.220490 -15.666768 -58.442001
-12.866936 -15.572034 -58.442001
-12.608117 -15.313215 -58.442001
-12.837806 -14.959661 -58.658773
-12.889076 -14.768320 -58.658773
-13.029148 -14.628248 -58.658773
-13.220490 -14.576978 -58.658773
-13.411831 -14.628248 -58.658773
-13.551903 -14.768320 -58.658773
-13.603173 -14.959661 -58.658773
-13.551903 -15.151003 -58.658773
-13.411831 -15.291075 -58.658773
-13.220490 -15.342345 -58.658773
-13.029148 -15.291075 -58.658773
-12.889076 -15.151003 -58.658773
-13.220490 -14.959661 -58.734894
-13.254912 -22.259119 -55.836758
-12.872229 -22.259119 -55.912878
-12.923499 -22.067777 -55.912878
-13.063571 -21.927705 -55.912878
-13.254912 -21.876436 -55.912878
-13.446254 -21.927705 -55.912878
-13.586326 -22.067777 -55.912878
-13.637596 -22.259119 -55.912878
-13.586326 -22.450461 -55.912878
-13.446254 -22.590533 -55.912878
-13.254912 -22.641802 -55.912878
-13.063571 -22.590533 -55.912878
-12.923499 -22.450461 -55.912878
-12.547806 -22.259119 -56.129651
-12.642540 -21.905566 -56.129651
-12.901359 -21.646747 -56.129651
-13.254912 -21.552012 -56.129651
-13.608466 -21.646747 -56.129651
-13.867285 -21.905566 -56.129651
-13.962019 -22.259119 -56.129651
-13.867285 -22.612672 -56.129651
-13.608466 -22.871491 -56.129651
-13.254912 -22.966226 -56.129651
-12.901359 -22.871491 -56.129651
-12.642540 -22.612672 -56.129651
-12.331033 -22.259119 -56.454074
-12.454809 -21.797179 -56.454074
-12.792973 -21.459016 -56.454074
-13.254912 -21.335240 -56.454074
-13.716852 -21.459016 -56.454074
-14.055016 -21.797179 -56.454074
-14.178792 -22.259119 -56.454074
-14.055016 -22.721059 -56.454074
-13.716852 -23.059222 -56.454074
-13.254912 -23.182999 -56.454074
-12.792973 -23.059222 -56.454074
-12.454809 -22.721059 -56.454074
-12.254912 -22.259119 -56.836758
-12.388887 -21.759119 -56.836758
-12.754912 -21.393094 -56.836758
-13.254912 -21.259119 -56.836758
-13.754912 -21.393094 -56.836758
-14.120938 -21.759119 -56.836758
-14.254912 -22.259119 -56.836758
-14.120938 -22.759119 -56.836758
-13.754912 -23.125144 -56.836758
-13.254912 -23.259119 -56.836758
-12.754912 -23.125144 -56.836758
-12.388887 -22.759119 -56.836758
-12.331033 -22.259119 -57.219441
-12.454809 -21.797179 -57.219441
-12.792973 -21.459016 -57.219441
-13.254912 -21.335240 -57.219441
-13.716852 -21.459016 -57.219441
-14.055016 -21.797179 -57.219441
-14.178792 -22.259119 -57.219441
-14.055016 -22.721059 -57.219441
-13.716852 -23.059222 -57.219441
-13.254912 -23.182999 -57.219441
-12.792973 -23.059222 -57.219441
-12.454809 -22.721059 -57.219441
-12.547806 -22.259119 -57.543864
-12.642540 -21.905566 -57.543864
-12.901359 -21.646747 -57.543864
-13.254912 -21.552012 -57.543864
-13.608466 -21.646747 -57.543864
-13.867285 -21.905566 -57.543864
-13.962019 -22.259119 -57.543864
-13.867285 -22.612672 -57.543864
-13.608466 -22.871491 -57.543864
-13.254912 -22.966226 -57.543864
-12.901359 -22.871491 -57.543864
-12.642540 -22.612672 -57.543864
-12.872229 -22.259119 -57.760637
-12.923499 -22.067777 -57.760637
-13.063571 -21.927705 -57.760637
-13.254912 -21.876436 -57.760637
-13.446254 -21.927705 -57.760637
-13.586326 -22.067777 -57.760637
-13.637596 -22.259119 -57.760637
-13.586326 -22.450461 -57.760637
-13.446254 -22.590533 -57.760637
-13.254912 -22.641802 -57.760637
-13.063571 -22.590533 -57.760637
-12.923499 -22.450461 -57.760637
-13.254912 -22.259119 -57.836758
-13.355482 -20.252949 -56.704674
-12.972799 -20.252949 -56.780794
-13.024069 -20.061607 -56.780794
-13.164140 -19.921535 -56.780794
-13.355482 -19.870265 -56.780794
-13.546824 -19.921535 -56.780794
-13.686896 -20.061607 -56.780794
-13.738166 -20.252949 -56.780794
-13.686896 -20.444290 -56.780794
-13.546824 -20.584362 -56.780794
-13.355482 -20.635632 -56.780794
-13.164140 -20.584362 -56.780794
-13.024069 -20.444290 -56.780794
-12.648375 -20.252949 -56.997567
-12.743110 -19.899395 -56.997567
-13.001929 -19.640576 -56.997567
-13.355482 -19.545842 -56.997567
-13.709035 -19.640576 -56.997567
-13.967855 -19.899395 -56.997567
-14.062589 -20.252949 -56.997567
-13.967855 -20.606502 -56.997567
-13.709035 -20.865321 -56.997567
-13.355482 -20.960056 -56.997567
-13.001929 -20.865321 -56.997567
-12.743110 -20.606502 -56.997567
-12.431603 -20.252949 -57.321990
-12.555379 -19.791009 -57.321990
-12.893542 -19.452846 -57.321990
-13.355482 -19.329069 -57.321990
-13.817422 -19.452846 -57.321990
-14.155585 -19.791009 -57.321990
-14.279362 -20.252949 -57.321990
-14.155585 -20.714889 -57.321990
-13.817422 -21.053052 -57.321990
-13.355482 -21.176828 -57.321990
-12.893542 -21.053052 -57.321990
-12.555379 -20.714889 -57.321990
-12.355482 -20.252949 -57.704674
-12.489457 -19.752949 -57.704674
-12.855482 -19.386923 -57.704674
-13.355482 -19.252949 -57.704674
-13.855482 -19.386923 -57.704674
-14.221508 -19.752949 -57.704674
-14.355482 -20.252949 -57.704674
-14.221508 -20.752949 -57.704674
-13.855482 -21.118974 -57.704674
-13.355482 -21.252949 -57.704674
-12.855482 -21.118974 -57.704674
-12.489457 -20.752949 -57.704674
-12.431603 -20.252949 -58.087357
-12.555379 -19.791009 -58.087357
-12.893542 -19.452846 -58.087357
-13.355482 -19.329069 -58.087357
-13.817422 -19.452846 -58.087357
-14.155585 -19.791009 -58.087357
-14.279362 -20.252949 -58.087357
-14.155585 -20.714889 -58.087357
-13.817422 -21.053052 -58.087357
-13.355482 -21.176828 -58.087357
-12.893542 -21.053052 -58.087357
-12.555379 -20.714889 -58.087357
-12.648375 -20.252949 -58.411781
-12.743110 -19.899395 -58.411781
-13.001929 -19.640576 -58.411781
-13.355482 -19.545842 -58.411781
-13.709035 -19.640576 -58.411781
-13.967855 -19.899395 -58.411781
-14.062589 -20.252949 -58.411781
-13.967855 -20.606502 -58.411781
-13.709035 -20.865321 -58.411781
-13.355482 -20.960056 -58.411781
-13.001929 -20.865321 -58.411781
-12.743110 -20.606502 -58.411781
-12.972799 -20.252949 -58.628553
-13.024069 -20.061607 -58.628553
-13.164140 -19.921535 -58.628553
-13.355482 -19.870265 -58.628553
-13.546824 -19.921535 -58.628553
-13.686896 -20.061607 -58.628553
-13.738166 -20.252949 -58.628553
-13.686896 -20.444290 -58.628553
-13.546824 -20.584362 -58.628553
-13.355482 -20.635632 -58.628553
-13.164140 -20.584362 -58.628553
-13.024069 -20.444290 -58.628553
-13.355482 -20.252949 -58.704674
-13.274569 -17.481445 -56.796310
-12.891885 -17.481445 -56.872431
-12.943155 -17.290104 -56.872431
-13.083227 -17.150032 -56.872431
-13.274569 -17.098762 -56.872431
-13.465910 -17.150032 -56.872431
-13.605982 -17.290104 -56.872431
-13.657252 -17.481445 -56.872431
-13.605982 -17.672787 -56.872431
-13.465910 -17.812859 -56.872431
-13.274569 -17.864129 -56.872431
-13.083227 -17.812859 -56.872431
-12.943155 -17.672787 -56.872431
-12.567462 -17.481445 -57.089204
-12.662196 -17.127892 -57.089204
-12.921015 -16.869073 -57.089204
-13.274569 -16.774339 -57.089204
-13.628122 -16.869073 -57.089204
-13.886941 -17.127892 -57.089204
-13.981675 -17.481445 -57.089204
-13.886941 -17.834999 -57.089204
-13.628122 -18.093818 -57.089204
-13.274569 -18.188552 -57.089204
-12.921015 -18.093818 -57.089204
-12.662196 -17.834999 -57.089204
-12.350689 -17.481445 -57.413627
-12.474465 -17.019506 -57.413627
-12.812629 -16.681342 -57.413627
-13.274569 -16.557566 -57.413627
-13.736508 -16.681342 -57.413627
-14.074672 -17.019506 -57.413627
-14.198448 -17.481445 -57.413627
-14.074672 -17.943385 -57.413627
-13.736508 -18.281548 -57.413627
-13.274569 -18.405325 -57.413627
-12.812629 -18.281548 -57.413627
-12.474465 -17.943385 -57.413627
-12.274569 -17.481445 -57.796310
-12.408543 -16.981445 -57.796310
-12.774569 -16.615420 -57.796310
-13.274569 -16.481445 -57.796310
-13.774569 -16.615420 -57.796310
-14.140594 -16.981445 -57.796310
-14.274569 -17.481445 -57.796310
-14.140594 -17.981445 -57.796310
-13.774569 -18.347471 -57.796310
-13.274569 -18.481445 -57.796310
-12.774569 -18.347471 -57.796310
-12.408543 -17.981445 -57.796310
-12.350689 -17.481445 -58.178994
-12.474465 -17.019506 -58.178994
-12.812629 -16.681342 -58.178994
-13.274569 -16.557566 -58.178994
-13.736508 -16.681342 -58.178994
-14.074672 -17.019506 -58.178994
-14.198448 -17.481445 -58.178994
-14.074672 -17.943385 -58.178994
-13.736508 -18.281548 -58.178994
-13.274569 -18.405325 -58.178994
-12.812629 -18.281548 -58.178994
-12.474465 -17.943385 -58.178994
-12.567462 -17.481445 -58.503417
-12.662196 -17.127892 -58.503417
-12.921015 -16.869073 -58.503417
-13.274569 -16.774339 -58.503417
-13.628122 -16.869073 -58.503417
-13.886941 -17.127892 -58.503417
-13.981675 -17.481445 -58.503417
-13.886941 -17.834999 -58.503417
-13.628122 -18.093818 -58.503417
-13.274569 -18.188552 -58.503417
-12.921015 -18.093818 -58.503417
-12.662196 -17.834999 -58.503417
-12.891885 -17.481445 -58.720190
-12.943155 -17.290104 -58.720190
-13.083227 -17.150032 -58.720190
-13.274569 -17.098762 -58.720190
-13.465910 -17.150032 -58.720190
-13.605982 -17.290104 -58.720190
-13.657252 -17.481445 -58.720190
-13.605982 -17.672787 -58.720190
-13.465910 -17.812859 -58.720190
-13.274569 -17.864129 -58.720190
-13.083227 -17.812859 -58.720190
-12.943155 -17.672787 -58.720190
-13.274569 -17.481445 -58.796310
-15.456970 -18.644556 -55.648335
-15.074287 -18.644556 -55.724455
-15.125557 -18.453214 -55.724455
-15.265628 -18.313142 -55.724455
-15.456970 -18.261873 -55.724455
-15.648312 -18.313142 -55.724455
-15.788384 -18.453214 -55.724455
-15.839654 -18.644556 -55.724455
-15.788384 -18.835898 -55.724455
-15.648312 -18.975970 -55.724455
-15.456970 -19.027239 -55.724455
-15.265628 -18.975970 -55.724455
-15.125557 -18.835898 -55.724455
-14.749863 -18.644556 -55.941228
-14.844598 -18.291003 -55.941228
-15.103417 -18.032184 -55.941228
-15.456970 -17.937449 -55.941228
-15.810524 -18.032184 -55.941228
-16.069343 -18.291003 -55.941228
-16.164077 -18.644556 -55.941228
-16.069343 -18.998109 -55.941228
-15.810524 -19.256928 -55.941228
-15.456970 -19.351663 -55.941228
-15.103417 -19.256928 -55.941228
-14.844598 -18.998109 -55.941228
-14.533091 -18.644556 -56.265651
-14.656867 -18.182616 -56.265651
-14.995030 -17.844453 -56.265651
-15.456970 -17.720677 -56.265651
-15.918910 -17.844453 -56.265651
-16.257073 -18.182616 -56.265651
-16.380850 -18.644556 -56.265651
-16.257073 -19.106496 -56.265651
-15.918910 -19.444659 -56.265651
-15.456970 -19.568436 -56.265651
-14.995030 -19.444659 -56.265651
-14.656867 -19.106496 -56.265651
-14.456970 -18.644556 -56.648335
-14.590945 -18.144556 -56.648335
-14.956970 -17.778531 -56.648335
-15.456970 -17.644556 -56.648335
-15.956970 -17.778531 -56.648335
-16.322996 -18.144556 -56.648335
-16.456970 -18.644556 -56.648335
-16.322996 -19.144556 -56.648335
-15.956970 -19.510581 -56.648335
-15.456970 -19.644556 -56.648335
-14.956970 -19.510581 -56.648335
-14.590945 -19.144556 -56.648335
-14.533091 -18.644556 -57.031018
-14.656867 -18.182616 -57.031018
-14.995030 -17.844453 -57.031018
-15.456970 -17.720677 -57.031018
-15.918910 -17.844453 -57.031018
-16.257073 -18.182616 -57.031018
-16.380850 -18.644556 -57.031018
-16.257073 -19.106496 -57.031018
-15.918910 -19.444659 -57.031018
-15.456970 -19.568436 -57.031018
-14.995030 -19.444659 -57.031018
-14.656867 -19.106496 -57.031018
-14.749863 -18.644556 -57.355441
-14.844598 -18.291003 -57.355441
-15.103417 -18.032184 -57.355441
-15.456970 -17.937449 -57.355441
-15.810524 -18.032184 -57.355441
-16.069343 -18.291003 -57.355441
-16.164077 -18.644556 -57.355441
-16.069343 -18.998109 -57.355441
-15.810524 -19.256928 -57.355441
-15.456970 -19.351663 -57.355441
-15.103417 -19.256928 -57.355441
-14.844598 -18.998109 -57.355441
-15.074287 -18.644556 -57.572214
-15.125557 -18.453214 -57.572214
-15.265628 -18.313142 -57.572214
-15.456970 -18.261873 -57.572214
-15.648312 -18.313142 -57.572214
-15.788384 -18.453214 -57.572214
-15.839654 -18.644556 -57.572214
-15.788384 -18.835898 -57.572214
-15.648312 -18.975970 -57.572214
-15.456970 -19.027239 -57.572214
-15.265628 -18.975970 -57.572214
-15.125557 -18.835898 -57.572214
-15.456970 -18.644556 -57.648335
-16.901127 -16.730310 -54.185978
-16.518443 -16.730310 -54.262098
-16.569713 -16.538969 -54.262098
-16.709785 -16.398897 -54.262098
-16.901127 -16.347627 -54.262098
-17.092469 -16.398897 -54.262098
-17.232540 -16.538969 -54.262098
-17.283810 -16.730310 -54.262098
-17.232540 -16.921652 -54.262098
-17.092469 -17.061724 -54.262098
-16.901127 -17.112994 -54.262098
-16.709785 -17.061724 -54.262098
-16.569713 -16.921652 -54.262098
-16.194020 -16.730310 -54.478871
-16.288754 -16.376757 -54.478871
-16.547573 -16.117938 -54.478871
-16.901127 -16.023204 -54.478871
-17.254680 -16.117938 -54.478871
-17.513499 -16.376757 -54.478871
-17.608234 -16.730310 -54.478871
-17.513499 -17.083864 -54.478871
-17.254680 -17.342683 -54.478871
-16.901127 -17.437417 -54.478871
-16.547573 -17.342683 -54.478871
-16.288754 -17.083864 -54.478871
-15.977247 -16.730310 -54.803295
-16.101024 -16.268371 -54.803295
-16.439187 -15.930207 -54.803295
-16.901127 -15.806431 -54.803295
-17.363067 -15.930207 -54.803295
-17.701230 -16.268371 -54.803295
-17.825006 -16.730310 -54.803295
-17.701230 -17.192250 -54.803295
-17.363067 -17.530414 -54.803295
-16.901127 -17.654190 -54.803295
-16.439187 -17.530414 -54.803295
-16.101024 -17.192250 -54.803295
-15.901127 -16.730310 -55.185978
-16.035101 -16.230310 -55.185978
-16.401127 -15.864285 -55.185978
-16.901127 -15.730310 -55.185978
-17.401127 -15.864285 -55.185978
-17.767152 -16.230310 -55.185978
-17.901127 -16.730310 -55.185978
-17.767152 -17.230310 -55.185978
-17.401127 -17.596336 -55.185978
-16.901127 -17.730310 -55.185978
-16.401127 -17.596336 -55.185978
-16.035101 -17.230310 -55.185978
-15.977247 -16.730310 -55.568661
-16.101024 -16.268371 -55.568661
-16.439187 -15.930207 -55.568661
-16.901127 -15.806431 -55.568661
-17.363067 -15.930207 -55.568661
-17.701230 -16.268371 -55.568661
-17.825006 -16.730310 -55.568661
-17.701230 -17.192250 -55.568661
-17.363067 -17.530414 -55.568661
-16.901127 -17.654190 -55.568661
-16.439187 -17.530414 -55.568661
-16.101024 -17.192250 -55.568661
-16.194020 -16.730310 -55.893085
-16.288754 -16.376757 -55.893085
-16.547573 -16.117938 -55.893085
-16.901127 -16.023204 -55.893085
-17.254680 -16.117938 -55.893085
-17.513499 -16.376757 -55.893085
-17.608234 -16.730310 -55.893085
-17.513499 -17.083864 -55.893085
-17.254680 -17.342683 -55.893085
-16.901127 -17.437417 -55.893085
-16.547573 -17.342683 -55.893085
-16.288754 -17.083864 -55.893085
-16.518443 -16.730310 -56.109857
-16.569713 -16.538969 -56.109857
-16.709785 -16.398897 -56.109857
-16.901127 -16.347627 -56.109857
-17.092469 -16.398897 -56.109857
-17.232540 -16.538969 -56.109857
-17.283810 -16.730310 -56.109857
-17.232540 -16.921652 -56.109857
-17.092469 -17.061724 -56.109857
-16.901127 -17.112994 -56.109857
-16.709785 -17.061724 -56.109857
-16.569713 -16.921652 -56.109857
-16.901127 -16.730310 -56.185978
-17.214960 -14.386869 -54.151035
-16.832277 -14.386869 -54.227156
-16.883547 -14.195528 -54.227156
-17.023618 -14.055456 -54.227156
-17.214960 -14.004186 -54.227156
-17.406302 -14.055456 -54.227156
-17.546374 -14.195528 -54.227156
-17.597644 -14.386869 -54.227156
-17.546374 -14.578211 -54.227156
-17.406302 -14.718283 -54.227156
-17.214960 -14.769553 -54.227156
-17.023618 -14.718283 -54.227156
-16.883547 -14.578211 -54.227156
-16.507853 -14.386869 -54.443929
-16.602588 -14.033316 -54.443929
-16.861407 -13.774497 -54.443929
-17.214960 -13.679763 -54.443929
-17.568513 -13.774497 -54.443929
-17.827333 -14.033316 -54.443929
-17.922067 -14.386869 -54.443929
-17.827333 -14.740423 -54.443929
-17.568513 -14.999242 -54.443929
-17.214960 -15.093976 -54.443929
-16.861407 -14.999242 -54.443929
-16.602588 -14.740423 -54.443929
-16.291081 -14.386869 -54.768352
-16.414857 -13.924930 -54.768352
-16.753020 -13.586766 -54.768352
-17.214960 -13.462990 -54.768352
-17.676900 -13.586766 -54.768352
-18.015063 -13.924930 -54.768352
-18.138840 -14.386869 -54.768352
-18.015063 -14.848809 -54.768352
-17.676900 -15.186973 -54.768352
-17.214960 -15.310749 -54.768352
-16.753020 -15.186973 -54.768352
-16.414857 -14.848809 -54.768352
-16.214960 -14.386869 -55.151035
-16.348935 -13.886869 -55.151035
-16.714960 -13.520844 -55.151035
-17.214960 -13.386869 -55.151035
-17.714960 -13.520844 -55.151035
-18.080986 -13.886869 -55.151035
-18.214960 -14.386869 -55.151035
-18.080986 -14.886869 -55.151035
-17.714960 -15.252895 -55.151035
-17.214960 -15.386869 -55.151035
-16.714960 -15.252895 -55.151035
-16.348935 -14.886869 -55.151035
-16.291081 -14.386869 -55.533719
-16.414857 -13.924930 -55.533719
-16.753020 -13.586766 -55.533719
-17.214960 -13.462990 -55.533719
-17.676900 -13.586766 -55.533719
-18.015063 -13.924930 -55.533719
-18.138840 -14.386869 -55.533719
-18.015063 -14.848809 -55.533719
-17.676900 -15.186973 -55.533719
-17.214960 -15.310749 -55.533719
-16.753020 -15.186973 -55.533719
-16.414857 -14.848809 -55.533719
-16.507853 -14.386869 -55.858142
-16.602588 -14.033316 -55.858142
-16.861407 -13.774497 -55.858142
-17.214960 -13.679763 -55.858142
-17.568513 -13.774497 -55.858142
-17.827333 -14.033316 -55.858142
-17.922067 -14.386869 -55.858142
-17.827333 -14.740423 -55.858142
-17.568513 -14.999242 -55.858142
-17.214960 -15.093976 -55.858142
-16.861407 -14.999242 -55.858142
-16.602588 -14.740423 -55.858142
-16.832277 -14.386869 -56.074915
-16.883547 -14.195528 -56.074915
-17.023618 -14.055456 -56.074915
-17.214960 -14.004186 -56.074915
-17.406302 -14.055456 -56.074915
-17.546374 -14.195528 -56.074915
-17.597644 -14.386869 -56.074915
-17.546374 -14.578211 -56.074915
-17.406302 -14.718283 -56.074915
-17.214960 -14.769553 -56.074915
-17.023618 -14.718283 -56.074915
-16.883547 -14.578211 -56.074915
-17.214960 -14.386869 -56.151035
-17.515253 -11.756390 -54.175358
-17.132570 -11.756390 -54.251478
-17.183839 -11.565048 -54.251478
-17.323911 -11.424976 -54.251478
-17.515253 -11.373706 -54.251478
-17.706595 -11.424976 -54.251478
-17.846667 -11.565048 -54.251478
-17.897936 -11.756390 -54.251478
-17.846667 -11.947731 -54.251478
-17.706595 -12.087803 -54.251478
-17.515253 -12.139073 -54.251478
-17.323911 -12.087803 -54.251478
-17.183839 -11.947731 -54.251478
-16.808146 -11.756390 -54.468251
-16.902881 -11.402836 -54.468251
-17.161700 -11.144017 -54.468251
-17.515253 -11.049283 -54.468251
-17.868806 -11.144017 -54.468251
-18.127626 -11.402836 -54.468251
-18.222360 -11.756390 -54.468251
-18.127626 -12.109943 -54.468251
-17.868806 -12.368762 -54.468251
-17.515253 -12.463496 -54.468251
-17.161700 -12.368762 -54.468251
-16.902881 -12.109943 -54.468251
-16.591374 -11.756390 -54.792674
-16.715150 -11.294450 -54.792674
-17.053313 -10.956286 -54.792674
-17.515253 -10.832510 -54.792674
-17.977193 -10.956286 -54.792674
-18.315356 -11.294450 -54.792674
-18.439133 -11.756390 -54.792674
-18.315356 -12.218329 -54.792674
-17.977193 -12.556493 -54.792674
-17.515253 -12.680269 -54.792674
-17.053313 -12.556493 -54.792674
-16.715150 -12.218329 -54.792674
-16.515253 -11.756390 -55.175358
-16.649228 -11.256390 -55.175358
-17.015253 -10.890364 -55.175358
-17.515253 -10.756390 -55.175358
-18.015253 -10.890364 -55.175358
-18.381278 -11.256390 -55.175358
-18.515253 -11.756390 -55.175358
-18.381278 -12.256390 -55.175358
-18.015253 -12.622415 -55.175358
-17.515253 -12.756390 -55.175358
-17.015253 -12.622415 -55.175358
-16.649228 -12.256390 -55.175358
-16.591374 -11.756390 -55.558041
-16.715150 -11.294450 -55.558041
-17.053313 -10.956286 -55.558041
-17.515253 -10.832510 -55.558041
-17.977193 -10.956286 -55.558041
-18.315356 -11.294450 -55.558041
-18.439133 -11.756390 -55.558041
-18.315356 -12.218329 -55.558041
-17.977193 -12.556493 -55.558041
-17.515253 -12.680269 -55.558041
-17.053313 -12.556493 -55.558041
-16.715150 -12.218329 -55.558041
-16.808146 -11.756390 -55.882465
-16.902881 -11.402836 -55.882465
-17.161700 -11.144017 -55.882465
-17.515253 -11.049283 -55.882465
-17.868806 -11.144017 -55.882465
-18.127626 -11.402836 -55.882465
-18.222360 -11.756390 -55.882465
-18.127626 -12.109943 -55.882465
-17.868806 -12.368762 -55.882465
-17.515253 -12.463496 -55.882465
-17.161700 -12.368762 -55.882465
-16.902881 -12.109943 -55.882465
-17.132570 -11.756390 -56.099237
-17.183839 -11.565048 -56.099237
-17.323911 -11.424976 -56.099237
-17.515253 -11.373706 -56.099237
-17.706595 -11.424976 -56.099237
-17.846667 -11.565048 -56.099237
-17.897936 -11.756390 -56.099237
-17.846667 -11.947731 -56.099237
-17.706595 -12.087803 -56.099237
-17.515253 -12.139073 -56.099237
-17.323911 -12.087803 -56.099237
-17.183839 -11.947731 -56.099237
-17.515253 -11.756390 -56.175358
-18.108734 -9.068933 -53.608871
-17.726051 -9.068933 -53.684992
-17.777321 -8.877591 -53.684992
-17.917392 -8.737519 -53.684992
-18.108734 -8.686249 -53.684992
-18.300076 -8.737519 -53.684992
-18.440148 -8.877591 -53.684992
-18.491418 -9.068933 -53.684992
-18.440148 -9.260274 -53.684992
-18.300076 -9.400346 -53.684992
-18.108734 -9.451616 -53.684992
-17.917392 -9.400346 -53.684992
-17.777321 -9.260274 -53.684992
-17.401627 -9.068933 -53.901765
-17.496362 -8.715379 -53.901765
-17.755181 -8.456560 -53.901765
-18.108734 -8.361826 -53.901765
-18.462288 -8.456560 -53.901765
-18.721107 -8.715379 -53.901765
-18.815841 -9.068933 -53.901765
-18.721107 -9.422486 -53.901765
-18.462288 -9.681305 -53.901765
-18.108734 -9.776039 -53.901765
-17.755181 -9.681305 -53.901765
-17.496362 -9.422486 -53.901765
-17.184855 -9.068933 -54.226188
-17.308631 -8.606993 -54.226188
-17.646794 -8.268829 -54.226188
-18.108734 -8.145053 -54.226188
-18.570674 -8.268829 -54.226188
-18.908837 -8.606993 -54.226188
-19.032614 -9.068933 -54.226188
-18.908837 -9.530872 -54.226188
-18.570674 -9.869036 -54.226188
-18.108734 -9.992812 -54.226188
-17.646794 -9.869036 -54.226188
-17.308631 -9.530872 -54.226188
-17.108734 -9.068933 -54.608871
-17.242709 -8.568933 -54.608871
-17.608734 -8.202907 -54.608871
-18.108734 -8.068933 -54.608871
-18.608734 -8.202907 -54.608871
-18.974760 -8.568933 -54.608871
-19.108734 -9.068933 -54.608871
-18.974760 -9.568933 -54.608871
-18.608734 -9.934958 -54.608871
-18.108734 -10.068933 -54.608871
-17.608734 -9.934958 -54.608871
-17.242709 -9.568933 -54.608871
-17.184855 -9.068933 -54.991555
-17.308631 -8.606993 -54.991555
-17.646794 -8.268829 -54.991555
-18.108734 -8.145053 -54.991555
-18.570674 -8.268829 -54.991555
-18.908837 -8.606993 -54.991555
-19.032614 -9.068933 -54.991555
-18.908837 -9.530872 -54.991555
-18.570674 -9.869036 -54.991555
-18.108734 -9.992812 -54.991555
-17.646794 -9.869036 -54.991555
-17.308631 -9.530872 -54.991555
-17.401627 -9.068933 -55.315978
-17.496362 -8.715379 -55.315978
-17.755181 -8.456560 -55.315978
-18.108734 -8.361826 -55.315978
-18.462288 -8.456560 -55.315978
-18.721107 -8.715379 -55.315978
-18.815841 -9.068933 -55.315978
-18.721107 -9.422486 -55.315978
-18.462288 -9.681305 -55.315978
-18.108734 -9.776039 -55.315978
-17.755181 -9.681305 -55.315978
-17.496362 -9.422486 -55.315978
-17.726051 -9.068933 -55.532751
-17.777321 -8.877591 -55.532751
-17.917392 -8.737519 -55.532751
-18.108734 -8.686249 -55.532751
-18.300076 -8.737519 -55.532751
-18.440148 -8.877591 -55.532751
-18.491418 -9.068933 -55.532751
-18.440148 -9.260274 -55.532751
-18.300076 -9.400346 -55.532751
-18.108734 -9.451616 -55.532751
-17.917392 -9.400346 -55.532751
-17.777321 -9.260274 -55.532751
-18.108734 -9.068933 -55.608871
-17.405462 -5.742075 -53.956753
-17.022779 -5.742075 -54.032873
-17.074049 -5.550733 -54.032873
-17.214121 -5.410661 -54.032873
-17.405462 -5.359392 -54.032873
-17.596804 -5.410661 -54.032873
-17.736876 -5.550733 -54.032873
-17.788146 -5.742075 -54.032873
-17.736876 -5.933417 -54.032873
-17.596804 -6.073489 -54.032873
-17.405462 -6.124758 -54.032873
-17.214121 -6.073489 -54.032873
-17.074049 -5.933417 -54.032873
-16.698355 -5.742075 -54.249646
-16.793090 -5.388522 -54.249646
-17.051909 -5.129703 -54.249646
-17.405462 -5.034968 -54.249646
-17.759016 -5.129703 -54.249646
-18.017835 -5.388522 -54.249646
-18.112569 -5.742075 -54.249646
-18.017835 -6.095628 -54.249646
-17.759016 -6.354447 -54.249646
-17.405462 -6.449182 -54.249646
-17.051909 -6.354447 -54.249646
-16.793090 -6.095628 -54.249646
-16.481583 -5.742075 -54.574069
-16.605359 -5.280135 -54.574069
-16.943522 -4.941972 -54.574069
-17.405462 -4.818195 -54.574069
-17.867402 -4.941972 -54.574069
-18.205565 -5.280135 -54.574069
-18.329342 -5.742075 -54.574069
-18.205565 -6.204015 -54.574069
-17.867402 -6.542178 -54.574069
-17.405462 -6.665954 -54.574069
-16.943522 -6.542178 -54.574069
-16.605359 -6.204015 -54.574069
-16.405462 -5.742075 -54.956753
-16.539437 -5.242075 -54.956753
-16.905462 -4.876050 -54.956753
-17.405462 -4.742075 -54.956753
-17.905462 -4.876050 -54.956753
-18.271488 -5.242075 -54.956753
-18.405462 -5.742075 -54.956753
-18.271488 -6.242075 -54.956753
-17.905462 -6.608100 -54.956753
-17.405462 -6.742075 -54.956753
-16.905462 -6.608100 -54.956753
-16.539437 -6.242075 -54.956753
-16.481583 -5.742075 -55.339436
-16.605359 -5.280135 -55.339436
-16.943522 -4.941972 -55.339436
-17.405462 -4.818195 -55.339436
-17.867402 -4.941972 -55.339436
-18.205565 -5.280135 -55.339436
-18.329342 -5.742075 -55.339436
-18.205565 -6.204015 -55.339436
-17.867402 -6.542178 -55.339436
-17.405462 -6.665954 -55.339436
-16.943522 -6.542178 -55.339436
-16.605359 -6.204015 -55.339436
-16.698355 -5.742075 -55.663860
-16.793090 -5.388522 -55.663860
-17.051909 -5.129703 -55.663860
-17.405462 -5.034968 -55.663860
-17.759016 -5.129703 -55.663860
-18.017835 -5.388522 -55.663860
-18.112569 -5.742075 -55.663860
-18.017835 -6.095628 -55.663860
-17.759016 -6.354447 -55.663860
-17.405462 -6.449182 -55.663860
-17.051909 -6.354447 -55.663860
-16.793090 -6.095628 -55.663860
-17.022779 -5.742075 -55.880632
-17.074049 -5.550733 -55.880632
-17.214121 -5.410661 -55.880632
-17.405462 -5.359392 -55.880632
-17.596804 -5.410661 -55.880632
-17.736876 -5.550733 -55.880632
-17.788146 -5.742075 -55.880632
-17.736876 -5.933417 -55.880632
-17.596804 -6.073489 -55.880632
-17.405462 -6.124758 -55.880632
-17.214121 -6.073489 -55.880632
-17.074049 -5.933417 -55.880632
-17.405462 -5.742075 -55.956753
-17.143860 -2.492408 -53.507267
-16.761176 -2.492408 -53.583387
-16.812446 -2.301066 -53.583387
-16.952518 -2.160994 -53.583387
-17.143860 -2.109724 -53.583387
-17.335202 -2.160994 -53.583387
-17.475273 -2.301066 -53.583387
-17.526543 -2.492408 -53.583387
-17.475273 -2.683750 -53.583387
-17.335202 -2.823821 -53.583387
-17.143860 -2.875091 -53.583387
-16.952518 -2.823821 -53.583387
-16.812446 -2.683750 -53.583387
-16.436753 -2.492408 -53.800160
-16.531487 -2.138854 -53.800160
-16.790306 -1.880035 -53.800160
-17.143860 -1.785301 -53.800160
-17.497413 -1.880035 -53.800160
-17.756232 -2.138854 -53.800160
-17.850967 -2.492408 -53.800160
-17.756232 -2.845961 -53.800160
-17.497413 -3.104780 -53.800160
-17.143860 -3.199515 -53.800160
-16.790306 -3.104780 -53.800160
-16.531487 -2.845961 -53.800160
-16.219980 -2.492408 -54.124584
-16.343757 -2.030468 -54.124584
-16.681920 -1.692305 -54.124584
-17.143860 -1.568528 -54.124584
-17.605800 -1.692305 -54.124584
-17.943963 -2.030468 -54.124584
-18.067739 -2.492408 -54.124584
-17.943963 -2.954348 -54.124584
-17.605800 -3.292511 -54.124584
-17.143860 -3.416287 -54.124584
-16.681920 -3.292511 -54.124584
-16.343757 -2.954348 -54.124584
-16.143860 -2.492408 -54.507267
-16.277834 -1.992408 -54.507267
-16.643860 -1.626382 -54.507267
-17.143860 -1.492408 -54.507267
-17.643860 -1.626382 -54.507267
-18.009885 -1.992408 -54.507267
-18.143860 -2.492408 -54.507267
-18.009885 -2.992408 -54.507267
-17.643860 -3.358433 -54.507267
-17.143860 -3.492408 -54.507267
-16.643860 -3.358433 -54.507267
-16.277834 -2.992408 -54.507267
-16.219980 -2.492408 -54.889950
-16.343757 -2.030468 -54.889950
-16.681920 -1.692305 -54.889950
-17.143860 -1.568528 -54.889950
-17.605800 -1.692305 -54.889950
-17.943963 -2.030468 -54.889950
-18.067739 -2.492408 -54.889950
-17.943963 -2.954348 -54.889950
-17.605800 -3.292511 -54.889950
-17.143860 -3.416287 -54.889950
-16.681920 -3.292511 -54.889950
-16.343757 -2.954348 -54.889950
-16.436753 -2.492408 -55.214374
-16.531487 -2.138854 -55.214374
-16.790306 -1.880035 -55.214374
-17.143860 -1.785301 -55.214374
-17.497413 -1.880035 -55.214374
-17.756232 -2.138854 -55.214374
-17.850967 -2.492408 -55.214374
-17.756232 -2.845961 -55.214374
-17.497413 -3.104780 -55.214374
-17.143860 -3.199515 -55.214374
-16.790306 -3.104780 -55.214374
-16.531487 -2.845961 -55.214374
-16.761176 -2.492408 -55.431147
-16.812446 -2.301066 -55.431147
-16.952518 -2.160994 -55.431147
-17.143860 -2.109724 -55.431147
-17.335202 -2.160994 -55.431147
-17.475273 -2.301066 -55.431147
-17.526543 -2.492408 -55.431147
-17.475273 -2.683750 -55.431147
-17.335202 -2.823821 -55.431147
-17.143860 -2.875091 -55.431147
-16.952518 -2.823821 -55.431147
-16.812446 -2.683750 -55.431147
-17.143860 -2.492408 -55.507267
-16.070494 0.314663 -52.853931
-15.687810 0.314663 -52.930052
-15.739080 0.506005 -52.930052
-15.879152 0.646077 -52.930052
-16.070494 0.697347 -52.930052
-16.261835 0.646077 -52.930052
-16.401907 0.506005 -52.930052
-16.453177 0.314663 -52.930052
-16.401907 0.123321 -52.930052
-16.261835 -0.016750 -52.930052
-16.070494 -0.068020 -52.930052
-15.879152 -0.016750 -52.930052
-15.739080 0.123321 -52.930052
-15.363387 0.314663 -53.146825
-15.458121 0.668216 -53.146825
-15.716940 0.927036 -53.146825
-16.070494 1.021770 -53.146825
-16.424047 0.927036 -53.146825
-16.682866 0.668216 -53.146825
-16.777600 0.314663 -53.146825
-16.682866 -0.038890 -53.146825
-16.424047 -0.297709 -53.146825
-16.070494 -0.392444 -53.146825
-15.716940 -0.297709 -53.146825
-15.458121 -0.038890 -53.146825
-15.146614 0.314663 -53.471248
-15.270391 0.776603 -53.471248
-15.608554 1.114766 -53.471248
-16.070494 1.238543 -53.471248
-16.532433 1.114766 -53.471248
-16.870597 0.776603 -53.471248
-16.994373 0.314663 -53.471248
-16.870597 -0.147277 -53.471248
-16.532433 -0.485440 -53.471248
-16.070494 -0.609216 -53.471248
-15.608554 -0.485440 -53.471248
-15.270391 -0.147277 -53.471248
-15.070494 0.314663 -53.853931
-15.204468 0.814663 -53.853931
-15.570494 1.180688 -53.853931
-16.070494 1.314663 -53.853931
-16.570494 1.180688 -53.853931
-16.936519 0.814663 -53.853931
-17.070494 0.314663 -53.853931
-16.936519 -0.185337 -53.853931
-16.570494 -0.551362 -53.853931
-16.070494 -0.685337 -53.853931
-15.570494 -0.551362 -53.853931
-15.204468 -0.185337 -53.853931
-15.146614 0.314663 -54.236615
-15.270391 0.776603 -54.236615
-15.608554 1.114766 -54.236615
-16.070494 1.238543 -54.236615
-16.532433 1.114766 -54.236615
-16.870597 0.776603 -54.236615
-16.994373 0.314663 -54.236615
-16.870597 -0.147277 -54.236615
-16.532433 -0.485440 -54.236615
-16.070494 -0.609216 -54.236615
-15.608554 -0.485440 -54.236615
-15.270391 -0.147277 -54.236615
-15.363387 0.314663 -54.561038
-15.458121 0.668216 -54.561038
-15.716940 0.927036 -54.561038
-16.070494 1.021770 -54.561038
-16.424047 0.927036 -54.561038
-16.682866 0.668216 -54.561038
-16.777600 0.314663 -54.561038
-16.682866 -0.038890 -54.561038
-16.424047 -0.297709 -54.561038
-16.070494 -0.392444 -54.561038
-15.716940 -0.297709 -54.561038
-15.458121 -0.038890 -54.561038
-15.687810 0.314663 -54.777811
-15.739080 0.506005 -54.777811
-15.879152 0.646077 -54.777811
-16.070494 0.697347 -54.777811
-16.261835 0.646077 -54.777811
-16.401907 0.506005 -54.777811
-16.453177 0.314663 -54.777811
-16.401907 0.123321 -54.777811
-16.261835 -0.016750 -54.777811
-16.070494 -0.068020 -54.777811
-15.879152 -0.016750 -54.777811
-15.739080 0.123321 -54.777811
-16.070494 0.314663 -54.853931
-15.519498 3.868334 -51.874252
-15.136814 3.868334 -51.950373
-15.188084 4.059676 -51.950373
-15.328156 4.199748 -51.950373
-15.519498 4.251018 -51.950373
-15.710840 4.199748 -51.950373
-15.850911 4.059676 -51.950373
-15.902181 3.868334 -51.950373
-15.850911 3.676993 -51.950373
-15.710840 3.536921 -51.950373
-15.519498 3.485651 -51.950373
-15.328156 3.536921 -51.950373
-15.188084 3.676993 -51.950373
-14.812391 3.868334 -52.167146
-14.907125 4.221888 -52.167146
-15.165944 4.480707 -52.167146
-15.519498 4.575441 -52.167146
-15.873051 4.480707 -52.167146
-16.131870 4.221888 -52.167146
-16.226605 3.868334 -52.167146
-16.131870 3.514781 -52.167146
-15.873051 3.255962 -52.167146
-15.519498 3.161228 -52.167146
-15.165944 3.255962 -52.167146
-14.907125 3.514781 -52.167146
-14.595618 3.868334 -52.491569
-14.719395 4.330274 -52.491569
-15.057558 4.668437 -52.491569
-15.519498 4.792214 -52.491569
-15.981438 4.668437 -52.491569
-16.319601 4.330274 -52.491569
-16.443377 3.868334 -52.491569
-16.319601 3.406395 -52.491569
-15.981438 3.068231 -52.491569
-15.519498 2.944455 -52.491569
-15.057558 3.068231 -52.491569
-14.719395 3.406395 -52.491569
-14.519498 3.868334 -52.874252
-14.653472 4.368334 -52.874252
-15.019498 4.734360 -52.874252
-15.519498 4.868334 -52.874252
-16.019498 4.734360 -52.874252
-16.385523 4.368334 -52.874252
-16.519498 3.868334 -52.874252
-16.385523 3.368334 -52.874252
-16.019498 3.002309 -52.874252
-15.519498 2.868334 -52.874252
-15.019498 3.002309 -52.874252
-14.653472 3.368334 -52.874252
-14.595618 3.868334 -53.256936
-14.719395 4.330274 -53.256936
-15.057558 4.668437 -53.256936
-15.519498 4.792214 -53.256936
-15.981438 4.668437 -53.256936
-16.319601 4.330274 -53.256936
-16.443377 3.868334 -53.256936
-16.319601 3.406395 -53.256936
-15.981438 3.068231 -53.256936
-15.519498 2.944455 -53.256936
-15.057558 3.068231 -53.256936
-14.719395 3.406395 -53.256936
-14.812391 3.868334 -53.581359
-14.907125 4.221888 -53.581359
-15.165944 4.480707 -53.581359
-15.519498 4.575441 -53.581359
-15.873051 4.480707 -53.581359
-16.131870 4.221888 -53.581359
-16.226605 3.868334 -53.581359
-16.131870 3.514781 -53.581359
-15.873051 3.255962 -53.581359
-15.519498 3.161228 -53.581359
-15.165944 3.255962 -53.581359
-14.907125 3.514781 -53.581359
-15.136814 3.868334 -53.798132
-15.188084 4.059676 -53.798132
-15.328156 4.199748 -53.798132
-15.519498 4.251018 -53.798132
-15.710840 4.199748 -53.798132
-15.850911 4.059676 -53.798132
-15.902181 3.868334 -53.798132
-15.850911 3.676993 -53.798132
-15.710840 3.536921 -53.798132
-15.519498 3.485651 -53.798132
-15.328156 3.536921 -53.798132
-15.188084 3.676993 -53.798132
-15.519498 3.868334 -53.874252
-14.862451 6.351109 -51.068344
-14.479767 6.351109 -51.144465
-14.531037 6.542451 -51.144465
-14.671109 6.682523 -51.144465
-14.862451 6.733792 -51.144465
-15.053792 6.682523 -51.144465
-15.193864 6.542451 -51.144465
-15.245134 6.351109 -51.144465
-15.193864 6.159767 -51.144465
-15.053792 6.019695 -51.144465
-14.862451 5.968426 -51.144465
-14.671109 6.019695 -51.144465
-14.531037 6.159767 -51.144465
-14.155344 6.351109 -51.361237
-14.250078 6.704662 -51.361237
-14.508897 6.963481 -51.361237
-14.862451 7.058216 -51.361237
-15.216004 6.963481 -51.361237
-15.474823 6.704662 -51.361237
-15.569557 6.351109 -51.361237
-15.474823 5.997556 -51.361237
-15.216004 5.738737 -51.361237
-14.862451 5.644002 -51.361237
-14.508897 5.738737 -51.361237
-14.250078 5.997556 -51.361237
-13.938571 6.351109 -51.685661
-14.062347 6.813049 -51.685661
-14.400511 7.151212 -51.685661
-14.862451 7.274989 -51.685661
-15.324390 7.151212 -51.685661
-15.662554 6.813049 -51.685661
-15.786330 6.351109 -51.685661
-15.662554 5.889169 -51.685661
-15.324390 5.551006 -51.685661
-14.862451 5.427229 -51.685661
-14.400511 5.551006 -51.685661
-14.062347 5.889169 -51.685661
-13.862451 6.351109 -52.068344
-13.996425 6.851109 -52.068344
-14.362451 7.217134 -52.068344
-14.862451 7.351109 -52.068344
-15.362451 7.217134 -52.068344
-15.728476 6.851109 -52.068344
-15.862451 6.351109 -52.068344
-15.728476 5.851109 -52.068344
-15.362451 5.485084 -52.068344
-14.862451 5.351109 -52.068344
-14.362451 5.485084 -52.068344
-13.996425 5.851109 -52.068344
-13.938571 6.351109 -52.451028
-14.062347 6.813049 -52.451028
-14.400511 7.151212 -52.451028
-14.862451 7.274989 -52.451028
-15.324390 7.151212 -52.451028
-15.662554 6.813049 -52.451028
-15.786330 6.351109 -52.451028
-15.662554 5.889169 -52.451028
-15.324390 5.551006 -52.451028
-14.862451 5.427229 -52.451028
-14.400511 5.551006 -52.451028
-14.062347 5.889169 -52.451028
-14.155344 6.351109 -52.775451
-14.250078 6.704662 -52.775451
-14.508897 6.963481 -52.775451
-14.862451 7.058216 -52.775451
-15.216004 6.963481 -52.775451
-15.474823 6.704662 -52.775451
-15.569557 6.351109 -52.775451
-15.474823 5.997556 -52.775451
-15.216004 5.738737 -52.775451
-14.862451 5.644002 -52.775451
-14.508897 5.738737 -52.775451
-14.250078 5.997556 -52.775451
-14.479767 6.351109 -52.992224
-14.531037 6.542451 -52.992224
-14.671109 6.682523 -52.992224
-14.862451 6.733792 -52.992224
-15.053792 6.682523 -52.992224
-15.193864 6.542451 -52.992224
-15.245134 6.351109 -52.992224
-15.193864 6.159767 -52.992224
-15.053792 6.019695 -52.992224
-14.862451 5.968426 -52.992224
-14.671109 6.019695 -52.992224
-14.531037 6.159767 -52.992224
-14.862451 6.351109 -53.068344
-13.174623 9.397113 -51.350250
-12.791939 9.397113 -51.426371
-12.843209 9.588455 -51.426371
-12.983281 9.728526 -51.426371
-13.174623 9.779796 -51.426371
-13.365964 9.728526 -51.426371
-13.506036 9.588455 -51.426371
-13.557306 9.397113 -51.426371
-13.506036 9.205771 -51.426371
-13.365964 9.065699 -51.426371
-13.174623 9.014429 -51.426371
-12.983281 9.065699 -51.426371
-12.843209 9.205771 -51.426371
-12.467516 9.397113 -51.643143
-12.562250 9.750666 -51.643143
-12.821069 10.009485 -51.643143
-13.174623 10.104220 -51.643143
-13.528176 10.009485 -51.643143
-13.786995 9.750666 -51.643143
-13.881729 9.397113 -51.643143
-13.786995 9.043559 -51.643143
-13.528176 8.784740 -51.643143
-13.174623 8.690006 -51.643143
-12.821069 8.784740 -51.643143
-12.562250 9.043559 -51.643143
-12.250743 9.397113 -51.967567
-12.374519 9.859053 -51.967567
-12.712683 10.197216 -51.967567
-13.174623 10.320992 -51.967567
-13.636562 10.197216 -51.967567
-13.974726 9.859053 -51.967567
-14.098502 9.397113 -51.967567
-13.974726 8.935173 -51.967567
-13.636562 8.597010 -51.967567
-13.174623 8.473233 -51.967567
-12.712683 8.597010 -51.967567
-12.374519 8.935173 -51.967567
-12.174623 9.397113 -52.350250
-12.308597 9.897113 -52.350250
-12.674623 10.263138 -52.350250
-13.174623 10.397113 -52.350250
-13.674623 10.263138 -52.350250
-14.040648 9.897113 -52.350250
-14.174623 9.397113 -52.350250
-14.040648 8.897113 -52.350250
-13.674623 8.531087 -52.350250
-13.174623 8.397113 -52.350250
-12.674623 8.531087 -52.350250
-12.308597 8.897113 -52.350250
-12.250743 9.397113 -52.732934
-12.374519 9.859053 -52.732934
-12.712683 10.197216 -52.732934
-13.174623 10.320992 -52.732934
-13.636562 10.197216 -52.732934
-13.974726 9.859053 -52.732934
-14.098502 9.397113 -52.732934
-13.974726 8.935173 -52.732934
-13.636562 8.597010 -52.732934
-13.174623 8.473233 -52.732934
-12.712683 8.597010 -52.732934
-12.374519 8.935173 -52.732934
-12.467516 9.397113 -53.057357
-12.562250 9.750666 -53.057357
-12.821069 10.009485 -53.057357
-13.174623 10.104220 -53.057357
-13.528176 10.009485 -53.057357
-13.786995 9.750666 -53.057357
-13.881729 9.397113 -53.057357
-13.786995 9.043559 -53.057357
-13.528176 8.784740 -53.057357
-13.174623 8.690006 -53.057357
-12.821069 8.784740 -53.057357
-12.562250 9.043559 -53.057357
-12.791939 9.397113 -53.274130
-12.843209 9.588455 -53.274130
-12.983281 9.728526 -53.274130
-13.174623 9.779796 -53.274130
-13.365964 9.728526 -53.274130
-13.506036 9.588455 -53.274130
-13.557306 9.397113 -53.274130
-13.506036 9.205771 -53.274130
-13.365964 9.065699 -53.274130
-13.174623 9.014429 -53.274130
-12.983281 9.065699 -53.274130
-12.843209 9.205771 -53.274130
-13.174623 9.397113 -53.350250
19.950047 1.753081 -55.175663
20.332730 1.753081 -55.251783
20.281460 1.944422 -55.251783
20.141388 2.084494 -55.251783
19.950047 2.135764 -55.251783
19.758705 2.084494 -55.251783
19.618633 1.944422 -55.251783
19.567363 1.753081 -55.251783
19.618633 1.561739 -55.251783
19.758705 1.421667 -55.251783
19.950047 1.370397 -55.251783
20.141388 1.421667 -55.251783
20.281460 1.561739 -55.251783
20.657153 1.753081 -55.468556
20.562419 2.106634 -55.468556
20.303600 2.365453 -55.468556
19.950047 2.460187 -55.468556
19.596493 2.365453 -55.468556
19.337674 2.106634 -55.468556
19.242940 1.753081 -55.468556
19.337674 1.399527 -55.468556
19.596493 1.140708 -55.468556
19.950047 1.045974 -55.468556
20.303600 1.140708 -55.468556
20.562419 1.399527 -55.468556
20.873926 1.753081 -55.792980
20.750150 2.215020 -55.792980
20.411986 2.553184 -55.792980
19.950047 2.676960 -55.792980
19.488107 2.553184 -55.792980
19.149943 2.215020 -55.792980
19.026167 1.753081 -55.792980
19.149943 1.291141 -55.792980
19.488107 0.952977 -55.792980
19.950047 0.829201 -55.792980
20.411986 0.952977 -55.792980
20.750150 1.291141 -55.792980
20.950047 1.753081 -56.175663
20.816072 2.253081 -56.175663
20.450047 2.619106 -56.175663
19.950047 2.753081 -56.175663
19.450047 2.619106 -56.175663
19.084021 2.253081 -56.175663
18.950047 1.753081 -56.175663
19.084021 1.253081 -56.175663
19.450047 0.887055 -56.175663
19.950047 0.753081 -56.175663
20.450047 0.887055 -56.175663
20.816072 1.253081 -56.175663
20.873926 1.753081 -56.558346
20.750150 2.215020 -56.558346
20.411986 2.553184 -56.558346
19.950047 2.676960 -56.558346
19.488107 2.553184 -56.558346
19.149943 2.215020 -56.558346
19.026167 1.753081 -56.558346
19.149943 1.291141 -56.558346
19.488107 0.952977 -56.558346
19.950047 0.829201 -56.558346
20.411986 0.952977 -56.558346
20.750150 1.291141 -56.558346
20.657153 1.753081 -56.882770
20.562419 2.106634 -56.882770
20.303600 2.365453 -56.882770
19.950047 2.460187 -56.882770
19.596493 2.365453 -56.882770
19.337674 2.106634 -56.882770
19.242940 1.753081 -56.882770
19.337674 1.399527 -56.882770
19.596493 1.140708 -56.882770
19.950047 1.045974 -56.882770
20.303600 1.140708 -56.882770
20.562419 1.399527 -56.882770
20.332730 1.753081 -57.099543
20.281460 1.944422 -57.099543
20.141388 2.084494 -57.099543
19.950047 2.135764 -57.099543
19.758705 2.084494 -57.099543
19.618633 1.944422 -57.099543
19.567363 1.753081 -57.099543
19.618633 1.561739 -57.099543
19.758705 1.421667 -57.099543
19.950047 1.370397 -57.099543
20.141388 1.421667 -57.099543
20.281460 1.561739 -57.099543
19.950047 1.753081 -57.175663
17.713139 1.783967 -56.709297
18.095822 1.783967 -56.785418
18.044552 1.975309 -56.785418
17.904480 2.115381 -56.785418
17.713139 2.166651 -56.785418
17.521797 2.115381 -56.785418
17.381725 1.975309 -56.785418
17.330455 1.783967 -56.785418
17.381725 1.592626 -56.785418
17.521797 1.452554 -56.785418
17.713139 1.401284 -56.785418
17.904480 1.452554 -56.785418
18.044552 1.592626 -56.785418
18.420245 1.783967 -57.002190
18.325511 2.137521 -57.002190
18.066692 2.396340 -57.002190
17.713139 2.491074 -57.002190
17.359585 2.396340 -57.002190
17.100766 2.137521 -57.002190
17.006032 1.783967 -57.002190
17.100766 1.430414 -57.002190
17.359585 1.171595 -57.002190
17.713139 1.076860 -57.002190
18.066692 1.171595 -57.002190
18.325511 1.430414 -57.002190
18.637018 1.783967 -57.326614
18.513242 2.245907 -57.326614
18.175078 2.584070 -57.326614
17.713139 2.707847 -57.326614
17.251199 2.584070 -57.326614
16.913035 2.245907 -57.326614
16.789259 1.783967 -57.326614
16.913035 1.322027 -57.326614
17.251199 0.983864 -57.326614
17.713139 0.860088 -57.326614
18.175078 0.983864 -57.326614
18.513242 1.322027 -57.326614
18.713139 1.783967 -57.709297
18.579164 2.283967 -57.709297
18.213139 2.649993 -57.709297
17.713139 2.783967 -57.709297
17.213139 2.649993 -57.709297
16.847113 2.283967 -57.709297
16.713139 1.783967 -57.709297
16.847113 1.283967 -57.709297
17.213139 0.917942 -57.709297
17.713139 0.783967 -57.709297
18.213139 0.917942 -57.709297
18.579164 1.283967 -57.709297
18.637018 1.783967 -58.091981
18.513242 2.245907 -58.091981
18.175078 2.584070 -58.091981
17.713139 2.707847 -58.091981
17.251199 2.584070 -58.091981
16.913035 2.245907 -58.091981
16.789259 1.783967 -58.091981
16.913035 1.322027 -58.091981
17.251199 0.983864 -58.091981
17.713139 0.860088 -58.091981
18.175078 0.983864 -58.091981
18.513242 1.322027 -58.091981
18.420245 1.783967 -58.416404
18.325511 2.137521 -58.416404
18.066692 2.396340 -58.416404
17.713139 2.491074 -58.416404
17.359585 2.396340 -58.416404
17.100766 2.137521 -58.416404
17.006032 1.783967 -58.416404
17.100766 1.430414 -58.416404
17.359585 1.171595 -58.416404
17.713139 1.076860 -58.416404
18.066692 1.171595 -58.416404
18.325511 1.430414 -58.416404
18.095822 1.783967 -58.633177
18.044552 1.975309 -58.633177
17.904480 2.115381 -58.633177
17.713139 2.166651 -58.633177
17.521797 2.115381 -58.633177
17.381725 1.975309 -58.633177
17.330455 1.783967 -58.633177
17.381725 1.592626 -58.633177
17.521797 1.452554 -58.633177
17.713139 1.401284 -58.633177
17.904480 1.452554 -58.633177
18.044552 1.592626 -58.633177
17.713139 1.783967 -58.709297
15.131672 1.826244 -58.229332
15.514355 1.826244 -58.305452
15.463085 2.017586 -58.305452
15.323014 2.157657 -58.305452
15.131672 2.208927 -58.305452
14.940330 2.157657 -58.305452
14.800258 2.017586 -58.305452
14.748988 1.826244 -58.305452
14.800258 1.634902 -58.305452
14.940330 1.494830 -58.305452
15.131672 1.443560 -58.305452
15.323014 1.494830 -58.305452
15.463085 1.634902 -58.305452
15.838779 1.826244 -58.522225
15.744044 2.179797 -58.522225
15.485225 2.438616 -58.522225
15.131672 2.533351 -58.522225
14.778119 2.438616 -58.522225
14.519299 2.179797 -58.522225
14.424565 1.826244 -58.522225
14.519299 1.472690 -58.522225
14.778119 1.213871 -58.522225
15.131672 1.119137 -58.522225
15.485225 1.213871 -58.522225
15.744044 1.472690 -58.522225
16.055551 1.826244 -58.846649
15.931775 2.288184 -58.846649
15.593612 2.626347 -58.846649
15.131672 2.750123 -58.846649
14.669732 2.626347 -58.846649
14.331569 2.288184 -58.846649
14.207792 1.826244 -58.846649
14.331569 1.364304 -58.846649
14.669732 1.026141 -58.846649
15.131672 0.902364 -58.846649
15.593612 1.026141 -58.846649
15.931775 1.364304 -58.846649
16.131672 1.826244 -59.229332
15.997697 2.326244 -59.229332
15.631672 2.692269 -59.229332
15.131672 2.826244 -59.229332
14.631672 2.692269 -59.229332
14.265647 2.326244 -59.229332
14.131672 1.826244 -59.229332
14.265647 1.326244 -59.229332
14.631672 0.960218 -59.229332
15.131672 0.826244 -59.229332
15.631672 0.960218 -59.229332
15.997697 1.326244 -59.229332
16.055551 1.826244 -59.612015
15.931775 2.288184 -59.612015
15.593612 2.626347 -59.612015
15.131672 2.750123 -59.612015
14.669732 2.626347 -59.612015
14.331569 2.288184 -59.612015
14.207792 1.826244 -59.612015
14.331569 1.364304 -59.612015
14.669732 1.026141 -59.612015
15.131672 0.902364 -59.612015
15.593612 1.026141 -59.612015
15.931775 1.364304 -59.612015
15.838779 1.826244 -59.936439
15.744044 2.179797 -59.936439
15.485225 2.438616 -59.936439
15.131672 2.533351 -59.936439
14.778119 2.438616 -59.936439
14.519299 2.179797 -59.936439
14.424565 1.826244 -59.936439
14.519299 1.472690 -59.936439
14.778119 1.213871 -59.936439
15.131672 1.119137 -59.936439
15.485225 1.213871 -59.936439
15.744044 1.472690 -59.936439
15.514355 1.826244 -60.153212
15.463085 2.017586 -60.153212
15.323014 2.157657 -60.153212
15.131672 2.208927 -60.153212
14.940330 2.157657 -60.153212
14.800258 2.017586 -60.153212
14.748988 1.826244 -60.153212
14.800258 1.634902 -60.153212
14.940330 1.494830 -60.153212
15.131672 1.443560 -60.153212
15.323014 1.494830 -60.153212
15.463085 1.634902 -60.153212
15.131672 1.826244 -60.229332
12.466882 1.742839 -59.637089
12.849565 1.742839 -59.713209
12.798295 1.934181 -59.713209
12.658223 2.074252 -59.713209
12.466882 2.125522 -59.713209
12.275540 2.074252 -59.713209
12.135468 1.934181 -59.713209
12.084198 1.742839 -59.713209
12.135468 1.551497 -59.713209
12.275540 1.411425 -59.713209
12.466882 1.360155 -59.713209
12.658223 1.411425 -59.713209
12.798295 1.551497 -59.713209
13.173989 1.742839 -59.929982
13.079254 2.096392 -59.929982
12.820435 2.355211 -59.929982
12.466882 2.449946 -59.929982
12.113328 2.355211 -59.929982
11.854509 2.096392 -59.929982
11.759775 1.742839 -59.929982
11.854509 1.389285 -59.929982
12.113328 1.130466 -59.929982
12.466882 1.035732 -59.929982
12.820435 1.130466 -59.929982
13.079254 1.389285 -59.929982
13.390761 1.742839 -60.254405
13.266985 2.204779 -60.254405
12.928822 2.542942 -60.254405
12.466882 2.666718 -60.254405
12.004942 2.542942 -60.254405
11.666779 2.204779 -60.254405
11.543002 1.742839 -60.254405
11.666779 1.280899 -60.254405
12.004942 0.942736 -60.254405
12.466882 0.818959 -60.254405
12.928822 0.942736 -60.254405
13.266985 1.280899 -60.254405
13.466882 1.742839 -60.637089
13.332907 2.242839 -60.637089
12.966882 2.608864 -60.637089
12.466882 2.742839 -60.637089
11.966882 2.608864 -60.637089
11.600856 2.242839 -60.637089
11.466882 1.742839 -60.637089
11.600856 1.242839 -60.637089
11.966882 0.876813 -60.637089
12.466882 0.742839 -60.637089
12.966882 0.876813 -60.637089
13.332907 1.242839 -60.637089
13.390761 1.742839 -61.019772
13.266985 2.204779 -61.019772
12.928822 2.542942 -61.019772
12.466882 2.666718 -61.019772
12.004942 2.542942 -61.019772
11.666779 2.204779 -61.019772
11.543002 1.742839 -61.019772
11.666779 1.280899 -61.019772
12.004942 0.942736 -61.019772
12.466882 0.818959 -61.019772
12.928822 0.942736 -61.019772
13.266985 1.280899 -61.019772
13.173989 1.742839 -61.344196
13.079254 2.096392 -61.344196
12.820435 2.355211 -61.344196
12.466882 2.449946 -61.344196
12.113328 2.355211 -61.344196
11.854509 2.096392 -61.344196
11.759775 1.742839 -61.344196
11.854509 1.389285 -61.344196
12.113328 1.130466 -61.344196
12.466882 1.035732 -61.344196
12.820435 1.130466 -61.344196
13.079254 1.389285 -61.344196
12.849565 1.742839 -61.560968
12.798295 1.934181 -61.560968
12.658223 2.074252 -61.560968
12.466882 2.125522 -61.560968
12.275540 2.074252 -61.560968
12.135468 1.934181 -61.560968
12.084198 1.742839 -61.560968
12.135468 1.551497 -61.560968
12.275540 1.411425 -61.560968
12.466882 1.360155 -61.560968
12.658223 1.411425 -61.560968
12.798295 1.551497 -61.560968
12.466882 1.742839 -61.637089
10.100136 1.552092 -59.777256
10.482819 1.552092 -59.853376
10.431549 1.743433 -59.853376
10.291478 1.883505 -59.853376
10.100136 1.934775 -59.853376
9.908794 1.883505 -59.853376
9.768722 1.743433 -59.853376
9.717452 1.552092 -59.853376
9.768722 1.360750 -59.853376
9.908794 1.220678 -59.853376
10.100136 1.169408 -59.853376
10.291478 1.220678 -59.853376
10.431549 1.360750 -59.853376
10.807243 1.552092 -60.070149
10.712508 1.905645 -60.070149
10.453689 2.164464 -60.070149
10.100136 2.259198 -60.070149
9.746582 2.164464 -60.070149
9.487763 1.905645 -60.070149
9.393029 1.552092 -60.070149
9.487763 1.198538 -60.070149
9.746582 0.939719 -60.070149
10.100136 0.844985 -60.070149
10.453689 0.939719 -60.070149
10.712508 1.198538 -60.070149
11.024015 1.552092 -60.394573
10.900239 2.014031 -60.394573
10.562076 2.352195 -60.394573
10.100136 2.475971 -60.394573
9.638196 2.352195 -60.394573
9.300033 2.014031 -60.394573
9.176256 1.552092 -60.394573
9.300033 1.090152 -60.394573
9.638196 0.751989 -60.394573
10.100136 0.628212 -60.394573
10.562076 0.751989 -60.394573
10.900239 1.090152 -60.394573
11.100136 1.552092 -60.777256
10.966161 2.052092 -60.777256
10.600136 2.418117 -60.777256
10.100136 2.552092 -60.777256
9.600136 2.418117 -60.777256
9.234110 2.052092 -60.777256
9.100136 1.552092 -60.777256
9.234110 1.052092 -60.777256
9.600136 0.686066 -60.777256
10.100136 0.552092 -60.777256
10.600136 0.686066 -60.777256
10.966161 1.052092 -60.777256
11.024015 1.552092 -61.159939
10.900239 2.014031 -61.159939
10.562076 2.352195 -61.159939
10.100136 2.475971 -61.159939
9.638196 2.352195 -61.159939
9.300033 2.014031 -61.159939
9.176256 1.552092 -61.159939
9.300033 1.090152 -61.159939
9.638196 0.751989 -61.159939
10.100136 0.628212 -61.159939
10.562076 0.751989 -61.159939
10.900239 1.090152 -61.159939
10.807243 1.552092 -61.484363
10.712508 1.905645 -61.484363
10.453689 2.164464 -61.484363
10.100136 2.259198 -61.484363
9.746582 2.164464 -61.484363
9.487763 1.905645 -61.484363
9.393029 1.552092 -61.484363
9.487763 1.198538 -61.484363
9.746582 0.939719 -61.484363
10.100136 0.844985 -61.484363
10.453689 0.939719 -61.484363
10.712508 1.198538 -61.484363
10.482819 1.552092 -61.701136
10.431549 1.743433 -61.701136
10.291478 1.883505 -61.701136
10.100136 1.934775 -61.701136
9.908794 1.883505 -61.701136
9.768722 1.743433 -61.701136
9.717452 1.552092 -61.701136
9.768722 1.360750 -61.701136
9.908794 1.220678 -61.701136
10.100136 1.169408 -61.701136
10.291478 1.220678 -61.701136
10.431549 1.360750 -61.701136
10.100136 1.552092 -61.777256
7.845748 2.180661 -58.671329
8.228432 2.180661 -58.747450
8.177162 2.372003 -58.747450
8.037090 2.512075 -58.747450
7.845748 2.563345 -58.747450
7.654407 2.512075 -58.747450
7.514335 2.372003 -58.747450
7.463065 2.180661 -58.747450
7.514335 1.989320 -58.747450
7.654407 1.849248 -58.747450
7.845748 1.797978 -58.747450
8.037090 1.849248 -58.747450
8.177162 1.989320 -58.747450
8.552855 2.180661 -58.964223
8.458121 2.534215 -58.964223
8.199302 2.793034 -58.964223
7.845748 2.887768 -58.964223
7.492195 2.793034 -58.964223
7.233376 2.534215 -58.964223
7.138642 2.180661 -58.964223
7.233376 1.827108 -58.964223
7.492195 1.568289 -58.964223
7.845748 1.473555 -58.964223
8.199302 1.568289 -58.964223
8.458121 1.827108 -58.964223
8.769628 2.180661 -59.288646
8.645852 2.642601 -59.288646
8.307688 2.980765 -59.288646
7.845748 3.104541 -59.288646
7.383809 2.980765 -59.288646
7.045645 2.642601 -59.288646
6.921869 2.180661 -59.288646
7.045645 1.718722 -59.288646
7.383809 1.380558 -59.288646
7.845748 1.256782 -59.288646
8.307688 1.380558 -59.288646
8.645852 1.718722 -59.288646
8.845748 2.180661 -59.671329
8.711774 2.680661 -59.671329
8.345748 3.046687 -59.671329
7.845748 3.180661 -59.671329
7.345748 3.046687 -59.671329
6.979723 2.680661 -59.671329
6.845748 2.180661 -59.671329
6.979723 1.680661 -59.671329
7.345748 1.314636 -59.671329
7.845748 1.180661 -59.671329
8.345748 1.314636 -59.671329
8.711774 1.680661 -59.671329
8.769628 2.180661 -60.054013
8.645852 2.642601 -60.054013
8.307688 2.980765 -60.054013
7.845748 3.104541 -60.054013
7.383809 2.980765 -60.054013
7.045645 2.642601 -60.054013
6.921869 2.180661 -60.054013
7.045645 1.718722 -60.054013
7.383809 1.380558 -60.054013
7.845748 1.256782 -60.054013
8.307688 1.380558 -60.054013
8.645852 1.718722 -60.054013
8.552855 2.180661 -60.378436
8.458121 2.534215 -60.378436
8.199302 2.793034 -60.378436
7.845748 2.887768 -60.378436
7.492195 2.793034 -60.378436
7.233376 2.534215 -60.378436
7.138642 2.180661 -60.378436
7.233376 1.827108 -60.378436
7.492195 1.568289 -60.378436
7.845748 1.473555 -60.378436
8.199302 1.568289 -60.378436
8.458121 1.827108 -60.378436
8.228432 2.180661 -60.595209
8.177162 2.372003 -60.595209
8.037090 2.512075 -60.595209
7.845748 2.563345 -60.595209
7.654407 2.512075 -60.595209
7.514335 2.372003 -60.595209
7.463065 2.180661 -60.595209
7.514335 1.989320 -60.595209
7.654407 1.849248 -60.595209
7.845748 1.797978 -60.595209
8.037090 1.849248 -60.595209
8.177162 1.989320 -60.595209
7.845748 2.180661 -60.671329
21.832203 1.434268 -54.639420
22.214886 1.434268 -54.715540
22.163616 1.625609 -54.715540
22.023545 1.765681 -54.715540
21.832203 1.816951 -54.715540
21.640861 1.765681 -54.715540
21.500789 1.625609 -54.715540
21.449519 1.434268 -54.715540
21.500789 1.242926 -54.715540
21.640861 1.102854 -54.715540
21.832203 1.051584 -54.715540
22.023545 1.102854 -54.715540
22.163616 1.242926 -54.715540
22.539310 1.434268 -54.932313
22.444575 1.787821 -54.932313
22.185756 2.046640 -54.932313
21.832203 2.141374 -54.932313
21.478650 2.046640 -54.932313
21.219830 1.787821 -54.932313
21.125096 1.434268 -54.932313
21.219830 1.080714 -54.932313
21.478650 0.821895 -54.932313
21.832203 0.727161 -54.932313
22.185756 0.821895 -54.932313
22.444575 1.080714 -54.932313
22.756082 1.434268 -55.256736
22.632306 1.896207 -55.256736
22.294143 2.234371 -55.256736
21.832203 2.358147 -55.256736
21.370263 2.234371 -55.256736
21.032100 1.896207 -55.256736
20.908323 1.434268 -55.256736
21.032100 0.972328 -55.256736
21.370263 0.634164 -55.256736
21.832203 0.510388 -55.256736
22.294143 0.634164 -55.256736
22.632306 0.972328 -55.256736
22.832203 1.434268 -55.639420
22.698228 1.934268 -55.639420
22.332203 2.300293 -55.639420
21.832203 2.434268 -55.639420
21.332203 2.300293 -55.639420
20.966178 1.934268 -55.639420
20.832203 1.434268 -55.639420
20.966178 0.934268 -55.639420
21.332203 0.568242 -55.639420
21.832203 0.434268 -55.639420
22.332203 0.568242 -55.639420
22.698228 0.934268 -55.639420
22.756082 1.434268 -56.022103
22.632306 1.896207 -56.022103
22.294143 2.234371 -56.022103
21.832203 2.358147 -56.022103
21.370263 2.234371 -56.022103
21.032100 1.896207 -56.022103
20.908323 1.434268 -56.022103
21.032100 0.972328 -56.022103
21.370263 0.634164 -56.022103
21.832203 0.510388 -56.022103
22.294143 0.634164 -56.022103
22.632306 0.972328 -56.022103
22.539310 1.434268 -56.346526
22.444575 1.787821 -56.346526
22.185756 2.046640 -56.346526
21.832203 2.141374 -56.346526
21.478650 2.046640 -56.346526
21.219830 1.787821 -56.346526
21.125096 1.434268 -56.346526
21.219830 1.080714 -56.346526
21.478650 0.821895 -56.346526
21.832203 0.727161 -56.346526
22.185756 0.821895 -56.346526
22.444575 1.080714 -56.346526
22.214886 1.434268 -56.563299
22.163616 1.625609 -56.563299
22.023545 1.765681 -56.563299
21.832203 1.816951 -56.563299
21.640861 1.765681 -56.563299
21.500789 1.625609 -56.563299
21.449519 1.434268 -56.563299
21.500789 1.242926 -56.563299
21.640861 1.102854 -56.563299
21.832203 1.051584 -56.563299
22.023545 1.102854 -56.563299
22.163616 1.242926 -56.563299
21.832203 1.434268 -56.639420
24.433413 1.654618 -53.478889
24.816096 1.654618 -53.555010
24.764826 1.845959 -53.555010
24.624754 1.986031 -53.555010
24.433413 2.037301 -53.555010
24.242071 1.986031 -53.555010
24.101999 1.845959 -53.555010
24.050729 1.654618 -53.555010
24.101999 1.463276 -53.555010
24.242071 1.323204 -53.555010
24.433413 1.271934 -53.555010
24.624754 1.323204 -53.555010
24.764826 1.463276 -53.555010
25.140519 1.654618 -53.771783
25.045785 2.008171 -53.771783
24.786966 2.266990 -53.771783
24.433413 2.361724 -53.771783
24.079859 2.266990 -53.771783
23.821040 2.008171 -53.771783
23.726306 1.654618 -53.771783
23.821040 1.301064 -53.771783
24.079859 1.042245 -53.771783
24.433413 0.947511 -53.771783
24.786966 1.042245 -53.771783
25.045785 1.301064 -53.771783
25.357292 1.654618 -54.096206
25.233516 2.116557 -54.096206
24.895352 2.454721 -54.096206
24.433413 2.578497 -54.096206
23.971473 2.454721 -54.096206
23.633309 2.116557 -54.096206
23.509533 1.654618 -54.096206
23.633309 1.192678 -54.096206
23.971473 0.854515 -54.096206
24.433413 0.730738 -54.096206
24.895352 0.854515 -54.096206
25.233516 1.192678 -54.096206
25.433413 1.654618 -54.478889
25.299438 2.154618 -54.478889
24.933413 2.520643 -54.478889
24.433413 2.654618 -54.478889
23.933413 2.520643 -54.478889
23.567387 2.154618 -54.478889
23.433413 1.654618 -54.478889
23.567387 1.154618 -54.478889
23.933413 0.788592 -54.478889
24.433413 0.654618 -54.478889
24.933413 0.788592 -54.478889
25.299438 1.154618 -54.478889
25.357292 1.654618 -54.861573
25.233516 2.116557 -54.861573
24.895352 2.454721 -54.861573
24.433413 2.578497 -54.861573
23.971473 2.454721 -54.861573
23.633309 2.116557 -54.861573
23.509533 1.654618 -54.861573
23.633309 1.192678 -54.861573
23.971473 0.854515 -54.861573
24.433413 0.730738 -54.861573
24.895352 0.854515 -54.861573
25.233516 1.192678 -54.861573
25.140519 1.654618 -55.185996
25.045785 2.008171 -55.185996
24.786966 2.266990 -55.185996
24.433413 2.361724 -55.185996
24.079859 2.266990 -55.185996
23.821040 2.008171 -55.185996
23.726306 1.654618 -55.185996
23.821040 1.301064 -55.185996
24.079859 1.042245 -55.185996
24.433413 0.947511 -55.185996
24.786966 1.042245 -55.185996
25.045785 1.301064 -55.185996
24.816096 1.654618 -55.402769
24.764826 1.845959 -55.402769
24.624754 1.986031 -55.402769
24.433413 2.037301 -55.402769
24.242071 1.986031 -55.402769
24.101999 1.845959 -55.402769
24.050729 1.654618 -55.402769
24.101999 1.463276 -55.402769
24.242071 1.323204 -55.402769
24.433413 1.271934 -55.402769
24.624754 1.323204 -55.402769
24.764826 1.463276 -55.402769
24.433413 1.654618 -55.478889
27.252577 2.038000 -51.431664
27.635260 2.038000 -51.507784
27.583990 2.229341 -51.507784
27.443919 2.369413 -51.507784
27.252577 2.420683 -51.507784
27.061235 2.369413 -51.507784
26.921163 2.229341 -51.507784
26.869893 2.038000 -51.507784
26.921163 1.846658 -51.507784
27.061235 1.706586 -51.507784
27.252577 1.655316 -51.507784
27.443919 1.706586 -51.507784
27.583990 1.846658 -51.507784
27.959684 2.038000 -51.724557
27.864949 2.391553 -51.724557
27.606130 2.650372 -51.724557
27.252577 2.745106 -51.724557
26.899023 2.650372 -51.724557
26.640204 2.391553 -51.724557
26.545470 2.038000 -51.724557
26.640204 1.684446 -51.724557
26.899023 1.425627 -51.724557
27.252577 1.330893 -51.724557
27.606130 1.425627 -51.724557
27.864949 1.684446 -51.724557
28.176456 2.038000 -52.048980
28.052680 2.499939 -52.048980
27.714517 2.838103 -52.048980
27.252577 2.961879 -52.048980
26.790637 2.838103 -52.048980
26.452474 2.499939 -52.048980
26.328697 2.038000 -52.048980
26.452474 1.576060 -52.048980
26.790637 1.237896 -52.048980
27.252577 1.114120 -52.048980
27.714517 1.237896 -52.048980
28.052680 1.576060 -52.048980
28.252577 2.038000 -52.431664
28.118602 2.538000 -52.431664
27.752577 2.904025 -52.431664
27.252577 3.038000 -52.431664
26.752577 2.904025 -52.431664
26.386551 2.538000 -52.431664
26.252577 2.038000 -52.431664
26.386551 1.538000 -52.431664
26.752577 1.171974 -52.431664
27.252577 1.038000 -52.431664
27.752577 1.171974 -52.431664
28.118602 1.538000 -52.431664
28.176456 2.038000 -52.814347
28.052680 2.499939 -52.814347
27.714517 2.838103 -52.814347
27.252577 2.961879 -52.814347
26.790637 2.838103 -52.814347
26.452474 2.499939 -52.814347
26.328697 2.038000 -52.814347
26.452474 1.576060 -52.814347
26.790637 1.237896 -52.814347
27.252577 1.114120 -52.814347
27.714517 1.237896 -52.814347
28.052680 1.576060 -52.814347
27.959684 2.038000 -53.138770
27.864949 2.391553 -53.138770
27.606130 2.650372 -53.138770
27.252577 2.745106 -53.138770
26.899023 2.650372 -53.138770
26.640204 2.391553 -53.138770
26.545470 2.038000 -53.138770
26.640204 1.684446 -53.138770
26.899023 1.425627 -53.138770
27.252577 1.330893 -53.138770
27.606130 1.425627 -53.138770
27.864949 1.684446 -53.138770
27.635260 2.038000 -53.355543
27.583990 2.229341 -53.355543
27.443919 2.369413 -53.355543
27.252577 2.420683 -53.355543
27.061235 2.369413 -53.355543
26.921163 2.229341 -53.355543
26.869893 2.038000 -53.355543
26.921163 1.846658 -53.355543
27.061235 1.706586 -53.355543
27.252577 1.655316 -53.355543
27.443919 1.706586 -53.355543
27.583990 1.846658 -53.355543
27.252577 2.038000 -53.431664
28.364967 4.715082 -50.366234
28.747651 4.715082 -50.442354
28.696381 4.906423 -50.442354
28.556309 5.046495 -50.442354
28.364967 5.097765 -50.442354
28.173626 5.046495 -50.442354
28.033554 4.906423 -50.442354
27.982284 4.715082 -50.442354
28.033554 4.523740 -50.442354
28.173626 4.383668 -50.442354
28.364967 4.332398 -50.442354
28.556309 4.383668 -50.442354
28.696381 4.523740 -50.442354
29.072074 4.715082 -50.659127
28.977340 5.068635 -50.659127
28.718521 5.327454 -50.659127
28.364967 5.422188 -50.659127
28.011414 5.327454 -50.659127
27.752595 5.068635 -50.659127
27.657861 4.715082 -50.659127
27.752595 4.361528 -50.659127
28.011414 4.102709 -50.659127
28.364967 4.007975 -50.659127
28.718521 4.102709 -50.659127
28.977340 4.361528 -50.659127
29.288847 4.715082 -50.983550
29.165070 5.177021 -50.983550
28.826907 5.515185 -50.983550
28.364967 5.638961 -50.983550
27.903028 5.515185 -50.983550
27.564864 5.177021 -50.983550
27.441088 4.715082 -50.983550
27.564864 4.253142 -50.983550
27.903028 3.914979 -50.983550
28.364967 3.791202 -50.983550
28.826907 3.914979 -50.983550
29.165070 4.253142 -50.983550
29.364967 4.715082 -51.366234
29.230993 5.215082 -51.366234
28.864967 5.581107 -51.366234
28.364967 5.715082 -51.366234
27.864967 5.581107 -51.366234
27.498942 5.215082 -51.366234
27.364967 4.715082 -51.366234
27.498942 4.215082 -51.366234
27.864967 3.849056 -51.366234
28.364967 3.715082 -51.366234
28.864967 3.849056 -51.366234
29.230993 4.215082 -51.366234
29.288847 4.715082 -51.748917
29.165070 5.177021 -51.748917
28.826907 5.515185 -51.748917
28.364967 5.638961 -51.748917
27.903028 5.515185 -51.748917
27.564864 5.177021 -51.748917
27.441088 4.715082 -51.748917
27.564864 4.253142 -51.748917
27.903028 3.914979 -51.748917
28.364967 3.791202 -51.748917
28.826907 3.914979 -51.748917
29.165070 4.253142 -51.748917
29.072074 4.715082 -52.073341
28.977340 5.068635 -52.073341
28.718521 5.327454 -52.073341
28.364967 5.422188 -52.073341
28.011414 5.327454 -52.073341
27.752595 5.068635 -52.073341
27.657861 4.715082 -52.073341
27.752595 4.361528 -52.073341
28.011414 4.102709 -52.073341
28.364967 4.007975 -52.073341
28.718521 4.102709 -52.073341
28.977340 4.361528 -52.073341
28.747651 4.715082 -52.290113
28.696381 4.906423 -52.290113
28.556309 5.046495 -52.290113
28.364967 5.097765 -52.290113
28.173626 5.046495 -52.290113
28.033554 4.906423 -52.290113
27.982284 4.715082 -52.290113
28.033554 4.523740 -52.290113
28.173626 4.383668 -52.290113
28.364967 4.332398 -52.290113
28.556309 4.383668 -52.290113
28.696381 4.523740 -52.290113
28.364967 4.715082 -52.366234
28.903788 7.014849 -49.576664
29.286471 7.014849 -49.652784
29.235201 7.206190 -49.652784
29.095129 7.346262 -49.652784
28.903788 7.397532 -49.652784
28.712446 7.346262 -49.652784
28.572374 7.206190 -49.652784
28.521104 7.014849 -49.652784
28.572374 6.823507 -49.652784
28.712446 6.683435 -49.652784
28.903788 6.632165 -49.652784
29.095129 6.683435 -49.652784
29.235201 6.823507 -49.652784
29.610894 7.014849 -49.869557
29.516160 7.368402 -49.869557
29.257341 7.627221 -49.869557
28.903788 7.721955 -49.869557
28.550234 7.627221 -49.869557
28.291415 7.368402 -49.869557
28.196681 7.014849 -49.869557
28.291415 6.661295 -49.869557
28.550234 6.402476 -49.869557
28.903788 6.307742 -49.869557
29.257341 6.402476 -49.869557
29.516160 6.661295 -49.869557
29.827667 7.014849 -50.193981
29.703891 7.476788 -50.193981
29.365727 7.814952 -50.193981
28.903788 7.938728 -50.193981
28.441848 7.814952 -50.193981
28.103684 7.476788 -50.193981
27.979908 7.014849 -50.193981
28.103684 6.552909 -50.193981
28.441848 6.214746 -50.193981
28.903788 6.090969 -50.193981
29.365727 6.214746 -50.193981
29.703891 6.552909 -50.193981
29.903788 7.014849 -50.576664
29.769813 7.514849 -50.576664
29.403788 7.880874 -50.576664
28.903788 8.014849 -50.576664
28.403788 7.880874 -50.576664
28.037762 7.514849 -50.576664
27.903788 7.014849 -50.576664
28.037762 6.514849 -50.576664
28.403788 6.148823 -50.576664
28.903788 6.014849 -50.576664
29.403788 6.148823 -50.576664
29.769813 6.514849 -50.576664
29.827667 7.014849 -50.959347
29.703891 7.476788 -50.959347
29.365727 7.814952 -50.959347
28.903788 7.938728 -50.959347
28.441848 7.814952 -50.959347
28.103684 7.476788 -50.959347
27.979908 7.014849 -50.959347
28.103684 6.552909 -50.959347
28.441848 6.214746 -50.959347
28.903788 6.090969 -50.959347
29.365727 6.214746 -50.959347
29.703891 6.552909 -50.959347
29.610894 7.014849 -51.283771
29.516160 7.368402 -51.283771
29.257341 7.627221 -51.283771
28.903788 7.721955 -51.283771
28.550234 7.627221 -51.283771
28.291415 7.368402 -51.283771
28.196681 7.014849 -51.283771
28.291415 6.661295 -51.283771
28.550234 6.402476 -51.283771
28.903788 6.307742 -51.283771
29.257341 6.402476 -51.283771
29.516160 6.661295 -51.283771
29.286471 7.014849 -51.500544
29.235201 7.206190 -51.500544
29.095129 7.346262 -51.500544
28.903788 7.397532 -51.500544
28.712446 7.346262 -51.500544
28.572374 7.206190 -51.500544
28.521104 7.014849 -51.500544
28.572374 6.823507 -51.500544
28.712446 6.683435 -51.500544
28.903788 6.632165 -51.500544
29.095129 6.683435 -51.500544
29.235201 6.823507 -51.500544
28.903788 7.014849 -51.576664
29.026621 10.169564 -49.348091
29.409304 10.169564 -49.424212
29.358034 10.360906 -49.424212
29.217963 10.500978 -49.424212
29.026621 10.552248 -49.424212
28.835279 10.500978 -49.424212
28.695207 10.360906 -49.424212
28.643937 10.169564 -49.424212
28.695207 9.978223 -49.424212
28.835279 9.838151 -49.424212
29.026621 9.786881 -49.424212
29.217963 9.838151 -49.424212
29.358034 9.978223 -49.424212
29.733728 10.169564 -49.640984
29.638993 10.523118 -49.640984
29.380174 10.781937 -49.640984
29.026621 10.876671 -49.640984
28.673067 10.781937 -49.640984
28.414248 10.523118 -49.640984
28.319514 10.169564 -49.640984
28.414248 9.816011 -49.640984
28.673067 9.557192 -49.640984
29.026621 9.462457 -49.640984
29.380174 9.557192 -49.640984
29.638993 9.816011 -49.640984
29.950500 10.169564 -49.965408
29.826724 10.631504 -49.965408
29.488561 10.969667 -49.965408
29.026621 11.093444 -49.965408
28.564681 10.969667 -49.965408
28.226518 10.631504 -49.965408
28.102741 10.169564 -49.965408
28.226518 9.707624 -49.965408
28.564681 9.369461 -49.965408
29.026621 9.245685 -49.965408
29.488561 9.369461 -49.965408
29.826724 9.707624 -49.965408
30.026621 10.169564 -50.348091
29.892646 10.669564 -50.348091
29.526621 11.035590 -50.348091
29.026621 11.169564 -50.348091
28.526621 11.035590 -50.348091
28.160595 10.669564 -50.348091
28.026621 10.169564 -50.348091
28.160595 9.669564 -50.348091
28.526621 9.303539 -50.348091
29.026621 9.169564 -50.348091
29.526621 9.303539 -50.348091
29.892646 9.669564 -50.348091
29.950500 10.169564 -50.730775
29.826724 10.631504 -50.730775
29.488561 10.969667 -50.730775
29.026621 11.093444 -50.730775
28.564681 10.969667 -50.730775
28.226518 10.631504 -50.730775
28.102741 10.169564 -50.730775
28.226518 9.707624 -50.730775
28.564681 9.369461 -50.730775
29.026621 9.245685 -50.730775
29.488561 9.369461 -50.730775
29.826724 9.707624 -50.730775
29.733728 10.169564 -51.055198
29.638993 10.523118 -51.055198
29.380174 10.781937 -51.055198
29.026621 10.876671 -51.055198
28.673067 10.781937 -51.055198
28.414248 10.523118 -51.055198
28.319514 10.169564 -51.055198
28.414248 9.816011 -51.055198
28.673067 9.557192 -51.055198
29.026621 9.462457 -51.055198
29.380174 9.557192 -51.055198
29.638993 9.816011 -51.055198
29.409304 10.169564 -51.271971
29.358034 10.360906 -51.271971
29.217963 10.500978 -51.271971
29.026621 10.552248 -51.271971
28.835279 10.500978 -51.271971
28.695207 10.360906 -51.271971
28.643937 10.169564 -51.271971
28.695207 9.978223 -51.271971
28.835279 9.838151 -51.271971
29.026621 9.786881 -51.271971
29.217963 9.838151 -51.271971
29.358034 9.978223 -51.271971
29.026621 10.169564 -51.348091
28.866909 13.356050 -49.111042
29.249592 13.356050 -49.187162
29.198323 13.547391 -49.187162
29.058251 13.687463 -49.187162
28.866909 13.738733 -49.187162
28.675567 13.687463 -49.187162
28.535495 13.547391 -49.187162
28.484226 13.356050 -49.187162
28.535495 13.164708 -49.187162
28.675567 13.024636 -49.187162
28.866909 12.973366 -49.187162
29.058251 13.024636 -49.187162
29.198323 13.164708 -49.187162
29.574016 13.356050 -49.403935
29.479281 13.709603 -49.403935
29.220462 13.968422 -49.403935
28.866909 14.063156 -49.403935
28.513356 13.968422 -49.403935
28.254537 13.709603 -49.403935
28.159802 13.356050 -49.403935
28.254537 13.002496 -49.403935
28.513356 12.743677 -49.403935
28.866909 12.648943 -49.403935
29.220462 12.743677 -49.403935
29.479281 13.002496 -49.403935
29.790789 13.356050 -49.728359
29.667012 13.817989 -49.728359
29.328849 14.156153 -49.728359
28.866909 14.279929 -49.728359
28.404969 14.156153 -49.728359
28.066806 13.817989 -49.728359
27.943029 13.356050 -49.728359
28.066806 12.894110 -49.728359
28.404969 12.555946 -49.728359
28.866909 12.432170 -49.728359
29.328849 12.555946 -49.728359
29.667012 12.894110 -49.728359
29.866909 13.356050 -50.111042
29.732934 13.856050 -50.111042
29.366909 14.222075 -50.111042
28.866909 14.356050 -50.111042
28.366909 14.222075 -50.111042
28.000884 13.856050 -50.111042
27.866909 13.356050 -50.111042
28.000884 12.856050 -50.111042
28.366909 12.490024 -50.111042
28.866909 12.356050 -50.111042
29.366909 12.490024 -50.111042
29.732934 12.856050 -50.111042
29.790789 13.356050 -50.493725
29.667012 13.817989 -50.493725
29.328849 14.156153 -50.493725
28.866909 14.279929 -50.493725
28.404969 14.156153 -50.493725
28.066806 13.817989 -50.493725
27.943029 13.356050 -50.493725
28.066806 12.894110 -50.493725
28.404969 12.555946 -50.493725
28.866909 12.432170 -50.493725
29.328849 12.555946 -50.493725
29.667012 12.894110 -50.493725
29.574016 13.356050 -50.818149
29.479281 13.709603 -50.818149
29.220462 13.968422 -50.818149
28.866909 14.063156 -50.818149
28.513356 13.968422 -50.818149
28.254537 13.709603 -50.818149
28.159802 13.356050 -50.818149
28.254537 13.002496 -50.818149
28.513356 12.743677 -50.818149
28.866909 12.648943 -50.818149
29.220462 12.743677 -50.818149
29.479281 13.002496 -50.818149
29.249592 13.356050 -51.034922
29.198323 13.547391 -51.034922
29.058251 13.687463 -51.034922
28.866909 13.738733 -51.034922
28.675567 13.687463 -51.034922
28.535495 13.547391 -51.034922
28.484226 13.356050 -51.034922
28.535495 13.164708 -51.034922
28.675567 13.024636 -51.034922
28.866909 12.973366 -51.034922
29.058251 13.024636 -51.034922
29.198323 13.164708 -51.034922
28.866909 13.356050 -51.111042
28.850800 16.565273 -48.823948
29.233483 16.565273 -48.900068
29.182213 16.756615 -48.900068
29.042141 16.896687 -48.900068
28.850800 16.947957 -48.900068
28.659458 16.896687 -48.900068
28.519386 16.756615 -48.900068
28.468116 16.565273 -48.900068
28.519386 16.373932 -48.900068
28.659458 16.233860 -48.900068
28.850800 16.182590 -48.900068
29.042141 16.233860 -48.900068
29.182213 16.373932 -48.900068
29.557906 16.565273 -49.116841
29.463172 16.918827 -49.116841
29.204353 17.177646 -49.116841
28.850800 17.272380 -49.116841
28.497246 17.177646 -49.116841
28.238427 16.918827 -49.116841
28.143693 16.565273 -49.116841
28.238427 16.211720 -49.116841
28.497246 15.952901 -49.116841
28.850800 15.858167 -49.116841
29.204353 15.952901 -49.116841
29.463172 16.211720 -49.116841
29.774679 16.565273 -49.441264
29.650903 17.027213 -49.441264
29.312739 17.365376 -49.441264
28.850800 17.489153 -49.441264
28.388860 17.365376 -49.441264
28.050696 17.027213 -49.441264
27.926920 16.565273 -49.441264
28.050696 16.103334 -49.441264
28.388860 15.765170 -49.441264
28.850800 15.641394 -49.441264
29.312739 15.765170 -49.441264
29.650903 16.103334 -49.441264
29.850800 16.565273 -49.823948
29.716825 17.065273 -49.823948
29.350800 17.431299 -49.823948
28.850800 17.565273 -49.823948
28.350800 17.431299 -49.823948
27.984774 17.065273 -49.823948
27.850800 16.565273 -49.823948
27.984774 16.065273 -49.823948
28.350800 15.699248 -49.823948
28.850800 15.565273 -49.823948
29.350800 15.699248 -49.823948
29.716825 16.065273 -49.823948
29.774679 16.565273 -50.206631
29.650903 17.027213 -50.206631
29.312739 17.365376 -50.206631
28.850800 17.489153 -50.206631
28.388860 17.365376 -50.206631
28.050696 17.027213 -50.206631
27.926920 16.565273 -50.206631
28.050696 16.103334 -50.206631
28.388860 15.765170 -50.206631
28.850800 15.641394 -50.206631
29.312739 15.765170 -50.206631
29.650903 16.103334 -50.206631
29.557906 16.565273 -50.531055
29.463172 16.918827 -50.531055
29.204353 17.177646 -50.531055
28.850800 17.272380 -50.531055
28.497246 17.177646 -50.531055
28.238427 16.918827 -50.531055
28.143693 16.565273 -50.531055
28.238427 16.211720 -50.531055
28.497246 15.952901 -50.531055
28.850800 15.858167 -50.531055
29.204353 15.952901 -50.531055
29.463172 16.211720 -50.531055
29.233483 16.565273 -50.747827
29.182213 16.756615 -50.747827
29.042141 16.896687 -50.747827
28.850800 16.947957 -50.747827
28.659458 16.896687 -50.747827
28.519386 16.756615 -50.747827
28.468116 16.565273 -50.747827
28.519386 16.373932 -50.747827
28.659458 16.233860 -50.747827
28.850800 16.182590 -50.747827
29.042141 16.233860 -50.747827
29.182213 16.373932 -50.747827
28.850800 16.565273 -50.823948
27.928446 19.138880 -49.219143
28.311129 19.138880 -49.295263
28.259859 19.330221 -49.295263
28.119788 19.470293 -49.295263
27.928446 19.521563 -49.295263
27.737104 19.470293 -49.295263
27.597032 19.330221 -49.295263
27.545762 19.138880 -49.295263
27.597032 18.947538 -49.295263
27.737104 18.807466 -49.295263
27.928446 18.756196 -49.295263
28.119788 18.807466 -49.295263
28.259859 18.947538 -49.295263
28.635553 19.138880 -49.512036
28.540818 19.492433 -49.512036
28.281999 19.751252 -49.512036
27.928446 19.845987 -49.512036
27.574892 19.751252 -49.512036
27.316073 19.492433 -49.512036
27.221339 19.138880 -49.512036
27.316073 18.785326 -49.512036
27.574892 18.526507 -49.512036
27.928446 18.431773 -49.512036
28.281999 18.526507 -49.512036
28.540818 18.785326 -49.512036
28.852325 19.138880 -49.836459
28.728549 19.600820 -49.836459
28.390386 19.938983 -49.836459
27.928446 20.062759 -49.836459
27.466506 19.938983 -49.836459
27.128343 19.600820 -49.836459
27.004566 19.138880 -49.836459
27.128343 18.676940 -49.836459
27.466506 18.338777 -49.836459
27.928446 18.215000 -49.836459
28.390386 18.338777 -49.836459
28.728549 18.676940 -49.836459
28.928446 19.138880 -50.219143
28.794471 19.638880 -50.219143
28.428446 20.004905 -50.219143
27.928446 20.138880 -50.219143
27.428446 20.004905 -50.219143
27.062420 19.638880 -50.219143
26.928446 19.138880 -50.219143
27.062420 18.638880 -50.219143
27.428446 18.272854 -50.219143
27.928446 18.138880 -50.219143
28.428446 18.272854 -50.219143
28.794471 18.638880 -50.219143
28.852325 19.138880 -50.601826
28.728549 19.600820 -50.601826
28.390386 19.938983 -50.601826
27.928446 20.062759 -50.601826
27.466506 19.938983 -50.601826
27.128343 19.600820 -50.601826
27.004566 19.138880 -50.601826
27.128343 18.676940 -50.601826
27.466506 18.338777 -50.601826
27.928446 18.215000 -50.601826
28.390386 18.338777 -50.601826
28.728549 18.676940 -50.601826
28.635553 19.138880 -50.926250
28.540818 19.492433 -50.926250
28.281999 19.751252 -50.926250
27.928446 19.845987 -50.926250
27.574892 19.751252 -50.926250
27.316073 19.492433 -50.926250
27.221339 19.138880 -50.926250
27.316073 18.785326 -50.926250
27.574892 18.526507 -50.926250
27.928446 18.431773 -50.926250
28.281999 18.526507 -50.926250
28.540818 18.785326 -50.926250
28.311129 19.138880 -51.143022
28.259859 19.330221 -51.143022
28.119788 19.470293 -51.143022
27.928446 19.521563 -51.143022
27.737104 19.470293 -51.143022
27.597032 19.330221 -51.143022
27.545762 19.138880 -51.143022
27.597032 18.947538 -51.143022
27.737104 18.807466 -51.143022
27.928446 18.756196 -51.143022
28.119788 18.807466 -51.143022
28.259859 18.947538 -51.143022
27.928446 19.138880 -51.219143
27.157518 21.616854 -49.283501
27.540202 21.616854 -49.359621
27.488932 21.808195 -49.359621
27.348860 21.948267 -49.359621
27.157518 21.999537 -49.359621
26.966177 21.948267 -49.359621
26.826105 21.808195 -49.359621
26.774835 21.616854 -49.359621
26.826105 21.425512 -49.359621
26.966177 21.285440 -49.359621
27.157518 21.234170 -49.359621
27.348860 21.285440 -49.359621
27.488932 21.425512 -49.359621
27.864625 21.616854 -49.576394
27.769891 21.970407 -49.576394
27.511072 22.229226 -49.576394
27.157518 22.323960 -49.576394
26.803965 22.229226 -49.576394
26.545146 21.970407 -49.576394
26.450412 21.616854 -49.576394
26.545146 21.263300 -49.576394
26.803965 21.004481 -49.576394
27.157518 20.909747 -49.576394
27.511072 21.004481 -49.576394
27.769891 21.263300 -49.576394
28.081398 21.616854 -49.900817
27.957622 22.078793 -49.900817
27.619458 22.416957 -49.900817
27.157518 22.540733 -49.900817
26.695579 22.416957 -49.900817
26.357415 22.078793 -49.900817
26.233639 21.616854 -49.900817
26.357415 21.154914 -49.900817
26.695579 20.816751 -49.900817
27.157518 20.692974 -49.900817
27.619458 20.816751 -49.900817
27.957622 21.154914 -49.900817
28.157518 21.616854 -50.283501
28.023544 22.116854 -50.283501
27.657518 22.482879 -50.283501
27.157518 22.616854 -50.283501
26.657518 22.482879 -50.283501
26.291493 22.116854 -50.283501
26.157518 21.616854 -50.283501
26.291493 21.116854 -50.283501
26.657518 20.750828 -50.283501
27.157518 20.616854 -50.283501
27.657518 20.750828 -50.283501
28.023544 21.116854 -50.283501
28.081398 21.616854 -50.666184
27.957622 22.078793 -50.666184
27.619458 22.416957 -50.666184
27.157518 22.540733 -50.666184
26.695579 22.416957 -50.666184
26.357415 22.078793 -50.666184
26.233639 21.616854 -50.666184
26.357415 21.154914 -50.666184
26.695579 20.816751 -50.666184
27.157518 20.692974 -50.666184
27.619458 20.816751 -50.666184
27.957622 21.154914 -50.666184
27.864625 21.616854 -50.990607
27.769891 21.970407 -50.990607
27.511072 22.229226 -50.990607
27.157518 22.323960 -50.990607
26.803965 22.229226 -50.990607
26.545146 21.970407 -50.990607
26.450412 21.616854 -50.990607
26.545146 21.263300 -50.990607
26.803965 21.004481 -50.990607
27.157518 20.909747 -50.990607
27.511072 21.004481 -50.990607
27.769891 21.263300 -50.990607
27.540202 21.616854 -51.207380
27.488932 21.808195 -51.207380
27.348860 21.948267 -51.207380
27.157518 21.999537 -51.207380
26.966177 21.948267 -51.207380
26.826105 21.808195 -51.207380
26.774835 21.616854 -51.207380
26.826105 21.425512 -51.207380
26.966177 21.285440 -51.207380
27.157518 21.234170 -51.207380
27.348860 21.285440 -51.207380
27.488932 21.425512 -51.207380
27.157518 21.616854 -51.283501
26.208506 23.311556 -49.693924
26.591189 23.311556 -49.770044
26.539919 23.502898 -49.770044
26.399847 23.642969 -49.770044
26.208506 23.694239 -49.770044
26.017164 23.642969 -49.770044
25.877092 23.502898 -49.770044
25.825822 23.311556 -49.770044
25.877092 23.120214 -49.770044
26.017164 22.980142 -49.770044
26.208506 22.928872 -49.770044
26.399847 22.980142 -49.770044
26.539919 23.120214 -49.770044
26.915612 23.311556 -49.986817
26.820878 23.665109 -49.986817
26.562059 23.923928 -49.986817
26.208506 24.018663 -49.986817
25.854952 23.923928 -49.986817
25.596133 23.665109 -49.986817
25.501399 23.311556 -49.986817
25.596133 22.958002 -49.986817
25.854952 22.699183 -49.986817
26.208506 22.604449 -49.986817
26.562059 22.699183 -49.986817
26.820878 22.958002 -49.986817
27.132385 23.311556 -50.311241
27.008609 23.773496 -50.311241
26.670445 24.111659 -50.311241
26.208506 24.235435 -50.311241
25.746566 24.111659 -50.311241
25.408402 23.773496 -50.311241
25.284626 23.311556 -50.311241
25.408402 22.849616 -50.311241
25.746566 22.511453 -50.311241
26.208506 22.387676 -50.311241
26.670445 22.511453 -50.311241
27.008609 22.849616 -50.311241
27.208506 23.311556 -50.693924
27.074531 23.811556 -50.693924
26.708506 24.177581 -50.693924
26.208506 24.311556 -50.693924
25.708506 24.177581 -50.693924
25.342480 23.811556 -50.693924
25.208506 23.311556 -50.693924
25.342480 22.811556 -50.693924
25.708506 22.445530 -50.693924
26.208506 22.311556 -50.693924
26.708506 22.445530 -50.693924
27.074531 22.811556 -50.693924
27.132385 23.311556 -51.076607
27.008609 23.773496 -51.076607
26.670445 24.111659 -51.076607
26.208506 24.235435 -51.076607
25.746566 24.111659 -51.076607
25.408402 23.773496 -51.076607
25.284626 23.311556 -51.076607
25.408402 22.849616 -51.076607
25.746566 22.511453 -51.076607
26.208506 22.387676 -51.076607
26.670445 22.511453 -51.076607
27.008609 22.849616 -51.076607
26.915612 23.311556 -51.401031
26.820878 23.665109 -51.401031
26.562059 23.923928 -51.401031
26.208506 24.018663 -51.401031
25.854952 23.923928 -51.401031
25.596133 23.665109 -51.401031
25.501399 23.311556 -51.401031
25.596133 22.958002 -51.401031
25.854952 22.699183 -51.401031
26.208506 22.604449 -51.401031
26.562059 22.699183 -51.401031
26.820878 22.958002 -51.401031
26.591189 23.311556 -51.617803
26.539919 23.502898 -51.617803
26.399847 23.642969 -51.617803
26.208506 23.694239 -51.617803
26.017164 23.642969 -51.617803
25.877092 23.502898 -51.617803
25.825822 23.311556 -51.617803
25.877092 23.120214 -51.617803
26.017164 22.980142 -51.617803
26.208506 22.928872 -51.617803
26.399847 22.980142 -51.617803
26.539919 23.120214 -51.617803
26.208506 23.311556 -51.693924
25.591047 25.818722 -48.967495
25.973731 25.818722 -49.043615
25.922461 26.010063 -49.043615
25.782389 26.150135 -49.043615
25.591047 26.201405 -49.043615
25.399706 26.150135 -49.043615
25.259634 26.010063 -49.043615
25.208364 25.818722 -49.043615
25.259634 25.627380 -49.043615
25.399706 25.487308 -49.043615
25.591047 25.436038 -49.043615
25.782389 25.487308 -49.043615
25.922461 25.627380 -49.043615
26.298154 25.818722 -49.260388
26.203420 26.172275 -49.260388
25.944601 26.431094 -49.260388
25.591047 26.525829 -49.260388
25.237494 26.431094 -49.260388
24.978675 26.172275 -49.260388
24.883941 25.818722 -49.260388
24.978675 25.465168 -49.260388
25.237494 25.206349 -49.260388
25.591047 25.111615 -49.260388
25.944601 25.206349 -49.260388
26.203420 25.465168 -49.260388
26.514927 25.818722 -49.584812
26.391150 26.280662 -49.584812
26.052987 26.618825 -49.584812
25.591047 26.742601 -49.584812
25.129108 26.618825 -49.584812
24.790944 26.280662 -49.584812
24.667168 25.818722 -49.584812
24.790944 25.356782 -49.584812
25.129108 25.018619 -49.584812
25.591047 24.894842 -49.584812
26.052987 25.018619 -49.584812
26.391150 25.356782 -49.584812
26.591047 25.818722 -49.967495
26.457073 26.318722 -49.967495
26.091047 26.684747 -49.967495
25.591047 26.818722 -49.967495
25.091047 26.684747 -49.967495
24.725022 26.318722 -49.967495
24.591047 25.818722 -49.967495
24.725022 25.318722 -49.967495
25.091047 24.952696 -49.967495
25.591047 24.818722 -49.967495
26.091047 24.952696 -49.967495
26.457073 25.318722 -49.967495
26.514927 25.818722 -50.350178
26.391150 26.280662 -50.350178
26.052987 26.618825 -50.350178
25.591047 26.742601 -50.350178
25.129108 26.618825 -50.350178
24.790944 26.280662 -50.350178
24.667168 25.818722 -50.350178
24.790944 25.356782 -50.350178
25.129108 25.018619 -50.350178
25.591047 24.894842 -50.350178
26.052987 25.018619 -50.350178
26.391150 25.356782 -50.350178
26.298154 25.818722 -50.674602
26.203420 26.172275 -50.674602
25.944601 26.431094 -50.674602
25.591047 26.525829 -50.674602
25.237494 26.431094 -50.674602
24.978675 26.172275 -50.674602
24.883941 25.818722 -50.674602
24.978675 25.465168 -50.674602
25.237494 25.206349 -50.674602
25.591047 25.111615 -50.674602
25.944601 25.206349 -50.674602
26.203420 25.465168 -50.674602
25.973731 25.818722 -50.891374
25.922461 26.010063 -50.891374
25.782389 26.150135 -50.891374
25.591047 26.201405 -50.891374
25.399706 26.150135 -50.891374
25.259634 26.010063 -50.891374
25.208364 25.818722 -50.891374
25.259634 25.627380 -50.891374
25.399706 25.487308 -50.891374
25.591047 25.436038 -50.891374
25.782389 25.487308 -50.891374
25.922461 25.627380 -50.891374
25.591047 25.818722 -50.967495
23.619499 26.935154 -50.185215
24.002183 26.935154 -50.261335
23.950913 27.126496 -50.261335
23.810841 27.266568 -50.261335
23.619499 27.317837 -50.261335
23.428157 27.266568 -50.261335
23.288086 27.126496 -50.261335
23.236816 26.935154 -50.261335
23.288086 26.743812 -50.261335
23.428157 26.603740 -50.261335
23.619499 26.552471 -50.261335
23.810841 26.603740 -50.261335
23.950913 26.743812 -50.261335
24.326606 26.935154 -50.478108
24.231872 27.288707 -50.478108
23.973053 27.547526 -50.478108
23.619499 27.642261 -50.478108
23.265946 27.547526 -50.478108
23.007127 27.288707 -50.478108
22.912392 26.935154 -50.478108
23.007127 26.581601 -50.478108
23.265946 26.322782 -50.478108
23.619499 26.228047 -50.478108
23.973053 26.322782 -50.478108
24.231872 26.581601 -50.478108
24.543379 26.935154 -50.802532
24.419602 27.397094 -50.802532
24.081439 27.735257 -50.802532
23.619499 27.859033 -50.802532
23.157559 27.735257 -50.802532
22.819396 27.397094 -50.802532
22.695620 26.935154 -50.802532
22.819396 26.473214 -50.802532
23.157559 26.135051 -50.802532
23.619499 26.011274 -50.802532
24.081439 26.135051 -50.802532
24.419602 26.473214 -50.802532
24.619499 26.935154 -51.185215
24.485525 27.435154 -51.185215
24.119499 27.801179 -51.185215
23.619499 27.935154 -51.185215
23.119499 27.801179 -51.185215
22.753474 27.435154 -51.185215
22.619499 26.935154 -51.185215
22.753474 26.435154 -51.185215
23.119499 26.069129 -51.185215
23.619499 25.935154 -51.185215
24.119499 26.069129 -51.185215
24.485525 26.435154 -51.185215
24.543379 26.935154 -51.567898
24.419602 27.397094 -51.567898
24.081439 27.735257 -51.567898
23.619499 27.859033 -51.567898
23.157559 27.735257 -51.567898
22.819396 27.397094 -51.567898
22.695620 26.935154 -51.567898
22.819396 26.473214 -51.567898
23.157559 26.135051 -51.567898
23.619499 26.011274 -51.567898
24.081439 26.135051 -51.567898
24.419602 26.473214 -51.567898
24.326606 26.935154 -51.892322
24.231872 27.288707 -51.892322
23.973053 27.547526 -51.892322
23.619499 27.642261 -51.892322
23.265946 27.547526 -51.892322
23.007127 27.288707 -51.892322
22.912392 26.935154 -51.892322
23.007127 26.581601 -51.892322
23.265946 26.322782 -51.892322
23.619499 26.228047 -51.892322
23.973053 26.322782 -51.892322
24.231872 26.581601 -51.892322
24.002183 26.935154 -52.109095
23.950913 27.126496 -52.109095
23.810841 27.266568 -52.109095
23.619499 27.317837 -52.109095
23.428157 27.266568 -52.109095
23.288086 27.126496 -52.109095
23.236816 26.935154 -52.109095
23.288086 26.743812 -52.109095
23.428157 26.603740 -52.109095
23.619499 26.552471 -52.109095
23.810841 26.603740 -52.109095
23.950913 26.743812 -52.109095
23.619499 26.935154 -52.185215
21.254974 28.519033 -50.676559
21.637658 28.519033 -50.752680
21.586388 28.710375 -50.752680
21.446316 28.850447 -50.752680
21.254974 28.901717 -50.752680
21.063633 28.850447 -50.752680
20.923561 28.710375 -50.752680
20.872291 28.519033 -50.752680
20.923561 28.327692 -50.752680
21.063633 28.187620 -50.752680
21.254974 28.136350 -50.752680
21.446316 28.187620 -50.752680
21.586388 28.327692 -50.752680
21.962081 28.519033 -50.969453
21.867347 28.872587 -50.969453
21.608528 29.131406 -50.969453
21.254974 29.226140 -50.969453
20.901421 29.131406 -50.969453
20.642602 28.872587 -50.969453
20.547868 28.519033 -50.969453
20.642602 28.165480 -50.969453
20.901421 27.906661 -50.969453
21.254974 27.811927 -50.969453
21.608528 27.906661 -50.969453
21.867347 28.165480 -50.969453
22.178854 28.519033 -51.293876
22.055078 28.980973 -51.293876
21.716914 29.319137 -51.293876
21.254974 29.442913 -51.293876
20.793035 29.319137 -51.293876
20.454871 28.980973 -51.293876
20.331095 28.519033 -51.293876
20.454871 28.057094 -51.293876
20.793035 27.718930 -51.293876
21.254974 27.595154 -51.293876
21.716914 27.718930 -51.293876
22.055078 28.057094 -51.293876
22.254974 28.519033 -51.676559
22.121000 29.019033 -51.676559
21.754974 29.385059 -51.676559
21.254974 29.519033 -51.676559
20.754974 29.385059 -51.676559
20.388949 29.019033 -51.676559
20.254974 28.519033 -51.676559
20.388949 28.019033 -51.676559
20.754974 27.653008 -51.676559
21.254974 27.519033 -51.676559
21.754974 27.653008 -51.676559
22.121000 28.019033 -51.676559
22.178854 28.519033 -52.059243
22.055078 28.980973 -52.059243
21.716914 29.319137 -52.059243
21.254974 29.442913 -52.059243
20.793035 29.319137 -52.059243
20.454871 28.980973 -52.059243
20.331095 28.519033 -52.059243
20.454871 28.057094 -52.059243
20.793035 27.718930 -52.059243
21.254974 27.595154 -52.059243
21.716914 27.718930 -52.059243
22.055078 28.057094 -52.059243
21.962081 28.519033 -52.383666
21.867347 28.872587 -52.383666
21.608528 29.131406 -52.383666
21.254974 29.226140 -52.383666
20.901421 29.131406 -52.383666
20.642602 28.872587 -52.383666
20.547868 28.519033 -52.383666
20.642602 28.165480 -52.383666
20.901421 27.906661 -52.383666
21.254974 27.811927 -52.383666
21.608528 27.906661 -52.383666
21.867347 28.165480 -52.383666
21.637658 28.519033 -52.600439
21.586388 28.710375 -52.600439
21.446316 28.850447 -52.600439
21.254974 28.901717 -52.600439
21.063633 28.850447 -52.600439
20.923561 28.710375 -52.600439
20.872291 28.519033 -52.600439
20.923561 28.327692 -52.600439
21.063633 28.187620 -52.600439
21.254974 28.136350 -52.600439
21.446316 28.187620 -52.600439
21.586388 28.327692 -52.600439
21.254974 28.519033 -52.676559
18.462599 29.143570 -51.596416
18.845282 29.143570 -51.672537
18.794012 29.334912 -51.672537
18.653941 29.474984 -51.672537
18.462599 29.526253 -51.672537
18.271257 29.474984 -51.672537
18.131185 29.334912 -51.672537
18.079915 29.143570 -51.672537
18.131185 28.952228 -51.672537
18.271257 28.812156 -51.672537
18.462599 28.760887 -51.672537
18.653941 28.812156 -51.672537
18.794012 28.952228 -51.672537
19.169706 29.143570 -51.889310
19.074971 29.497123 -51.889310
18.816152 29.755942 -51.889310
18.462599 29.850677 -51.889310
18.109045 29.755942 -51.889310
17.850226 29.497123 -51.889310
17.755492 29.143570 -51.889310
17.850226 28.790017 -51.889310
18.109045 28.531198 -51.889310
18.462599 28.436463 -51.889310
18.816152 28.531198 -51.889310
19.074971 28.790017 -51.889310
19.386478 29.143570 -52.213733
19.262702 29.605510 -52.213733
18.924539 29.943673 -52.213733
18.462599 30.067449 -52.213733
18.000659 29.943673 -52.213733
17.662496 29.605510 -52.213733
17.538719 29.143570 -52.213733
17.662496 28.681630 -52.213733
18.000659 28.343467 -52.213733
18.462599 28.219690 -52.213733
18.924539 28.343467 -52.213733
19.262702 28.681630 -52.213733
19.462599 29.143570 -52.596416
19.328624 29.643570 -52.596416
18.962599 30.009595 -52.596416
18.462599 30.143570 -52.596416
17.962599 30.009595 -52.596416
17.596573 29.643570 -52.596416
17.462599 29.143570 -52.596416
17.596573 28.643570 -52.596416
17.962599 28.277545 -52.596416
18.462599 28.143570 -52.596416
18.962599 28.277545 -52.596416
19.328624 28.643570 -52.596416
19.386478 29.143570 -52.979100
19.262702 29.605510 -52.979100
18.924539 29.943673 -52.979100
18.462599 30.067449 -52.979100
18.000659 29.943673 -52.979100
17.662496 29.605510 -52.979100
17.538719 29.143570 -52.979100
17.662496 28.681630 -52.979100
18.000659 28.343467 -52.979100
18.462599 28.219690 -52.979100
18.924539 28.343467 -52.979100
19.262702 28.681630 -52.979100
19.169706 29.143570 -53.303523
19.074971 29.497123 -53.303523
18.816152 29.755942 -53.303523
18.462599 29.850677 -53.303523
18.109045 29.755942 -53.303523
17.850226 29.497123 -53.303523
17.755492 29.143570 -53.303523
17.850226 28.790017 -53.303523
18.109045 28.531198 -53.303523
18.462599 28.436463 -53.303523
18.816152 28.531198 -53.303523
19.074971 28.790017 -53.303523
18.845282 29.143570 -53.520296
18.794012 29.334912 -53.520296
18.653941 29.474984 -53.520296
18.462599 29.526253 -53.520296
18.271257 29.474984 -53.520296
18.131185 29.334912 -53.520296
18.079915 29.143570 -53.520296
18.131185 28.952228 -53.520296
18.271257 28.812156 -53.520296
18.462599 28.760887 -53.520296
18.653941 28.812156 -53.520296
18.794012 28.952228 -53.520296
18.462599 29.143570 -53.596416
15.546329 29.504904 -52.424557
15.929012 29.504904 -52.500677
15.877742 29.696246 -52.500677
15.737670 29.836317 -52.500677
15.546329 29.887587 -52.500677
15.354987 29.836317 -52.500677
15.214915 29.696246 -52.500677
15.163645 29.504904 -52.500677
15.214915 29.313562 -52.500677
15.354987 29.173490 -52.500677
15.546329 29.122220 -52.500677
15.737670 29.173490 -52.500677
15.877742 29.313562 -52.500677
16.253435 29.504904 -52.717450
16.158701 29.858457 -52.717450
15.899882 30.117276 -52.717450
15.546329 30.212011 -52.717450
15.192775 30.117276 -52.717450
14.933956 29.858457 -52.717450
14.839222 29.504904 -52.717450
14.933956 29.151350 -52.717450
15.192775 28.892531 -52.717450
15.546329 28.797797 -52.717450
15.899882 28.892531 -52.717450
16.158701 29.151350 -52.717450
16.470208 29.504904 -53.041873
16.346432 29.966844 -53.041873
16.008268 30.305007 -53.041873
15.546329 30.428783 -53.041873
15.084389 30.305007 -53.041873
14.746225 29.966844 -53.041873
14.622449 29.504904 -53.041873
14.746225 29.042964 -53.041873
15.084389 28.704801 -53.041873
15.546329 28.581024 -53.041873
16.008268 28.704801 -53.041873
16.346432 29.042964 -53.041873
16.546329 29.504904 -53.424557
16.412354 30.004904 -53.424557
16.046329 30.370929 -53.424557
15.546329 30.504904 -53.424557
15.046329 30.370929 -53.424557
14.680303 30.004904 -53.424557
14.546329 29.504904 -53.424557
14.680303 29.004904 -53.424557
15.046329 28.638878 -53.424557
15.546329 28.504904 -53.424557
16.046329 28.638878 -53.424557
16.412354 29.004904 -53.424557
16.470208 29.504904 -53.807240
16.346432 29.966844 -53.807240
16.008268 30.305007 -53.807240
15.546329 30.428783 -53.807240
15.084389 30.305007 -53.807240
14.746225 29.966844 -53.807240
14.622449 29.504904 -53.807240
14.746225 29.042964 -53.807240
15.084389 28.704801 -53.807240
15.546329 28.581024 -53.807240
16.008268 28.704801 -53.807240
16.346432 29.042964 -53.807240
16.253435 29.504904 -54.131664
16.158701 29.858457 -54.131664
15.899882 30.117276 -54.131664
15.546329 30.212011 -54.131664
15.192775 30.117276 -54.131664
14.933956 29.858457 -54.131664
14.839222 29.504904 -54.131664
14.933956 29.151350 -54.131664
15.192775 28.892531 -54.131664
15.546329 28.797797 -54.131664
15.899882 28.892531 -54.131664
16.158701 29.151350 -54.131664
15.929012 29.504904 -54.348436
15.877742 29.696246 -54.348436
15.737670 29.836317 -54.348436
15.546329 29.887587 -54.348436
15.354987 29.836317 -54.348436
15.214915 29.696246 -54.348436
15.163645 29.504904 -54.348436
15.214915 29.313562 -54.348436
15.354987 29.173490 -54.348436
15.546329 29.122220 -54.348436
15.737670 29.173490 -54.348436
15.877742 29.313562 -54.348436
15.546329 29.504904 -54.424557
12.487711 29.495306 -53.052708
12.870394 29.495306 -53.128828
12.819125 29.686648 -53.128828
12.679053 29.826720 -53.128828
12.487711 29.877989 -53.128828
12.296369 29.826720 -53.128828
12.156297 29.686648 -53.128828
12.105028 29.495306 -53.128828
12.156297 29.303964 -53.128828
12.296369 29.163892 -53.128828
12.487711 29.112623 -53.128828
12.679053 29.163892 -53.128828
12.819125 29.303964 -53.128828
13.194818 29.495306 -53.345601
13.100083 29.848859 -53.345601
12.841264 30.107678 -53.345601
12.487711 30.202413 -53.345601
12.134158 30.107678 -53.345601
11.875339 29.848859 -53.345601
11.780604 29.495306 -53.345601
11.875339 29.141753 -53.345601
12.134158 28.882934 -53.345601
12.487711 28.788199 -53.345601
12.841264 28.882934 -53.345601
13.100083 29.141753 -53.345601
13.411590 29.495306 -53.670024
13.287814 29.957246 -53.670024
12.949651 30.295409 -53.670024
12.487711 30.419186 -53.670024
12.025771 30.295409 -53.670024
11.687608 29.957246 -53.670024
11.563831 29.495306 -53.670024
11.687608 29.033366 -53.670024
12.025771 28.695203 -53.670024
12.487711 28.571426 -53.670024
12.949651 28.695203 -53.670024
13.287814 29.033366 -53.670024
13.487711 29.495306 -54.052708
13.353736 29.995306 -54.052708
12.987711 30.361331 -54.052708
12.487711 30.495306 -54.052708
11.987711 30.361331 -54.052708
11.621686 29.995306 -54.052708
11.487711 29.495306 -54.052708
11.621686 28.995306 -54.052708
11.987711 28.629281 -54.052708
12.487711 28.495306 -54.052708
12.987711 28.629281 -54.052708
13.353736 28.995306 -54.052708
13.411590 29.495306 -54.435391
13.287814 29.957246 -54.435391
12.949651 30.295409 -54.435391
12.487711 30.419186 -54.435391
12.025771 30.295409 -54.435391
11.687608 29.957246 -54.435391
11.563831 29.495306 -54.435391
11.687608 29.033366 -54.435391
12.025771 28.695203 -54.435391
12.487711 28.571426 -54.435391
12.949651 28.695203 -54.435391
13.287814 29.033366 -54.435391
13.194818 29.495306 -54.759814
13.100083 29.848859 -54.759814
12.841264 30.107678 -54.759814
12.487711 30.202413 -54.759814
12.134158 30.107678 -54.759814
11.875339 29.848859 -54.759814
11.780604 29.495306 -54.759814
11.875339 29.141753 -54.759814
12.134158 28.882934 -54.759814
12.487711 28.788199 -54.759814
12.841264 28.882934 -54.759814
13.100083 29.141753 -54.759814
12.870394 29.495306 -54.976587
12.819125 29.686648 -54.976587
12.679053 29.826720 -54.976587
12.487711 29.877989 -54.976587
12.296369 29.826720 -54.976587
12.156297 29.686648 -54.976587
12.105028 29.495306 -54.976587
12.156297 29.303964 -54.976587
12.296369 29.163892 -54.976587
12.487711 29.112623 -54.976587
12.679053 29.163892 -54.976587
12.819125 29.303964 -54.976587
12.487711 29.495306 -55.052708
9.512911 30.262575 -52.880325
9.895594 30.262575 -52.956446
9.844324 30.453917 -52.956446
9.704253 30.593989 -52.956446
9.512911 30.645259 -52.956446
9.321569 30.593989 -52.956446
9.181497 30.453917 -52.956446
9.130227 30.262575 -52.956446
9.181497 30.071233 -52.956446
9.321569 29.931162 -52.956446
9.512911 29.879892 -52.956446
9.704253 29.931162 -52.956446
9.844324 30.071233 -52.956446
10.220018 30.262575 -53.173219
10.125283 30.616129 -53.173219
9.866464 30.874948 -53.173219
9.512911 30.969682 -53.173219
9.159357 30.874948 -53.173219
8.900538 30.616129 -53.173219
8.805804 30.262575 -53.173219
8.900538 29.909022 -53.173219
9.159357 29.650203 -53.173219
9.512911 29.555468 -53.173219
9.866464 29.650203 -53.173219
10.125283 29.909022 -53.173219
10.436790 30.262575 -53.497642
10.313014 30.724515 -53.497642
9.974851 31.062678 -53.497642
9.512911 31.186455 -53.497642
9.050971 31.062678 -53.497642
8.712808 30.724515 -53.497642
8.589031 30.262575 -53.497642
8.712808 29.800635 -53.497642
9.050971 29.462472 -53.497642
9.512911 29.338696 -53.497642
9.974851 29.462472 -53.497642
10.313014 29.800635 -53.497642
10.512911 30.262575 -53.880325
10.378936 30.762575 -53.880325
10.012911 31.128601 -53.880325
9.512911 31.262575 -53.880325
9.012911 31.128601 -53.880325
8.646885 30.762575 -53.880325
8.512911 30.262575 -53.880325
8.646885 29.762575 -53.880325
9.012911 29.396550 -53.880325
9.512911 29.262575 -53.880325
10.012911 29.396550 -53.880325
10.378936 29.762575 -53.880325
10.436790 30.262575 -54.263009
10.313014 30.724515 -54.263009
9.974851 31.062678 -54.263009
9.512911 31.186455 -54.263009
9.050971 31.062678 -54.263009
8.712808 30.724515 -54.263009
8.589031 30.262575 -54.263009
8.712808 29.800635 -54.263009
9.050971 29.462472 -54.263009
9.512911 29.338696 -54.263009
9.974851 29.462472 -54.263009
10.313014 29.800635 -54.263009
10.220018 30.262575 -54.587432
10.125283 30.616129 -54.587432
9.866464 30.874948 -54.587432
9.512911 30.969682 -54.587432
9.159357 30.874948 -54.587432
8.900538 30.616129 -54.587432
8.805804 30.262575 -54.587432
8.900538 29.909022 -54.587432
9.159357 29.650203 -54.587432
9.512911 29.555468 -54.587432
9.866464 29.650203 -54.587432
10.125283 29.909022 -54.587432
9.895594 30.262575 -54.804205
9.844324 30.453917 -54.804205
9.704253 30.593989 -54.804205
9.512911 30.645259 -54.804205
9.321569 30.593989 -54.804205
9.181497 30.453917 -54.804205
9.130227 30.262575 -54.804205
9.181497 30.071233 -54.804205
9.321569 29.931162 -54.804205
9.512911 29.879892 -54.804205
9.704253 29.931162 -54.804205
9.844324 30.071233 -54.804205
9.512911 30.262575 -54.880325
6.632730 29.611906 -53.739811
7.015414 29.611906 -53.815931
6.964144 29.803248 -53.815931
6.824072 29.943320 -53.815931
6.632730 29.994589 -53.815931
6.441389 29.943320 -53.815931
6.301317 29.803248 -53.815931
6.250047 29.611906 -53.815931
6.301317 29.420564 -53.815931
6.441389 29.280492 -53.815931
6.632730 29.229223 -53.815931
6.824072 29.280492 -53.815931
6.964144 29.420564 -53.815931
7.339837 29.611906 -54.032704
7.245103 29.965459 -54.032704
6.986284 30.224278 -54.032704
6.632730 30.319013 -54.032704
6.279177 30.224278 -54.032704
6.020358 29.965459 -54.032704
5.925624 29.611906 -54.032704
6.020358 29.258353 -54.032704
6.279177 28.999534 -54.032704
6.632730 28.904799 -54.032704
6.986284 28.999534 -54.032704
7.245103 29.258353 -54.032704
7.556610 29.611906 -54.357128
7.432834 30.073846 -54.357128
7.094670 30.412009 -54.357128
6.632730 30.535786 -54.357128
6.170791 30.412009 -54.357128
5.832627 30.073846 -54.357128
5.708851 29.611906 -54.357128
5.832627 29.149966 -54.357128
6.170791 28.811803 -54.357128
6.632730 28.688027 -54.357128
7.094670 28.811803 -54.357128
7.432834 29.149966 -54.357128
7.632730 29.611906 -54.739811
7.498756 30.111906 -54.739811
7.132730 30.477931 -54.739811
6.632730 30.611906 -54.739811
6.132730 30.477931 -54.739811
5.766705 30.111906 -54.739811
5.632730 29.611906 -54.739811
5.766705 29.111906 -54.739811
6.132730 28.745881 -54.739811
6.632730 28.611906 -54.739811
7.132730 28.745881 -54.739811
7.498756 29.111906 -54.739811
7.556610 29.611906 -55.122494
7.432834 30.073846 -55.122494
7.094670 30.412009 -55.122494
6.632730 30.535786 -55.122494
6.170791 30.412009 -55.122494
5.832627 30.073846 -55.122494
5.708851 29.611906 -55.122494
5.832627 29.149966 -55.122494
6.170791 28.811803 -55.122494
6.632730 28.688027 -55.122494
7.094670 28.811803 -55.122494
7.432834 29.149966 -55.122494
7.339837 29.611906 -55.446918
7.245103 29.965459 -55.446918
6.986284 30.224278 -55.446918
6.632730 30.319013 -55.446918
6.279177 30.224278 -55.446918
6.020358 29.965459 -55.446918
5.925624 29.611906 -55.446918
6.020358 29.258353 -55.446918
6.279177 28.999534 -55.446918
6.632730 28.904799 -55.446918
6.986284 28.999534 -55.446918
7.245103 29.258353 -55.446918
7.015414 29.611906 -55.663690
6.964144 29.803248 -55.663690
6.824072 29.943320 -55.663690
6.632730 29.994589 -55.663690
6.441389 29.943320 -55.663690
6.301317 29.803248 -55.663690
6.250047 29.611906 -55.663690
6.301317 29.420564 -55.663690
6.441389 29.280492 -55.663690
6.632730 29.229223 -55.663690
6.824072 29.280492 -55.663690
6.964144 29.420564 -55.663690
6.632730 29.611906 -55.739811
3.774637 28.397812 -54.615108
4.157320 28.397812 -54.691229
4.106050 28.589154 -54.691229
3.965978 28.729225 -54.691229
3.774637 28.780495 -54.691229
3.583295 28.729225 -54.691229
3.443223 28.589154 -54.691229
3.391953 28.397812 -54.691229
3.443223 28.206470 -54.691229
3.583295 28.066398 -54.691229
3.774637 28.015128 -54.691229
3.965978 28.066398 -54.691229
4.106050 28.206470 -54.691229
4.481743 28.397812 -54.908002
4.387009 28.751365 -54.908002
4.128190 29.010184 -54.908002
3.774637 29.104919 -54.908002
3.421083 29.010184 -54.908002
3.162264 28.751365 -54.908002
3.067530 28.397812 -54.908002
3.162264 28.044258 -54.908002
3.421083 27.785439 -54.908002
3.774637 27.690705 -54.908002
4.128190 27.785439 -54.908002
4.387009 28.044258 -54.908002
4.698516 28.397812 -55.232425
4.574740 28.859752 -55.232425
4.236576 29.197915 -55.232425
3.774637 29.321691 -55.232425
3.312697 29.197915 -55.232425
2.974533 28.859752 -55.232425
2.850757 28.397812 -55.232425
2.974533 27.935872 -55.232425
3.312697 27.597709 -55.232425
3.774637 27.473932 -55.232425
4.236576 27.597709 -55.232425
4.574740 27.935872 -55.232425
4.774637 28.397812 -55.615108
4.640662 28.897812 -55.615108
4.274637 29.263837 -55.615108
3.774637 29.397812 -55.615108
3.274637 29.263837 -55.615108
2.908611 28.897812 -55.615108
2.774637 28.397812 -55.615108
2.908611 27.897812 -55.615108
3.274637 27.531786 -55.615108
3.774637 27.397812 -55.615108
4.274637 27.531786 -55.615108
4.640662 27.897812 -55.615108
4.698516 28.397812 -55.997792
4.574740 28.859752 -55.997792
4.236576 29.197915 -55.997792
3.774637 29.321691 -55.997792
3.312697 29.197915 -55.997792
2.974533 28.859752 -55.997792
2.850757 28.397812 -55.997792
2.974533 27.935872 -55.997792
3.312697 27.597709 -55.997792
3.774637 27.473932 -55.997792
4.236576 27.597709 -55.997792
4.574740 27.935872 -55.997792
4.481743 28.397812 -56.322215
4.387009 28.751365 -56.322215
4.128190 29.010184 -56.322215
3.774637 29.104919 -56.322215
3.421083 29.010184 -56.322215
3.162264 28.751365 -56.322215
3.067530 28.397812 -56.322215
3.162264 28.044258 -56.322215
3.421083 27.785439 -56.322215
3.774637 27.690705 -56.322215
4.128190 27.785439 -56.322215
4.387009 28.044258 -56.322215
4.157320 28.397812 -56.538988
4.106050 28.589154 -56.538988
3.965978 28.729225 -56.538988
3.774637 28.780495 -56.538988
3.583295 28.729225 -56.538988
3.443223 28.589154 -56.538988
3.391953 28.397812 -56.538988
3.443223 28.206470 -56.538988
3.583295 28.066398 -56.538988
3.774637 28.015128 -56.538988
3.965978 28.066398 -56.538988
4.106050 28.206470 -56.538988
3.774637 28.397812 -56.615108
1.159796 27.133232 -55.125755
1.542479 27.133232 -55.201876
1.491209 27.324574 -55.201876
1.351138 27.464646 -55.201876
1.159796 27.515916 -55.201876
0.968454 27.464646 -55.201876
0.828382 27.324574 -55.201876
0.777112 27.133232 -55.201876
0.828382 26.941890 -55.201876
0.968454 26.801819 -55.201876
1.159796 26.750549 -55.201876
1.351138 26.801819 -55.201876
1.491209 26.941890 -55.201876
1.866903 27.133232 -55.418649
1.772168 27.486786 -55.418649
1.513349 27.745605 -55.418649
1.159796 27.840339 -55.418649
0.806242 27.745605 -55.418649
0.547423 27.486786 -55.418649
0.452689 27.133232 -55.418649
0.547423 26.779679 -55.418649
0.806242 26.520860 -55.418649
1.159796 26.426125 -55.418649
1.513349 26.520860 -55.418649
1.772168 26.779679 -55.418649
2.083675 27.133232 -55.743072
1.959899 27.595172 -55.743072
1.621736 27.933335 -55.743072
1.159796 28.057112 -55.743072
0.697856 27.933335 -55.743072
0.359693 27.595172 -55.743072
0.235916 27.133232 -55.743072
0.359693 26.671292 -55.743072
0.697856 26.333129 -55.743072
1.159796 26.209353 -55.743072
1.621736 26.333129 -55.743072
1.959899 26.671292 -55.743072
2.159796 27.133232 -56.125755
2.025821 27.633232 -56.125755
1.659796 27.999258 -56.125755
1.159796 28.133232 -56.125755
0.659796 27.999258 -56.125755
0.293770 27.633232 -56.125755
0.159796 27.133232 -56.125755
0.293770 26.633232 -56.125755
0.659796 26.267207 -56.125755
1.159796 26.133232 -56.125755
1.659796 26.267207 -56.125755
2.025821 26.633232 -56.125755
2.083675 27.133232 -56.508439
1.959899 27.595172 -56.508439
1.621736 27.933335 -56.508439
1.159796 28.057112 -56.508439
0.697856 27.933335 -56.508439
0.359693 27.595172 -56.508439
0.235916 27.133232 -56.508439
0.359693 26.671292 -56.508439
0.697856 26.333129 -56.508439
1.159796 26.209353 -56.508439
1.621736 26.333129 -56.508439
1.959899 26.671292 -56.508439
1.866903 27.133232 -56.832862
1.772168 27.486786 -56.832862
1.513349 27.745605 -56.832862
1.159796 27.840339 -56.832862
0.806242 27.745605 -56.832862
0.547423 27.486786 -56.832862
0.452689 27.133232 -56.832862
0.547423 26.779679 -56.832862
0.806242 26.520860 -56.832862
1.159796 26.426125 -56.832862
1.513349 26.520860 -56.832862
1.772168 26.779679 -56.832862
1.542479 27.133232 -57.049635
1.491209 27.324574 -57.049635
1.351138 27.464646 -57.049635
1.159796 27.515916 -57.049635
0.968454 27.464646 -57.049635
0.828382 27.324574 -57.049635
0.777112 27.133232 -57.049635
0.828382 26.941890 -57.049635
0.968454 26.801819 -57.049635
1.159796 26.750549 -57.049635
1.351138 26.801819 -57.049635
1.491209 26.941890 -57.049635
1.159796 27.133232 -57.125755
-2.135074 25.184490 -55.116577
-1.752391 25.184490 -55.192698
-1.803661 25.375832 -55.192698
-1.943732 25.515904 -55.192698
-2.135074 25.567174 -55.192698
-2.326416 25.515904 -55.192698
-2.466488 25.375832 -55.192698
-2.517758 25.184490 -55.192698
-2.466488 24.993148 -55.192698
-2.326416 24.853077 -55.192698
-2.135074 24.801807 -55.192698
-1.943732 24.853077 -55.192698
-1.803661 24.993148 -55.192698
-1.427967 25.184490 -55.409470
-1.522702 25.538044 -55.409470
-1.781521 25.796863 -55.409470
-2.135074 25.891597 -55.409470
-2.488628 25.796863 -55.409470
-2.747447 25.538044 -55.409470
-2.842181 25.184490 -55.409470
-2.747447 24.830937 -55.409470
-2.488628 24.572118 -55.409470
-2.135074 24.477383 -55.409470
-1.781521 24.572118 -55.409470
-1.522702 24.830937 -55.409470
-1.211195 25.184490 -55.733894
-1.334971 25.646430 -55.733894
-1.673134 25.984593 -55.733894
-2.135074 26.108370 -55.733894
-2.597014 25.984593 -55.733894
-2.935177 25.646430 -55.733894
-3.058954 25.184490 -55.733894
-2.935177 24.722550 -55.733894
-2.597014 24.384387 -55.733894
-2.135074 24.260611 -55.733894
-1.673134 24.384387 -55.733894
-1.334971 24.722550 -55.733894
-1.135074 25.184490 -56.116577
-1.269049 25.684490 -56.116577
-1.635074 26.050516 -56.116577
-2.135074 26.184490 -56.116577
-2.635074 26.050516 -56.116577
-3.001100 25.684490 -56.116577
-3.135074 25.184490 -56.116577
-3.001100 24.684490 -56.116577
-2.635074 24.318465 -56.116577
-2.135074 24.184490 -56.116577
-1.635074 24.318465 -56.116577
-1.269049 24.684490 -56.116577
-1.211195 25.184490 -56.499261
-1.334971 25.646430 -56.499261
-1.673134 25.984593 -56.499261
-2.135074 26.108370 -56.499261
-2.597014 25.984593 -56.499261
-2.935177 25.646430 -56.499261
-3.058954 25.184490 -56.499261
-2.935177 24.722550 -56.499261
-2.597014 24.384387 -56.499261
-2.135074 24.260611 -56.499261
-1.673134 24.384387 -56.499261
-1.334971 24.722550 -56.499261
-1.427967 25.184490 -56.823684
-1.522702 25.538044 -56.823684
-1.781521 25.796863 -56.823684
-2.135074 25.891597 -56.823684
-2.488628 25.796863 -56.823684
-2.747447 25.538044 -56.823684
-2.842181 25.184490 -56.823684
-2.747447 24.830937 -56.823684
-2.488628 24.572118 -56.823684
-2.135074 24.477383 -56.823684
-1.781521 24.572118 -56.823684
-1.522702 24.830937 -56.823684
-1.752391 25.184490 -57.040457
-1.803661 25.375832 -57.040457
-1.943732 25.515904 -57.040457
-2.135074 25.567174 -57.040457
-2.326416 25.515904 -57.040457
-2.466488 25.375832 -57.040457
-2.517758 25.184490 -57.040457
-2.466488 24.993148 -57.040457
-2.326416 24.853077 -57.040457
-2.135074 24.801807 -57.040457
-1.943732 24.853077 -57.040457
-1.803661 24.993148 -57.040457
-2.135074 25.184490 -57.116577
-5.313363 23.265694 -54.767345
-4.930679 23.265694 -54.843466
-4.981949 23.457035 -54.843466
-5.122021 23.597107 -54.843466
-5.313363 23.648377 -54.843466
-5.504704 23.597107 -54.843466
-5.644776 23.457035 -54.843466
-5.696046 23.265694 -54.843466
-5.644776 23.074352 -54.843466
-5.504704 22.934280 -54.843466
-5.313363 22.883010 -54.843466
-5.122021 22.934280 -54.843466
-4.981949 23.074352 -54.843466
-4.606256 23.265694 -55.060239
-4.700990 23.619247 -55.060239
-4.959809 23.878066 -55.060239
-5.313363 23.972800 -55.060239
-5.666916 23.878066 -55.060239
-5.925735 23.619247 -55.060239
-6.020469 23.265694 -55.060239
-5.925735 22.912140 -55.060239
-5.666916 22.653321 -55.060239
-5.313363 22.558587 -55.060239
-4.959809 22.653321 -55.060239
-4.700990 22.912140 -55.060239
-4.389483 23.265694 -55.384662
-4.513259 23.727633 -55.384662
-4.851423 24.065797 -55.384662
-5.313363 24.189573 -55.384662
-5.775302 24.065797 -55.384662
-6.113466 23.727633 -55.384662
-6.237242 23.265694 -55.384662
-6.113466 22.803754 -55.384662
-5.775302 22.465591 -55.384662
-5.313363 22.341814 -55.384662
-4.851423 22.465591 -55.384662
-4.513259 22.803754 -55.384662
-4.313363 23.265694 -55.767345
-4.447337 23.765694 -55.767345
-4.813363 24.131719 -55.767345
-5.313363 24.265694 -55.767345
-5.813363 24.131719 -55.767345
-6.179388 23.765694 -55.767345
-6.313363 23.265694 -55.767345
-6.179388 22.765694 -55.767345
-5.813363 22.399668 -55.767345
-5.313363 22.265694 -55.767345
-4.813363 22.399668 -55.767345
-4.447337 22.765694 -55.767345
-4.389483 23.265694 -56.150029
-4.513259 23.727633 -56.150029
-4.851423 24.065797 -56.150029
-5.313363 24.189573 -56.150029
-5.775302 24.065797 -56.150029
-6.113466 23.727633 -56.150029
-6.237242 23.265694 -56.150029
-6.113466 22.803754 -56.150029
-5.775302 22.465591 -56.150029
-5.313363 22.341814 -56.150029
-4.851423 22.465591 -56.150029
-4.513259 22.803754 -56.150029
-4.606256 23.265694 -56.474452
-4.700990 23.619247 -56.474452
-4.959809 23.878066 -56.474452
-5.313363 23.972800 -56.474452
-5.666916 23.878066 -56.474452
-5.925735 23.619247 -56.474452
-6.020469 23.265694 -56.474452
-5.925735 22.912140 -56.474452
-5.666916 22.653321 -56.474452
-5.313363 22.558587 -56.474452
-4.959809 22.653321 -56.474452
-4.700990 22.912140 -56.474452
-4.930679 23.265694 -56.691225
-4.981949 23.457035 -56.691225
-5.122021 23.597107 -56.691225
-5.313363 23.648377 -56.691225
-5.504704 23.597107 -56.691225
-5.644776 23.457035 -56.691225
-5.696046 23.265694 -56.691225
-5.644776 23.074352 -56.691225
-5.504704 22.934280 -56.691225
-5.313363 22.883010 -56.691225
-5.122021 22.934280 -56.691225
-4.981949 23.074352 -56.691225
-5.313363 23.265694 -56.767345
-7.958392 22.743910 -53.756203
-7.575709 22.743910 -53.832323
-7.626979 22.935252 -53.832323
-7.767050 23.075323 -53.832323
-7.958392 23.126593 -53.832323
-8.149734 23.075323 -53.832323
-8.289806 22.935252 -53.832323
-8.341076 22.743910 -53.832323
-8.289806 22.552568 -53.832323
-8.149734 22.412496 -53.832323
-7.958392 22.361226 -53.832323
-7.767050 22.412496 -53.832323
-7.626979 22.552568 -53.832323
-7.251285 22.743910 -54.049096
-7.346020 23.097463 -54.049096
-7.604839 23.356282 -54.049096
-7.958392 23.451017 -54.049096
-8.311946 23.356282 -54.049096
-8.570765 23.097463 -54.049096
-8.665499 22.743910 -54.049096
-8.570765 22.390356 -54.049096
-8.311946 22.131537 -54.049096
-7.958392 22.036803 -54.049096
-7.604839 22.131537 -54.049096
-7.346020 22.390356 -54.049096
-7.034513 22.743910 -54.373519
-7.158289 23.205850 -54.373519
-7.496452 23.544013 -54.373519
-7.958392 23.667789 -54.373519
-8.420332 23.544013 -54.373519
-8.758495 23.205850 -54.373519
-8.882272 22.743910 -54.373519
-8.758495 22.281970 -54.373519
-8.420332 21.943807 -54.373519
-7.958392 21.820030 -54.373519
-7.496452 21.943807 -54.373519
-7.158289 22.281970 -54.373519
-6.958392 22.743910 -54.756203
-7.092367 23.243910 -54.756203
-7.458392 23.609935 -54.756203
-7.958392 23.743910 -54.756203
-8.458392 23.609935 -54.756203
-8.824418 23.243910 -54.756203
-8.958392 22.743910 -54.756203
-8.824418 22.243910 -54.756203
-8.458392 21.877884 -54.756203
-7.958392 21.743910 -54.756203
-7.458392 21.877884 -54.756203
-7.092367 22.243910 -54.756203
-7.034513 22.743910 -55.138886
-7.158289 23.205850 -55.138886
-7.496452 23.544013 -55.138886
-7.958392 23.667789 -55.138886
-8.420332 23.544013 -55.138886
-8.758495 23.205850 -55.138886
-8.882272 22.743910 -55.138886
-8.758495 22.281970 -55.138886
-8.420332 21.943807 -55.138886
-7.958392 21.820030 -55.138886
-7.496452 21.943807 -55.138886
-7.158289 22.281970 -55.138886
-7.251285 22.743910 -55.463309
-7.346020 23.097463 -55.463309
-7.604839 23.356282 -55.463309
-7.958392 23.451017 -55.463309
-8.311946 23.356282 -55.463309
-8.570765 23.097463 -55.463309
-8.665499 22.743910 -55.463309
-8.570765 22.390356 -55.463309
-8.311946 22.131537 -55.463309
-7.958392 22.036803 -55.463309
-7.604839 22.131537 -55.463309
-7.346020 22.390356 -55.463309
-7.575709 22.743910 -55.680082
-7.626979 22.935252 -55.680082
-7.767050 23.075323 -55.680082
-7.958392 23.126593 -55.680082
-8.149734 23.075323 -55.680082
-8.289806 22.935252 -55.680082
-8.341076 22.743910 -55.680082
-8.289806 22.552568 -55.680082
-8.149734 22.412496 -55.680082
-7.958392 22.361226 -55.680082
-7.767050 22.412496 -55.680082
-7.626979 22.552568 -55.680082
-7.958392 22.743910 -55.756203
-9.132030 20.492752 -53.666225
-8.749346 20.492752 -53.742346
-8.800616 20.684094 -53.742346
-8.940688 20.824166 -53.742346
-9.132030 20.875436 -53.742346
-9.323371 20.824166 -53.742346
-9.463443 20.684094 -53.742346
-9.514713 20.492752 -53.742346
-9.463443 20.301410 -53.742346
-9.323371 20.161339 -53.742346
-9.132030 20.110069 -53.742346
-8.940688 20.161339 -53.742346
-8.800616 20.301410 -53.742346
-8.424923 20.492752 -53.959119
-8.519657 20.846305 -53.959119
-8.778476 21.105125 -53.959119
-9.132030 21.199859 -53.959119
-9.485583 21.105125 -53.959119
-9.744402 20.846305 -53.959119
-9.839136 20.492752 -53.959119
-9.744402 20.139199 -53.959119
-9.485583 19.880380 -53.959119
-9.132030 19.785645 -53.959119
-8.778476 19.880380 -53.959119
-8.519657 20.139199 -53.959119
-8.208150 20.492752 -54.283542
-8.331926 20.954692 -54.283542
-8.670090 21.292855 -54.283542
-9.132030 21.416632 -54.283542
-9.593969 21.292855 -54.283542
-9.932133 20.954692 -54.283542
-10.055909 20.492752 -54.283542
-9.932133 20.030812 -54.283542
-9.593969 19.692649 -54.283542
-9.132030 19.568873 -54.283542
-8.670090 19.692649 -54.283542
-8.331926 20.030812 -54.283542
-8.132030 20.492752 -54.666225
-8.266004 20.992752 -54.666225
-8.632030 21.358777 -54.666225
-9.132030 21.492752 -54.666225
-9.632030 21.358777 -54.666225
-9.998055 20.992752 -54.666225
-10.132030 20.492752 -54.666225
-9.998055 19.992752 -54.666225
-9.632030 19.626727 -54.666225
-9.132030 19.492752 -54.666225
-8.632030 19.626727 -54.666225
-8.266004 19.992752 -54.666225
-8.208150 20.492752 -55.048909
-8.331926 20.954692 -55.048909
-8.670090 21.292855 -55.048909
-9.132030 21.416632 -55.048909
-9.593969 21.292855 -55.048909
-9.932133 20.954692 -55.048909
-10.055909 20.492752 -55.048909
-9.932133 20.030812 -55.048909
-9.593969 19.692649 -55.048909
-9.132030 19.568873 -55.048909
-8.670090 19.692649 -55.048909
-8.331926 20.030812 -55.048909
-8.424923 20.492752 -55.373332
-8.519657 20.846305 -55.373332
-8.778476 21.105125 -55.373332
-9.132030 21.199859 -55.373332
-9.485583 21.105125 -55.373332
-9.744402 20.846305 -55.373332
-9.839136 20.492752 -55.373332
-9.744402 20.139199 -55.373332
-9.485583 19.880380 -55.373332
-9.132030 19.785645 -55.373332
-8.778476 19.880380 -55.373332
-8.519657 20.139199 -55.373332
-8.749346 20.492752 -55.590105
-8.800616 20.684094 -55.590105
-8.940688 20.824166 -55.590105
-9.132030 20.875436 -55.590105
-9.323371 20.824166 -55.590105
-9.463443 20.684094 -55.590105
-9.514713 20.492752 -55.590105
-9.463443 20.301410 -55.590105
-9.323371 20.161339 -55.590105
-9.132030 20.110069 -55.590105
-8.940688 20.161339 -55.590105
-8.800616 20.301410 -55.590105
-9.132030 20.492752 -55.666225
-9.676724 18.219393 -53.609856
-9.294041 18.219393 -53.685976
-9.345311 18.410734 -53.685976
-9.485383 18.550806 -53.685976
-9.676724 18.602076 -53.685976
-9.868066 18.550806 -53.685976
-10.008138 18.410734 -53.685976
-10.059408 18.219393 -53.685976
-10.008138 18.028051 -53.685976
-9.868066 17.887979 -53.685976
-9.676724 17.836709 -53.685976
-9.485383 17.887979 -53.685976
-9.345311 18.028051 -53.685976
-8.969618 18.219393 -53.902749
-9.064352 18.572946 -53.902749
-9.323171 18.831765 -53.902749
-9.676724 18.926500 -53.902749
-10.030278 18.831765 -53.902749
-10.289097 18.572946 -53.902749
-10.383831 18.219393 -53.902749
-10.289097 17.865839 -53.902749
-10.030278 17.607020 -53.902749
-9.676724 17.512286 -53.902749
-9.323171 17.607020 -53.902749
-9.064352 17.865839 -53.902749
-8.752845 18.219393 -54.227172
-8.876621 18.681333 -54.227172
-9.214785 19.019496 -54.227172
-9.676724 19.143272 -54.227172
-10.138664 19.019496 -54.227172
-10.476828 18.681333 -54.227172
-10.600604 18.219393 -54.227172
-10.476828 17.757453 -54.227172
-10.138664 17.419290 -54.227172
-9.676724 17.295513 -54.227172
-9.214785 17.419290 -54.227172
-8.876621 17.757453 -54.227172
-8.676724 18.219393 -54.609856
-8.810699 18.719393 -54.609856
-9.176724 19.085418 -54.609856
-9.676724 19.219393 -54.609856
-10.176724 19.085418 -54.609856
-10.542750 18.719393 -54.609856
-10.676724 18.219393 -54.609856
-10.542750 17.719393 -54.609856
-10.176724 17.353367 -54.609856
-9.676724 17.219393 -54.609856
-9.176724 17.353367 -54.609856
-8.810699 17.719393 -54.609856
-8.752845 18.219393 -54.992539
-8.876621 18.681333 -54.992539
-9.214785 19.019496 -54.992539
-9.676724 19.143272 -54.992539
-10.138664 19.019496 -54.992539
-10.476828 18.681333 -54.992539
-10.600604 18.219393 -54.992539
-10.476828 17.757453 -54.992539
-10.138664 17.419290 -54.992539
-9.676724 17.295513 -54.992539
-9.214785 17.419290 -54.992539
-8.876621 17.757453 -54.992539
-8.969618 18.219393 -55.316962
-9.064352 18.572946 -55.316962
-9.323171 18.831765 -55.316962
-9.676724 18.926500 -55.316962
-10.030278 18.831765 -55.316962
-10.289097 18.572946 -55.316962
-10.383831 18.219393 -55.316962
-10.289097 17.865839 -55.316962
-10.030278 17.607020 -55.316962
-9.676724 17.512286 -55.316962
-9.323171 17.607020 -55.316962
-9.064352 17.865839 -55.316962
-9.294041 18.219393 -55.533735
-9.345311 18.410734 -55.533735
-9.485383 18.550806 -55.533735
-9.676724 18.602076 -55.533735
-9.868066 18.550806 -55.533735
-10.008138 18.410734 -55.533735
-10.059408 18.219393 -55.533735
-10.008138 18.028051 -55.533735
-9.868066 17.887979 -55.533735
-9.676724 17.836709 -55.533735
-9.485383 17.887979 -55.533735
-9.345311 18.028051 -55.533735
-9.676724 18.219393 -55.609856
-10.807635 15.972137 -52.843731
-10.424952 15.972137 -52.919851
-10.476222 16.163479 -52.919851
-10.616294 16.303551 -52.919851
-10.807635 16.354821 -52.919851
-10.998977 16.303551 -52.919851
-11.139049 16.163479 -52.919851
-11.190319 15.972137 -52.919851
-11.139049 15.780796 -52.919851
-10.998977 15.640724 -52.919851
-10.807635 15.589454 -52.919851
-10.616294 15.640724 -52.919851
-10.476222 15.780796 -52.919851
-10.100529 15.972137 -53.136624
-10.195263 16.325691 -53.136624
-10.454082 16.584510 -53.136624
-10.807635 16.679244 -53.136624
-11.161189 16.584510 -53.136624
-11.420008 16.325691 -53.136624
-11.514742 15.972137 -53.136624
-11.420008 15.618584 -53.136624
-11.161189 15.359765 -53.136624
-10.807635 15.265031 -53.136624
-10.454082 15.359765 -53.136624
-10.195263 15.618584 -53.136624
-9.883756 15.972137 -53.461047
-10.007532 16.434077 -53.461047
-10.345696 16.772241 -53.461047
-10.807635 16.896017 -53.461047
-11.269575 16.772241 -53.461047
-11.607738 16.434077 -53.461047
-11.731515 15.972137 -53.461047
-11.607738 15.510198 -53.461047
-11.269575 15.172034 -53.461047
-10.807635 15.048258 -53.461047
-10.345696 15.172034 -53.461047
-10.007532 15.510198 -53.461047
-9.807635 15.972137 -53.843731
-9.941610 16.472137 -53.843731
-10.307635 16.838163 -53.843731
-10.807635 16.972137 -53.843731
-11.307635 16.838163 -53.843731
-11.673661 16.472137 -53.843731
-11.807635 15.972137 -53.843731
-11.673661 15.472137 -53.843731
-11.307635 15.106112 -53.843731
-10.807635 14.972137 -53.843731
-10.307635 15.106112 -53.843731
-9.941610 15.472137 -53.843731
-9.883756 15.972137 -54.226414
-10.007532 16.434077 -54.226414
-10.345696 16.772241 -54.226414
-10.807635 16.896017 -54.226414
-11.269575 16.772241 -54.226414
-11.607738 16.434077 -54.226414
-11.731515 15.972137 -54.226414
-11.607738 15.510198 -54.226414
-11.269575 15.172034 -54.226414
-10.807635 15.048258 -54.226414
-10.345696 15.172034 -54.226414
-10.007532 15.510198 -54.226414
-10.100529 15.972137 -54.550838
-10.195263 16.325691 -54.550838
-10.454082 16.584510 -54.550838
-10.807635 16.679244 -54.550838
-11.161189 16.584510 -54.550838
-11.420008 16.325691 -54.550838
-11.514742 15.972137 -54.550838
-11.420008 15.618584 -54.550838
-11.161189 15.359765 -54.550838
-10.807635 15.265031 -54.550838
-10.454082 15.359765 -54.550838
-10.195263 15.618584 -54.550838
-10.424952 15.972137 -54.767610
-10.476222 16.163479 -54.767610
-10.616294 16.303551 -54.767610
-10.807635 16.354821 -54.767610
-10.998977 16.303551 -54.767610
-11.139049 16.163479 -54.767610
-11.190319 15.972137 -54.767610
-11.139049 15.780796 -54.767610
-10.998977 15.640724 -54.767610
-10.807635 15.589454 -54.767610
-10.616294 15.640724 -54.767610
-10.476222 15.780796 -54.767610
-10.807635 15.972137 -54.843731
-11.783320 13.975347 -52.183670
-11.400637 13.975347 -52.259791
-11.451907 14.166688 -52.259791
-11.591979 14.306760 -52.259791
-11.783320 14.358030 -52.259791
-11.974662 14.306760 -52.259791
-12.114734 14.166688 -52.259791
-12.166004 13.975347 -52.259791
-12.114734 13.784005 -52.259791
-11.974662 13.643933 -52.259791
-11.783320 13.592663 -52.259791
-11.591979 13.643933 -52.259791
-11.451907 13.784005 -52.259791
-11.076214 13.975347 -52.476563
-11.170948 14.328900 -52.476563
-11.429767 14.587719 -52.476563
-11.783320 14.682453 -52.476563
-12.136874 14.587719 -52.476563
-12.395693 14.328900 -52.476563
-12.490427 13.975347 -52.476563
-12.395693 13.621793 -52.476563
-12.136874 13.362974 -52.476563
-11.783320 13.268240 -52.476563
-11.429767 13.362974 -52.476563
-11.170948 13.621793 -52.476563
-10.859441 13.975347 -52.800987
-10.983217 14.437286 -52.800987
-11.321381 14.775450 -52.800987
-11.783320 14.899226 -52.800987
-12.245260 14.775450 -52.800987
-12.583424 14.437286 -52.800987
-12.707200 13.975347 -52.800987
-12.583424 13.513407 -52.800987
-12.245260 13.175243 -52.800987
-11.783320 13.051467 -52.800987
-11.321381 13.175243 -52.800987
-10.983217 13.513407 -52.800987
-10.783320 13.975347 -53.183670
-10.917295 14.475347 -53.183670
-11.283320 14.841372 -53.183670
-11.783320 14.975347 -53.183670
-12.283320 14.841372 -53.183670
-12.649346 14.475347 -53.183670
-12.783320 13.975347 -53.183670
-12.649346 13.475347 -53.183670
-12.283320 13.109321 -53.183670
-11.783320 12.975347 -53.183670
-11.283320 13.109321 -53.183670
-10.917295 13.475347 -53.183670
-10.859441 13.975347 -53.566353
-10.983217 14.437286 -53.566353
-11.321381 14.775450 -53.566353
-11.783320 14.899226 -53.566353
-12.245260 14.775450 -53.566353
-12.583424 14.437286 -53.566353
-12.707200 13.975347 -53.566353
-12.583424 13.513407 -53.566353
-12.245260 13.175243 -53.566353
-11.783320 13.051467 -53.566353
-11.321381 13.175243 -53.566353
-10.983217 13.513407 -53.566353
-11.076214 13.975347 -53.890777
-11.170948 14.328900 -53.890777
-11.429767 14.587719 -53.890777
-11.783320 14.682453 -53.890777
-12.136874 14.587719 -53.890777
-12.395693 14.328900 -53.890777
-12.490427 13.975347 -53.890777
-12.395693 13.621793 -53.890777
-12.136874 13.362974 -53.890777
-11.783320 13.268240 -53.890777
-11.429767 13.362974 -53.890777
-11.170948 13.621793 -53.890777
-11.400637 13.975347 -54.107550
-11.451907 14.166688 -54.107550
-11.591979 14.306760 -54.107550
-11.783320 14.358030 -54.107550
-11.974662 14.306760 -54.107550
-12.114734 14.166688 -54.107550
-12.166004 13.975347 -54.107550
-12.114734 13.784005 -54.107550
-11.974662 13.643933 -54.107550
-11.783320 13.592663 -54.107550
-11.591979 13.643933 -54.107550
-11.451907 13.784005 -54.107550
-11.783320 13.975347 -54.183670
-12.605844 11.750648 -51.689587
-12.223160 11.750648 -51.765707
-12.274430 11.941989 -51.765707
-12.414502 12.082061 -51.765707
-12.605844 12.133331 -51.765707
-12.797185 12.082061 -51.765707
-12.937257 11.941989 -51.765707
-12.988527 11.750648 -51.765707
-12.937257 11.559306 -51.765707
-12.797185 11.419234 -51.765707
-12.605844 11.367964 -51.765707
-12.414502 11.419234 -51.765707
-12.274430 11.559306 -51.765707
-11.898737 11.750648 -51.982480
-11.993471 12.104201 -51.982480
-12.252290 12.363020 -51.982480
-12.605844 12.457754 -51.982480
-12.959397 12.363020 -51.982480
-13.218216 12.104201 -51.982480
-13.312950 11.750648 -51.982480
-13.218216 11.397094 -51.982480
-12.959397 11.138275 -51.982480
-12.605844 11.043541 -51.982480
-12.252290 11.138275 -51.982480
-11.993471 11.397094 -51.982480
-11.681964 11.750648 -52.306903
-11.805740 12.212587 -52.306903
-12.143904 12.550751 -52.306903
-12.605844 12.674527 -52.306903
-13.067783 12.550751 -52.306903
-13.405947 12.212587 -52.306903
-13.529723 11.750648 -52.306903
-13.405947 11.288708 -52.306903
-13.067783 10.950544 -52.306903
-12.605844 10.826768 -52.306903
-12.143904 10.950544 -52.306903
-11.805740 11.288708 -52.306903
-11.605844 11.750648 -52.689587
-11.739818 12.250648 -52.689587
-12.105844 12.616673 -52.689587
-12.605844 12.750648 -52.689587
-13.105844 12.616673 -52.689587
-13.471869 12.250648 -52.689587
-13.605844 11.750648 -52.689587
-13.471869 11.250648 -52.689587
-13.105844 10.884622 -52.689587
-12.605844 10.750648 -52.689587
-12.105844 10.884622 -52.689587
-11.739818 11.250648 -52.689587
-11.681964 11.750648 -53.072270
-11.805740 12.212587 -53.072270
-12.143904 12.550751 -53.072270
-12.605844 12.674527 -53.072270
-13.067783 12.550751 -53.072270
-13.405947 12.212587 -53.072270
-13.529723 11.750648 -53.072270
-13.405947 11.288708 -53.072270
-13.067783 10.950544 -53.072270
-12.605844 10.826768 -53.072270
-12.143904 10.950544 -53.072270
-11.805740 11.288708 -53.072270
-11.898737 11.750648 -53.396693
-11.993471 12.104201 -53.396693
-12.252290 12.363020 -53.396693
-12.605844 12.457754 -53.396693
-12.959397 12.363020 -53.396693
-13.218216 12.104201 -53.396693
-13.312950 11.750648 -53.396693
-13.218216 11.397094 -53.396693
-12.959397 11.138275 -53.396693
-12.605844 11.043541 -53.396693
-12.252290 11.138275 -53.396693
-11.993471 11.397094 -53.396693
-12.223160 11.750648 -53.613466
-12.274430 11.941989 -53.613466
-12.414502 12.082061 -53.613466
-12.605844 12.133331 -53.613466
-12.797185 12.082061 -53.613466
-12.937257 11.941989 -53.613466
-12.988527 11.750648 -53.613466
-12.937257 11.559306 -53.613466
-12.797185 11.419234 -53.613466
-12.605844 11.367964 -53.613466
-12.414502 11.419234 -53.613466
-12.274430 11.559306 -53.613466
-12.605844 11.750648 -53.689587
5.517195 2.969551 -56.796112
5.899878 2.969551 -56.872233
5.848608 3.160893 -56.872233
5.708536 3.300965 -56.872233
5.517195 3.352235 -56.872233
5.325853 3.300965 -56.872233
5.185781 3.160893 -56.872233
5.134511 2.969551 -56.872233
5.185781 2.778210 -56.872233
5.325853 2.638138 -56.872233
5.517195 2.586868 -56.872233
5.708536 2.638138 -56.872233
5.848608 2.778210 -56.872233
6.224302 2.969551 -57.089005
6.129567 3.323105 -57.089005
5.870748 3.581924 -57.089005
5.517195 3.676658 -57.089005
5.163641 3.581924 -57.089005
4.904822 3.323105 -57.089005
4.810088 2.969551 -57.089005
4.904822 2.615998 -57.089005
5.163641 2.357179 -57.089005
5.517195 2.262445 -57.089005
5.870748 2.357179 -57.089005
6.129567 2.615998 -57.089005
6.441074 2.969551 -57.413429
6.317298 3.431491 -57.413429
5.979135 3.769654 -57.413429
5.517195 3.893431 -57.413429
5.055255 3.769654 -57.413429
4.717092 3.431491 -57.413429
4.593315 2.969551 -57.413429
4.717092 2.507612 -57.413429
5.055255 2.169448 -57.413429
5.517195 2.045672 -57.413429
5.979135 2.169448 -57.413429
6.317298 2.507612 -57.413429
6.517195 2.969551 -57.796112
6.383220 3.469551 -57.796112
6.017195 3.835577 -57.796112
5.517195 3.969551 -57.796112
5.017195 3.835577 -57.796112
4.651169 3.469551 -57.796112
4.517195 2.969551 -57.796112
4.651169 2.469551 -57.796112
5.017195 2.103526 -57.796112
5.517195 1.969551 -57.796112
6.017195 2.103526 -57.796112
6.383220 2.469551 -57.796112
6.441074 2.969551 -58.178795
6.317298 3.431491 -58.178795
5.979135 3.769654 -58.178795
5.517195 3.893431 -58.178795
5.055255 3.769654 -58.178795
4.717092 3.431491 -58.178795
4.593315 2.969551 -58.178795
4.717092 2.507612 -58.178795
5.055255 2.169448 -58.178795
5.517195 2.045672 -58.178795
5.979135 2.169448 -58.178795
6.317298 2.507612 -58.178795
6.224302 2.969551 -58.503219
6.129567 3.323105 -58.503219
5.870748 3.581924 -58.503219
5.517195 3.676658 -58.503219
5.163641 3.581924 -58.503219
4.904822 3.323105 -58.503219
4.810088 2.969551 -58.503219
4.904822 2.615998 -58.503219
5.163641 2.357179 -58.503219
5.517195 2.262445 -58.503219
5.870748 2.357179 -58.503219
6.129567 2.615998 -58.503219
5.899878 2.969551 -58.719992
5.848608 3.160893 -58.719992
5.708536 3.300965 -58.719992
5.517195 3.352235 -58.719992
5.325853 3.300965 -58.719992
5.185781 3.160893 -58.719992
5.134511 2.969551 -58.719992
5.185781 2.778210 -58.719992
5.325853 2.638138 -58.719992
5.517195 2.586868 -58.719992
5.708536 2.638138 -58.719992
5.848608 2.778210 -58.719992
5.517195 2.969551 -58.796112
3.113685 3.592985 -54.922367
3.496369 3.592985 -54.998488
3.445099 3.784327 -54.998488
3.305027 3.924399 -54.998488
3.113685 3.975669 -54.998488
2.922344 3.924399 -54.998488
2.782272 3.784327 -54.998488
2.731002 3.592985 -54.998488
2.782272 3.401644 -54.998488
2.922344 3.261572 -54.998488
3.113685 3.210302 -54.998488
3.305027 3.261572 -54.998488
3.445099 3.401644 -54.998488
3.820792 3.592985 -55.215260
3.726058 3.946539 -55.215260
3.467239 4.205358 -55.215260
3.113685 4.300092 -55.215260
2.760132 4.205358 -55.215260
2.501313 3.946539 -55.215260
2.406579 3.592985 -55.215260
2.501313 3.239432 -55.215260
2.760132 2.980613 -55.215260
3.113685 2.885879 -55.215260
3.467239 2.980613 -55.215260
3.726058 3.239432 -55.215260
4.037565 3.592985 -55.539684
3.913789 4.054925 -55.539684
3.575625 4.393089 -55.539684
3.113685 4.516865 -55.539684
2.651746 4.393089 -55.539684
2.313582 4.054925 -55.539684
2.189806 3.592985 -55.539684
2.313582 3.131046 -55.539684
2.651746 2.792882 -55.539684
3.113685 2.669106 -55.539684
3.575625 2.792882 -55.539684
3.913789 3.131046 -55.539684
4.113685 3.592985 -55.922367
3.979711 4.092985 -55.922367
3.613685 4.459011 -55.922367
3.113685 4.592985 -55.922367
2.613685 4.459011 -55.922367
2.247660 4.092985 -55.922367
2.113685 3.592985 -55.922367
2.247660 3.092985 -55.922367
2.613685 2.726960 -55.922367
3.113685 2.592985 -55.922367
3.613685 2.726960 -55.922367
3.979711 3.092985 -55.922367
4.037565 3.592985 -56.305051
3.913789 4.054925 -56.305051
3.575625 4.393089 -56.305051
3.113685 4.516865 -56.305051
2.651746 4.393089 -56.305051
2.313582 4.054925 -56.305051
2.189806 3.592985 -56.305051
2.313582 3.131046 -56.305051
2.651746 2.792882 -56.305051
3.113685 2.669106 -56.305051
3.575625 2.792882 -56.305051
3.913789 3.131046 -56.305051
3.820792 3.592985 -56.629474
3.726058 3.946539 -56.629474
3.467239 4.205358 -56.629474
3.113685 4.300092 -56.629474
2.760132 4.205358 -56.629474
2.501313 3.946539 -56.629474
2.406579 3.592985 -56.629474
2.501313 3.239432 -56.629474
2.760132 2.980613 -56.629474
3.113685 2.885879 -56.629474
3.467239 2.980613 -56.629474
3.726058 3.239432 -56.629474
3.496369 3.592985 -56.846247
3.445099 3.784327 -56.846247
3.305027 3.924399 -56.846247
3.113685 3.975669 -56.846247
2.922344 3.924399 -56.846247
2.782272 3.784327 -56.846247
2.731002 3.592985 -56.846247
2.782272 3.401644 -56.846247
2.922344 3.261572 -56.846247
3.113685 3.210302 -56.846247
3.305027 3.261572 -56.846247
3.445099 3.401644 -56.846247
3.113685 3.592985 -56.922367
0.646719 4.956890 -52.765476
1.029402 4.956890 -52.841597
0.978132 5.148232 -52.841597
0.838060 5.288304 -52.841597
0.646719 5.339574 -52.841597
0.455377 5.288304 -52.841597
0.315305 5.148232 -52.841597
0.264035 4.956890 -52.841597
0.315305 4.765548 -52.841597
0.455377 4.625477 -52.841597
0.646719 4.574207 -52.841597
0.838060 4.625477 -52.841597
0.978132 4.765548 -52.841597
1.353825 4.956890 -53.058369
1.259091 5.310443 -53.058369
1.000272 5.569263 -53.058369
0.646719 5.663997 -53.058369
0.293165 5.569263 -53.058369
0.034346 5.310443 -53.058369
-0.060388 4.956890 -53.058369
0.034346 4.603337 -53.058369
0.293165 4.344518 -53.058369
0.646719 4.249783 -53.058369
1.000272 4.344518 -53.058369
1.259091 4.603337 -53.058369
1.570598 4.956890 -53.382793
1.446822 5.418830 -53.382793
1.108658 5.756993 -53.382793
0.646719 5.880770 -53.382793
0.184779 5.756993 -53.382793
-0.153385 5.418830 -53.382793
-0.277161 4.956890 -53.382793
-0.153385 4.494950 -53.382793
0.184779 4.156787 -53.382793
0.646719 4.033011 -53.382793
1.108658 4.156787 -53.382793
1.446822 4.494950 -53.382793
1.646719 4.956890 -53.765476
1.512744 5.456890 -53.765476
1.146719 5.822916 -53.765476
0.646719 5.956890 -53.765476
0.146719 5.822916 -53.765476
-0.219307 5.456890 -53.765476
-0.353281 4.956890 -53.765476
-0.219307 4.456890 -53.765476
0.146719 4.090865 -53.765476
0.646719 3.956890 -53.765476
1.146719 4.090865 -53.765476
1.512744 4.456890 -53.765476
1.570598 4.956890 -54.148160
1.446822 5.418830 -54.148160
1.108658 5.756993 -54.148160
0.646719 5.880770 -54.148160
0.184779 5.756993 -54.148160
-0.153385 5.418830 -54.148160
-0.277161 4.956890 -54.148160
-0.153385 4.494950 -54.148160
0.184779 4.156787 -54.148160
0.646719 4.033011 -54.148160
1.108658 4.156787 -54.148160
1.446822 4.494950 -54.148160
1.353825 4.956890 -54.472583
1.259091 5.310443 -54.472583
1.000272 5.569263 -54.472583
0.646719 5.663997 -54.472583
0.293165 5.569263 -54.472583
0.034346 5.310443 -54.472583
-0.060388 4.956890 -54.472583
0.034346 4.603337 -54.472583
0.293165 4.344518 -54.472583
0.646719 4.249783 -54.472583
1.000272 4.344518 -54.472583
1.259091 4.603337 -54.472583
1.029402 4.956890 -54.689356
0.978132 5.148232 -54.689356
0.838060 5.288304 -54.689356
0.646719 5.339574 -54.689356
0.455377 5.288304 -54.689356
0.315305 5.148232 -54.689356
0.264035 4.956890 -54.689356
0.315305 4.765548 -54.689356
0.455377 4.625477 -54.689356
0.646719 4.574207 -54.689356
0.838060 4.625477 -54.689356
0.978132 4.765548 -54.689356
0.646719 4.956890 -54.765476
-2.143300 5.778455 -52.498035
-1.760617 5.778455 -52.574156
-1.811886 5.969797 -52.574156
-1.951958 6.109869 -52.574156
-2.143300 6.161139 -52.574156
-2.334642 6.109869 -52.574156
-2.474714 5.969797 -52.574156
-2.525983 5.778455 -52.574156
-2.474714 5.587114 -52.574156
-2.334642 5.447042 -52.574156
-2.143300 5.395772 -52.574156
-1.951958 5.447042 -52.574156
-1.811886 5.587114 -52.574156
-1.436193 5.778455 -52.790929
-1.530928 6.132009 -52.790929
-1.789747 6.390828 -52.790929
-2.143300 6.485562 -52.790929
-2.496853 6.390828 -52.790929
-2.755672 6.132009 -52.790929
-2.850407 5.778455 -52.790929
-2.755672 5.424902 -52.790929
-2.496853 5.166083 -52.790929
-2.143300 5.071348 -52.790929
-1.789747 5.166083 -52.790929
-1.530928 5.424902 -52.790929
-1.219421 5.778455 -53.115352
-1.343197 6.240395 -53.115352
-1.681360 6.578558 -53.115352
-2.143300 6.702335 -53.115352
-2.605240 6.578558 -53.115352
-2.943403 6.240395 -53.115352
-3.067180 5.778455 -53.115352
-2.943403 5.316515 -53.115352
-2.605240 4.978352 -53.115352
-2.143300 4.854576 -53.115352
-1.681360 4.978352 -53.115352
-1.343197 5.316515 -53.115352
-1.143300 5.778455 -53.498035
-1.277275 6.278455 -53.498035
-1.643300 6.644481 -53.498035
-2.143300 6.778455 -53.498035
-2.643300 6.644481 -53.498035
-3.009325 6.278455 -53.498035
-3.143300 5.778455 -53.498035
-3.009325 5.278455 -53.498035
-2.643300 4.912430 -53.498035
-2.143300 4.778455 -53.498035
-1.643300 4.912430 -53.498035
-1.277275 5.278455 -53.498035
-1.219421 5.778455 -53.880719
-1.343197 6.240395 -53.880719
-1.681360 6.578558 -53.880719
-2.143300 6.702335 -53.880719
-2.605240 6.578558 -53.880719
-2.943403 6.240395 -53.880719
-3.067180 5.778455 -53.880719
-2.943403 5.316515 -53.880719
-2.605240 4.978352 -53.880719
-2.143300 4.854576 -53.880719
-1.681360 4.978352 -53.880719
-1.343197 5.316515 -53.880719
-1.436193 5.778455 -54.205142
-1.530928 6.132009 -54.205142
-1.789747 6.390828 -54.205142
-2.143300 6.485562 -54.205142
-2.496853 6.390828 -54.205142
-2.755672 6.132009 -54.205142
-2.850407 5.778455 -54.205142
-2.755672 5.424902 -54.205142
-2.496853 5.166083 -54.205142
-2.143300 5.071348 -54.205142
-1.789747 5.166083 -54.205142
-1.530928 5.424902 -54.205142
-1.760617 5.778455 -54.421915
-1.811886 5.969797 -54.421915
-1.951958 6.109869 -54.421915
-2.143300 6.161139 -54.421915
-2.334642 6.109869 -54.421915
-2.474714 5.969797 -54.421915
-2.525983 5.778455 -54.421915
-2.474714 5.587114 -54.421915
-2.334642 5.447042 -54.421915
-2.143300 5.395772 -54.421915
-1.951958 5.447042 -54.421915
-1.811886 5.587114 -54.421915
-2.143300 5.778455 -54.498035
-4.217975 6.534705 -52.709496
-3.835292 6.534705 -52.785616
-3.886562 6.726047 -52.785616
-4.026633 6.866119 -52.785616
-4.217975 6.917389 -52.785616
-4.409317 6.866119 -52.785616
-4.549389 6.726047 -52.785616
-4.600659 6.534705 -52.785616
-4.549389 6.343363 -52.785616
-4.409317 6.203292 -52.785616
-4.217975 6.152022 -52.785616
-4.026633 6.203292 -52.785616
-3.886562 6.343363 -52.785616
-3.510868 6.534705 -53.002389
-3.605603 6.888259 -53.002389
-3.864422 7.147078 -53.002389
-4.217975 7.241812 -53.002389
-4.571529 7.147078 -53.002389
-4.830348 6.888259 -53.002389
-4.925082 6.534705 -53.002389
-4.830348 6.181152 -53.002389
-4.571529 5.922333 -53.002389
-4.217975 5.827598 -53.002389
-3.864422 5.922333 -53.002389
-3.605603 6.181152 -53.002389
-3.294096 6.534705 -53.326812
-3.417872 6.996645 -53.326812
-3.756035 7.334808 -53.326812
-4.217975 7.458585 -53.326812
-4.679915 7.334808 -53.326812
-5.018078 6.996645 -53.326812
-5.141855 6.534705 -53.326812
-5.018078 6.072765 -53.326812
-4.679915 5.734602 -53.326812
-4.217975 5.610826 -53.326812
-3.756035 5.734602 -53.326812
-3.417872 6.072765 -53.326812
-3.217975 6.534705 -53.709496
-3.351950 7.034705 -53.709496
-3.717975 7.400731 -53.709496
-4.217975 7.534705 -53.709496
-4.717975 7.400731 -53.709496
-5.084001 7.034705 -53.709496
-5.217975 6.534705 -53.709496
-5.084001 6.034705 -53.709496
-4.717975 5.668680 -53.709496
-4.217975 5.534705 -53.709496
-3.717975 5.668680 -53.709496
-3.351950 6.034705 -53.709496
-3.294096 6.534705 -54.092179
-3.417872 6.996645 -54.092179
-3.756035 7.334808 -54.092179
-4.217975 7.458585 -54.092179
-4.679915 7.334808 -54.092179
-5.018078 6.996645 -54.092179
-5.141855 6.534705 -54.092179
-5.018078 6.072765 -54.092179
-4.679915 5.734602 -54.092179
-4.217975 5.610826 -54.092179
-3.756035 5.734602 -54.092179
-3.417872 6.072765 -54.092179
-3.510868 6.534705 -54.416602
-3.605603 6.888259 -54.416602
-3.864422 7.147078 -54.416602
-4.217975 7.241812 -54.416602
-4.571529 7.147078 -54.416602
-4.830348 6.888259 -54.416602
-4.925082 6.534705 -54.416602
-4.830348 6.181152 -54.416602
-4.571529 5.922333 -54.416602
-4.217975 5.827598 -54.416602
-3.864422 5.922333 -54.416602
-3.605603 6.181152 -54.416602
-3.835292 6.534705 -54.633375
-3.886562 6.726047 -54.633375
-4.026633 6.866119 -54.633375
-4.217975 6.917389 -54.633375
-4.409317 6.866119 -54.633375
-4.549389 6.726047 -54.633375
-4.600659 6.534705 -54.633375
-4.549389 6.343363 -54.633375
-4.409317 6.203292 -54.633375
-4.217975 6.152022 -54.633375
-4.026633 6.203292 -54.633375
-3.886562 6.343363 -54.633375
-4.217975 6.534705 -54.709496
-5.428275 8.560661 -52.625591
-5.045591 8.560661 -52.701712
-5.096861 8.752003 -52.701712
-5.236933 8.892075 -52.701712
-5.428275 8.943345 -52.701712
-5.619616 8.892075 -52.701712
-5.759688 8.752003 -52.701712
-5.810958 8.560661 -52.701712
-5.759688 8.369320 -52.701712
-5.619616 8.229248 -52.701712
-5.428275 8.177978 -52.701712
-5.236933 8.229248 -52.701712
-5.096861 8.369320 -52.701712
-4.721168 8.560661 -52.918484
-4.815902 8.914215 -52.918484
-5.074721 9.173034 -52.918484
-5.428275 9.267768 -52.918484
-5.781828 9.173034 -52.918484
-6.040647 8.914215 -52.918484
-6.135381 8.560661 -52.918484
-6.040647 8.207108 -52.918484
-5.781828 7.948289 -52.918484
-5.428275 7.853555 -52.918484
-5.074721 7.948289 -52.918484
-4.815902 8.207108 -52.918484
-4.504395 8.560661 -53.242908
-4.628171 9.022601 -53.242908
-4.966335 9.360764 -53.242908
-5.428275 9.484541 -53.242908
-5.890214 9.360764 -53.242908
-6.228378 9.022601 -53.242908
-6.352154 8.560661 -53.242908
-6.228378 8.098722 -53.242908
-5.890214 7.760558 -53.242908
-5.428275 7.636782 -53.242908
-4.966335 7.760558 -53.242908
-4.628171 8.098722 -53.242908
-4.428275 8.560661 -53.625591
-4.562249 9.060661 -53.625591
-4.928275 9.426687 -53.625591
-5.428275 9.560661 -53.625591
-5.928275 9.426687 -53.625591
-6.294300 9.060661 -53.625591
-6.428275 8.560661 -53.625591
-6.294300 8.060661 -53.625591
-5.928275 7.694636 -53.625591
-5.428275 7.560661 -53.625591
-4.928275 7.694636 -53.625591
-4.562249 8.060661 -53.625591
-4.504395 8.560661 -54.008275
-4.628171 9.022601 -54.008275
-4.966335 9.360764 -54.008275
-5.428275 9.484541 -54.008275
-5.890214 9.360764 -54.008275
-6.228378 9.022601 -54.008275
-6.352154 8.560661 -54.008275
-6.228378 8.098722 -54.008275
-5.890214 7.760558 -54.008275
-5.428275 7.636782 -54.008275
-4.966335 7.760558 -54.008275
-4.628171 8.098722 -54.008275
-4.721168 8.560661 -54.332698
-4.815902 8.914215 -54.332698
-5.074721 9.173034 -54.332698
-5.428275 9.267768 -54.332698
-5.781828 9.173034 -54.332698
-6.040647 8.914215 -54.332698
-6.135381 8.560661 -54.332698
-6.040647 8.207108 -54.332698
-5.781828 7.948289 -54.332698
-5.428275 7.853555 -54.332698
-5.074721 7.948289 -54.332698
-4.815902 8.207108 -54.332698
-5.045591 8.560661 -54.549471
-5.096861 8.752003 -54.549471
-5.236933 8.892075 -54.549471
-5.428275 8.943345 -54.549471
-5.619616 8.892075 -54.549471
-5.759688 8.752003 -54.549471
-5.810958 8.560661 -54.549471
-5.759688 8.369320 -54.549471
-5.619616 8.229248 -54.549471
-5.428275 8.177978 -54.549471
-5.236933 8.229248 -54.549471
-5.096861 8.369320 -54.549471
-5.428275 8.560661 -54.625591
-6.176538 11.393251 -52.804066
-5.793854 11.393251 -52.880186
-5.845124 11.584593 -52.880186
-5.985196 11.724665 -52.880186
-6.176538 11.775935 -52.880186
-6.367879 11.724665 -52.880186
-6.507951 11.584593 -52.880186
-6.559221 11.393251 -52.880186
-6.507951 11.201910 -52.880186
-6.367879 11.061838 -52.880186
-6.176538 11.010568 -52.880186
-5.985196 11.061838 -52.880186
-5.845124 11.201910 -52.880186
-5.469431 11.393251 -53.096959
-5.564165 11.746805 -53.096959
-5.822984 12.005624 -53.096959
-6.176538 12.100358 -53.096959
-6.530091 12.005624 -53.096959
-6.788910 11.746805 -53.096959
-6.883644 11.393251 -53.096959
-6.788910 11.039698 -53.096959
-6.530091 10.780879 -53.096959
-6.176538 10.686145 -53.096959
-5.822984 10.780879 -53.096959
-5.564165 11.039698 -53.096959
-5.252658 11.393251 -53.421382
-5.376434 11.855191 -53.421382
-5.714598 12.193355 -53.421382
-6.176538 12.317131 -53.421382
-6.638477 12.193355 -53.421382
-6.976641 11.855191 -53.421382
-7.100417 11.393251 -53.421382
-6.976641 10.931312 -53.421382
-6.638477 10.593148 -53.421382
-6.176538 10.469372 -53.421382
-5.714598 10.593148 -53.421382
-5.376434 10.931312 -53.421382
-5.176538 11.393251 -53.804066
-5.310512 11.893251 -53.804066
-5.676538 12.259277 -53.804066
-6.176538 12.393251 -53.804066
-6.676538 12.259277 -53.804066
-7.042563 11.893251 -53.804066
-7.176538 11.393251 -53.804066
-7.042563 10.893251 -53.804066
-6.676538 10.527226 -53.804066
-6.176538 10.393251 -53.804066
-5.676538 10.527226 -53.804066
-5.310512 10.893251 -53.804066
-5.252658 11.393251 -54.186749
-5.376434 11.855191 -54.186749
-5.714598 12.193355 -54.186749
-6.176538 12.317131 -54.186749
-6.638477 12.193355 -54.186749
-6.976641 11.855191 -54.186749
-7.100417 11.393251 -54.186749
-6.976641 10.931312 -54.186749
-6.638477 10.593148 -54.186749
-6.176538 10.469372 -54.186749
-5.714598 10.593148 -54.186749
-5.376434 10.931312 -54.186749
-5.469431 11.393251 -54.511172
-5.564165 11.746805 -54.511172
-5.822984 12.005624 -54.511172
-6.176538 12.100358 -54.511172
-6.530091 12.005624 -54.511172
-6.788910 11.746805 -54.511172
-6.883644 11.393251 -54.511172
-6.788910 11.039698 -54.511172
-6.530091 10.780879 -54.511172
-6.176538 10.686145 -54.511172
-5.822984 10.780879 -54.511172
-5.564165 11.039698 -54.511172
-5.793854 11.393251 -54.727945
-5.845124 11.584593 -54.727945
-5.985196 11.724665 -54.727945
-6.176538 11.775935 -54.727945
-6.367879 11.724665 -54.727945
-6.507951 11.584593 -54.727945
-6.559221 11.393251 -54.727945
-6.507951 11.201910 -54.727945
-6.367879 11.061838 -54.727945
-6.176538 11.010568 -54.727945
-5.985196 11.061838 -54.727945
-5.845124 11.201910 -54.727945
-6.176538 11.393251 -54.804066
-6.314315 14.551129 -53.464409
-5.931632 14.551129 -53.540529
-5.982902 14.742471 -53.540529
-6.122974 14.882543 -53.540529
-6.314315 14.933813 -53.540529
-6.505657 14.882543 -53.540529
-6.645729 14.742471 -53.540529
-6.696999 14.551129 -53.540529
-6.645729 14.359788 -53.540529
-6.505657 14.219716 -53.540529
-6.314315 14.168446 -53.540529
-6.122974 14.219716 -53.540529
-5.982902 14.359788 -53.540529
-5.607209 14.551129 -53.757302
-5.701943 14.904683 -53.757302
-5.960762 15.163502 -53.757302
-6.314315 15.258236 -53.757302
-6.667869 15.163502 -53.757302
-6.926688 14.904683 -53.757302
-7.021422 14.551129 -53.757302
-6.926688 14.197576 -53.757302
-6.667869 13.938757 -53.757302
-6.314315 13.844023 -53.757302
-5.960762 13.938757 -53.757302
-5.701943 14.197576 -53.757302
-5.390436 14.551129 -54.081725
-5.514212 15.013069 -54.081725
-5.852376 15.351232 -54.081725
-6.314315 15.475009 -54.081725
-6.776255 15.351232 -54.081725
-7.114418 15.013069 -54.081725
-7.238195 14.551129 -54.081725
-7.114418 14.089190 -54.081725
-6.776255 13.751026 -54.081725
-6.314315 13.627250 -54.081725
-5.852376 13.751026 -54.081725
-5.514212 14.089190 -54.081725
-5.314315 14.551129 -54.464409
-5.448290 15.051129 -54.464409
-5.814315 15.417155 -54.464409
-6.314315 15.551129 -54.464409
-6.814315 15.417155 -54.464409
-7.180341 15.051129 -54.464409
-7.314315 14.551129 -54.464409
-7.180341 14.051129 -54.464409
-6.814315 13.685104 -54.464409
-6.314315 13.551129 -54.464409
-5.814315 13.685104 -54.464409
-5.448290 14.051129 -54.464409
-5.390436 14.551129 -54.847092
-5.514212 15.013069 -54.847092
-5.852376 15.351232 -54.847092
-6.314315 15.475009 -54.847092
-6.776255 15.351232 -54.847092
-7.114418 15.013069 -54.847092
-7.238195 14.551129 -54.847092
-7.114418 14.089190 -54.847092
-6.776255 13.751026 -54.847092
-6.314315 13.627250 -54.847092
-5.852376 13.751026 -54.847092
-5.514212 14.089190 -54.847092
-5.607209 14.551129 -55.171516
-5.701943 14.904683 -55.171516
-5.960762 15.163502 -55.171516
-6.314315 15.258236 -55.171516
-6.667869 15.163502 -55.171516
-6.926688 14.904683 -55.171516
-7.021422 14.551129 -55.171516
-6.926688 14.197576 -55.171516
-6.667869 13.938757 -55.171516
-6.314315 13.844023 -55.171516
-5.960762 13.938757 -55.171516
-5.701943 14.197576 -55.171516
-5.931632 14.551129 -55.388288
-5.982902 14.742471 -55.388288
-6.122974 14.882543 -55.388288
-6.314315 14.933813 -55.388288
-6.505657 14.882543 -55.388288
-6.645729 14.742471 -55.388288
-6.696999 14.551129 -55.388288
-6.645729 14.359788 -55.388288
-6.505657 14.219716 -55.388288
-6.314315 14.168446 -55.388288
-6.122974 14.219716 -55.388288
-5.982902 14.359788 -55.388288
-6.314315 14.551129 -55.464409
-6.080103 16.581642 -53.914742
-5.697419 16.581642 -53.990862
-5.748689 16.772984 -53.990862
-5.888761 16.913056 -53.990862
-6.080103 16.964326 -53.990862
-6.271445 16.913056 -53.990862
-6.411516 16.772984 -53.990862
-6.462786 16.581642 -53.990862
-6.411516 16.390300 -53.990862
-6.271445 16.250229 -53.990862
-6.080103 16.198959 -53.990862
-5.888761 16.250229 -53.990862
-5.748689 16.390300 -53.990862
-5.372996 16.581642 -54.207635
-5.467730 16.935196 -54.207635
-5.726550 17.194015 -54.207635
-6.080103 17.288749 -54.207635
-6.433656 17.194015 -54.207635
-6.692475 16.935196 -54.207635
-6.787210 16.581642 -54.207635
-6.692475 16.228089 -54.207635
-6.433656 15.969270 -54.207635
-6.080103 15.874535 -54.207635
-5.726550 15.969270 -54.207635
-5.467730 16.228089 -54.207635
-5.156223 16.581642 -54.532058
-5.280000 17.043582 -54.532058
-5.618163 17.381745 -54.532058
-6.080103 17.505522 -54.532058
-6.542043 17.381745 -54.532058
-6.880206 17.043582 -54.532058
-7.003982 16.581642 -54.532058
-6.880206 16.119702 -54.532058
-6.542043 15.781539 -54.532058
-6.080103 15.657763 -54.532058
-5.618163 15.781539 -54.532058
-5.280000 16.119702 -54.532058
-5.080103 16.581642 -54.914742
-5.214078 17.081642 -54.914742
-5.580103 17.447668 -54.914742
-6.080103 17.581642 -54.914742
-6.580103 17.447668 -54.914742
-6.946128 17.081642 -54.914742
-7.080103 16.581642 -54.914742
-6.946128 16.081642 -54.914742
-6.580103 15.715617 -54.914742
-6.080103 15.581642 -54.914742
-5.580103 15.715617 -54.914742
-5.214078 16.081642 -54.914742
-5.156223 16.581642 -55.297425
-5.280000 17.043582 -55.297425
-5.618163 17.381745 -55.297425
-6.080103 17.505522 -55.297425
-6.542043 17.381745 -55.297425
-6.880206 17.043582 -55.297425
-7.003982 16.581642 -55.297425
-6.880206 16.119702 -55.297425
-6.542043 15.781539 -55.297425
-6.080103 15.657763 -55.297425
-5.618163 15.781539 -55.297425
-5.280000 16.119702 -55.297425
-5.372996 16.581642 -55.621848
-5.467730 16.935196 -55.621848
-5.726550 17.194015 -55.621848
-6.080103 17.288749 -55.621848
-6.433656 17.194015 -55.621848
-6.692475 16.935196 -55.621848
-6.787210 16.581642 -55.621848
-6.692475 16.228089 -55.621848
-6.433656 15.969270 -55.621848
-6.080103 15.874535 -55.621848
-5.726550 15.969270 -55.621848
-5.467730 16.228089 -55.621848
-5.697419 16.581642 -55.838621
-5.748689 16.772984 -55.838621
-5.888761 16.913056 -55.838621
-6.080103 16.964326 -55.838621
-6.271445 16.913056 -55.838621
-6.411516 16.772984 -55.838621
-6.462786 16.581642 -55.838621
-6.411516 16.390300 -55.838621
-6.271445 16.250229 -55.838621
-6.080103 16.198959 -55.838621
-5.888761 16.250229 -55.838621
-5.748689 16.390300 -55.838621
-6.080103 16.581642 -55.914742
-5.529608 19.390242 -54.574684
-5.146925 19.390242 -54.650805
-5.198195 19.581583 -54.650805
-5.338267 19.721655 -54.650805
-5.529608 19.772925 -54.650805
-5.720950 19.721655 -54.650805
-5.861022 19.581583 -54.650805
-5.912292 19.390242 -54.650805
-5.861022 19.198900 -54.650805
-5.720950 19.058828 -54.650805
-5.529608 19.007558 -54.650805
-5.338267 19.058828 -54.650805
-5.198195 19.198900 -54.650805
-4.822501 19.390242 -54.867577
-4.917236 19.743795 -54.867577
-5.176055 20.002614 -54.867577
-5.529608 20.097348 -54.867577
-5.883162 20.002614 -54.867577
-6.141981 19.743795 -54.867577
-6.236715 19.390242 -54.867577
-6.141981 19.036688 -54.867577
-5.883162 18.777869 -54.867577
-5.529608 18.683135 -54.867577
-5.176055 18.777869 -54.867577
-4.917236 19.036688 -54.867577
-4.605729 19.390242 -55.192001
-4.729505 19.852181 -55.192001
-5.067668 20.190345 -55.192001
-5.529608 20.314121 -55.192001
-5.991548 20.190345 -55.192001
-6.329711 19.852181 -55.192001
-6.453488 19.390242 -55.192001
-6.329711 18.928302 -55.192001
-5.991548 18.590138 -55.192001
-5.529608 18.466362 -55.192001
-5.067668 18.590138 -55.192001
-4.729505 18.928302 -55.192001
-4.529608 19.390242 -55.574684
-4.663583 19.890242 -55.574684
-5.029608 20.256267 -55.574684
-5.529608 20.390242 -55.574684
-6.029608 20.256267 -55.574684
-6.395634 19.890242 -55.574684
-6.529608 19.390242 -55.574684
-6.395634 18.890242 -55.574684
-6.029608 18.524216 -55.574684
-5.529608 18.390242 -55.574684
-5.029608 18.524216 -55.574684
-4.663583 18.890242 -55.574684
-4.605729 19.390242 -55.957368
-4.729505 19.852181 -55.957368
-5.067668 20.190345 -55.957368
-5.529608 20.314121 -55.957368
-5.991548 20.190345 -55.957368
-6.329711 19.852181 -55.957368
-6.453488 19.390242 -55.957368
-6.329711 18.928302 -55.957368
-5.991548 18.590138 -55.957368
-5.529608 18.466362 -55.957368
-5.067668 18.590138 -55.957368
-4.729505 18.928302 -55.957368
-4.822501 19.390242 -56.281791
-4.917236 19.743795 -56.281791
-5.176055 20.002614 -56.281791
-5.529608 20.097348 -56.281791
-5.883162 20.002614 -56.281791
-6.141981 19.743795 -56.281791
-6.236715 19.390242 -56.281791
-6.141981 19.036688 -56.281791
-5.883162 18.777869 -56.281791
-5.529608 18.683135 -56.281791
-5.176055 18.777869 -56.281791
-4.917236 19.036688 -56.281791
-5.146925 19.390242 -56.498564
-5.198195 19.581583 -56.498564
-5.338267 19.721655 -56.498564
-5.529608 19.772925 -56.498564
-5.720950 19.721655 -56.498564
-5.861022 19.581583 -56.498564
-5.912292 19.390242 -56.498564
-5.861022 19.198900 -56.498564
-5.720950 19.058828 -56.498564
-5.529608 19.007558 -56.498564
-5.338267 19.058828 -56.498564
-5.198195 19.198900 -56.498564
-5.529608 19.390242 -56.574684
-4.879088 21.517918 -55.020554
-4.496405 21.517918 -55.096674
-4.547675 21.709259 -55.096674
-4.687747 21.849331 -55.096674
-4.879088 21.900601 -55.096674
-5.070430 21.849331 -55.096674
-5.210502 21.709259 -55.096674
-5.261772 21.517918 -55.096674
-5.210502 21.326576 -55.096674
-5.070430 21.186504 -55.096674
-4.879088 21.135234 -55.096674
-4.687747 21.186504 -55.096674
-4.547675 21.326576 -55.096674
-4.171982 21.517918 -55.313447
-4.266716 21.871471 -55.313447
-4.525535 22.130290 -55.313447
-4.879088 22.225024 -55.313447
-5.232642 22.130290 -55.313447
-5.491461 21.871471 -55.313447
-5.586195 21.517918 -55.313447
-5.491461 21.164364 -55.313447
-5.232642 20.905545 -55.313447
-4.879088 20.810811 -55.313447
-4.525535 20.905545 -55.313447
-4.266716 21.164364 -55.313447
-3.955209 21.517918 -55.637870
-4.078985 21.979857 -55.637870
-4.417149 22.318021 -55.637870
-4.879088 22.441797 -55.637870
-5.341028 22.318021 -55.637870
-5.679192 21.979857 -55.637870
-5.802968 21.517918 -55.637870
-5.679192 21.055978 -55.637870
-5.341028 20.717814 -55.637870
-4.879088 20.594038 -55.637870
-4.417149 20.717814 -55.637870
-4.078985 21.055978 -55.637870
-3.879088 21.517918 -56.020554
-4.013063 22.017918 -56.020554
-4.379088 22.383943 -56.020554
-4.879088 22.517918 -56.020554
-5.379088 22.383943 -56.020554
-5.745114 22.017918 -56.020554
-5.879088 21.517918 -56.020554
-5.745114 21.017918 -56.020554
-5.379088 20.651892 -56.020554
-4.879088 20.517918 -56.020554
-4.379088 20.651892 -56.020554
-4.013063 21.017918 -56.020554
-3.955209 21.517918 -56.403237
-4.078985 21.979857 -56.403237
-4.417149 22.318021 -56.403237
-4.879088 22.441797 -56.403237
-5.341028 22.318021 -56.403237
-5.679192 21.979857 -56.403237
-5.802968 21.517918 -56.403237
-5.679192 21.055978 -56.403237
-5.341028 20.717814 -56.403237
-4.879088 20.594038 -56.403237
-4.417149 20.717814 -56.403237
-4.078985 21.055978 -56.403237
-4.171982 21.517918 -56.727660
-4.266716 21.871471 -56.727660
-4.525535 22.130290 -56.727660
-4.879088 22.225024 -56.727660
-5.232642 22.130290 -56.727660
-5.491461 21.871471 -56.727660
-5.586195 21.517918 -56.727660
-5.491461 21.164364 -56.727660
-5.232642 20.905545 -56.727660
-4.879088 20.810811 -56.727660
-4.525535 20.905545 -56.727660
-4.266716 21.164364 -56.727660
-4.496405 21.517918 -56.944433
-4.547675 21.709259 -56.944433
-4.687747 21.849331 -56.944433
-4.879088 21.900601 -56.944433
-5.070430 21.849331 -56.944433
-5.210502 21.709259 -56.944433
-5.261772 21.517918 -56.944433
-5.210502 21.326576 -56.944433
-5.070430 21.186504 -56.944433
-4.879088 21.135234 -56.944433
-4.687747 21.186504 -56.944433
-4.547675 21.326576 -56.944433
-4.879088 21.517918 -57.020554
3 0 1 2
3 0 2 3
3 0 3 4
3 0 4 5
3 0 5 6
3 0 6 7
3 0 7 8
3 0 8 9
3 0 9 10
3 0 10 11
3 0 11 12
3 0 12 1
3 1 13 2
3 2 13 14
3 2 14 3
3 3 14 15
3 3 15 4
3 4 15 16
3 4 16 5
3 5 16 17
3 5 17 6
3 6 17 18
3 6 18 7
3 7 18 19
3 7 19 8
3 8 19 20
3 8 20 9
3 9 20 21
3 9 21 10
3 10 21 22
3 10 22 11
3 11 22 23
3 11 23 12
3 12 23 24
3 12 24 1
3 1 24 13
3 13 25 14
3 14 25 26
3 14 26 15
3 15 26 27
3 15 27 16
3 16 27 28
3 16 28 17
3 17 28 29
3 17 29 18
3 18 29 30
3 18 30 19
3 19 30 31
3 19 31 20
3 20 31 32
3 20 32 21
3 21 32 33
3 21 33 22
3 22 33 34
3 22 34 23
3 23 34 35
3 23 35 24
3 24 35 36
3 24 36 13
3 13 36 25
3 25 37 26
3 26 37 38
3 26 38 27
3 27 38 39
3 27 39 28
3 28 39 40
3 28 40 29
3 29 40 41
3 29 41 30
3 30 41 42
3 30 42 31
3 31 42 43
3 31 43 32
3 32 43 44
3 32 44 33
3 33 44 45
3 33 45 34
3 34 45 46
3 34 46 35
3 35 46 47
3 35 47 36
3 36 47 48
3 36 48 25
3 25 48 37
3 37 49 38
3 38 49 50
3 38 50 39
3 39 50 51
3 39 51 40
3 40 51 52
3 40 52 41
3 41 52 53
3 41 53 42
3 42 53 54
3 42 54 43
3 43 54 55
3 43 55 44
3 44 55 56
3 44 56 45
3 45 56 57
3 45 57 46
3 46 57 58
3 46 58 47
3 47 58 59
3 47 59 48
3 48 59 60
3 48 60 37
3 37 60 49
3 49 61 50
3 50 61 62
3 50 62 51
3 51 62 63
3 51 63 52
3 52 63 64
3 52 64 53
3 53 64 65
3 53 65 54
3 54 65 66
3 54 66 55
3 55 66 67
3 55 67 56
3 56 67 68
3 56 68 57
3 57 68 69
3 57 69 58
3 58 69 70
3 58 70 59
3 59 70 71
3 59 71 60
3 60 71 72
3 60 72 49
3 49 72 61
3 61 73 62
3 62 73 74
3 62 74 63
3 63 74 75
3 63 75 64
3 64 75 76
3 64 76 65
3 65 76 77
3 65 77 66
3 66 77 78
3 66 78 67
3 67 78 79
3 67 79 68
3 68 79 80
3 68 80 69
3 69 80 81
3 69 81 70
3 70 81 82
3 70 82 71
3 71 82 83
3 71 83 72
3 72 83 84
3 72 84 61
3 61 84 73
3 85 74 73
3 85 75 74
3 85 76 75
3 85 77 76
3 85 78 77
3 85 79 78
3 85 80 79
3 85 81 80
3 85 82 81
3 85 83 82
3 85 84 83
3 85 73 84
3 86 87 88
3 86 88 89
3 86 89 90
3 86 90 91
3 86 91 92
3 86 92 93
3 86 93 94
3 86 94 95
3 86 95 96
3 86 96 97
3 86 97 98
3 86 98 87
3 87 99 88
3 88 99 100
3 88 100 89
3 89 100 101
3 89 101 90
3 90 101 102
3 90 102 91
3 91 102 103
3 91 103 92
3 92 103 104
3 92 104 93
3 93 104 105
3 93 105 94
3 94 105 106
3 94 106 95
3 95 106 107
3 95 107 96
3 96 107 108
3 96 108 97
3 97 108 109
3 97 109 98
3 98 109 110
3 98 110 87
3 87 110 99
3 99 111 100
3 100 111 112
3 100 112 101
3 101 112 113
3 101 113 102
3 102 113 114
3 102 114 103
3 103 114 115
3 103 115 104
3 104 115 116
3 104 116 105
3 105 116 117
3 105 117 106
3 106 117 118
3 106 118 107
3 107 118 119
3 107 119 108
3 108 119 120
3 108 120 109
3 109 120 121
3 109 121 110
3 110 121 122
3 110 122 99
3 99 122 111
3 111 123 112
3 112 123 124
3 112 124 113
3 113 124 125
3 113 125 114
3 114 125 126
3 114 126 115
3 115 126 127
3 115 127 116
3 116 127 128
3 116 128 117
3 117 128 129
3 117 129 118
3 118 129 130
3 118 130 119
3 119 130 131
3 119 131 120
3 120 131 132
3 120 132 121
3 121 132 133
3 121 133 122
3 122 133 134
3 122 134 111
3 111 134 123
3 123 135 124
3 124 135 136
3 124 136 125
3 125 136 137
3 125 137 126
3 126 137 138
3 126 138 127
3 127 138 139
3 127 139 128
3 128 139 140
3 128 140 129
3 129 140 141
3 129 141 130
3 130 141 142
3 130 142 131
3 131 142 143
3 131 143 132
3 132 143 144
3 132 144 133
3 133 144 145
3 133 145 134
3 134 145 146
3 134 146 123
3 123 146 135
3 135 147 136
3 136 147 148
3 136 148 137
3 137 148 149
3 137 149 138
3 138 149 150
3 138 150 139
3 139 150 151
3 139 151 140
3 140 151 152
3 140 152 141
3 141 152 153
3 141 153 142
3 142 153 154
3 142 154 143
3 143 154 155
3 143 155 144
3 144 155 156
3 144 156 145
3 145 156 157
3 145 157 146
3 146 157 158
3 146 158 135
3 135 158 147
3 147 159 148
3 148 159 160
3 148 160 149
3 149 160 161
3 149 161 150
3 150 161 162
3 150 162 151
3 151 162 163
3 151 163 152
3 152 163 164
3 152 164 153
3 153 164 165
3 153 165 154
3 154 165 166
3 154 166 155
3 155 166 167
3 155 167 156
3 156 167 168
3 156 168 157
3 157 168 169
3 157 169 158
3 158 169 170
3 158 170 147
3 147 170 159
3 171 160 159
3 171 161 160
3 171 162 161
3 171 163 162
3 171 164 163
3 171 165 164
3 171 166 165
3 171 167 166
3 171 168 167
3 171 169 168
3 171 170 169
3 171 159 170
3 172 173 174
3 172 174 175
3 172 175 176
3 172 176 177
3 172 177 178
3 172 178 179
3 172 179 180
3 172 180 181
3 172 181 182
3 172 182 183
3 172 183 184
3 172 184 173
3 173 185 174
3 174 185 186
3 174 186 175
3 175 186 187
3 175 187 176
3 176 187 188
3 176 188 177
3 177 188 189
3 177 189 178
3 178 189 190
3 178 190 179
3 179 190 191
3 179 191 180
3 180 191 192
3 180 192 181
3 181 192 193
3 181 193 182
3 182 193 194
3 182 194 183
3 183 194 195
3 183 195 184
3 184 195 196
3 184 196 173
3 173 196 185
3 185 197 186
3 186 197 198
3 186 198 187
3 187 198 199
3 187 199 188
3 188 199 200
3 188 200 189
3 189 200 201
3 189 201 190
3 190 201 202
3 190 202 191
3 191 202 203
3 191 203 192
3 192 203 204
3 192 204 193
3 193 204 205
3 193 205 194
3 194 205 206
3 194 206 195
3 195 206 207
3 195 207 196
3 196 207 208
3 196 208 185
3 185 208 197
3 197 209 198
3 198 209 210
3 198 210 199
3 199 210 211
3 199 211 200
3 200 211 212
3 200 212 201
3 201 212 213
3 201 213 202
3 202 213 214
3 202 214 203
3 203 214 215
3 203 215 204
3 204 215 216
3 204 216 205
3 205 216 217
3 205 217 206
3 206 217 218
3 206 218 207
3 207 218 219
3 207 219 208
3 208 219 220
3 208 220 197
3 197 220 209
3 209 221 210
3 210 221 222
3 210 222 211
3 211 222 223
3 211 223 212
3 212 223 224
3 212 224 213
3 213 224 225
3 213 225 214
3 214 225 226
3 214 226 215
3 215 226 227
3 215 227 216
3 216 227 228
3 216 228 217
3 217 228 229
3 217 229 218
3 218 229 230
3 218 230 219
3 219 230 231
3 219 231 220
3 220 231 232
3 220 232 209
3 209 232 221
3 221 233 222
3 222 233 234
3 222 234 223
3 223 234 235
3 223 235 224
3 224 235 236
3 224 236 225
3 225 236 237
3 225 237 226
3 226 237 238
3 226 238 227
3 227 238 239
3 227 239 228
3 228 239 240
3 228 240 229
3 229 240 241
3 229 241 230
3 230 241 242
3 230 242 231
3 231 242 243
3 231 243 232
3 232 243 244
3 232 244 221
3 221 244 233
3 233 245 234
3 234 245 246
3 234 246 235
3 235 246 247
3 235 247 236
3 236 247 248
3 236 248 237
3 237 248 249
3 237 249 238
3 238 249 250
3 238 250 239
3 239 250 251
3 239 251 240
3 240 251 252
3 240 252 241
3 241 252 253
3 241 253 242
3 242 253 254
3 242 254 243
3 243 254 255
3 243 255 244
3 244 255 256
3 244 256 233
3 233 256 245
3 257 246 245
3 257 247 246
3 257 248 247
3 257 249 248
3 257 250 249
3 257 251 250
3 257 252 251
3 257 253 252
3 257 254 253
3 257 255 254
3 257 256 255
3 257 245 256
3 258 259 260
3 258 260 261
3 258 261 262
3 258 262 263
3 258 263 264
3 258 264 265
3 258 265 266
3 258 266 267
3 258 267 268
3 258 268 269
3 258 269 270
3 258 270 259
3 259 271 260
3 260 271 272
3 260 272 261
3 261 272 273
3 261 273 262
3 262 273 274
3 262 274 263
3 263 274 275
3 263 275 264
3 264 275 276
3 264 276 265
3 265 276 277
3 265 277 266
3 266 277 278
3 266 278 267
3 267 278 279
3 267 279 268
3 268 279 280
3 268 280 269
3 269 280 281
3 269 281 270
3 270 281 282
3 270 282 259
3 259 282 271
3 271 283 272
3 272 283 284
3 272 284 273
3 273 284 285
3 273 285 274
3 274 285 286
3 274 286 275
3 275 286 287
3 275 287 276
3 276 287 288
3 276 288 277
3 277 288 289
3 277 289 278
3 278 289 290
3 278 290 279
3 279 290 291
3 279 291 280
3 280 291 292
3 280 292 281
3 281 292 293
3 281 293 282
3 282 293 294
3 282 294 271
3 271 294 283
3 283 295 284
3 284 295 296
3 284 296 285
3 285 296 297
3 285 297 286
3 286 297 298
3 286 298 287
3 287 298 299
3 287 299 288
3 288 299 300
3 288 300 289
3 289 300 301
3 289 301 290
3 290 301 302
3 290 302 291
3 291 302 303
3 291 303 292
3 292 303 304
3 292 304 293
3 293 304 305
3 293 305 294
3 294 305 306
3 294 306 283
3 283 306 295
3 295 307 296
3 296 307 308
3 296 308 297
3 297 308 309
3 297 309 298
3 298 309 310
3 298 310 299
3 299 310 311
3 299 311 300
3 300 311 312
3 300 312 301
3 301 312 313
3 301 313 302
3 302 313 314
3 302 314 303
3 303 314 315
3 303 315 304
3 304 315 316
3 304 316 305
3 305 316 317
3 305 317 306
3 306 317 318
3 306 318 295
3 295 318 307
3 307 319 308
3 308 319 320
3 308 320 309
3 309 320 321
3 309 321 310
3 310 321 322
3 310 322 311
3 311 322 323
3 311 323 312
3 312 323 324
3 312 324 313
3 313 324 325
3 313 325 314
3 314 325 326
3 314 326 315
3 315 326 327
3 315 327 316
3 316 327 328
3 316 328 317
3 317 328 329
3 317 329 318
3 318 329 330
3 318 330 307
3 307 330 319
3 319 331 320
3 320 331 332
3 320 332 321
3 321 332 333
3 321 333 322
3 322 333 334
3 322 334 323
3 323 334 335
3 323 335 324
3 324 335 336
3 324 336 325
3 325 336 337
3 325 337 326
3 326 337 338
3 326 338 327
3 327 338 339
3 327 339 328
3 328 339 340
3 328 340 329
3 329 340 341
3 329 341 330
3 330 341 342
3 330 342 319
3 319 342 331
3 343 332 331
3 343 333 332
3 343 334 333
3 343 335 334
3 343 336 335
3 343 337 336
3 343 338 337
3 343 339 338
3 343 340 339
3 343 341 340
3 343 342 341
3 343 331 342
3 344 345 346
3 344 346 347
3 344 347 348
3 344 348 349
3 344 349 350
3 344 350 351
3 344 351 352
3 344 352 353
3 344 353 354
3 344 354 355
3 344 355 356
3 344 356 345
3 345 357 346
3 346 357 358
3 346 358 347
3 347 358 359
3 347 359 348
3 348 359 360
3 348 360 349
3 349 360 361
3 349 361 350
3 350 361 362
3 350 362 351
3 351 362 363
3 351 363 352
3 352 363 364
3 352 364 353
3 353 364 365
3 353 365 354
3 354 365 366
3 354 366 355
3 355 366 367
3 355 367 356
3 356 367 368
3 356 368 345
3 345 368 357
3 357 369 358
3 358 369 370
3 358 370 359
3 359 370 371
3 359 371 360
3 360 371 372
3 360 372 361
3 361 372 373
3 361 373 362
3 362 373 374
3 362 374 363
3 363 374 375
3 363 375 364
3 364 375 376
3 364 376 365
3 365 376 377
3 365 377 366
3 366 377 378
3 366 378 367
3 367 378 379
3 367 379 368
3 368 379 380
3 368 380 357
3 357 380 369
3 369 381 370
3 370 381 382
3 370 382 371
3 371 382 383
3 371 383 372
3 372 383 384
3 372 384 373
3 373 384 385
3 373 385 374
3 374 385 386
3 374 386 375
3 375 386 387
3 375 387 376
3 376 387 388
3 376 388 377
3 377 388 389
3 377 389 378
3 378 389 390
3 378 390 379
3 379 390 391
3 379 391 380
3 380 391 392
3 380 392 369
3 369 392 381
3 381 393 382
3 382 393 394
3 382 394 383
3 383 394 395
3 383 395 384
3 384 395 396
3 384 396 385
3 385 396 397
3 385 397 386
3 386 397 398
3 386 398 387
3 387 398 399
3 387 399 388
3 388 399 400
3 388 400 389
3 389 400 401
3 389 401 390
3 390 401 402
3 390 402 391
3 391 402 403
3 391 403 392
3 392 403 404
3 392 404 381
3 381 404 393
3 393 405 394
3 394 405 406
3 394 406 395
3 395 406 407
3 395 407 396
3 396 407 408
3 396 408 397
3 397 408 409
3 397 409 398
3 398 409 410
3 398 410 399
3 399 410 411
3 399 411 400
3 400 411 412
3 400 412 401
3 401 412 413
3 401 413 402
3 402 413 414
3 402 414 403
3 403 414 415
3 403 415 404
3 404 415 416
3 404 416 393
3 393 416 405
3 405 417 406
3 406 417 418
3 406 418 407
3 407 418 419
3 407 419 408
3 408 419 420
3 408 420 409
3 409 420 421
3 409 421 410
3 410 421 422
3 410 422 411
3 411 422 423
3 411 423 412
3 412 423 424
3 412 424 413
3 413 424 425
3 413 425 414
3 414 425 426
3 414 426 415
3 415 426 427
3 415 427 416
3 416 427 428
3 416 428 405
3 405 428 417
3 429 418 417
3 429 419 418
3 429 420 419
3 429 421 420
3 429 422 421
3 429 423 422
3 429 424 423
3 429 425 424
3 429 426 425
3 429 427 426
3 429 428 427
3 429 417 428
3 430 431 432
3 430 432 433
3 430 433 434
3 430 434 435
3 430 435 436
3 430 436 437
3 430 437 438
3 430 438 439
3 430 439 440
3 430 440 441
3 430 441 442
3 430 442 431
3 431 443 432
3 432 443 444
3 432 444 433
3 433 444 445
3 433 445 434
3 434 445 446
3 434 446 435
3 435 446 447
3 435 447 436
3 436 447 448
3 436 448 437
3 437 448 449
3 437 449 438
3 438 449 450
3 438 450 439
3 439 450 451
3 439 451 440
3 440 451 452
3 440 452 441
3 441 452 453
3 441 453 442
3 442 453 454
3 442 454 431
3 431 454 443
3 443 455 444
3 444 455 456
3 444 456 445
3 445 456 457
3 445 457 446
3 446 457 458
3 446 458 447
3 447 458 459
3 447 459 448
3 448 459 460
3 448 460 449
3 449 460 461
3 449 461 450
3 450 461 462
3 450 462 451
3 451 462 463
3 451 463 452
3 452 463 464
3 452 464 453
3 453 464 465
3 453 465 454
3 454 465 466
3 454 466 443
3 443 466 455
3 455 467 456
3 456 467 468
3 456 468 457
3 457 468 469
3 457 469 458
3 458 469 470
3 458 470 459
3 459 470 471
3 459 471 460
3 460 471 472
3 460 472 461
3 461 472 473
3 461 473 462
3 462 473 474
3 462 474 463
3 463 474 475
3 463 475 464
3 464 475 476
3 464 476 465
3 465 476 477
3 465 477 466
3 466 477 478
3 466 478 455
3 455 478 467
3 467 479 468
3 468 479 480
3 468 480 469
3 469 480 481
3 469 481 470
3 470 481 482
3 470 482 471
3 471 482 483
3 471 483 472
3 472 483 484
3 472 484 473
3 473 484 485
3 473 485 474
3 474 485 486
3 474 486 475
3 475 486 487
3 475 487 476
3 476 487 488
3 476 488 477
3 477 488 489
3 477 489 478
3 478 489 490
3 478 490 467
3 467 490 479
3 479 491 480
3 480 491 492
3 480 492 481
3 481 492 493
3 481 493 482
3 482 493 494
3 482 494 483
3 483 494 495
3 483 495 484
3 484 495 496
3 484 496 485
3 485 496 497
3 485 497 486
3 486 497 498
3 486 498 487
3 487 498 499
3 487 499 488
3 488 499 500
3 488 500 489
3 489 500 501
3 489 501 490
3 490 501 502
3 490 502 479
3 479 502 491
3 491 503 492
3 492 503 504
3 492 504 493
3 493 504 505
3 493 505 494
3 494 505 506
3 494 506 495
3 495 506 507
3 495 507 496
3 496 507 508
3 496 508 497
3 497 508 509
3 497 509 498
3 498 509 510
3 498 510 499
3 499 510 511
3 499 511 500
3 500 511 512
3 500 512 501
3 501 512 513
3 501 513 502
3 502 513 514
3 502 514 491
3 491 514 503
3 515 504 503
3 515 505 504
3 515 506 505
3 515 507 506
3 515 508 507
3 515 509 508
3 515 510 509
3 515 511 510
3 515 512 511
3 515 513 512
3 515 514 513
3 515 503 514
3 516 517 518
3 516 518 519
3 516 519 520
3 516 520 521
3 516 521 522
3 516 522 523
3 516 523 524
3 516 524 525
3 516 525 526
3 516 526 527
3 516 527 528
3 516 528 517
3 517 529 518
3 518 529 530
3 518 530 519
3 519 530 531
3 519 531 520
3 520 531 532
3 520 532 521
3 521 532 533
3 521 533 522
3 522 533 534
3 522 534 523
3 523 534 535
3 523 535 524
3 524 535 536
3 524 536 525
3 525 536 537
3 525 537 526
3 526 537 538
3 526 538 527
3 527 538 539
3 527 539 528
3 528 539 540
3 528 540 517
3 517 540 529
3 529 541 530
3 530 541 542
3 530 542 531
3 531 542 543
3 531 543 532
3 532 543 544
3 532 544 533
3 533 544 545
3 533 545 534
3 534 545 546
3 534 546 535
3 535 546 547
3 535 547 536
3 536 547 548
3 536 548 537
3 537 548 549
3 537 549 538
3 538 549 550
3 538 550 539
3 539 550 551
3 539 551 540
3 540 551 552
3 540 552 529
3 529 552 541
3 541 553 542
3 542 553 554
3 542 554 543
3 543 554 555
3 543 555 544
3 544 555 556
3 544 556 545
3 545 556 557
3 545 557 546
3 546 557 558
3 546 558 547
3 547 558 559
3 547 559 548
3 548 559 560
3 548 560 549
3 549 560 561
3 549 561 550
3 550 561 562
3 550 562 551
3 551 562 563
3 551 563 552
3 552 563 564
3 552 564 541
3 541 564 553
3 553 565 554
3 554 565 566
3 554 566 555
3 555 566 567
3 555 567 556
3 556 567 568
3 556 568 557
3 557 568 569
3 557 569 558
3 558 569 570
3 558 570 559
3 559 570 571
3 559 571 560
3 560 571 572
3 560 572 561
3 561 572 573
3 561 573 562
3 562 573 574
3 562 574 563
3 563 574 575
3 563 575 564
3 564 575 576
3 564 576 553
3 553 576 565
3 565 577 566
3 566 577 578
3 566 578 567
3 567 578 579
3 567 579 568
3 568 579 580
3 568 580 569
3 569 580 581
3 569 581 570
3 570 581 582
3 570 582 571
3 571 582 583
3 571 583 572
3 572 583 584
3 572 584 573
3 573 584 585
3 573 585 574
3 574 585 586
3 574 586 575
3 575 586 587
3 575 587 576
3 576 587 588
3 576 588 565
3 565 588 577
3 577 589 578
3 578 589 590
3 578 590 579
3 579 590 591
3 579 591 580
3 580 591 592
3 580 592 581
3 581 592 593
3 581 593 582
3 582 593 594
3 582 594 583
3 583 594 595
3 583 595 584
3 584 595 596
3 584 596 585
3 585 596 597
3 585 597 586
3 586 597 598
3 586 598 587
3 587 598 599
3 587 599 588
3 588 599 600
3 588 600 577
3 577 600 589
3 601 590 589
3 601 591 590
3 601 592 591
3 601 593 592
3 601 594 593
3 601 595 594
3 601 596 595
3 601 597 596
3 601 598 597
3 601 599 598
3 601 600 599
3 601 589 600
3 602 603 604
3 602 604 605
3 602 605 606
3 602 606 607
3 602 607 608
3 602 608 609
3 602 609 610
3 602 610 611
3 602 611 612
3 602 612 613
3 602 613 614
3 602 614 603
3 603 615 604
3 604 615 616
3 604 616 605
3 605 616 617
3 605 617 606
3 606 617 618
3 606 618 607
3 607 618 619
3 607 619 608
3 608 619 620
3 608 620 609
3 609 620 621
3 609 621 610
3 610 621 622
3 610 622 611
3 611 622 623
3 611 623 612
3 612 623 624
3 612 624 613
3 613 624 625
3 613 625 614
3 614 625 626
3 614 626 603
3 603 626 615
3 615 627 616
3 616 627 628
3 616 628 617
3 617 628 629
3 617 629 618
3 618 629 630
3 618 630 619
3 619 630 631
3 619 631 620
3 620 631 632
3 620 632 621
3 621 632 633
3 621 633 622
3 622 633 634
3 622 634 623
3 623 634 635
3 623 635 624
3 624 635 636
3 624 636 625
3 625 636 637
3 625 637 626
3 626 637 638
3 626 638 615
3 615 638 627
3 627 639 628
3 628 639 640
3 628 640 629
3 629 640 641
3 629 641 630
3 630 641 642
3 630 642 631
3 631 642 643
3 631 643 632
3 632 643 644
3 632 644 633
3 633 644 645
3 633 645 634
3 634 645 646
3 634 646 635
3 635 646 647
3 635 647 636
3 636 647 648
3 636 648 637
3 637 648 649
3 637 649 638
3 638 649 650
3 638 650 627
3 627 650 639
3 639 651 640
3 640 651 652
3 640 652 641
3 641 652 653
3 641 653 642
3 642 653 654
3 642 654 643
3 643 654 655
3 643 655 644
3 644 655 656
3 644 656 645
3 645 656 657
3 645 657 646
3 646 657 658
3 646 658 647
3 647 658 659
3 647 659 648
3 648 659 660
3 648 660 649
3 649 660 661
3 649 661 650
3 650 661 662
3 650 662 639
3 639 662 651
3 651 663 652
3 652 663 664
3 652 664 653
3 653 664 665
3 653 665 654
3 654 665 666
3 654 666 655
3 655 666 667
3 655 667 656
3 656 667 668
3 656 668 657
3 657 668 669
3 657 669 658
3 658 669 670
3 658 670 659
3 659 670 671
3 659 671 660
3 660 671 672
3 660 672 661
3 661 672 673
3 661 673 662
3 662 673 674
3 662 674 651
3 651 674 663
3 663 675 664
3 664 675 676
3 664 676 665
3 665 676 677
3 665 677 666
3 666 677 678
3 666 678 667
3 667 678 679
3 667 679 668
3 668 679 680
3 668 680 669
3 669 680 681
3 669 681 670
3 670 681 682
3 670 682 671
3 671 682 683
3 671 683 672
3 672 683 684
3 672 684 673
3 673 684 685
3 673 685 674
3 674 685 686
3 674 686 663
3 663 686 675
3 687 676 675
3 687 677 676
3 687 678 677
3 687 679 678
3 687 680 679
3 687 681 680
3 687 682 681
3 687 683 682
3 687 684 683
3 687 685 684
3 687 686 685
3 687 675 686
3 688 689 690
3 688 690 691
3 688 691 692
3 688 692 693
3 688 693 694
3 688 694 695
3 688 695 696
3 688 696 697
3 688 697 698
3 688 698 699
3 688 699 700
3 688 700 689
3 689 701 690
3 690 701 702
3 690 702 691
3 691 702 703
3 691 703 692
3 692 703 704
3 692 704 693
3 693 704 705
3 693 705 694
3 694 705 706
3 694 706 695
3 695 706 707
3 695 707 696
3 696 707 708
3 696 708 697
3 697 708 709
3 697 709 698
3 698 709 710
3 698 710 699
3 699 710 711
3 699 711 700
3 700 711 712
3 700 712 689
3 689 712 701
3 701 713 702
3 702 713 714
3 702 714 703
3 703 714 715
3 703 715 704
3 704 715 716
3 704 716 705
3 705 716 717
3 705 717 706
3 706 717 718
3 706 718 707
3 707 718 719
3 707 719 708
3 708 719 720
3 708 720 709
3 709 720 721
3 709 721 710
3 710 721 722
3 710 722 711
3 711 722 723
3 711 723 712
3 712 723 724
3 712 724 701
3 701 724 713
3 713 725 714
3 714 725 726
3 714 726 715
3 715 726 727
3 715 727 716
3 716 727 728
3 716 728 717
3 717 728 729
3 717 729 718
3 718 729 730
3 718 730 719
3 719 730 731
3 719 731 720
3 720 731 732
3 720 732 721
3 721 732 733
3 721 733 722
3 722 733 734
3 722 734 723
3 723 734 735
3 723 735 724
3 724 735 736
3 724 736 713
3 713 736 725
3 725 737 726
3 726 737 738
3 726 738 727
3 727 738 739
3 727 739 728
3 728 739 740
3 728 740 729
3 729 740 741
3 729 741 730
3 730 741 742
3 730 742 731
3 731 742 743
3 731 743 732
3 732 743 744
3 732 744 733
3 733 744 745
3 733 745 734
3 734 745 746
3 734 746 735
3 735 746 747
3 735 747 736
3 736 747 748
3 736 748 725
3 725 748 737
3 737 749 738
3 738 749 750
3 738 750 739
3 739 750 751
3 739 751 740
3 740 751 752
3 740 752 741
3 741 752 753
3 741 753 742
3 742 753 754
3 742 754 743
3 743 754 755
3 743 755 744
3 744 755 756
3 744 756 745
3 745 756 757
3 745 757 746
3 746 757 758
3 746 758 747
3 747 758 759
3 747 759 748
3 748 759 760
3 748 760 737
3 737 760 749
3 749 761 750
3 750 761 762
3 750 762 751
3 751 762 763
3 751 763 752
3 752 763 764
3 752 764 753
3 753 764 765
3 753 765 754
3 754 765 766
3 754 766 755
3 755 766 767
3 755 767 756
3 756 767 768
3 756 768 757
3 757 768 769
3 757 769 758
3 758 769 770
3 758 770 759
3 759 770 771
3 759 771 760
3 760 771 772
3 760 772 749
3 749 772 761
3 773 762 761
3 773 763 762
3 773 764 763
3 773 765 764
3 773 766 765
3 773 767 766
3 773 768 767
3 773 769 768
3 773 770 769
3 773 771 770
3 773 772 771
3 773 761 772
3 774 775 776
3 774 776 777
3 774 777 778
3 774 778 779
3 774 779 780
3 774 780 781
3 774 781 782
3 774 782 783
3 774 783 784
3 774 784 785
3 774 785 786
3 774 786 775
3 775 787 776
3 776 787 788
3 776 788 777
3 777 788 789
3 777 789 778
3 778 789 790
3 778 790 779
3 779 790 791
3 779 791 780
3 780 791 792
3 780 792 781
3 781 792 793
3 781 793 782
3 782 793 794
3 782 794 783
3 783 794 795
3 783 795 784
3 784 795 796
3 784 796 785
3 785 796 797
3 785 797 786
3 786 797 798
3 786 798 775
3 775 798 787
3 787 799 788
3 788 799 800
3 788 800 789
3 789 800 801
3 789 801 790
3 790 801 802
3 790 802 791
3 791 802 803
3 791 803 792
3 792 803 804
3 792 804 793
3 793 804 805
3 793 805 794
3 794 805 806
3 794 806 795
3 795 806 807
3 795 807 796
3 796 807 808
3 796 808 797
3 797 808 809
3 797 809 798
3 798 809 810
3 798 810 787
3 787 810 799
3 799 811 800
3 800 811 812
3 800 812 801
3 801 812 813
3 801 813 802
3 802 813 814
3 802 814 803
3 803 814 815
3 803 815 804
3 804 815 816
3 804 816 805
3 805 816 817
3 805 817 806
3 806 817 818
3 806 818 807
3 807 818 819
3 807 819 808
3 808 819 820
3 808 820 809
3 809 820 821
3 809 821 810
3 810 821 822
3 810 822 799
3 799 822 811
3 811 823 812
3 812 823 824
3 812 824 813
3 813 824 825
3 813 825 814
3 814 825 826
3 814 826 815
3 815 826 827
3 815 827 816
3 816 827 828
3 816 828 817
3 817 828 829
3 817 829 818
3 818 829 830
3 818 830 819
3 819 830 831
3 819 831 820
3 820 831 832
3 820 832 821
3 821 832 833
3 821 833 822
3 822 833 834
3 822 834 811
3 811 834 823
3 823 835 824
3 824 835 836
3 824 836 825
3 825 836 837
3 825 837 826
3 826 837 838
3 826 838 827
3 827 838 839
3 827 839 828
3 828 839 840
3 828 840 829
3 829 840 841
3 829 841 830
3 830 841 842
3 830 842 831
3 831 842 843
3 831 843 832
3 832 843 844
3 832 844 833
3 833 844 845
3 833 845 834
3 834 845 846
3 834 846 823
3 823 846 835
3 835 847 836
3 836 847 848
3 836 848 837
3 837 848 849
3 837 849 838
3 838 849 850
3 838 850 839
3 839 850 851
3 839 851 840
3 840 851 852
3 840 852 841
3 841 852 853
3 841 853 842
3 842 853 854
3 842 854 843
3 843 854 855
3 843 855 844
3 844 855 856
3 844 856 845
3 845 856 857
3 845 857 846
3 846 857 858
3 846 858 835
3 835 858 847
3 859 848 847
3 859 849 848
3 859 850 849
3 859 851 850
3 859 852 851
3 859 853 852
3 859 854 853
3 859 855 854
3 859 856 855
3 859 857 856
3 859 858 857
3 859 847 858
3 860 861 862
3 860 862 863
3 860 863 864
3 860 864 865
3 860 865 866
3 860 866 867
3 860 867 868
3 860 868 869
3 860 869 870
3 860 870 871
3 860 871 872
3 860 872 861
3 861 873 862
3 862 873 874
3 862 874 863
3 863 874 875
3 863 875 864
3 864 875 876
3 864 876 865
3 865 876 877
3 865 877 866
3 866 877 878
3 866 878 867
3 867 878 879
3 867 879 868
3 868 879 880
3 868 880 869
3 869 880 881
3 869 881 870
3 870 881 882
3 870 882 871
3 871 882 883
3 871 883 872
3 872 883 884
3 872 884 861
3 861 884 873
3 873 885 874
3 874 885 886
3 874 886 875
3 875 886 887
3 875 887 876
3 876 887 888
3 876 888 877
3 877 888 889
3 877 889 878
3 878 889 890
3 878 890 879
3 879 890 891
3 879 891 880
3 880 891 892
3 880 892 881
3 881 892 893
3 881 893 882
3 882 893 894
3 882 894 883
3 883 894 895
3 883 895 884
3 884 895 896
3 884 896 873
3 873 896 885
3 885 897 886
3 886 897 898
3 886 898 887
3 887 898 899
3 887 899 888
3 888 899 900
3 888 900 889
3 889 900 901
3 889 901 890
3 890 901 902
3 890 902 891
3 891 902 903
3 891 903 892
3 892 903 904
3 892 904 893
3 893 904 905
3 893 905 894
3 894 905 906
3 894 906 895
3 895 906 907
3 895 907 896
3 896 907 908
3 896 908 885
3 885 908 897
3 897 909 898
3 898 909 910
3 898 910 899
3 899 910 911
3 899 911 900
3 900 911 912
3 900 912 901
3 901 912 913
3 901 913 902
3 902 913 914
3 902 914 903
3 903 914 915
3 903 915 904
3 904 915 916
3 904 916 905
3 905 916 917
3 905 917 906
3 906 917 918
3 906 918 907
3 907 918 919
3 907 919 908
3 908 919 920
3 908 920 897
3 897 920 909
3 909 921 910
3 910 921 922
3 910 922 911
3 911 922 923
3 911 923 912
3 912 923 924
3 912 924 913
3 913 924 925
3 913 925 914
3 914 925 926
3 914 926 915
3 915 926 927
3 915 927 916
3 916 927 928
3 916 928 917
3 917 928 929
3 917 929 918
3 918 929 930
3 918 930 919
3 919 930 931
3 919 931 920
3 920 931 932
3 920 932 909
3 909 932 921
3 921 933 922
3 922 933 934
3 922 934 923
3 923 934 935
3 923 935 924
3 924 935 936
3 924 936 925
3 925 936 937
3 925 937 926
3 926 937 938
3 926 938 927
3 927 938 939
3 927 939 928
3 928 939 940
3 928 940 929
3 929 940 941
3 929 941 930
3 930 941 942
3 930 942 931
3 931 942 943
3 931 943 932
3 932 943 944
3 932 944 921
3 921 944 933
3 945 934 933
3 945 935 934
3 945 936 935
3 945 937 936
3 945 938 937
3 945 939 938
3 945 940 939
3 945 941 940
3 945 942 941
3 945 943 942
3 945 944 943
3 945 933 944
3 946 947 948
3 946 948 949
3 946 949 950
3 946 950 951
3 946 951 952
3 946 952 953
3 946 953 954
3 946 954 955
3 946 955 956
3 946 956 957
3 946 957 958
3 946 958 947
3 947 959 948
3 948 959 960
3 948 960 949
3 949 960 961
3 949 961 950
3 950 961 962
3 950 962 951
3 951 962 963
3 951 963 952
3 952 963 964
3 952 964 953
3 953 964 965
3 953 965 954
3 954 965 966
3 954 966 955
3 955 966 967
3 955 967 956
3 956 967 968
3 956 968 957
3 957 968 969
3 957 969 958
3 958 969 970
3 958 970 947
3 947 970 959
3 959 971 960
3 960 971 972
3 960 972 961
3 961 972 973
3 961 973 962
3 962 973 974
3 962 974 963
3 963 974 975
3 963 975 964
3 964 975 976
3 964 976 965
3 965 976 977
3 965 977 966
3 966 977 978
3 966 978 967
3 967 978 979
3 967 979 968
3 968 979 980
3 968 980 969
3 969 980 981
3 969 981 970
3 970 981 982
3 970 982 959
3 959 982 971
3 971 983 972
3 972 983 984
3 972 984 973
3 973 984 985
3 973 985 974
3 974 985 986
3 974 986 975
3 975 986 987
3 975 987 976
3 976 987 988
3 976 988 977
3 977 988 989
3 977 989 978
3 978 989 990
3 978 990 979
3 979 990 991
3 979 991 980
3 980 991 992
3 980 992 981
3 981 992 993
3 981 993 982
3 982 993 994
3 982 994 971
3 971 994 983
3 983 995 984
3 984 995 996
3 984 996 985
3 985 996 997
3 985 997 986
3 986 997 998
3 986 998 987
3 987 998 999
3 987 999 988
3 988 999 1000
3 988 1000 989
3 989 1000 1001
3 989 1001 990
3 990 1001 1002
3 990 1002 991
3 991 1002 1003
3 991 1003 992
3 992 1003 1004
3 992 1004 993
3 993 1004 1005
3 993 1005 994
3 994 1005 1006
3 994 1006 983
3 983 1006 995
3 995 1007 996
3 996 1007 1008
3 996 1008 997
3 997 1008 1009
3 997 1009 998
3 998 1009 1010
3 998 1010 999
3 999 1010 1011
3 999 1011 1000
3 1000 1011 1012
3 1000 1012 1001
3 1001 1012 1013
3 1001 1013 1002
3 1002 1013 1014
3 1002 1014 1003
3 1003 1014 1015
3 1003 1015 1004
3 1004 1015 1016
3 1004 1016 1005
3 1005 1016 1017
3 1005 1017 1006
3 1006 1017 1018
3 1006 1018 995
3 995 1018 1007
3 1007 1019 1008
3 1008 1019 1020
3 1008 1020 1009
3 1009 1020 1021
3 1009 1021 1010
3 1010 1021 1022
3 1010 1022 1011
3 1011 1022 1023
3 1011 1023 1012
3 1012 1023 1024
3 1012 1024 1013
3 1013 1024 1025
3 1013 1025 1014
3 1014 1025 1026
3 1014 1026 1015
3 1015 1026 1027
3 1015 1027 1016
3 1016 1027 1028
3 1016 1028 1017
3 1017 1028 1029
3 1017 1029 1018
3 1018 1029 1030
3 1018 1030 1007
3 1007 1030 1019
3 1031 1020 1019
3 1031 1021 1020
3 1031 1022 1021
3 1031 1023 1022
3 1031 1024 1023
3 1031 1025 1024
3 1031 1026 1025
3 1031 1027 1026
3 1031 1028 1027
3 1031 1029 1028
3 1031 1030 1029
3 1031 1019 1030
3 1032 1033 1034
3 1032 1034 1035
3 1032 1035 1036
3 1032 1036 1037
3 1032 1037 1038
3 1032 1038 1039
3 1032 1039 1040
3 1032 1040 1041
3 1032 1041 1042
3 1032 1042 1043
3 1032 1043 1044
3 1032 1044 1033
3 1033 1045 1034
3 1034 1045 1046
3 1034 1046 1035
3 1035 1046 1047
3 1035 1047 1036
3 1036 1047 1048
3 1036 1048 1037
3 1037 1048 1049
3 1037 1049 1038
3 1038 1049 1050
3 1038 1050 1039
3 1039 1050 1051
3 1039 1051 1040
3 1040 1051 1052
3 1040 1052 1041
3 1041 1052 1053
3 1041 1053 1042
3 1042 1053 1054
3 1042 1054 1043
3 1043 1054 1055
3 1043 1055 1044
3 1044 1055 1056
3 1044 1056 1033
3 1033 1056 1045
3 1045 1057 1046
3 1046 1057 1058
3 1046 1058 1047
3 1047 1058 1059
3 1047 1059 1048
3 1048 1059 1060
3 1048 1060 1049
3 1049 1060 1061
3 1049 1061 1050
3 1050 1061 1062
3 1050 1062 1051
3 1051 1062 1063
3 1051 1063 1052
3 1052 1063 1064
3 1052 1064 1053
3 1053 1064 1065
3 1053 1065 1054
3 1054 1065 1066
3 1054 1066 1055
3 1055 1066 1067
3 1055 1067 1056
3 1056 1067 1068
3 1056 1068 1045
3 1045 1068 1057
3 1057 1069 1058
3 1058 1069 1070
3 1058 1070 1059
3 1059 1070 1071
3 1059 1071 1060
3 1060 1071 1072
3 1060 1072 1061
3 1061 1072 1073
3 1061 1073 1062
3 1062 1073 1074
3 1062 1074 1063
3 1063 1074 1075
3 1063 1075 1064
3 1064 1075 1076
3 1064 1076 1065
3 1065 1076 1077
3 1065 1077 1066
3 1066 1077 1078
3 1066 1078 1067
3 1067 1078 1079
3 1067 1079 1068
3 1068 1079 1080
3 1068 1080 1057
3 1057 1080 1069
3 1069 1081 1070
3 1070 1081 1082
3 1070 1082 1071
3 1071 1082 1083
3 1071 1083 1072
3 1072 1083 1084
3 1072 1084 1073
3 1073 1084 1085
3 1073 1085 1074
3 1074 1085 1086
3 1074 1086 1075
3 1075 1086 1087
3 1075 1087 1076
3 1076 1087 1088
3 1076 1088 1077
3 1077 1088 1089
3 1077 1089 1078
3 1078 1089 1090
3 1078 1090 1079
3 1079 1090 1091
3 1079 1091 1080
3 1080 1091 1092
3 1080 1092 1069
3 1069 1092 1081
3 1081 1093 1082
3 1082 1093 1094
3 1082 1094 1083
3 1083 1094 1095
3 1083 1095 1084
3 1084 1095 1096
3 1084 1096 1085
3 1085 1096 1097
3 1085 1097 1086
3 1086 1097 1098
3 1086 1098 1087
3 1087 1098 1099
3 1087 1099 1088
3 1088 1099 1100
3 1088 1100 1089
3 1089 1100 1101
3 1089 1101 1090
3 1090 1101 1102
3 1090 1102 1091
3 1091 1102 1103
3 1091 1103 1092
3 1092 1103 1104
3 1092 1104 1081
3 1081 1104 1093
3 1093 1105 1094
3 1094 1105 1106
3 1094 1106 1095
3 1095 1106 1107
3 1095 1107 1096
3 1096 1107 1108
3 1096 1108 1097
3 1097 1108 1109
3 1097 1109 1098
3 1098 1109 1110
3 1098 1110 1099
3 1099 1110 1111
3 1099 1111 1100
3 1100 1111 1112
3 1100 1112 1101
3 1101 1112 1113
3 1101 1113 1102
3 1102 1113 1114
3 1102 1114 1103
3 1103 1114 1115
3 1103 1115 1104
3 1104 1115 1116
3 1104 1116 1093
3 1093 1116 1105
3 1117 1106 1105
3 1117 1107 1106
3 1117 1108 1107
3 1117 1109 1108
3 1117 1110 1109
3 1117 1111 1110
3 1117 1112 1111
3 1117 1113 1112
3 1117 1114 1113
3 1117 1115 1114
3 1117 1116 1115
3 1117 1105 1116
3 1118 1119 1120
3 1118 1120 1121
3 1118 1121 1122
3 1118 1122 1123
3 1118 1123 1124
3 1118 1124 1125
3 1118 1125 1126
3 1118 1126 1127
3 1118 1127 1128
3 1118 1128 1129
3 1118 1129 1130
3 1118 1130 1119
3 1119 1131 1120
3 1120 1131 1132
3 1120 1132 1121
3 1121 1132 1133
3 1121 1133 1122
3 1122 1133 1134
3 1122 1134 1123
3 1123 1134 1135
3 1123 1135 1124
3 1124 1135 1136
3 1124 1136 1125
3 1125 1136 1137
3 1125 1137 1126
3 1126 1137 1138
3 1126 1138 1127
3 1127 1138 1139
3 1127 1139 1128
3 1128 1139 1140
3 1128 1140 1129
3 1129 1140 1141
3 1129 1141 1130
3 1130 1141 1142
3 1130 1142 1119
3 1119 1142 1131
3 1131 1143 1132
3 1132 1143 1144
3 1132 1144 1133
3 1133 1144 1145
3 1133 1145 1134
3 1134 1145 1146
3 1134 1146 1135
3 1135 1146 1147
3 1135 1147 1136
3 1136 1147 1148
3 1136 1148 1137
3 1137 1148 1149
3 1137 1149 1138
3 1138 1149 1150
3 1138 1150 1139
3 1139 1150 1151
3 1139 1151 1140
3 1140 1151 1152
3 1140 1152 1141
3 1141 1152 1153
3 1141 1153 1142
3 1142 1153 1154
3 1142 1154 1131
3 1131 1154 1143
3 1143 1155 1144
3 1144 1155 1156
3 1144 1156 1145
3 1145 1156 1157
3 1145 1157 1146
3 1146 1157 1158
3 1146 1158 1147
3 1147 1158 1159
3 1147 1159 1148
3 1148 1159 1160
3 1148 1160 1149
3 1149 1160 1161
3 1149 1161 1150
3 1150 1161 1162
3 1150 1162 1151
3 1151 1162 1163
3 1151 1163 1152
3 1152 1163 1164
3 1152 1164 1153
3 1153 1164 1165
3 1153 1165 1154
3 1154 1165 1166
3 1154 1166 1143
3 1143 1166 1155
3 1155 1167 1156
3 1156 1167 1168
3 1156 1168 1157
3 1157 1168 1169
3 1157 1169 1158
3 1158 1169 1170
3 1158 1170 1159
3 1159 1170 1171
3 1159 1171 1160
3 1160 1171 1172
3 1160 1172 1161
3 1161 1172 1173
3 1161 1173 1162
3 1162 1173 1174
3 1162 1174 1163
3 1163 1174 1175
3 1163 1175 1164
3 1164 1175 1176
3 1164 1176 1165
3 1165 1176 1177
3 1165 1177 1166
3 1166 1177 1178
3 1166 1178 1155
3 1155 1178 1167
3 1167 1179 1168
3 1168 1179 1180
3 1168 1180 1169
3 1169 1180 1181
3 1169 1181 1170
3 1170 1181 1182
3 1170 1182 1171
3 1171 1182 1183
3 1171 1183 1172
3 1172 1183 1184
3 1172 1184 1173
3 1173 1184 1185
3 1173 1185 1174
3 1174 1185 1186
3 1174 1186 1175
3 1175 1186 1187
3 1175 1187 1176
3 1176 1187 1188
3 1176 1188 1177
3 1177 1188 1189
3 1177 1189 1178
3 1178 1189 1190
3 1178 1190 1167
3 1167 1190 1179
3 1179 1191 1180
3 1180 1191 1192
3 1180 1192 1181
3 1181 1192 1193
3 1181 1193 1182
3 1182 1193 1194
3 1182 1194 1183
3 1183 1194 1195
3 1183 1195 1184
3 1184 1195 1196
3 1184 1196 1185
3 1185 1196 1197
3 1185 1197 1186
3 1186 1197 1198
3 1186 1198 1187
3 1187 1198 1199
3 1187 1199 1188
3 1188 1199 1200
3 1188 1200 1189
3 1189 1200 1201
3 1189 1201 1190
3 1190 1201 1202
3 1190 1202 1179
3 1179 1202 1191
3 1203 1192 1191
3 1203 1193 1192
3 1203 1194 1193
3 1203 1195 1194
3 1203 1196 1195
3 1203 1197 1196
3 1203 1198 1197
3 1203 1199 1198
3 1203 1200 1199
3 1203 1201 1200
3 1203 1202 1201
3 1203 1191 1202
3 1204 1205 1206
3 1204 1206 1207
3 1204 1207 1208
3 1204 1208 1209
3 1204 1209 1210
3 1204 1210 1211
3 1204 1211 1212
3 1204 1212 1213
3 1204 1213 1214
3 1204 1214 1215
3 1204 1215 1216
3 1204 1216 1205
3 1205 1217 1206
3 1206 1217 1218
3 1206 1218 1207
3 1207 1218 1219
3 1207 1219 1208
3 1208 1219 1220
3 1208 1220 1209
3 1209 1220 1221
3 1209 1221 1210
3 1210 1221 1222
3 1210 1222 1211
3 1211 1222 1223
3 1211 1223 1212
3 1212 1223 1224
3 1212 1224 1213
3 1213 1224 1225
3 1213 1225 1214
3 1214 1225 1226
3 1214 1226 1215
3 1215 1226 1227
3 1215 1227 1216
3 1216 1227 1228
3 1216 1228 1205
3 1205 1228 1217
3 1217 1229 1218
3 1218 1229 1230
3 1218 1230 1219
3 1219 1230 1231
3 1219 1231 1220
3 1220 1231 1232
3 1220 1232 1221
3 1221 1232 1233
3 1221 1233 1222
3 1222 1233 1234
3 1222 1234 1223
3 1223 1234 1235
3 1223 1235 1224
3 1224 1235 1236
3 1224 1236 1225
3 1225 1236 1237
3 1225 1237 1226
3 1226 1237 1238
3 1226 1238 1227
3 1227 1238 1239
3 1227 1239 1228
3 1228 1239 1240
3 1228 1240 1217
3 1217 1240 1229
3 1229 1241 1230
3 1230 1241 1242
3 1230 1242 1231
3 1231 1242 1243
3 1231 1243 1232
3 1232 1243 1244
3 1232 1244 1233
3 1233 1244 1245
3 1233 1245 1234
3 1234 1245 1246
3 1234 1246 1235
3 1235 1246 1247
3 1235 1247 1236
3 1236 1247 1248
3 1236 1248 1237
3 1237 1248 1249
3 1237 1249 1238
3 1238 1249 1250
3 1238 1250 1239
3 1239 1250 1251
3 1239 1251 1240
3 1240 1251 1252
3 1240 1252 1229
3 1229 1252 1241
3 1241 1253 1242
3 1242 1253 1254
3 1242 1254 1243
3 1243 1254 1255
3 1243 1255 1244
3 1244 1255 1256
3 1244 1256 1245
3 1245 1256 1257
3 1245 1257 1246
3 1246 1257 1258
3 1246 1258 1247
3 1247 1258 1259
3 1247 1259 1248
3 1248 1259 1260
3 1248 1260 1249
3 1249 1260 1261
3 1249 1261 1250
3 1250 1261 1262
3 1250 1262 1251
3 1251 1262 1263
3 1251 1263 1252
3 1252 1263 1264
3 1252 1264 1241
3 1241 1264 1253
3 1253 1265 1254
3 1254 1265 1266
3 1254 1266 1255
3 1255 1266 1267
3 1255 1267 1256
3 1256 1267 1268
3 1256 1268 1257
3 1257 1268 1269
3 1257 1269 1258
3 1258 1269 1270
3 1258 1270 1259
3 1259 1270 1271
3 1259 1271 1260
3 1260 1271 1272
3 1260 1272 1261
3 1261 1272 1273
3 1261 1273 1262
3 1262 1273 1274
3 1262 1274 1263
3 1263 1274 1275
3 1263 1275 1264
3 1264 1275 1276
3 1264 1276 1253
3 1253 1276 1265
3 1265 1277 1266
3 1266 1277 1278
3 1266 1278 1267
3 1267 1278 1279
3 1267 1279 1268
3 1268 1279 1280
3 1268 1280 1269
3 1269 1280 1281
3 1269 1281 1270
3 1270 1281 1282
3 1270 1282 1271
3 1271 1282 1283
3 1271 1283 1272
3 1272 1283 1284
3 1272 1284 1273
3 1273 1284 1285
3 1273 1285 1274
3 1274 1285 1286
3 1274 1286 1275
3 1275 1286 1287
3 1275 1287 1276
3 1276 1287 1288
3 1276 1288 1265
3 1265 1288 1277
3 1289 1278 1277
3 1289 1279 1278
3 1289 1280 1279
3 1289 1281 1280
3 1289 1282 1281
3 1289 1283 1282
3 1289 1284 1283
3 1289 1285 1284
3 1289 1286 1285
3 1289 1287 1286
3 1289 1288 1287
3 1289 1277 1288
3 1290 1291 1292
3 1290 1292 1293
3 1290 1293 1294
3 1290 1294 1295
3 1290 1295 1296
3 1290 1296 1297
3 1290 1297 1298
3 1290 1298 1299
3 1290 1299 1300
3 1290 1300 1301
3 1290 1301 1302
3 1290 1302 1291
3 1291 1303 1292
3 1292 1303 1304
3 1292 1304 1293
3 1293 1304 1305
3 1293 1305 1294
3 1294 1305 1306
3 1294 1306 1295
3 1295 1306 1307
3 1295 1307 1296
3 1296 1307 1308
3 1296 1308 1297
3 1297 1308 1309
3 1297 1309 1298
3 1298 1309 1310
3 1298 1310 1299
3 1299 1310 1311
3 1299 1311 1300
3 1300 1311 1312
3 1300 1312 1301
3 1301 1312 1313
3 1301 1313 1302
3 1302 1313 1314
3 1302 1314 1291
3 1291 1314 1303
3 1303 1315 1304
3 1304 1315 1316
3 1304 1316 1305
3 1305 1316 1317
3 1305 1317 1306
3 1306 1317 1318
3 1306 1318 1307
3 1307 1318 1319
3 1307 1319 1308
3 1308 1319 1320
3 1308 1320 1309
3 1309 1320 1321
3 1309 1321 1310
3 1310 1321 1322
3 1310 1322 1311
3 1311 1322 1323
3 1311 1323 1312
3 1312 1323 1324
3 1312 1324 1313
3 1313 1324 1325
3 1313 1325 1314
3 1314 1325 1326
3 1314 1326 1303
3 1303 1326 1315
3 1315 1327 1316
3 1316 1327 1328
3 1316 1328 1317
3 1317 1328 1329
3 1317 1329 1318
3 1318 1329 1330
3 1318 1330 1319
3 1319 1330 1331
3 1319 1331 1320
3 1320 1331 1332
3 1320 1332 1321
3 1321 1332 1333
3 1321 1333 1322
3 1322 1333 1334
3 1322 1334 1323
3 1323 1334 1335
3 1323 1335 1324
3 1324 1335 1336
3 1324 1336 1325
3 1325 1336 1337
3 1325 1337 1326
3 1326 1337 1338
3 1326 1338 1315
3 1315 1338 1327
3 1327 1339 1328
3 1328 1339 1340
3 1328 1340 1329
3 1329 1340 1341
3 1329 1341 1330
3 1330 1341 1342
3 1330 1342 1331
3 1331 1342 1343
3 1331 1343 1332
3 1332 1343 1344
3 1332 1344 1333
3 1333 1344 1345
3 1333 1345 1334
3 1334 1345 1346
3 1334 1346 1335
3 1335 1346 1347
3 1335 1347 1336
3 1336 1347 1348
3 1336 1348 1337
3 1337 1348 1349
3 1337 1349 1338
3 1338 1349 1350
3 1338 1350 1327
3 1327 1350 1339
3 1339 1351 1340
3 1340 1351 1352
3 1340 1352 1341
3 1341 1352 1353
3 1341 1353 1342
3 1342 1353 1354
3 1342 1354 1343
3 1343 1354 1355
3 1343 1355 1344
3 1344 1355 1356
3 1344 1356 1345
3 1345 1356 1357
3 1345 1357 1346
3 1346 1357 1358
3 1346 1358 1347
3 1347 1358 1359
3 1347 1359 1348
3 1348 1359 1360
3 1348 1360 1349
3 1349 1360 1361
3 1349 1361 1350
3 1350 1361 1362
3 1350 1362 1339
3 1339 1362 1351
3 1351 1363 1352
3 1352 1363 1364
3 1352 1364 1353
3 1353 1364 1365
3 1353 1365 1354
3 1354 1365 1366
3 1354 1366 1355
3 1355 1366 1367
3 1355 1367 1356
3 1356 1367 1368
3 1356 1368 1357
3 1357 1368 1369
3 1357 1369 1358
3 1358 1369 1370
3 1358 1370 1359
3 1359 1370 1371
3 1359 1371 1360
3 1360 1371 1372
3 1360 1372 1361
3 1361 1372 1373
3 1361 1373 1362
3 1362 1373 1374
3 1362 1374 1351
3 1351 1374 1363
3 1375 1364 1363
3 1375 1365 1364
3 1375 1366 1365
3 1375 1367 1366
3 1375 1368 1367
3 1375 1369 1368
3 1375 1370 1369
3 1375 1371 1370
3 1375 1372 1371
3 1375 1373 1372
3 1375 1374 1373
3 1375 1363 1374
3 1376 1377 1378
3 1376 1378 1379
3 1376 1379 1380
3 1376 1380 1381
3 1376 1381 1382
3 1376 1382 1383
3 1376 1383 1384
3 1376 1384 1385
3 1376 1385 1386
3 1376 1386 1387
3 1376 1387 1388
3 1376 1388 1377
3 1377 1389 1378
3 1378 1389 1390
3 1378 1390 1379
3 1379 1390 1391
3 1379 1391 1380
3 1380 1391 1392
3 1380 1392 1381
3 1381 1392 1393
3 1381 1393 1382
3 1382 1393 1394
3 1382 1394 1383
3 1383 1394 1395
3 1383 1395 1384
3 1384 1395 1396
3 1384 1396 1385
3 1385 1396 1397
3 1385 1397 1386
3 1386 1397 1398
3 1386 1398 1387
3 1387 1398 1399
3 1387 1399 1388
3 1388 1399 1400
3 1388 1400 1377
3 1377 1400 1389
3 1389 1401 1390
3 1390 1401 1402
3 1390 1402 1391
3 1391 1402 1403
3 1391 1403 1392
3 1392 1403 1404
3 1392 1404 1393
3 1393 1404 1405
3 1393 1405 1394
3 1394 1405 1406
3 1394 1406 1395
3 1395 1406 1407
3 1395 1407 1396
3 1396 1407 1408
3 1396 1408 1397
3 1397 1408 1409
3 1397 1409 1398
3 1398 1409 1410
3 1398 1410 1399
3 1399 1410 1411
3 1399 1411 1400
3 1400 1411 1412
3 1400 1412 1389
3 1389 1412 1401
3 1401 1413 1402
3 1402 1413 1414
3 1402 1414 1403
3 1403 1414 1415
3 1403 1415 1404
3 1404 1415 1416
3 1404 1416 1405
3 1405 1416 1417
3 1405 1417 1406
3 1406 1417 1418
3 1406 1418 1407
3 1407 1418 1419
3 1407 1419 1408
3 1408 1419 1420
3 1408 1420 1409
3 1409 1420 1421
3 1409 1421 1410
3 1410 1421 1422
3 1410 1422 1411
3 1411 1422 1423
3 1411 1423 1412
3 1412 1423 1424
3 1412 1424 1401
3 1401 1424 1413
3 1413 1425 1414
3 1414 1425 1426
3 1414 1426 1415
3 1415 1426 1427
3 1415 1427 1416
3 1416 1427 1428
3 1416 1428 1417
3 1417 1428 1429
3 1417 1429 1418
3 1418 1429 1430
3 1418 1430 1419
3 1419 1430 1431
3 1419 1431 1420
3 1420 1431 1432
3 1420 1432 1421
3 1421 1432 1433
3 1421 1433 1422
3 1422 1433 1434
3 1422 1434 1423
3 1423 1434 1435
3 1423 1435 1424
3 1424 1435 1436
3 1424 1436 1413
3 1413 1436 1425
3 1425 1437 1426
3 1426 1437 1438
3 1426 1438 1427
3 1427 1438 1439
3 1427 1439 1428
3 1428 1439 1440
3 1428 1440 1429
3 1429 1440 1441
3 1429 1441 1430
3 1430 1441 1442
3 1430 1442 1431
3 1431 1442 1443
3 1431 1443 1432
3 1432 1443 1444
3 1432 1444 1433
3 1433 1444 1445
3 1433 1445 1434
3 1434 1445 1446
3 1434 1446 1435
3 1435 1446 1447
3 1435 1447 1436
3 1436 1447 1448
3 1436 1448 1425
3 1425 1448 1437
3 1437 1449 1438
3 1438 1449 1450
3 1438 1450 1439
3 1439 1450 1451
3 1439 1451 1440
3 1440 1451 1452
3 1440 1452 1441
3 1441 1452 1453
3 1441 1453 1442
3 1442 1453 1454
3 1442 1454 1443
3 1443 1454 1455
3 1443 1455 1444
3 1444 1455 1456
3 1444 1456 1445
3 1445 1456 1457
3 1445 1457 1446
3 1446 1457 1458
3 1446 1458 1447
3 1447 1458 1459
3 1447 1459 1448
3 1448 1459 1460
3 1448 1460 1437
3 1437 1460 1449
3 1461 1450 1449
3 1461 1451 1450
3 1461 1452 1451
3 1461 1453 1452
3 1461 1454 1453
3 1461 1455 1454
3 1461 1456 1455
3 1461 1457 1456
3 1461 1458 1457
3 1461 1459 1458
3 1461 1460 1459
3 1461 1449 1460
3 1462 1463 1464
3 1462 1464 1465
3 1462 1465 1466
3 1462 1466 1467
3 1462 1467 1468
3 1462 1468 1469
3 1462 1469 1470
3 1462 1470 1471
3 1462 1471 1472
3 1462 1472 1473
3 1462 1473 1474
3 1462 1474 1463
3 1463 1475 1464
3 1464 1475 1476
3 1464 1476 1465
3 1465 1476 1477
3 1465 1477 1466
3 1466 1477 1478
3 1466 1478 1467
3 1467 1478 1479
3 1467 1479 1468
3 1468 1479 1480
3 1468 1480 1469
3 1469 1480 1481
3 1469 1481 1470
3 1470 1481 1482
3 1470 1482 1471
3 1471 1482 1483
3 1471 1483 1472
3 1472 1483 1484
3 1472 1484 1473
3 1473 1484 1485
3 1473 1485 1474
3 1474 1485 1486
3 1474 1486 1463
3 1463 1486 1475
3 1475 1487 1476
3 1476 1487 1488
3 1476 1488 1477
3 1477 1488 1489
3 1477 1489 1478
3 1478 1489 1490
3 1478 1490 1479
3 1479 1490 1491
3 1479 1491 1480
3 1480 1491 1492
3 1480 1492 1481
3 1481 1492 1493
3 1481 1493 1482
3 1482 1493 1494
3 1482 1494 1483
3 1483 1494 1495
3 1483 1495 1484
3 1484 1495 1496
3 1484 1496 1485
3 1485 1496 1497
3 1485 1497 1486
3 1486 1497 1498
3 1486 1498 1475
3 1475 1498 1487
3 1487 1499 1488
3 1488 1499 1500
3 1488 1500 1489
3 1489 1500 1501
3 1489 1501 1490
3 1490 1501 1502
3 1490 1502 1491
3 1491 1502 1503
3 1491 1503 1492
3 1492 1503 1504
3 1492 1504 1493
3 1493 1504 1505
3 1493 1505 1494
3 1494 1505 1506
3 1494 1506 1495
3 1495 1506 1507
3 1495 1507 1496
3 1496 1507 1508
3 1496 1508 1497
3 1497 1508 1509
3 1497 1509 1498
3 1498 1509 1510
3 1498 1510 1487
3 1487 1510 1499
3 1499 1511 1500
3 1500 1511 1512
3 1500 1512 1501
3 1501 1512 1513
3 1501 1513 1502
3 1502 1513 1514
3 1502 1514 1503
3 1503 1514 1515
3 1503 1515 1504
3 1504 1515 1516
3 1504 1516 1505
3 1505 1516 1517
3 1505 1517 1506
3 1506 1517 1518
3 1506 1518 1507
3 1507 1518 1519
3 1507 1519 1508
3 1508 1519 1520
3 1508 1520 1509
3 1509 1520 1521
3 1509 1521 1510
3 1510 1521 1522
3 1510 1522 1499
3 1499 1522 1511
3 1511 1523 1512
3 1512 1523 1524
3 1512 1524 1513
3 1513 1524 1525
3 1513 1525 1514
3 1514 1525 1526
3 1514 1526 1515
3 1515 1526 1527
3 1515 1527 1516
3 1516 1527 1528
3 1516 1528 1517
3 1517 1528 1529
3 1517 1529 1518
3 1518 1529 1530
3 1518 1530 1519
3 1519 1530 1531
3 1519 1531 1520
3 1520 1531 1532
3 1520 1532 1521
3 1521 1532 1533
3 1521 1533 1522
3 1522 1533 1534
3 1522 1534 1511
3 1511 1534 1523
3 1523 1535 1524
3 1524 1535 1536
3 1524 1536 1525
3 1525 1536 1537
3 1525 1537 1526
3 1526 1537 1538
3 1526 1538 1527
3 1527 1538 1539
3 1527 1539 1528
3 1528 1539 1540
3 1528 1540 1529
3 1529 1540 1541
3 1529 1541 1530
3 1530 1541 1542
3 1530 1542 1531
3 1531 1542 1543
3 1531 1543 1532
3 1532 1543 1544
3 1532 1544 1533
3 1533 1544 1545
3 1533 1545 1534
3 1534 1545 1546
3 1534 1546 1523
3 1523 1546 1535
3 1547 1536 1535
3 1547 1537 1536
3 1547 1538 1537
3 1547 1539 1538
3 1547 1540 1539
3 1547 1541 1540
3 1547 1542 1541
3 1547 1543 1542
3 1547 1544 1543
3 1547 1545 1544
3 1547 1546 1545
3 1547 1535 1546
3 1548 1549 1550
3 1548 1550 1551
3 1548 1551 1552
3 1548 1552 1553
3 1548 1553 1554
3 1548 1554 1555
3 1548 1555 1556
3 1548 1556 1557
3 1548 1557 1558
3 1548 1558 1559
3 1548 1559 1560
3 1548 1560 1549
3 1549 1561 1550
3 1550 1561 1562
3 1550 1562 1551
3 1551 1562 1563
3 1551 1563 1552
3 1552 1563 1564
3 1552 1564 1553
3 1553 1564 1565
3 1553 1565 1554
3 1554 1565 1566
3 1554 1566 1555
3 1555 1566 1567
3 1555 1567 1556
3 1556 1567 1568
3 1556 1568 1557
3 1557 1568 1569
3 1557 1569 1558
3 1558 1569 1570
3 1558 1570 1559
3 1559 1570 1571
3 1559 1571 1560
3 1560 1571 1572
3 1560 1572 1549
3 1549 1572 1561
3 1561 1573 1562
3 1562 1573 1574
3 1562 1574 1563
3 1563 1574 1575
3 1563 1575 1564
3 1564 1575 1576
3 1564 1576 1565
3 1565 1576 1577
3 1565 1577 1566
3 1566 1577 1578
3 1566 1578 1567
3 1567 1578 1579
3 1567 1579 1568
3 1568 1579 1580
3 1568 1580 1569
3 1569 1580 1581
3 1569 1581 1570
3 1570 1581 1582
3 1570 1582 1571
3 1571 1582 1583
3 1571 1583 1572
3 1572 1583 1584
3 1572 1584 1561
3 1561 1584 1573
3 1573 1585 1574
3 1574 1585 1586
3 1574 1586 1575
3 1575 1586 1587
3 1575 1587 1576
3 1576 1587 1588
3 1576 1588 1577
3 1577 1588 1589
3 1577 1589 1578
3 1578 1589 1590
3 1578 1590 1579
3 1579 1590 1591
3 1579 1591 1580
3 1580 1591 1592
3 1580 1592 1581
3 1581 1592 1593
3 1581 1593 1582
3 1582 1593 1594
3 1582 1594 1583
3 1583 1594 1595
3 1583 1595 1584
3 1584 1595 1596
3 1584 1596 1573
3 1573 1596 1585
3 1585 1597 1586
3 1586 1597 1598
3 1586 1598 1587
3 1587 1598 1599
3 1587 1599 1588
3 1588 1599 1600
3 1588 1600 1589
3 1589 1600 1601
3 1589 1601 1590
3 1590 1601 1602
3 1590 1602 1591
3 1591 1602 1603
3 1591 1603 1592
3 1592 1603 1604
3 1592 1604 1593
3 1593 1604 1605
3 1593 1605 1594
3 1594 1605 1606
3 1594 1606 1595
3 1595 1606 1607
3 1595 1607 1596
3 1596 1607 1608
3 1596 1608 1585
3 1585 1608 1597
3 1597 1609 1598
3 1598 1609 1610
3 1598 1610 1599
3 1599 1610 1611
3 1599 1611 1600
3 1600 1611 1612
3 1600 1612 1601
3 1601 1612 1613
3 1601 1613 1602
3 1602 1613 1614
3 1602 1614 1603
3 1603 1614 1615
3 1603 1615 1604
3 1604 1615 1616
3 1604 1616 1605
3 1605 1616 1617
3 1605 1617 1606
3 1606 1617 1618
3 1606 1618 1607
3 1607 1618 1619
3 1607 1619 1608
3 1608 1619 1620
3 1608 1620 1597
3 1597 1620 1609
3 1609 1621 1610
3 1610 1621 1622
3 1610 1622 1611
3 1611 1622 1623
3 1611 1623 1612
3 1612 1623 1624
3 1612 1624 1613
3 1613 1624 1625
3 1613 1625 1614
3 1614 1625 1626
3 1614 1626 1615
3 1615 1626 1627
3 1615 1627 1616
3 1616 1627 1628
3 1616 1628 1617
3 1617 1628 1629
3 1617 1629 1618
3 1618 1629 1630
3 1618 1630 1619
3 1619 1630 1631
3 1619 1631 1620
3 1620 1631 1632
3 1620 1632 1609
3 1609 1632 1621
3 1633 1622 1621
3 1633 1623 1622
3 1633 1624 1623
3 1633 1625 1624
3 1633 1626 1625
3 1633 1627 1626
3 1633 1628 1627
3 1633 1629 1628
3 1633 1630 1629
3 1633 1631 1630
3 1633 1632 1631
3 1633 1621 1632
3 1634 1635 1636
3 1634 1636 1637
3 1634 1637 1638
3 1634 1638 1639
3 1634 1639 1640
3 1634 1640 1641
3 1634 1641 1642
3 1634 1642 1643
3 1634 1643 1644
3 1634 1644 1645
3 1634 1645 1646
3 1634 1646 1635
3 1635 1647 1636
3 1636 1647 1648
3 1636 1648 1637
3 1637 1648 1649
3 1637 1649 1638
3 1638 1649 1650
3 1638 1650 1639
3 1639 1650 1651
3 1639 1651 1640
3 1640 1651 1652
3 1640 1652 1641
3 1641 1652 1653
3 1641 1653 1642
3 1642 1653 1654
3 1642 1654 1643
3 1643 1654 1655
3 1643 1655 1644
3 1644 1655 1656
3 1644 1656 1645
3 1645 1656 1657
3 1645 1657 1646
3 1646 1657 1658
3 1646 1658 1635
3 1635 1658 1647
3 1647 1659 1648
3 1648 1659 1660
3 1648 1660 1649
3 1649 1660 1661
3 1649 1661 1650
3 1650 1661 1662
3 1650 1662 1651
3 1651 1662 1663
3 1651 1663 1652
3 1652 1663 1664
3 1652 1664 1653
3 1653 1664 1665
3 1653 1665 1654
3 1654 1665 1666
3 1654 1666 1655
3 1655 1666 1667
3 1655 1667 1656
3 1656 1667 1668
3 1656 1668 1657
3 1657 1668 1669
3 1657 1669 1658
3 1658 1669 1670
3 1658 1670 1647
3 1647 1670 1659
3 1659 1671 1660
3 1660 1671 1672
3 1660 1672 1661
3 1661 1672 1673
3 1661 1673 1662
3 1662 1673 1674
3 1662 1674 1663
3 1663 1674 1675
3 1663 1675 1664
3 1664 1675 1676
3 1664 1676 1665
3 1665 1676 1677
3 1665 1677 1666
3 1666 1677 1678
3 1666 1678 1667
3 1667 1678 1679
3 1667 1679 1668
3 1668 1679 1680
3 1668 1680 1669
3 1669 1680 1681
3 1669 1681 1670
3 1670 1681 1682
3 1670 1682 1659
3 1659 1682 1671
3 1671 1683 1672
3 1672 1683 1684
3 1672 1684 1673
3 1673 1684 1685
3 1673 1685 1674
3 1674 1685 1686
3 1674 1686 1675
3 1675 1686 1687
3 1675 1687 1676
3 1676 1687 1688
3 1676 1688 1677
3 1677 1688 1689
3 1677 1689 1678
3 1678 1689 1690
3 1678 1690 1679
3 1679 1690 1691
3 1679 1691 1680
3 1680 1691 1692
3 1680 1692 1681
3 1681 1692 1693
3 1681 1693 1682
3 1682 1693 1694
3 1682 1694 1671
3 1671 1694 1683
3 1683 1695 1684
3 1684 1695 1696
3 1684 1696 1685
3 1685 1696 1697
3 1685 1697 1686
3 1686 1697 1698
3 1686 1698 1687
3 1687 1698 1699
3 1687 1699 1688
3 1688 1699 1700
3 1688 1700 1689
3 1689 1700 1701
3 1689 1701 1690
3 1690 1701 1702
3 1690 1702 1691
3 1691 1702 1703
3 1691 1703 1692
3 1692 1703 1704
3 1692 1704 1693
3 1693 1704 1705
3 1693 1705 1694
3 1694 1705 1706
3 1694 1706 1683
3 1683 1706 1695
3 1695 1707 1696
3 1696 1707 1708
3 1696 1708 1697
3 1697 1708 1709
3 1697 1709 1698
3 1698 1709 1710
3 1698 1710 1699
3 1699 1710 1711
3 1699 1711 1700
3 1700 1711 1712
3 1700 1712 1701
3 1701 1712 1713
3 1701 1713 1702
3 1702 1713 1714
3 1702 1714 1703
3 1703 1714 1715
3 1703 1715 1704
3 1704 1715 1716
3 1704 1716 1705
3 1705 1716 1717
3 1705 1717 1706
3 1706 1717 1718
3 1706 1718 1695
3 1695 1718 1707
3 1719 1708 1707
3 1719 1709 1708
3 1719 1710 1709
3 1719 1711 1710
3 1719 1712 1711
3 1719 1713 1712
3 1719 1714 1713
3 1719 1715 1714
3 1719 1716 1715
3 1719 1717 1716
3 1719 1718 1717
3 1719 1707 1718
3 1720 1721 1722
3 1720 1722 1723
3 1720 1723 1724
3 1720 1724 1725
3 1720 1725 1726
3 1720 1726 1727
3 1720 1727 1728
3 1720 1728 1729
3 1720 1729 1730
3 1720 1730 1731
3 1720 1731 1732
3 1720 1732 1721
3 1721 1733 1722
3 1722 1733 1734
3 1722 1734 1723
3 1723 1734 1735
3 1723 1735 1724
3 1724 1735 1736
3 1724 1736 1725
3 1725 1736 1737
3 1725 1737 1726
3 1726 1737 1738
3 1726 1738 1727
3 1727 1738 1739
3 1727 1739 1728
3 1728 1739 1740
3 1728 1740 1729
3 1729 1740 1741
3 1729 1741 1730
3 1730 1741 1742
3 1730 1742 1731
3 1731 1742 1743
3 1731 1743 1732
3 1732 1743 1744
3 1732 1744 1721
3 1721 1744 1733
3 1733 1745 1734
3 1734 1745 1746
3 1734 1746 1735
3 1735 1746 1747
3 1735 1747 1736
3 1736 1747 1748
3 1736 1748 1737
3 1737 1748 1749
3 1737 1749 1738
3 1738 1749 1750
3 1738 1750 1739
3 1739 1750 1751
3 1739 1751 1740
3 1740 1751 1752
3 1740 1752 1741
3 1741 1752 1753
3 1741 1753 1742
3 1742 1753 1754
3 1742 1754 1743
3 1743 1754 1755
3 1743 1755 1744
3 1744 1755 1756
3 1744 1756 1733
3 1733 1756 1745
3 1745 1757 1746
3 1746 1757 1758
3 1746 1758 1747
3 1747 1758 1759
3 1747 1759 1748
3 1748 1759 1760
3 1748 1760 1749
3 1749 1760 1761
3 1749 1761 1750
3 1750 1761 1762
3 1750 1762 1751
3 1751 1762 1763
3 1751 1763 1752
3 1752 1763 1764
3 1752 1764 1753
3 1753 1764 1765
3 1753 1765 1754
3 1754 1765 1766
3 1754 1766 1755
3 1755 1766 1767
3 1755 1767 1756
3 1756 1767 1768
3 1756 1768 1745
3 1745 1768 1757
3 1757 1769 1758
3 1758 1769 1770
3 1758 1770 1759
3 1759 1770 1771
3 1759 1771 1760
3 1760 1771 1772
3 1760 1772 1761
3 1761 1772 1773
3 1761 1773 1762
3 1762 1773 1774
3 1762 1774 1763
3 1763 1774 1775
3 1763 1775 1764
3 1764 1775 1776
3 1764 1776 1765
3 1765 1776 1777
3 1765 1777 1766
3 1766 1777 1778
3 1766 1778 1767
3 1767 1778 1779
3 1767 1779 1768
3 1768 1779 1780
3 1768 1780 1757
3 1757 1780 1769
3 1769 1781 1770
3 1770 1781 1782
3 1770 1782 1771
3 1771 1782 1783
3 1771 1783 1772
3 1772 1783 1784
3 1772 1784 1773
3 1773 1784 1785
3 1773 1785 1774
3 1774 1785 1786
3 1774 1786 1775
3 1775 1786 1787
3 1775 1787 1776
3 1776 1787 1788
3 1776 1788 1777
3 1777 1788 1789
3 1777 1789 1778
3 1778 1789 1790
3 1778 1790 1779
3 1779 1790 1791
3 1779 1791 1780
3 1780 1791 1792
3 1780 1792 1769
3 1769 1792 1781
3 1781 1793 1782
3 1782 1793 1794
3 1782 1794 1783
3 1783 1794 1795
3 1783 1795 1784
3 1784 1795 1796
3 1784 1796 1785
3 1785 1796 1797
3 1785 1797 1786
3 1786 1797 1798
3 1786 1798 1787
3 1787 1798 1799
3 1787 1799 1788
3 1788 1799 1800
3 1788 1800 1789
3 1789 1800 1801
3 1789 1801 1790
3 1790 1801 1802
3 1790 1802 1791
3 1791 1802 1803
3 1791 1803 1792
3 1792 1803 1804
3 1792 1804 1781
3 1781 1804 1793
3 1805 1794 1793
3 1805 1795 1794
3 1805 1796 1795
3 1805 1797 1796
3 1805 1798 1797
3 1805 1799 1798
3 1805 1800 1799
3 1805 1801 1800
3 1805 1802 1801
3 1805 1803 1802
3 1805 1804 1803
3 1805 1793 1804
3 1806 1807 1808
3 1806 1808 1809
3 1806 1809 1810
3 1806 1810 1811
3 1806 1811 1812
3 1806 1812 1813
3 1806 1813 1814
3 1806 1814 1815
3 1806 1815 1816
3 1806 1816 1817
3 1806 1817 1818
3 1806 1818 1807
3 1807 1819 1808
3 1808 1819 1820
3 1808 1820 1809
3 1809 1820 1821
3 1809 1821 1810
3 1810 1821 1822
3 1810 1822 1811
3 1811 1822 1823
3 1811 1823 1812
3 1812 1823 1824
3 1812 1824 1813
3 1813 1824 1825
3 1813 1825 1814
3 1814 1825 1826
3 1814 1826 1815
3 1815 1826 1827
3 1815 1827 1816
3 1816 1827 1828
3 1816 1828 1817
3 1817 1828 1829
3 1817 1829 1818
3 1818 1829 1830
3 1818 1830 1807
3 1807 1830 1819
3 1819 1831 1820
3 1820 1831 1832
3 1820 1832 1821
3 1821 1832 1833
3 1821 1833 1822
3 1822 1833 1834
3 1822 1834 1823
3 1823 1834 1835
3 1823 1835 1824
3 1824 1835 1836
3 1824 1836 1825
3 1825 1836 1837
3 1825 1837 1826
3 1826 1837 1838
3 1826 1838 1827
3 1827 1838 1839
3 1827 1839 1828
3 1828 1839 1840
3 1828 1840 1829
3 1829 1840 1841
3 1829 1841 1830
3 1830 1841 1842
3 1830 1842 1819
3 1819 1842 1831
3 1831 1843 1832
3 1832 1843 1844
3 1832 1844 1833
3 1833 1844 1845
3 1833 1845 1834
3 1834 1845 1846
3 1834 1846 1835
3 1835 1846 1847
3 1835 1847 1836
3 1836 1847 1848
3 1836 1848 1837
3 1837 1848 1849
3 1837 1849 1838
3 1838 1849 1850
3 1838 1850 1839
3 1839 1850 1851
3 1839 1851 1840
3 1840 1851 1852
3 1840 1852 1841
3 1841 1852 1853
3 1841 1853 1842
3 1842 1853 1854
3 1842 1854 1831
3 1831 1854 1843
3 1843 1855 1844
3 1844 1855 1856
3 1844 1856 1845
3 1845 1856 1857
3 1845 1857 1846
3 1846 1857 1858
3 1846 1858 1847
3 1847 1858 1859
3 1847 1859 1848
3 1848 1859 1860
3 1848 1860 1849
3 1849 1860 1861
3 1849 1861 1850
3 1850 1861 1862
3 1850 1862 1851
3 1851 1862 1863
3 1851 1863 1852
3 1852 1863 1864
3 1852 1864 1853
3 1853 1864 1865
3 1853 1865 1854
3 1854 1865 1866
3 1854 1866 1843
3 1843 1866 1855
3 1855 1867 1856
3 1856 1867 1868
3 1856 1868 1857
3 1857 1868 1869
3 1857 1869 1858
3 1858 1869 1870
3 1858 1870 1859
3 1859 1870 1871
3 1859 1871 1860
3 1860 1871 1872
3 1860 1872 1861
3 1861 1872 1873
3 1861 1873 1862
3 1862 1873 1874
3 1862 1874 1863
3 1863 1874 1875
3 1863 1875 1864
3 1864 1875 1876
3 1864 1876 1865
3 1865 1876 1877
3 1865 1877 1866
3 1866 1877 1878
3 1866 1878 1855
3 1855 1878 1867
3 1867 1879 1868
3 1868 1879 1880
3 1868 1880 1869
3 1869 1880 1881
3 1869 1881 1870
3 1870 1881 1882
3 1870 1882 1871
3 1871 1882 1883
3 1871 1883 1872
3 1872 1883 1884
3 1872 1884 1873
3 1873 1884 1885
3 1873 1885 1874
3 1874 1885 1886
3 1874 1886 1875
3 1875 1886 1887
3 1875 1887 1876
3 1876 1887 1888
3 1876 1888 1877
3 1877 1888 1889
3 1877 1889 1878
3 1878 1889 1890
3 1878 1890 1867
3 1867 1890 1879
3 1891 1880 1879
3 1891 1881 1880
3 1891 1882 1881
3 1891 1883 1882
3 1891 1884 1883
3 1891 1885 1884
3 1891 1886 1885
3 1891 1887 1886
3 1891 1888 1887
3 1891 1889 1888
3 1891 1890 1889
3 1891 1879 1890
3 1892 1893 1894
3 1892 1894 1895
3 1892 1895 1896
3 1892 1896 1897
3 1892 1897 1898
3 1892 1898 1899
3 1892 1899 1900
3 1892 1900 1901
3 1892 1901 1902
3 1892 1902 1903
3 1892 1903 1904
3 1892 1904 1893
3 1893 1905 1894
3 1894 1905 1906
3 1894 1906 1895
3 1895 1906 1907
3 1895 1907 1896
3 1896 1907 1908
3 1896 1908 1897
3 1897 1908 1909
3 1897 1909 1898
3 1898 1909 1910
3 1898 1910 1899
3 1899 1910 1911
3 1899 1911 1900
3 1900 1911 1912
3 1900 1912 1901
3 1901 1912 1913
3 1901 1913 1902
3 1902 1913 1914
3 1902 1914 1903
3 1903 1914 1915
3 1903 1915 1904
3 1904 1915 1916
3 1904 1916 1893
3 1893 1916 1905
3 1905 1917 1906
3 1906 1917 1918
3 1906 1918 1907
3 1907 1918 1919
3 1907 1919 1908
3 1908 1919 1920
3 1908 1920 1909
3 1909 1920 1921
3 1909 1921 1910
3 1910 1921 1922
3 1910 1922 1911
3 1911 1922 1923
3 1911 1923 1912
3 1912 1923 1924
3 1912 1924 1913
3 1913 1924 1925
3 1913 1925 1914
3 1914 1925 1926
3 1914 1926 1915
3 1915 1926 1927
3 1915 1927 1916
3 1916 1927 1928
3 1916 1928 1905
3 1905 1928 1917
3 1917 1929 1918
3 1918 1929 1930
3 1918 1930 1919
3 1919 1930 1931
3 1919 1931 1920
3 1920 1931 1932
3 1920 1932 1921
3 1921 1932 1933
3 1921 1933 1922
3 1922 1933 1934
3 1922 1934 1923
3 1923 1934 1935
3 1923 1935 1924
3 1924 1935 1936
3 1924 1936 1925
3 1925 1936 1937
3 1925 1937 1926
3 1926 1937 1938
3 1926 1938 1927
3 1927 1938 1939
3 1927 1939 1928
3 1928 1939 1940
3 1928 1940 1917
3 1917 1940 1929
3 1929 1941 1930
3 1930 1941 1942
3 1930 1942 1931
3 1931 1942 1943
3 1931 1943 1932
3 1932 1943 1944
3 1932 1944 1933
3 1933 1944 1945
3 1933 1945 1934
3 1934 1945 1946
3 1934 1946 1935
3 1935 1946 1947
3 1935 1947 1936
3 1936 1947 1948
3 1936 1948 1937
3 1937 1948 1949
3 1937 1949 1938
3 1938 1949 1950
3 1938 1950 1939
3 1939 1950 1951
3 1939 1951 1940
3 1940 1951 1952
3 1940 1952 1929
3 1929 1952 1941
3 1941 1953 1942
3 1942 1953 1954
3 1942 1954 1943
3 1943 1954 1955
3 1943 1955 1944
3 1944 1955 1956
3 1944 1956 1945
3 1945 1956 1957
3 1945 1957 1946
3 1946 1957 1958
3 1946 1958 1947
3 1947 1958 1959
3 1947 1959 1948
3 1948 1959 1960
3 1948 1960 1949
3 1949 1960 1961
3 1949 1961 1950
3 1950 1961 1962
3 1950 1962 1951
3 1951 1962 1963
3 1951 1963 1952
3 1952 1963 1964
3 1952 1964 1941
3 1941 1964 1953
3 1953 1965 1954
3 1954 1965 1966
3 1954 1966 1955
3 1955 1966 1967
3 1955 1967 1956
3 1956 1967 1968
3 1956 1968 1957
3 1957 1968 1969
3 1957 1969 1958
3 1958 1969 1970
3 1958 1970 1959
3 1959 1970 1971
3 1959 1971 1960
3 1960 1971 1972
3 1960 1972 1961
3 1961 1972 1973
3 1961 1973 1962
3 1962 1973 1974
3 1962 1974 1963
3 1963 1974 1975
3 1963 1975 1964
3 1964 1975 1976
3 1964 1976 1953
3 1953 1976 1965
3 1977 1966 1965
3 1977 1967 1966
3 1977 1968 1967
3 1977 1969 1968
3 1977 1970 1969
3 1977 1971 1970
3 1977 1972 1971
3 1977 1973 1972
3 1977 1974 1973
3 1977 1975 1974
3 1977 1976 1975
3 1977 1965 1976
3 1978 1979 1980
3 1978 1980 1981
3 1978 1981 1982
3 1978 1982 1983
3 1978 1983 1984
3 1978 1984 1985
3 1978 1985 1986
3 1978 1986 1987
3 1978 1987 1988
3 1978 1988 1989
3 1978 1989 1990
3 1978 1990 1979
3 1979 1991 1980
3 1980 1991 1992
3 1980 1992 1981
3 1981 1992 1993
3 1981 1993 1982
3 1982 1993 1994
3 1982 1994 1983
3 1983 1994 1995
3 1983 1995 1984
3 1984 1995 1996
3 1984 1996 1985
3 1985 1996 1997
3 1985 1997 1986
3 1986 1997 1998
3 1986 1998 1987
3 1987 1998 1999
3 1987 1999 1988
3 1988 1999 2000
3 1988 2000 1989
3 1989 2000 2001
3 1989 2001 1990
3 1990 2001 2002
3 1990 2002 1979
3 1979 2002 1991
3 1991 2003 1992
3 1992 2003 2004
3 1992 2004 1993
3 1993 2004 2005
3 1993 2005 1994
3 1994 2005 2006
3 1994 2006 1995
3 1995 2006 2007
3 1995 2007 1996
3 1996 2007 2008
3 1996 2008 1997
3 1997 2008 2009
3 1997 2009 1998
3 1998 2009 2010
3 1998 2010 1999
3 1999 2010 2011
3 1999 2011 2000
3 2000 2011 2012
3 2000 2012 2001
3 2001 2012 2013
3 2001 2013 2002
3 2002 2013 2014
3 2002 2014 1991
3 1991 2014 2003
3 2003 2015 2004
3 2004 2015 2016
3 2004 2016 2005
3 2005 2016 2017
3 2005 2017 2006
3 2006 2017 2018
3 2006 2018 2007
3 2007 2018 2019
3 2007 2019 2008
3 2008 2019 2020
3 2008 2020 2009
3 2009 2020 2021
3 2009 2021 2010
3 2010 2021 2022
3 2010 2022 2011
3 2011 2022 2023
3 2011 2023 2012
3 2012 2023 2024
3 2012 2024 2013
3 2013 2024 2025
3 2013 2025 2014
3 2014 2025 2026
3 2014 2026 2003
3 2003 2026 2015
3 2015 2027 2016
3 2016 2027 2028
3 2016 2028 2017
3 2017 2028 2029
3 2017 2029 2018
3 2018 2029 2030
3 2018 2030 2019
3 2019 2030 2031
3 2019 2031 2020
3 2020 2031 2032
3 2020 2032 2021
3 2021 2032 2033
3 2021 2033 2022
3 2022 2033 2034
3 2022 2034 2023
3 2023 2034 2035
3 2023 2035 2024
3 2024 2035 2036
3 2024 2036 2025
3 2025 2036 2037
3 2025 2037 2026
3 2026 2037 2038
3 2026 2038 2015
3 2015 2038 2027
3 2027 2039 2028
3 2028 2039 2040
3 2028 2040 2029
3 2029 2040 2041
3 2029 2041 2030
3 2030 2041 2042
3 2030 2042 2031
3 2031 2042 2043
3 2031 2043 2032
3 2032 2043 2044
3 2032 2044 2033
3 2033 2044 2045
3 2033 2045 2034
3 2034 2045 2046
3 2034 2046 2035
3 2035 2046 2047
3 2035 2047 2036
3 2036 2047 2048
3 2036 2048 2037
3 2037 2048 2049
3 2037 2049 2038
3 2038 2049 2050
3 2038 2050 2027
3 2027 2050 2039
3 2039 2051 2040
3 2040 2051 2052
3 2040 2052 2041
3 2041 2052 2053
3 2041 2053 2042
3 2042 2053 2054
3 2042 2054 2043
3 2043 2054 2055
3 2043 2055 2044
3 2044 2055 2056
3 2044 2056 2045
3 2045 2056 2057
3 2045 2057 2046
3 2046 2057 2058
3 2046 2058 2047
3 2047 2058 2059
3 2047 2059 2048
3 2048 2059 2060
3 2048 2060 2049
3 2049 2060 2061
3 2049 2061 2050
3 2050 2061 2062
3 2050 2062 2039
3 2039 2062 2051
3 2063 2052 2051
3 2063 2053 2052
3 2063 2054 2053
3 2063 2055 2054
3 2063 2056 2055
3 2063 2057 2056
3 2063 2058 2057
3 2063 2059 2058
3 2063 2060 2059
3 2063 2061 2060
3 2063 2062 2061
3 2063 2051 2062
3 2064 2065 2066
3 2064 2066 2067
3 2064 2067 2068
3 2064 2068 2069
3 2064 2069 2070
3 2064 2070 2071
3 2064 2071 2072
3 2064 2072 2073
3 2064 2073 2074
3 2064 2074 2075
3 2064 2075 2076
3 2064 2076 2065
3 2065 2077 2066
3 2066 2077 2078
3 2066 2078 2067
3 2067 2078 2079
3 2067 2079 2068
3 2068 2079 2080
3 2068 2080 2069
3 2069 2080 2081
3 2069 2081 2070
3 2070 2081 2082
3 2070 2082 2071
3 2071 2082 2083
3 2071 2083 2072
3 2072 2083 2084
3 2072 2084 2073
3 2073 2084 2085
3 2073 2085 2074
3 2074 2085 2086
3 2074 2086 2075
3 2075 2086 2087
3 2075 2087 2076
3 2076 2087 2088
3 2076 2088 2065
3 2065 2088 2077
3 2077 2089 2078
3 2078 2089 2090
3 2078 2090 2079
3 2079 2090 2091
3 2079 2091 2080
3 2080 2091 2092
3 2080 2092 2081
3 2081 2092 2093
3 2081 2093 2082
3 2082 2093 2094
3 2082 2094 2083
3 2083 2094 2095
3 2083 2095 2084
3 2084 2095 2096
3 2084 2096 2085
3 2085 2096 2097
3 2085 2097 2086
3 2086 2097 2098
3 2086 2098 2087
3 2087 2098 2099
3 2087 2099 2088
3 2088 2099 2100
3 2088 2100 2077
3 2077 2100 2089
3 2089 2101 2090
3 2090 2101 2102
3 2090 2102 2091
3 2091 2102 2103
3 2091 2103 2092
3 2092 2103 2104
3 2092 2104 2093
3 2093 2104 2105
3 2093 2105 2094
3 2094 2105 2106
3 2094 2106 2095
3 2095 2106 2107
3 2095 2107 2096
3 2096 2107 2108
3 2096 2108 2097
3 2097 2108 2109
3 2097 2109 2098
3 2098 2109 2110
3 2098 2110 2099
3 2099 2110 2111
3 2099 2111 2100
3 2100 2111 2112
3 2100 2112 2089
3 2089 2112 2101
3 2101 2113 2102
3 2102 2113 2114
3 2102 2114 2103
3 2103 2114 2115
3 2103 2115 2104
3 2104 2115 2116
3 2104 2116 2105
3 2105 2116 2117
3 2105 2117 2106
3 2106 2117 2118
3 2106 2118 2107
3 2107 2118 2119
3 2107 2119 2108
3 2108 2119 2120
3 2108 2120 2109
3 2109 2120 2121
3 2109 2121 2110
3 2110 2121 2122
3 2110 2122 2111
3 2111 2122 2123
3 2111 2123 2112
3 2112 2123 2124
3 2112 2124 2101
3 2101 2124 2113
3 2113 2125 2114
3 2114 2125 2126
3 2114 2126 2115
3 2115 2126 2127
3 2115 2127 2116
3 2116 2127 2128
3 2116 2128 2117
3 2117 2128 2129
3 2117 2129 2118
3 2118 2129 2130
3 2118 2130 2119
3 2119 2130 2131
3 2119 2131 2120
3 2120 2131 2132
3 2120 2132 2121
3 2121 2132 2133
3 2121 2133 2122
3 2122 2133 2134
3 2122 2134 2123
3 2123 2134 2135
3 2123 2135 2124
3 2124 2135 2136
3 2124 2136 2113
3 2113 2136 2125
3 2125 2137 2126
3 2126 2137 2138
3 2126 2138 2127
3 2127 2138 2139
3 2127 2139 2128
3 2128 2139 2140
3 2128 2140 2129
3 2129 2140 2141
3 2129 2141 2130
3 2130 2141 2142
3 2130 2142 2131
3 2131 2142 2143
3 2131 2143 2132
3 2132 2143 2144
3 2132 2144 2133
3 2133 2144 2145
3 2133 2145 2134
3 2134 2145 2146
3 2134 2146 2135
3 2135 2146 2147
3 2135 2147 2136
3 2136 2147 2148
3 2136 2148 2125
3 2125 2148 2137
3 2149 2138 2137
3 2149 2139 2138
3 2149 2140 2139
3 2149 2141 2140
3 2149 2142 2141
3 2149 2143 2142
3 2149 2144 2143
3 2149 2145 2144
3 2149 2146 2145
3 2149 2147 2146
3 2149 2148 2147
3 2149 2137 2148
3 2150 2151 2152
3 2150 2152 2153
3 2150 2153 2154
3 2150 2154 2155
3 2150 2155 2156
3 2150 2156 2157
3 2150 2157 2158
3 2150 2158 2159
3 2150 2159 2160
3 2150 2160 2161
3 2150 2161 2162
3 2150 2162 2151
3 2151 2163 2152
3 2152 2163 2164
3 2152 2164 2153
3 2153 2164 2165
3 2153 2165 2154
3 2154 2165 2166
3 2154 2166 2155
3 2155 2166 2167
3 2155 2167 2156
3 2156 2167 2168
3 2156 2168 2157
3 2157 2168 2169
3 2157 2169 2158
3 2158 2169 2170
3 2158 2170 2159
3 2159 2170 2171
3 2159 2171 2160
3 2160 2171 2172
3 2160 2172 2161
3 2161 2172 2173
3 2161 2173 2162
3 2162 2173 2174
3 2162 2174 2151
3 2151 2174 2163
3 2163 2175 2164
3 2164 2175 2176
3 2164 2176 2165
3 2165 2176 2177
3 2165 2177 2166
3 2166 2177 2178
3 2166 2178 2167
3 2167 2178 2179
3 2167 2179 2168
3 2168 2179 2180
3 2168 2180 2169
3 2169 2180 2181
3 2169 2181 2170
3 2170 2181 2182
3 2170 2182 2171
3 2171 2182 2183
3 2171 2183 2172
3 2172 2183 2184
3 2172 2184 2173
3 2173 2184 2185
3 2173 2185 2174
3 2174 2185 2186
3 2174 2186 2163
3 2163 2186 2175
3 2175 2187 2176
3 2176 2187 2188
3 2176 2188 2177
3 2177 2188 2189
3 2177 2189 2178
3 2178 2189 2190
3 2178 2190 2179
3 2179 2190 2191
3 2179 2191 2180
3 2180 2191 2192
3 2180 2192 2181
3 2181 2192 2193
3 2181 2193 2182
3 2182 2193 2194
3 2182 2194 2183
3 2183 2194 2195
3 2183 2195 2184
3 2184 2195 2196
3 2184 2196 2185
3 2185 2196 2197
3 2185 2197 2186
3 2186 2197 2198
3 2186 2198 2175
3 2175 2198 2187
3 2187 2199 2188
3 2188 2199 2200
3 2188 2200 2189
3 2189 2200 2201
3 2189 2201 2190
3 2190 2201 2202
3 2190 2202 2191
3 2191 2202 2203
3 2191 2203 2192
3 2192 2203 2204
3 2192 2204 2193
3 2193 2204 2205
3 2193 2205 2194
3 2194 2205 2206
3 2194 2206 2195
3 2195 2206 2207
3 2195 2207 2196
3 2196 2207 2208
3 2196 2208 2197
3 2197 2208 2209
3 2197 2209 2198
3 2198 2209 2210
3 2198 2210 2187
3 2187 2210 2199
3 2199 2211 2200
3 2200 2211 2212
3 2200 2212 2201
3 2201 2212 2213
3 2201 2213 2202
3 2202 2213 2214
3 2202 2214 2203
3 2203 2214 2215
3 2203 2215 2204
3 2204 2215 2216
3 2204 2216 2205
3 2205 2216 2217
3 2205 2217 2206
3 2206 2217 2218
3 2206 2218 2207
3 2207 2218 2219
3 2207 2219 2208
3 2208 2219 2220
3 2208 2220 2209
3 2209 2220 2221
3 2209 2221 2210
3 2210 2221 2222
3 2210 2222 2199
3 2199 2222 2211
3 2211 2223 2212
3 2212 2223 2224
3 2212 2224 2213
3 2213 2224 2225
3 2213 2225 2214
3 2214 2225 2226
3 2214 2226 2215
3 2215 2226 2227
3 2215 2227 2216
3 2216 2227 2228
3 2216 2228 2217
3 2217 2228 2229
3 2217 2229 2218
3 2218 2229 2230
3 2218 2230 2219
3 2219 2230 2231
3 2219 2231 2220
3 2220 2231 2232
3 2220 2232 2221
3 2221 2232 2233
3 2221 2233 2222
3 2222 2233 2234
3 2222 2234 2211
3 2211 2234 2223
3 2235 2224 2223
3 2235 2225 2224
3 2235 2226 2225
3 2235 2227 2226
3 2235 2228 2227
3 2235 2229 2228
3 2235 2230 2229
3 2235 2231 2230
3 2235 2232 2231
3 2235 2233 2232
3 2235 2234 2233
3 2235 2223 2234
3 2236 2237 2238
3 2236 2238 2239
3 2236 2239 2240
3 2236 2240 2241
3 2236 2241 2242
3 2236 2242 2243
3 2236 2243 2244
3 2236 2244 2245
3 2236 2245 2246
3 2236 2246 2247
3 2236 2247 2248
3 2236 2248 2237
3 2237 2249 2238
3 2238 2249 2250
3 2238 2250 2239
3 2239 2250 2251
3 2239 2251 2240
3 2240 2251 2252
3 2240 2252 2241
3 2241 2252 2253
3 2241 2253 2242
3 2242 2253 2254
3 2242 2254 2243
3 2243 2254 2255
3 2243 2255 2244
3 2244 2255 2256
3 2244 2256 2245
3 2245 2256 2257
3 2245 2257 2246
3 2246 2257 2258
3 2246 2258 2247
3 2247 2258 2259
3 2247 2259 2248
3 2248 2259 2260
3 2248 2260 2237
3 2237 2260 2249
3 2249 2261 2250
3 2250 2261 2262
3 2250 2262 2251
3 2251 2262 2263
3 2251 2263 2252
3 2252 2263 2264
3 2252 2264 2253
3 2253 2264 2265
3 2253 2265 2254
3 2254 2265 2266
3 2254 2266 2255
3 2255 2266 2267
3 2255 2267 2256
3 2256 2267 2268
3 2256 2268 2257
3 2257 2268 2269
3 2257 2269 2258
3 2258 2269 2270
3 2258 2270 2259
3 2259 2270 2271
3 2259 2271 2260
3 2260 2271 2272
3 2260 2272 2249
3 2249 2272 2261
3 2261 2273 2262
3 2262 2273 2274
3 2262 2274 2263
3 2263 2274 2275
3 2263 2275 2264
3 2264 2275 2276
3 2264 2276 2265
3 2265 2276 2277
3 2265 2277 2266
3 2266 2277 2278
3 2266 2278 2267
3 2267 2278 2279
3 2267 2279 2268
3 2268 2279 2280
3 2268 2280 2269
3 2269 2280 2281
3 2269 2281 2270
3 2270 2281 2282
3 2270 2282 2271
3 2271 2282 2283
3 2271 2283 2272
3 2272 2283 2284
3 2272 2284 2261
3 2261 2284 2273
3 2273 2285 2274
3 2274 2285 2286
3 2274 2286 2275
3 2275 2286 2287
3 2275 2287 2276
3 2276 2287 2288
3 2276 2288 2277
3 2277 2288 2289
3 2277 2289 2278
3 2278 2289 2290
3 2278 2290 2279
3 2279 2290 2291
3 2279 2291 2280
3 2280 2291 2292
3 2280 2292 2281
3 2281 2292 2293
3 2281 2293 2282
3 2282 2293 2294
3 2282 2294 2283
3 2283 2294 2295
3 2283 2295 2284
3 2284 2295 2296
3 2284 2296 2273
3 2273 2296 2285
3 2285 2297 2286
3 2286 2297 2298
3 2286 2298 2287
3 2287 2298 2299
3 2287 2299 2288
3 2288 2299 2300
3 2288 2300 2289
3 2289 2300 2301
3 2289 2301 2290
3 2290 2301 2302
3 2290 2302 2291
3 2291 2302 2303
3 2291 2303 2292
3 2292 2303 2304
3 2292 2304 2293
3 2293 2304 2305
3 2293 2305 2294
3 2294 2305 2306
3 2294 2306 2295
3 2295 2306 2307
3 2295 2307 2296
3 2296 2307 2308
3 2296 2308 2285
3 2285 2308 2297
3 2297 2309 2298
3 2298 2309 2310
3 2298 2310 2299
3 2299 2310 2311
3 2299 2311 2300
3 2300 2311 2312
3 2300 2312 2301
3 2301 2312 2313
3 2301 2313 2302
3 2302 2313 2314
3 2302 2314 2303
3 2303 2314 2315
3 2303 2315 2304
3 2304 2315 2316
3 2304 2316 2305
3 2305 2316 2317
3 2305 2317 2306
3 2306 2317 2318
3 2306 2318 2307
3 2307 2318 2319
3 2307 2319 2308
3 2308 2319 2320
3 2308 2320 2297
3 2297 2320 2309
3 2321 2310 2309
3 2321 2311 2310
3 2321 2312 2311
3 2321 2313 2312
3 2321 2314 2313
3 2321 2315 2314
3 2321 2316 2315
3 2321 2317 2316
3 2321 2318 2317
3 2321 2319 2318
3 2321 2320 2319
3 2321 2309 2320
3 2322 2323 2324
3 2322 2324 2325
3 2322 2325 2326
3 2322 2326 2327
3 2322 2327 2328
3 2322 2328 2329
3 2322 2329 2330
3 2322 2330 2331
3 2322 2331 2332
3 2322 2332 2333
3 2322 2333 2334
3 2322 2334 2323
3 2323 2335 2324
3 2324 2335 2336
3 2324 2336 2325
3 2325 2336 2337
3 2325 2337 2326
3 2326 2337 2338
3 2326 2338 2327
3 2327 2338 2339
3 2327 2339 2328
3 2328 2339 2340
3 2328 2340 2329
3 2329 2340 2341
3 2329 2341 2330
3 2330 2341 2342
3 2330 2342 2331
3 2331 2342 2343
3 2331 2343 2332
3 2332 2343 2344
3 2332 2344 2333
3 2333 2344 2345
3 2333 2345 2334
3 2334 2345 2346
3 2334 2346 2323
3 2323 2346 2335
3 2335 2347 2336
3 2336 2347 2348
3 2336 2348 2337
3 2337 2348 2349
3 2337 2349 2338
3 2338 2349 2350
3 2338 2350 2339
3 2339 2350 2351
3 2339 2351 2340
3 2340 2351 2352
3 2340 2352 2341
3 2341 2352 2353
3 2341 2353 2342
3 2342 2353 2354
3 2342 2354 2343
3 2343 2354 2355
3 2343 2355 2344
3 2344 2355 2356
3 2344 2356 2345
3 2345 2356 2357
3 2345 2357 2346
3 2346 2357 2358
3 2346 2358 2335
3 2335 2358 2347
3 2347 2359 2348
3 2348 2359 2360
3 2348 2360 2349
3 2349 2360 2361
3 2349 2361 2350
3 2350 2361 2362
3 2350 2362 2351
3 2351 2362 2363
3 2351 2363 2352
3 2352 2363 2364
3 2352 2364 2353
3 2353 2364 2365
3 2353 2365 2354
3 2354 2365 2366
3 2354 2366 2355
3 2355 2366 2367
3 2355 2367 2356
3 2356 2367 2368
3 2356 2368 2357
3 2357 2368 2369
3 2357 2369 2358
3 2358 2369 2370
3 2358 2370 2347
3 2347 2370 2359
3 2359 2371 2360
3 2360 2371 2372
3 2360 2372 2361
3 2361 2372 2373
3 2361 2373 2362
3 2362 2373 2374
3 2362 2374 2363
3 2363 2374 2375
3 2363 2375 2364
3 2364 2375 2376
3 2364 2376 2365
3 2365 2376 2377
3 2365 2377 2366
3 2366 2377 2378
3 2366 2378 2367
3 2367 2378 2379
3 2367 2379 2368
3 2368 2379 2380
3 2368 2380 2369
3 2369 2380 2381
3 2369 2381 2370
3 2370 2381 2382
3 2370 2382 2359
3 2359 2382 2371
3 2371 2383 2372
3 2372 2383 2384
3 2372 2384 2373
3 2373 2384 2385
3 2373 2385 2374
3 2374 2385 2386
3 2374 2386 2375
3 2375 2386 2387
3 2375 2387 2376
3 2376 2387 2388
3 2376 2388 2377
3 2377 2388 2389
3 2377 2389 2378
3 2378 2389 2390
3 2378 2390 2379
3 2379 2390 2391
3 2379 2391 2380
3 2380 2391 2392
3 2380 2392 2381
3 2381 2392 2393
3 2381 2393 2382
3 2382 2393 2394
3 2382 2394 2371
3 2371 2394 2383
3 2383 2395 2384
3 2384 2395 2396
3 2384 2396 2385
3 2385 2396 2397
3 2385 2397 2386
3 2386 2397 2398
3 2386 2398 2387
3 2387 2398 2399
3 2387 2399 2388
3 2388 2399 2400
3 2388 2400 2389
3 2389 2400 2401
3 2389 2401 2390
3 2390 2401 2402
3 2390 2402 2391
3 2391 2402 2403
3 2391 2403 2392
3 2392 2403 2404
3 2392 2404 2393
3 2393 2404 2405
3 2393 2405 2394
3 2394 2405 2406
3 2394 2406 2383
3 2383 2406 2395
3 2407 2396 2395
3 2407 2397 2396
3 2407 2398 2397
3 2407 2399 2398
3 2407 2400 2399
3 2407 2401 2400
3 2407 2402 2401
3 2407 2403 2402
3 2407 2404 2403
3 2407 2405 2404
3 2407 2406 2405
3 2407 2395 2406
3 2408 2409 2410
3 2408 2410 2411
3 2408 2411 2412
3 2408 2412 2413
3 2408 2413 2414
3 2408 2414 2415
3 2408 2415 2416
3 2408 2416 2417
3 2408 2417 2418
3 2408 2418 2419
3 2408 2419 2420
3 2408 2420 2409
3 2409 2421 2410
3 2410 2421 2422
3 2410 2422 2411
3 2411 2422 2423
3 2411 2423 2412
3 2412 2423 2424
3 2412 2424 2413
3 2413 2424 2425
3 2413 2425 2414
3 2414 2425 2426
3 2414 2426 2415
3 2415 2426 2427
3 2415 2427 2416
3 2416 2427 2428
3 2416 2428 2417
3 2417 2428 2429
3 2417 2429 2418
3 2418 2429 2430
3 2418 2430 2419
3 2419 2430 2431
3 2419 2431 2420
3 2420 2431 2432
3 2420 2432 2409
3 2409 2432 2421
3 2421 2433 2422
3 2422 2433 2434
3 2422 2434 2423
3 2423 2434 2435
3 2423 2435 2424
3 2424 2435 2436
3 2424 2436 2425
3 2425 2436 2437
3 2425 2437 2426
3 2426 2437 2438
3 2426 2438 2427
3 2427 2438 2439
3 2427 2439 2428
3 2428 2439 2440
3 2428 2440 2429
3 2429 2440 2441
3 2429 2441 2430
3 2430 2441 2442
3 2430 2442 2431
3 2431 2442 2443
3 2431 2443 2432
3 2432 2443 2444
3 2432 2444 2421
3 2421 2444 2433
3 2433 2445 2434
3 2434 2445 2446
3 2434 2446 2435
3 2435 2446 2447
3 2435 2447 2436
3 2436 2447 2448
3 2436 2448 2437
3 2437 2448 2449
3 2437 2449 2438
3 2438 2449 2450
3 2438 2450 2439
3 2439 2450 2451
3 2439 2451 2440
3 2440 2451 2452
3 2440 2452 2441
3 2441 2452 2453
3 2441 2453 2442
3 2442 2453 2454
3 2442 2454 2443
3 2443 2454 2455
3 2443 2455 2444
3 2444 2455 2456
3 2444 2456 2433
3 2433 2456 2445
3 2445 2457 2446
3 2446 2457 2458
3 2446 2458 2447
3 2447 2458 2459
3 2447 2459 2448
3 2448 2459 2460
3 2448 2460 2449
3 2449 2460 2461
3 2449 2461 2450
3 2450 2461 2462
3 2450 2462 2451
3 2451 2462 2463
3 2451 2463 2452
3 2452 2463 2464
3 2452 2464 2453
3 2453 2464 2465
3 2453 2465 2454
3 2454 2465 2466
3 2454 2466 2455
3 2455 2466 2467
3 2455 2467 2456
3 2456 2467 2468
3 2456 2468 2445
3 2445 2468 2457
3 2457 2469 2458
3 2458 2469 2470
3 2458 2470 2459
3 2459 2470 2471
3 2459 2471 2460
3 2460 2471 2472
3 2460 2472 2461
3 2461 2472 2473
3 2461 2473 2462
3 2462 2473 2474
3 2462 2474 2463
3 2463 2474 2475
3 2463 2475 2464
3 2464 2475 2476
3 2464 2476 2465
3 2465 2476 2477
3 2465 2477 2466
3 2466 2477 2478
3 2466 2478 2467
3 2467 2478 2479
3 2467 2479 2468
3 2468 2479 2480
3 2468 2480 2457
3 2457 2480 2469
3 2469 2481 2470
3 2470 2481 2482
3 2470 2482 2471
3 2471 2482 2483
3 2471 2483 2472
3 2472 2483 2484
3 2472 2484 2473
3 2473 2484 2485
3 2473 2485 2474
3 2474 2485 2486
3 2474 2486 2475
3 2475 2486 2487
3 2475 2487 2476
3 2476 2487 2488
3 2476 2488 2477
3 2477 2488 2489
3 2477 2489 2478
3 2478 2489 2490
3 2478 2490 2479
3 2479 2490 2491
3 2479 2491 2480
3 2480 2491 2492
3 2480 2492 2469
3 2469 2492 2481
3 2493 2482 2481
3 2493 2483 2482
3 2493 2484 2483
3 2493 2485 2484
3 2493 2486 2485
3 2493 2487 2486
3 2493 2488 2487
3 2493 2489 2488
3 2493 2490 2489
3 2493 2491 2490
3 2493 2492 2491
3 2493 2481 2492
3 2494 2495 2496
3 2494 2496 2497
3 2494 2497 2498
3 2494 2498 2499
3 2494 2499 2500
3 2494 2500 2501
3 2494 2501 2502
3 2494 2502 2503
3 2494 2503 2504
3 2494 2504 2505
3 2494 2505 2506
3 2494 2506 2495
3 2495 2507 2496
3 2496 2507 2508
3 2496 2508 2497
3 2497 2508 2509
3 2497 2509 2498
3 2498 2509 2510
3 2498 2510 2499
3 2499 2510 2511
3 2499 2511 2500
3 2500 2511 2512
3 2500 2512 2501
3 2501 2512 2513
3 2501 2513 2502
3 2502 2513 2514
3 2502 2514 2503
3 2503 2514 2515
3 2503 2515 2504
3 2504 2515 2516
3 2504 2516 2505
3 2505 2516 2517
3 2505 2517 2506
3 2506 2517 2518
3 2506 2518 2495
3 2495 2518 2507
3 2507 2519 2508
3 2508 2519 2520
3 2508 2520 2509
3 2509 2520 2521
3 2509 2521 2510
3 2510 2521 2522
3 2510 2522 2511
3 2511 2522 2523
3 2511 2523 2512
3 2512 2523 2524
3 2512 2524 2513
3 2513 2524 2525
3 2513 2525 2514
3 2514 2525 2526
3 2514 2526 2515
3 2515 2526 2527
3 2515 2527 2516
3 2516 2527 2528
3 2516 2528 2517
3 2517 2528 2529
3 2517 2529 2518
3 2518 2529 2530
3 2518 2530 2507
3 2507 2530 2519
3 2519 2531 2520
3 2520 2531 2532
3 2520 2532 2521
3 2521 2532 2533
3 2521 2533 2522
3 2522 2533 2534
3 2522 2534 2523
3 2523 2534 2535
3 2523 2535 2524
3 2524 2535 2536
3 2524 2536 2525
3 2525 2536 2537
3 2525 2537 2526
3 2526 2537 2538
3 2526 2538 2527
3 2527 2538 2539
3 2527 2539 2528
3 2528 2539 2540
3 2528 2540 2529
3 2529 2540 2541
3 2529 2541 2530
3 2530 2541 2542
3 2530 2542 2519
3 2519 2542 2531
3 2531 2543 2532
3 2532 2543 2544
3 2532 2544 2533
3 2533 2544 2545
3 2533 2545 2534
3 2534 2545 2546
3 2534 2546 2535
3 2535 2546 2547
3 2535 2547 2536
3 2536 2547 2548
3 2536 2548 2537
3 2537 2548 2549
3 2537 2549 2538
3 2538 2549 2550
3 2538 2550 2539
3 2539 2550 2551
3 2539 2551 2540
3 2540 2551 2552
3 2540 2552 2541
3 2541 2552 2553
3 2541 2553 2542
3 2542 2553 2554
3 2542 2554 2531
3 2531 2554 2543
3 2543 2555 2544
3 2544 2555 2556
3 2544 2556 2545
3 2545 2556 2557
3 2545 2557 2546
3 2546 2557 2558
3 2546 2558 2547
3 2547 2558 2559
3 2547 2559 2548
3 2548 2559 2560
3 2548 2560 2549
3 2549 2560 2561
3 2549 2561 2550
3 2550 2561 2562
3 2550 2562 2551
3 2551 2562 2563
3 2551 2563 2552
3 2552 2563 2564
3 2552 2564 2553
3 2553 2564 2565
3 2553 2565 2554
3 2554 2565 2566
3 2554 2566 2543
3 2543 2566 2555
3 2555 2567 2556
3 2556 2567 2568
3 2556 2568 2557
3 2557 2568 2569
3 2557 2569 2558
3 2558 2569 2570
3 2558 2570 2559
3 2559 2570 2571
3 2559 2571 2560
3 2560 2571 2572
3 2560 2572 2561
3 2561 2572 2573
3 2561 2573 2562
3 2562 2573 2574
3 2562 2574 2563
3 2563 2574 2575
3 2563 2575 2564
3 2564 2575 2576
3 2564 2576 2565
3 2565 2576 2577
3 2565 2577 2566
3 2566 2577 2578
3 2566 2578 2555
3 2555 2578 2567
3 2579 2568 2567
3 2579 2569 2568
3 2579 2570 2569
3 2579 2571 2570
3 2579 2572 2571
3 2579 2573 2572
3 2579 2574 2573
3 2579 2575 2574
3 2579 2576 2575
3 2579 2577 2576
3 2579 2578 2577
3 2579 2567 2578
3 2580 2581 2582
3 2580 2582 2583
3 2580 2583 2584
3 2580 2584 2585
3 2580 2585 2586
3 2580 2586 2587
3 2580 2587 2588
3 2580 2588 2589
3 2580 2589 2590
3 2580 2590 2591
3 2580 2591 2592
3 2580 2592 2581
3 2581 2593 2582
3 2582 2593 2594
3 2582 2594 2583
3 2583 2594 2595
3 2583 2595 2584
3 2584 2595 2596
3 2584 2596 2585
3 2585 2596 2597
3 2585 2597 2586
3 2586 2597 2598
3 2586 2598 2587
3 2587 2598 2599
3 2587 2599 2588
3 2588 2599 2600
3 2588 2600 2589
3 2589 2600 2601
3 2589 2601 2590
3 2590 2601 2602
3 2590 2602 2591
3 2591 2602 2603
3 2591 2603 2592
3 2592 2603 2604
3 2592 2604 2581
3 2581 2604 2593
3 2593 2605 2594
3 2594 2605 2606
3 2594 2606 2595
3 2595 2606 2607
3 2595 2607 2596
3 2596 2607 2608
3 2596 2608 2597
3 2597 2608 2609
3 2597 2609 2598
3 2598 2609 2610
3 2598 2610 2599
3 2599 2610 2611
3 2599 2611 2600
3 2600 2611 2612
3 2600 2612 2601
3 2601 2612 2613
3 2601 2613 2602
3 2602 2613 2614
3 2602 2614 2603
3 2603 2614 2615
3 2603 2615 2604
3 2604 2615 2616
3 2604 2616 2593
3 2593 2616 2605
3 2605 2617 2606
3 2606 2617 2618
3 2606 2618 2607
3 2607 2618 2619
3 2607 2619 2608
3 2608 2619 2620
3 2608 2620 2609
3 2609 2620 2621
3 2609 2621 2610
3 2610 2621 2622
3 2610 2622 2611
3 2611 2622 2623
3 2611 2623 2612
3 2612 2623 2624
3 2612 2624 2613
3 2613 2624 2625
3 2613 2625 2614
3 2614 2625 2626
3 2614 2626 2615
3 2615 2626 2627
3 2615 2627 2616
3 2616 2627 2628
3 2616 2628 2605
3 2605 2628 2617
3 2617 2629 2618
3 2618 2629 2630
3 2618 2630 2619
3 2619 2630 2631
3 2619 2631 2620
3 2620 2631 2632
3 2620 2632 2621
3 2621 2632 2633
3 2621 2633 2622
3 2622 2633 2634
3 2622 2634 2623
3 2623 2634 2635
3 2623 2635 2624
3 2624 2635 2636
3 2624 2636 2625
3 2625 2636 2637
3 2625 2637 2626
3 2626 2637 2638
3 2626 2638 2627
3 2627 2638 2639
3 2627 2639 2628
3 2628 2639 2640
3 2628 2640 2617
3 2617 2640 2629
3 2629 2641 2630
3 2630 2641 2642
3 2630 2642 2631
3 2631 2642 2643
3 2631 2643 2632
3 2632 2643 2644
3 2632 2644 2633
3 2633 2644 2645
3 2633 2645 2634
3 2634 2645 2646
3 2634 2646 2635
3 2635 2646 2647
3 2635 2647 2636
3 2636 2647 2648
3 2636 2648 2637
3 2637 2648 2649
3 2637 2649 2638
3 2638 2649 2650
3 2638 2650 2639
3 2639 2650 2651
3 2639 2651 2640
3 2640 2651 2652
3 2640 2652 2629
3 2629 2652 2641
3 2641 2653 2642
3 2642 2653 2654
3 2642 2654 2643
3 2643 2654 2655
3 2643 2655 2644
3 2644 2655 2656
3 2644 2656 2645
3 2645 2656 2657
3 2645 2657 2646
3 2646 2657 2658
3 2646 2658 2647
3 2647 2658 2659
3 2647 2659 2648
3 2648 2659 2660
3 2648 2660 2649
3 2649 2660 2661
3 2649 2661 2650
3 2650 2661 2662
3 2650 2662 2651
3 2651 2662 2663
3 2651 2663 2652
3 2652 2663 2664
3 2652 2664 2641
3 2641 2664 2653
3 2665 2654 2653
3 2665 2655 2654
3 2665 2656 2655
3 2665 2657 2656
3 2665 2658 2657
3 2665 2659 2658
3 2665 2660 2659
3 2665 2661 2660
3 2665 2662 2661
3 2665 2663 2662
3 2665 2664 2663
3 2665 2653 2664
3 2666 2667 2668
3 2666 2668 2669
3 2666 2669 2670
3 2666 2670 2671
3 2666 2671 2672
3 2666 2672 2673
3 2666 2673 2674
3 2666 2674 2675
3 2666 2675 2676
3 2666 2676 2677
3 2666 2677 2678
3 2666 2678 2667
3 2667 2679 2668
3 2668 2679 2680
3 2668 2680 2669
3 2669 2680 2681
3 2669 2681 2670
3 2670 2681 2682
3 2670 2682 2671
3 2671 2682 2683
3 2671 2683 2672
3 2672 2683 2684
3 2672 2684 2673
3 2673 2684 2685
3 2673 2685 2674
3 2674 2685 2686
3 2674 2686 2675
3 2675 2686 2687
3 2675 2687 2676
3 2676 2687 2688
3 2676 2688 2677
3 2677 2688 2689
3 2677 2689 2678
3 2678 2689 2690
3 2678 2690 2667
3 2667 2690 2679
3 2679 2691 2680
3 2680 2691 2692
3 2680 2692 2681
3 2681 2692 2693
3 2681 2693 2682
3 2682 2693 2694
3 2682 2694 2683
3 2683 2694 2695
3 2683 2695 2684
3 2684 2695 2696
3 2684 2696 2685
3 2685 2696 2697
3 2685 2697 2686
3 2686 2697 2698
3 2686 2698 2687
3 2687 2698 2699
3 2687 2699 2688
3 2688 2699 2700
3 2688 2700 2689
3 2689 2700 2701
3 2689 2701 2690
3 2690 2701 2702
3 2690 2702 2679
3 2679 2702 2691
3 2691 2703 2692
3 2692 2703 2704
3 2692 2704 2693
3 2693 2704 2705
3 2693 2705 2694
3 2694 2705 2706
3 2694 2706 2695
3 2695 2706 2707
3 2695 2707 2696
3 2696 2707 2708
3 2696 2708 2697
3 2697 2708 2709
3 2697 2709 2698
3 2698 2709 2710
3 2698 2710 2699
3 2699 2710 2711
3 2699 2711 2700
3 2700 2711 2712
3 2700 2712 2701
3 2701 2712 2713
3 2701 2713 2702
3 2702 2713 2714
3 2702 2714 2691
3 2691 2714 2703
3 2703 2715 2704
3 2704 2715 2716
3 2704 2716 2705
3 2705 2716 2717
3 2705 2717 2706
3 2706 2717 2718
3 2706 2718 2707
3 2707 2718 2719
3 2707 2719 2708
3 2708 2719 2720
3 2708 2720 2709
3 2709 2720 2721
3 2709 2721 2710
3 2710 2721 2722
3 2710 2722 2711
3 2711 2722 2723
3 2711 2723 2712
3 2712 2723 2724
3 2712 2724 2713
3 2713 2724 2725
3 2713 2725 2714
3 2714 2725 2726
3 2714 2726 2703
3 2703 2726 2715
3 2715 2727 2716
3 2716 2727 2728
3 2716 2728 2717
3 2717 2728 2729
3 2717 2729 2718
3 2718 2729 2730
3 2718 2730 2719
3 2719 2730 2731
3 2719 2731 2720
3 2720 2731 2732
3 2720 2732 2721
3 2721 2732 2733
3 2721 2733 2722
3 2722 2733 2734
3 2722 2734 2723
3 2723 2734 2735
3 2723 2735 2724
3 2724 2735 2736
3 2724 2736 2725
3 2725 2736 2737
3 2725 2737 2726
3 2726 2737 2738
3 2726 2738 2715
3 2715 2738 2727
3 2727 2739 2728
3 2728 2739 2740
3 2728 2740 2729
3 2729 2740 2741
3 2729 2741 2730
3 2730 2741 2742
3 2730 2742 2731
3 2731 2742 2743
3 2731 2743 2732
3 2732 2743 2744
3 2732 2744 2733
3 2733 2744 2745
3 2733 2745 2734
3 2734 2745 2746
3 2734 2746 2735
3 2735 2746 2747
3 2735 2747 2736
3 2736 2747 2748
3 2736 2748 2737
3 2737 2748 2749
3 2737 2749 2738
3 2738 2749 2750
3 2738 2750 2727
3 2727 2750 2739
3 2751 2740 2739
3 2751 2741 2740
3 2751 2742 2741
3 2751 2743 2742
3 2751 2744 2743
3 2751 2745 2744
3 2751 2746 2745
3 2751 2747 2746
3 2751 2748 2747
3 2751 2749 2748
3 2751 2750 2749
3 2751 2739 2750
3 2752 2753 2754
3 2752 2754 2755
3 2752 2755 2756
3 2752 2756 2757
3 2752 2757 2758
3 2752 2758 2759
3 2752 2759 2760
3 2752 2760 2761
3 2752 2761 2762
3 2752 2762 2763
3 2752 2763 2764
3 2752 2764 2753
3 2753 2765 2754
3 2754 2765 2766
3 2754 2766 2755
3 2755 2766 2767
3 2755 2767 2756
3 2756 2767 2768
3 2756 2768 2757
3 2757 2768 2769
3 2757 2769 2758
3 2758 2769 2770
3 2758 2770 2759
3 2759 2770 2771
3 2759 2771 2760
3 2760 2771 2772
3 2760 2772 2761
3 2761 2772 2773
3 2761 2773 2762
3 2762 2773 2774
3 2762 2774 2763
3 2763 2774 2775
3 2763 2775 2764
3 2764 2775 2776
3 2764 2776 2753
3 2753 2776 2765
3 2765 2777 2766
3 2766 2777 2778
3 2766 2778 2767
3 2767 2778 2779
3 2767 2779 2768
3 2768 2779 2780
3 2768 2780 2769
3 2769 2780 2781
3 2769 2781 2770
3 2770 2781 2782
3 2770 2782 2771
3 2771 2782 2783
3 2771 2783 2772
3 2772 2783 2784
3 2772 2784 2773
3 2773 2784 2785
3 2773 2785 2774
3 2774 2785 2786
3 2774 2786 2775
3 2775 2786 2787
3 2775 2787 2776
3 2776 2787 2788
3 2776 2788 2765
3 2765 2788 2777
3 2777 2789 2778
3 2778 2789 2790
3 2778 2790 2779
3 2779 2790 2791
3 2779 2791 2780
3 2780 2791 2792
3 2780 2792 2781
3 2781 2792 2793
3 2781 2793 2782
3 2782 2793 2794
3 2782 2794 2783
3 2783 2794 2795
3 2783 2795 2784
3 2784 2795 2796
3 2784 2796 2785
3 2785 2796 2797
3 2785 2797 2786
3 2786 2797 2798
3 2786 2798 2787
3 2787 2798 2799
3 2787 2799 2788
3 2788 2799 2800
3 2788 2800 2777
3 2777 2800 2789
3 2789 2801 2790
3 2790 2801 2802
3 2790 2802 2791
3 2791 2802 2803
3 2791 2803 2792
3 2792 2803 2804
3 2792 2804 2793
3 2793 2804 2805
3 2793 2805 2794
3 2794 2805 2806
3 2794 2806 2795
3 2795 2806 2807
3 2795 2807 2796
3 2796 2807 2808
3 2796 2808 2797
3 2797 2808 2809
3 2797 2809 2798
3 2798 2809 2810
3 2798 2810 2799
3 2799 2810 2811
3 2799 2811 2800
3 2800 2811 2812
3 2800 2812 2789
3 2789 2812 2801
3 2801 2813 2802
3 2802 2813 2814
3 2802 2814 2803
3 2803 2814 2815
3 2803 2815 2804
3 2804 2815 2816
3 2804 2816 2805
3 2805 2816 2817
3 2805 2817 2806
3 2806 2817 2818
3 2806 2818 2807
3 2807 2818 2819
3 2807 2819 2808
3 2808 2819 2820
3 2808 2820 2809
3 2809 2820 2821
3 2809 2821 2810
3 2810 2821 2822
3 2810 2822 2811
3 2811 2822 2823
3 2811 2823 2812
3 2812 2823 2824
3 2812 2824 2801
3 2801 2824 2813
3 2813 2825 2814
3 2814 2825 2826
3 2814 2826 2815
3 2815 2826 2827
3 2815 2827 2816
3 2816 2827 2828
3 2816 2828 2817
3 2817 2828 2829
3 2817 2829 2818
3 2818 2829 2830
3 2818 2830 2819
3 2819 2830 2831
3 2819 2831 2820
3 2820 2831 2832
3 2820 2832 2821
3 2821 2832 2833
3 2821 2833 2822
3 2822 2833 2834
3 2822 2834 2823
3 2823 2834 2835
3 2823 2835 2824
3 2824 2835 2836
3 2824 2836 2813
3 2813 2836 2825
3 2837 2826 2825
3 2837 2827 2826
3 2837 2828 2827
3 2837 2829 2828
3 2837 2830 2829
3 2837 2831 2830
3 2837 2832 2831
3 2837 2833 2832
3 2837 2834 2833
3 2837 2835 2834
3 2837 2836 2835
3 2837 2825 2836
3 2838 2839 2840
3 2838 2840 2841
3 2838 2841 2842
3 2838 2842 2843
3 2838 2843 2844
3 2838 2844 2845
3 2838 2845 2846
3 2838 2846 2847
3 2838 2847 2848
3 2838 2848 2849
3 2838 2849 2850
3 2838 2850 2839
3 2839 2851 2840
3 2840 2851 2852
3 2840 2852 2841
3 2841 2852 2853
3 2841 2853 2842
3 2842 2853 2854
3 2842 2854 2843
3 2843 2854 2855
3 2843 2855 2844
3 2844 2855 2856
3 2844 2856 2845
3 2845 2856 2857
3 2845 2857 2846
3 2846 2857 2858
3 2846 2858 2847
3 2847 2858 2859
3 2847 2859 2848
3 2848 2859 2860
3 2848 2860 2849
3 2849 2860 2861
3 2849 2861 2850
3 2850 2861 2862
3 2850 2862 2839
3 2839 2862 2851
3 2851 2863 2852
3 2852 2863 2864
3 2852 2864 2853
3 2853 2864 2865
3 2853 2865 2854
3 2854 2865 2866
3 2854 2866 2855
3 2855 2866 2867
3 2855 2867 2856
3 2856 2867 2868
3 2856 2868 2857
3 2857 2868 2869
3 2857 2869 2858
3 2858 2869 2870
3 2858 2870 2859
3 2859 2870 2871
3 2859 2871 2860
3 2860 2871 2872
3 2860 2872 2861
3 2861 2872 2873
3 2861 2873 2862
3 2862 2873 2874
3 2862 2874 2851
3 2851 2874 2863
3 2863 2875 2864
3 2864 2875 2876
3 2864 2876 2865
3 2865 2876 2877
3 2865 2877 2866
3 2866 2877 2878
3 2866 2878 2867
3 2867 2878 2879
3 2867 2879 2868
3 2868 2879 2880
3 2868 2880 2869
3 2869 2880 2881
3 2869 2881 2870
3 2870 2881 2882
3 2870 2882 2871
3 2871 2882 2883
3 2871 2883 2872
3 2872 2883 2884
3 2872 2884 2873
3 2873 2884 2885
3 2873 2885 2874
3 2874 2885 2886
3 2874 2886 2863
3 2863 2886 2875
3 2875 2887 2876
3 2876 2887 2888
3 2876 2888 2877
3 2877 2888 2889
3 2877 2889 2878
3 2878 2889 2890
3 2878 2890 2879
3 2879 2890 2891
3 2879 2891 2880
3 2880 2891 2892
3 2880 2892 2881
3 2881 2892 2893
3 2881 2893 2882
3 2882 2893 2894
3 2882 2894 2883
3 2883 2894 2895
3 2883 2895 2884
3 2884 2895 2896
3 2884 2896 2885
3 2885 2896 2897
3 2885 2897 2886
3 2886 2897 2898
3 2886 2898 2875
3 2875 2898 2887
3 2887 2899 2888
3 2888 2899 2900
3 2888 2900 2889
3 2889 2900 2901
3 2889 2901 2890
3 2890 2901 2902
3 2890 2902 2891
3 2891 2902 2903
3 2891 2903 2892
3 2892 2903 2904
3 2892 2904 2893
3 2893 2904 2905
3 2893 2905 2894
3 2894 2905 2906
3 2894 2906 2895
3 2895 2906 2907
3 2895 2907 2896
3 2896 2907 2908
3 2896 2908 2897
3 2897 2908 2909
3 2897 2909 2898
3 2898 2909 2910
3 2898 2910 2887
3 2887 2910 2899
3 2899 2911 2900
3 2900 2911 2912
3 2900 2912 2901
3 2901 2912 2913
3 2901 2913 2902
3 2902 2913 2914
3 2902 2914 2903
3 2903 2914 2915
3 2903 2915 2904
3 2904 2915 2916
3 2904 2916 2905
3 2905 2916 2917
3 2905 2917 2906
3 2906 2917 2918
3 2906 2918 2907
3 2907 2918 2919
3 2907 2919 2908
3 2908 2919 2920
3 2908 2920 2909
3 2909 2920 2921
3 2909 2921 2910
3 2910 2921 2922
3 2910 2922 2899
3 2899 2922 2911
3 2923 2912 2911
3 2923 2913 2912
3 2923 2914 2913
3 2923 2915 2914
3 2923 2916 2915
3 2923 2917 2916
3 2923 2918 2917
3 2923 2919 2918
3 2923 2920 2919
3 2923 2921 2920
3 2923 2922 2921
3 2923 2911 2922
3 2924 2925 2926
3 2924 2926 2927
3 2924 2927 2928
3 2924 2928 2929
3 2924 2929 2930
3 2924 2930 2931
3 2924 2931 2932
3 2924 2932 2933
3 2924 2933 2934
3 2924 2934 2935
3 2924 2935 2936
3 2924 2936 2925
3 2925 2937 2926
3 2926 2937 2938
3 2926 2938 2927
3 2927 2938 2939
3 2927 2939 2928
3 2928 2939 2940
3 2928 2940 2929
3 2929 2940 2941
3 2929 2941 2930
3 2930 2941 2942
3 2930 2942 2931
3 2931 2942 2943
3 2931 2943 2932
3 2932 2943 2944
3 2932 2944 2933
3 2933 2944 2945
3 2933 2945 2934
3 2934 2945 2946
3 2934 2946 2935
3 2935 2946 2947
3 2935 2947 2936
3 2936 2947 2948
3 2936 2948 2925
3 2925 2948 2937
3 2937 2949 2938
3 2938 2949 2950
3 2938 2950 2939
3 2939 2950 2951
3 2939 2951 2940
3 2940 2951 2952
3 2940 2952 2941
3 2941 2952 2953
3 2941 2953 2942
3 2942 2953 2954
3 2942 2954 2943
3 2943 2954 2955
3 2943 2955 2944
3 2944 2955 2956
3 2944 2956 2945
3 2945 2956 2957
3 2945 2957 2946
3 2946 2957 2958
3 2946 2958 2947
3 2947 2958 2959
3 2947 2959 2948
3 2948 2959 2960
3 2948 2960 2937
3 2937 2960 2949
3 2949 2961 2950
3 2950 2961 2962
3 2950 2962 2951
3 2951 2962 2963
3 2951 2963 2952
3 2952 2963 2964
3 2952 2964 2953
3 2953 2964 2965
3 2953 2965 2954
3 2954 2965 2966
3 2954 2966 2955
3 2955 2966 2967
3 2955 2967 2956
3 2956 2967 2968
3 2956 2968 2957
3 2957 2968 2969
3 2957 2969 2958
3 2958 2969 2970
3 2958 2970 2959
3 2959 2970 2971
3 2959 2971 2960
3 2960 2971 2972
3 2960 2972 2949
3 2949 2972 2961
3 2961 2973 2962
3 2962 2973 2974
3 2962 2974 2963
3 2963 2974 2975
3 2963 2975 2964
3 2964 2975 2976
3 2964 2976 2965
3 2965 2976 2977
3 2965 2977 2966
3 2966 2977 2978
3 2966 2978 2967
3 2967 2978 2979
3 2967 2979 2968
3 2968 2979 2980
3 2968 2980 2969
3 2969 2980 2981
3 2969 2981 2970
3 2970 2981 2982
3 2970 2982 2971
3 2971 2982 2983
3 2971 2983 2972
3 2972 2983 2984
3 2972 2984 2961
3 2961 2984 2973
3 2973 2985 2974
3 2974 2985 2986
3 2974 2986 2975
3 2975 2986 2987
3 2975 2987 2976
3 2976 2987 2988
3 2976 2988 2977
3 2977 2988 2989
3 2977 2989 2978
3 2978 2989 2990
3 2978 2990 2979
3 2979 2990 2991
3 2979 2991 2980
3 2980 2991 2992
3 2980 2992 2981
3 2981 2992 2993
3 2981 2993 2982
3 2982 2993 2994
3 2982 2994 2983
3 2983 2994 2995
3 2983 2995 2984
3 2984 2995 2996
3 2984 2996 2973
3 2973 2996 2985
3 2985 2997 2986
3 2986 2997 2998
3 2986 2998 2987
3 2987 2998 2999
3 2987 2999 2988
3 2988 2999 3000
3 2988 3000 2989
3 2989 3000 3001
3 2989 3001 2990
3 2990 3001 3002
3 2990 3002 2991
3 2991 3002 3003
3 2991 3003 2992
3 2992 3003 3004
3 2992 3004 2993
3 2993 3004 3005
3 2993 3005 2994
3 2994 3005 3006
3 2994 3006 2995
3 2995 3006 3007
3 2995 3007 2996
3 2996 3007 3008
3 2996 3008 2985
3 2985 3008 2997
3 3009 2998 2997
3 3009 2999 2998
3 3009 3000 2999
3 3009 3001 3000
3 3009 3002 3001
3 3009 3003 3002
3 3009 3004 3003
3 3009 3005 3004
3 3009 3006 3005
3 3009 3007 3006
3 3009 3008 3007
3 3009 2997 3008
3 3010 3011 3012
3 3010 3012 3013
3 3010 3013 3014
3 3010 3014 3015
3 3010 3015 3016
3 3010 3016 3017
3 3010 3017 3018
3 3010 3018 3019
3 3010 3019 3020
3 3010 3020 3021
3 3010 3021 3022
3 3010 3022 3011
3 3011 3023 3012
3 3012 3023 3024
3 3012 3024 3013
3 3013 3024 3025
3 3013 3025 3014
3 3014 3025 3026
3 3014 3026 3015
3 3015 3026 3027
3 3015 3027 3016
3 3016 3027 3028
3 3016 3028 3017
3 3017 3028 3029
3 3017 3029 3018
3 3018 3029 3030
3 3018 3030 3019
3 3019 3030 3031
3 3019 3031 3020
3 3020 3031 3032
3 3020 3032 3021
3 3021 3032 3033
3 3021 3033 3022
3 3022 3033 3034
3 3022 3034 3011
3 3011 3034 3023
3 3023 3035 3024
3 3024 3035 3036
3 3024 3036 3025
3 3025 3036 3037
3 3025 3037 3026
3 3026 3037 3038
3 3026 3038 3027
3 3027 3038 3039
3 3027 3039 3028
3 3028 3039 3040
3 3028 3040 3029
3 3029 3040 3041
3 3029 3041 3030
3 3030 3041 3042
3 3030 3042 3031
3 3031 3042 3043
3 3031 3043 3032
3 3032 3043 3044
3 3032 3044 3033
3 3033 3044 3045
3 3033 3045 3034
3 3034 3045 3046
3 3034 3046 3023
3 3023 3046 3035
3 3035 3047 3036
3 3036 3047 3048
3 3036 3048 3037
3 3037 3048 3049
3 3037 3049 3038
3 3038 3049 3050
3 3038 3050 3039
3 3039 3050 3051
3 3039 3051 3040
3 3040 3051 3052
3 3040 3052 3041
3 3041 3052 3053
3 3041 3053 3042
3 3042 3053 3054
3 3042 3054 3043
3 3043 3054 3055
3 3043 3055 3044
3 3044 3055 3056
3 3044 3056 3045
3 3045 3056 3057
3 3045 3057 3046
3 3046 3057 3058
3 3046 3058 3035
3 3035 3058 3047
3 3047 3059 3048
3 3048 3059 3060
3 3048 3060 3049
3 3049 3060 3061
3 3049 3061 3050
3 3050 3061 3062
3 3050 3062 3051
3 3051 3062 3063
3 3051 3063 3052
3 3052 3063 3064
3 3052 3064 3053
3 3053 3064 3065
3 3053 3065 3054
3 3054 3065 3066
3 3054 3066 3055
3 3055 3066 3067
3 3055 3067 3056
3 3056 3067 3068
3 3056 3068 3057
3 3057 3068 3069
3 3057 3069 3058
3 3058 3069 3070
3 3058 3070 3047
3 3047 3070 3059
3 3059 3071 3060
3 3060 3071 3072
3 3060 3072 3061
3 3061 3072 3073
3 3061 3073 3062
3 3062 3073 3074
3 3062 3074 3063
3 3063 3074 3075
3 3063 3075 3064
3 3064 3075 3076
3 3064 3076 3065
3 3065 3076 3077
3 3065 3077 3066
3 3066 3077 3078
3 3066 3078 3067
3 3067 3078 3079
3 3067 3079 3068
3 3068 3079 3080
3 3068 3080 3069
3 3069 3080 3081
3 3069 3081 3070
3 3070 3081 3082
3 3070 3082 3059
3 3059 3082 3071
3 3071 3083 3072
3 3072 3083 3084
3 3072 3084 3073
3 3073 3084 3085
3 3073 3085 3074
3 3074 3085 3086
3 3074 3086 3075
3 3075 3086 3087
3 3075 3087 3076
3 3076 3087 3088
3 3076 3088 3077
3 3077 3088 3089
3 3077 3089 3078
3 3078 3089 3090
3 3078 3090 3079
3 3079 3090 3091
3 3079 3091 3080
3 3080 3091 3092
3 3080 3092 3081
3 3081 3092 3093
3 3081 3093 3082
3 3082 3093 3094
3 3082 3094 3071
3 3071 3094 3083
3 3095 3084 3083
3 3095 3085 3084
3 3095 3086 3085
3 3095 3087 3086
3 3095 3088 3087
3 3095 3089 3088
3 3095 3090 3089
3 3095 3091 3090
3 3095 3092 3091
3 3095 3093 3092
3 3095 3094 3093
3 3095 3083 3094
3 3096 3097 3098
3 3096 3098 3099
3 3096 3099 3100
3 3096 3100 3101
3 3096 3101 3102
3 3096 3102 3103
3 3096 3103 3104
3 3096 3104 3105
3 3096 3105 3106
3 3096 3106 3107
3 3096 3107 3108
3 3096 3108 3097
3 3097 3109 3098
3 3098 3109 3110
3 3098 3110 3099
3 3099 3110 3111
3 3099 3111 3100
3 3100 3111 3112
3 3100 3112 3101
3 3101 3112 3113
3 3101 3113 3102
3 3102 3113 3114
3 3102 3114 3103
3 3103 3114 3115
3 3103 3115 3104
3 3104 3115 3116
3 3104 3116 3105
3 3105 3116 3117
3 3105 3117 3106
3 3106 3117 3118
3 3106 3118 3107
3 3107 3118 3119
3 3107 3119 3108
3 3108 3119 3120
3 3108 3120 3097
3 3097 3120 3109
3 3109 3121 3110
3 3110 3121 3122
3 3110 3122 3111
3 3111 3122 3123
3 3111 3123 3112
3 3112 3123 3124
3 3112 3124 3113
3 3113 3124 3125
3 3113 3125 3114
3 3114 3125 3126
3 3114 3126 3115
3 3115 3126 3127
3 3115 3127 3116
3 3116 3127 3128
3 3116 3128 3117
3 3117 3128 3129
3 3117 3129 3118
3 3118 3129 3130
3 3118 3130 3119
3 3119 3130 3131
3 3119 3131 3120
3 3120 3131 3132
3 3120 3132 3109
3 3109 3132 3121
3 3121 3133 3122
3 3122 3133 3134
3 3122 3134 3123
3 3123 3134 3135
3 3123 3135 3124
3 3124 3135 3136
3 3124 3136 3125
3 3125 3136 3137
3 3125 3137 3126
3 3126 3137 3138
3 3126 3138 3127
3 3127 3138 3139
3 3127 3139 3128
3 3128 3139 3140
3 3128 3140 3129
3 3129 3140 3141
3 3129 3141 3130
3 3130 3141 3142
3 3130 3142 3131
3 3131 3142 3143
3 3131 3143 3132
3 3132 3143 3144
3 3132 3144 3121
3 3121 3144 3133
3 3133 3145 3134
3 3134 3145 3146
3 3134 3146 3135
3 3135 3146 3147
3 3135 3147 3136
3 3136 3147 3148
3 3136 3148 3137
3 3137 3148 3149
3 3137 3149 3138
3 3138 3149 3150
3 3138 3150 3139
3 3139 3150 3151
3 3139 3151 3140
3 3140 3151 3152
3 3140 3152 3141
3 3141 3152 3153
3 3141 3153 3142
3 3142 3153 3154
3 3142 3154 3143
3 3143 3154 3155
3 3143 3155 3144
3 3144 3155 3156
3 3144 3156 3133
3 3133 3156 3145
3 3145 3157 3146
3 3146 3157 3158
3 3146 3158 3147
3 3147 3158 3159
3 3147 3159 3148
3 3148 3159 3160
3 3148 3160 3149
3 3149 3160 3161
3 3149 3161 3150
3 3150 3161 3162
3 3150 3162 3151
3 3151 3162 3163
3 3151 3163 3152
3 3152 3163 3164
3 3152 3164 3153
3 3153 3164 3165
3 3153 3165 3154
3 3154 3165 3166
3 3154 3166 3155
3 3155 3166 3167
3 3155 3167 3156
3 3156 3167 3168
3 3156 3168 3145
3 3145 3168 3157
3 3157 3169 3158
3 3158 3169 3170
3 3158 3170 3159
3 3159 3170 3171
3 3159 3171 3160
3 3160 3171 3172
3 3160 3172 3161
3 3161 3172 3173
3 3161 3173 3162
3 3162 3173 3174
3 3162 3174 3163
3 3163 3174 3175
3 3163 3175 3164
3 3164 3175 3176
3 3164 3176 3165
3 3165 3176 3177
3 3165 3177 3166
3 3166 3177 3178
3 3166 3178 3167
3 3167 3178 3179
3 3167 3179 3168
3 3168 3179 3180
3 3168 3180 3157
3 3157 3180 3169
3 3181 3170 3169
3 3181 3171 3170
3 3181 3172 3171
3 3181 3173 3172
3 3181 3174 3173
3 3181 3175 3174
3 3181 3176 3175
3 3181 3177 3176
3 3181 3178 3177
3 3181 3179 3178
3 3181 3180 3179
3 3181 3169 3180
3 3182 3183 3184
3 3182 3184 3185
3 3182 3185 3186
3 3182 3186 3187
3 3182 3187 3188
3 3182 3188 3189
3 3182 3189 3190
3 3182 3190 3191
3 3182 3191 3192
3 3182 3192 3193
3 3182 3193 3194
3 3182 3194 3183
3 3183 3195 3184
3 3184 3195 3196
3 3184 3196 3185
3 3185 3196 3197
3 3185 3197 3186
3 3186 3197 3198
3 3186 3198 3187
3 3187 3198 3199
3 3187 3199 3188
3 3188 3199 3200
3 3188 3200 3189
3 3189 3200 3201
3 3189 3201 3190
3 3190 3201 3202
3 3190 3202 3191
3 3191 3202 3203
3 3191 3203 3192
3 3192 3203 3204
3 3192 3204 3193
3 3193 3204 3205
3 3193 3205 3194
3 3194 3205 3206
3 3194 3206 3183
3 3183 3206 3195
3 3195 3207 3196
3 3196 3207 3208
3 3196 3208 3197
3 3197 3208 3209
3 3197 3209 3198
3 3198 3209 3210
3 3198 3210 3199
3 3199 3210 3211
3 3199 3211 3200
3 3200 3211 3212
3 3200 3212 3201
3 3201 3212 3213
3 3201 3213 3202
3 3202 3213 3214
3 3202 3214 3203
3 3203 3214 3215
3 3203 3215 3204
3 3204 3215 3216
3 3204 3216 3205
3 3205 3216 3217
3 3205 3217 3206
3 3206 3217 3218
3 3206 3218 3195
3 3195 3218 3207
3 3207 3219 3208
3 3208 3219 3220
3 3208 3220 3209
3 3209 3220 3221
3 3209 3221 3210
3 3210 3221 3222
3 3210 3222 3211
3 3211 3222 3223
3 3211 3223 3212
3 3212 3223 3224
3 3212 3224 3213
3 3213 3224 3225
3 3213 3225 3214
3 3214 3225 3226
3 3214 3226 3215
3 3215 3226 3227
3 3215 3227 3216
3 3216 3227 3228
3 3216 3228 3217
3 3217 3228 3229
3 3217 3229 3218
3 3218 3229 3230
3 3218 3230 3207
3 3207 3230 3219
3 3219 3231 3220
3 3220 3231 3232
3 3220 3232 3221
3 3221 3232 3233
3 3221 3233 3222
3 3222 3233 3234
3 3222 3234 3223
3 3223 3234 3235
3 3223 3235 3224
3 3224 3235 3236
3 3224 3236 3225
3 3225 3236 3237
3 3225 3237 3226
3 3226 3237 3238
3 3226 3238 3227
3 3227 3238 3239
3 3227 3239 3228
3 3228 3239 3240
3 3228 3240 3229
3 3229 3240 3241
3 3229 3241 3230
3 3230 3241 3242
3 3230 3242 3219
3 3219 3242 3231
3 3231 3243 3232
3 3232 3243 3244
3 3232 3244 3233
3 3233 3244 3245
3 3233 3245 3234
3 3234 3245 3246
3 3234 3246 3235
3 3235 3246 3247
3 3235 3247 3236
3 3236 3247 3248
3 3236 3248 3237
3 3237 3248 3249
3 3237 3249 3238
3 3238 3249 3250
3 3238 3250 3239
3 3239 3250 3251
3 3239 3251 3240
3 3240 3251 3252
3 3240 3252 3241
3 3241 3252 3253
3 3241 3253 3242
3 3242 3253 3254
3 3242 3254 3231
3 3231 3254 3243
3 3243 3255 3244
3 3244 3255 3256
3 3244 3256 3245
3 3245 3256 3257
3 3245 3257 3246
3 3246 3257 3258
3 3246 3258 3247
3 3247 3258 3259
3 3247 3259 3248
3 3248 3259 3260
3 3248 3260 3249
3 3249 3260 3261
3 3249 3261 3250
3 3250 3261 3262
3 3250 3262 3251
3 3251 3262 3263
3 3251 3263 3252
3 3252 3263 3264
3 3252 3264 3253
3 3253 3264 3265
3 3253 3265 3254
3 3254 3265 3266
3 3254 3266 3243
3 3243 3266 3255
3 3267 3256 3255
3 3267 3257 3256
3 3267 3258 3257
3 3267 3259 3258
3 3267 3260 3259
3 3267 3261 3260
3 3267 3262 3261
3 3267 3263 3262
3 3267 3264 3263
3 3267 3265 3264
3 3267 3266 3265
3 3267 3255 3266
3 3268 3269 3270
3 3268 3270 3271
3 3268 3271 3272
3 3268 3272 3273
3 3268 3273 3274
3 3268 3274 3275
3 3268 3275 3276
3 3268 3276 3277
3 3268 3277 3278
3 3268 3278 3279
3 3268 3279 3280
3 3268 3280 3269
3 3269 3281 3270
3 3270 3281 3282
3 3270 3282 3271
3 3271 3282 3283
3 3271 3283 3272
3 3272 3283 3284
3 3272 3284 3273
3 3273 3284 3285
3 3273 3285 3274
3 3274 3285 3286
3 3274 3286 3275
3 3275 3286 3287
3 3275 3287 3276
3 3276 3287 3288
3 3276 3288 3277
3 3277 3288 3289
3 3277 3289 3278
3 3278 3289 3290
3 3278 3290 3279
3 3279 3290 3291
3 3279 3291 3280
3 3280 3291 3292
3 3280 3292 3269
3 3269 3292 3281
3 3281 3293 3282
3 3282 3293 3294
3 3282 3294 3283
3 3283 3294 3295
3 3283 3295 3284
3 3284 3295 3296
3 3284 3296 3285
3 3285 3296 3297
3 3285 3297 3286
3 3286 3297 3298
3 3286 3298 3287
3 3287 3298 3299
3 3287 3299 3288
3 3288 3299 3300
3 3288 3300 3289
3 3289 3300 3301
3 3289 3301 3290
3 3290 3301 3302
3 3290 3302 3291
3 3291 3302 3303
3 3291 3303 3292
3 3292 3303 3304
3 3292 3304 3281
3 3281 3304 3293
3 3293 3305 3294
3 3294 3305 3306
3 3294 3306 3295
3 3295 3306 3307
3 3295 3307 3296
3 3296 3307 3308
3 3296 3308 3297
3 3297 3308 3309
3 3297 3309 3298
3 3298 3309 3310
3 3298 3310 3299
3 3299 3310 3311
3 3299 3311 3300
3 3300 3311 3312
3 3300 3312 3301
3 3301 3312 3313
3 3301 3313 3302
3 3302 3313 3314
3 3302 3314 3303
3 3303 3314 3315
3 3303 3315 3304
3 3304 3315 3316
3 3304 3316 3293
3 3293 3316 3305
3 3305 3317 3306
3 3306 3317 3318
3 3306 3318 3307
3 3307 3318 3319
3 3307 3319 3308
3 3308 3319 3320
3 3308 3320 3309
3 3309 3320 3321
3 3309 3321 3310
3 3310 3321 3322
3 3310 3322 3311
3 3311 3322 3323
3 3311 3323 3312
3 3312 3323 3324
3 3312 3324 3313
3 3313 3324 3325
3 3313 3325 3314
3 3314 3325 3326
3 3314 3326 3315
3 3315 3326 3327
3 3315 3327 3316
3 3316 3327 3328
3 3316 3328 3305
3 3305 3328 3317
3 3317 3329 3318
3 3318 3329 3330
3 3318 3330 3319
3 3319 3330 3331
3 3319 3331 3320
3 3320 3331 3332
3 3320 3332 3321
3 3321 3332 3333
3 3321 3333 3322
3 3322 3333 3334
3 3322 3334 3323
3 3323 3334 3335
3 3323 3335 3324
3 3324 3335 3336
3 3324 3336 3325
3 3325 3336 3337
3 3325 3337 3326
3 3326 3337 3338
3 3326 3338 3327
3 3327 3338 3339
3 3327 3339 3328
3 3328 3339 3340
3 3328 3340 3317
3 3317 3340 3329
3 3329 3341 3330
3 3330 3341 3342
3 3330 3342 3331
3 3331 3342 3343
3 3331 3343 3332
3 3332 3343 3344
3 3332 3344 3333
3 3333 3344 3345
3 3333 3345 3334
3 3334 3345 3346
3 3334 3346 3335
3 3335 3346 3347
3 3335 3347 3336
3 3336 3347 3348
3 3336 3348 3337
3 3337 3348 3349
3 3337 3349 3338
3 3338 3349 3350
3 3338 3350 3339
3 3339 3350 3351
3 3339 3351 3340
3 3340 3351 3352
3 3340 3352 3329
3 3329 3352 3341
3 3353 3342 3341
3 3353 3343 3342
3 3353 3344 3343
3 3353 3345 3344
3 3353 3346 3345
3 3353 3347 3346
3 3353 3348 3347
3 3353 3349 3348
3 3353 3350 3349
3 3353 3351 3350
3 3353 3352 3351
3 3353 3341 3352
3 3354 3355 3356
3 3354 3356 3357
3 3354 3357 3358
3 3354 3358 3359
3 3354 3359 3360
3 3354 3360 3361
3 3354 3361 3362
3 3354 3362 3363
3 3354 3363 3364
3 3354 3364 3365
3 3354 3365 3366
3 3354 3366 3355
3 3355 3367 3356
3 3356 3367 3368
3 3356 3368 3357
3 3357 3368 3369
3 3357 3369 3358
3 3358 3369 3370
3 3358 3370 3359
3 3359 3370 3371
3 3359 3371 3360
3 3360 3371 3372
3 3360 3372 3361
3 3361 3372 3373
3 3361 3373 3362
3 3362 3373 3374
3 3362 3374 3363
3 3363 3374 3375
3 3363 3375 3364
3 3364 3375 3376
3 3364 3376 3365
3 3365 3376 3377
3 3365 3377 3366
3 3366 3377 3378
3 3366 3378 3355
3 3355 3378 3367
3 3367 3379 3368
3 3368 3379 3380
3 3368 3380 3369
3 3369 3380 3381
3 3369 3381 3370
3 3370 3381 3382
3 3370 3382 3371
3 3371 3382 3383
3 3371 3383 3372
3 3372 3383 3384
3 3372 3384 3373
3 3373 3384 3385
3 3373 3385 3374
3 3374 3385 3386
3 3374 3386 3375
3 3375 3386 3387
3 3375 3387 3376
3 3376 3387 3388
3 3376 3388 3377
3 3377 3388 3389
3 3377 3389 3378
3 3378 3389 3390
3 3378 3390 3367
3 3367 3390 3379
3 3379 3391 3380
3 3380 3391 3392
3 3380 3392 3381
3 3381 3392 3393
3 3381 3393 3382
3 3382 3393 3394
3 3382 3394 3383
3 3383 3394 3395
3 3383 3395 3384
3 3384 3395 3396
3 3384 3396 3385
3 3385 3396 3397
3 3385 3397 3386
3 3386 3397 3398
3 3386 3398 3387
3 3387 3398 3399
3 3387 3399 3388
3 3388 3399 3400
3 3388 3400 3389
3 3389 3400 3401
3 3389 3401 3390
3 3390 3401 3402
3 3390 3402 3379
3 3379 3402 3391
3 3391 3403 3392
3 3392 3403 3404
3 3392 3404 3393
3 3393 3404 3405
3 3393 3405 3394
3 3394 3405 3406
3 3394 3406 3395
3 3395 3406 3407
3 3395 3407 3396
3 3396 3407 3408
3 3396 3408 3397
3 3397 3408 3409
3 3397 3409 3398
3 3398 3409 3410
3 3398 3410 3399
3 3399 3410 3411
3 3399 3411 3400
3 3400 3411 3412
3 3400 3412 3401
3 3401 3412 3413
3 3401 3413 3402
3 3402 3413 3414
3 3402 3414 3391
3 3391 3414 3403
3 3403 3415 3404
3 3404 3415 3416
3 3404 3416 3405
3 3405 3416 3417
3 3405 3417 3406
3 3406 3417 3418
3 3406 3418 3407
3 3407 3418 3419
3 3407 3419 3408
3 3408 3419 3420
3 3408 3420 3409
3 3409 3420 3421
3 3409 3421 3410
3 3410 3421 3422
3 3410 3422 3411
3 3411 3422 3423
3 3411 3423 3412
3 3412 3423 3424
3 3412 3424 3413
3 3413 3424 3425
3 3413 3425 3414
3 3414 3425 3426
3 3414 3426 3403
3 3403 3426 3415
3 3415 3427 3416
3 3416 3427 3428
3 3416 3428 3417
3 3417 3428 3429
3 3417 3429 3418
3 3418 3429 3430
3 3418 3430 3419
3 3419 3430 3431
3 3419 3431 3420
3 3420 3431 3432
3 3420 3432 3421
3 3421 3432 3433
3 3421 3433 3422
3 3422 3433 3434
3 3422 3434 3423
3 3423 3434 3435
3 3423 3435 3424
3 3424 3435 3436
3 3424 3436 3425
3 3425 3436 3437
3 3425 3437 3426
3 3426 3437 3438
3 3426 3438 3415
3 3415 3438 3427
3 3439 3428 3427
3 3439 3429 3428
3 3439 3430 3429
3 3439 3431 3430
3 3439 3432 3431
3 3439 3433 3432
3 3439 3434 3433
3 3439 3435 3434
3 3439 3436 3435
3 3439 3437 3436
3 3439 3438 3437
3 3439 3427 3438
3 3440 3441 3442
3 3440 3442 3443
3 3440 3443 3444
3 3440 3444 3445
3 3440 3445 3446
3 3440 3446 3447
3 3440 3447 3448
3 3440 3448 3449
3 3440 3449 3450
3 3440 3450 3451
3 3440 3451 3452
3 3440 3452 3441
3 3441 3453 3442
3 3442 3453 3454
3 3442 3454 3443
3 3443 3454 3455
3 3443 3455 3444
3 3444 3455 3456
3 3444 3456 3445
3 3445 3456 3457
3 3445 3457 3446
3 3446 3457 3458
3 3446 3458 3447
3 3447 3458 3459
3 3447 3459 3448
3 3448 3459 3460
3 3448 3460 3449
3 3449 3460 3461
3 3449 3461 3450
3 3450 3461 3462
3 3450 3462 3451
3 3451 3462 3463
3 3451 3463 3452
3 3452 3463 3464
3 3452 3464 3441
3 3441 3464 3453
3 3453 3465 3454
3 3454 3465 3466
3 3454 3466 3455
3 3455 3466 3467
3 3455 3467 3456
3 3456 3467 3468
3 3456 3468 3457
3 3457 3468 3469
3 3457 3469 3458
3 3458 3469 3470
3 3458 3470 3459
3 3459 3470 3471
3 3459 3471 3460
3 3460 3471 3472
3 3460 3472 3461
3 3461 3472 3473
3 3461 3473 3462
3 3462 3473 3474
3 3462 3474 3463
3 3463 3474 3475
3 3463 3475 3464
3 3464 3475 3476
3 3464 3476 3453
3 3453 3476 3465
3 3465 3477 3466
3 3466 3477 3478
3 3466 3478 3467
3 3467 3478 3479
3 3467 3479 3468
3 3468 3479 3480
3 3468 3480 3469
3 3469 3480 3481
3 3469 3481 3470
3 3470 3481 3482
3 3470 3482 3471
3 3471 3482 3483
3 3471 3483 3472
3 3472 3483 3484
3 3472 3484 3473
3 3473 3484 3485
3 3473 3485 3474
3 3474 3485 3486
3 3474 3486 3475
3 3475 3486 3487
3 3475 3487 3476
3 3476 3487 3488
3 3476 3488 3465
3 3465 3488 3477
3 3477 3489 3478
3 3478 3489 3490
3 3478 3490 3479
3 3479 3490 3491
3 3479 3491 3480
3 3480 3491 3492
3 3480 3492 3481
3 3481 3492 3493
3 3481 3493 3482
3 3482 3493 3494
3 3482 3494 3483
3 3483 3494 3495
3 3483 3495 3484
3 3484 3495 3496
3 3484 3496 3485
3 3485 3496 3497
3 3485 3497 3486
3 3486 3497 3498
3 3486 3498 3487
3 3487 3498 3499
3 3487 3499 3488
3 3488 3499 3500
3 3488 3500 3477
3 3477 3500 3489
3 3489 3501 3490
3 3490 3501 3502
3 3490 3502 3491
3 3491 3502 3503
3 3491 3503 3492
3 3492 3503 3504
3 3492 3504 3493
3 3493 3504 3505
3 3493 3505 3494
3 3494 3505 3506
3 3494 3506 3495
3 3495 3506 3507
3 3495 3507 3496
3 3496 3507 3508
3 3496 3508 3497
3 3497 3508 3509
3 3497 3509 3498
3 3498 3509 3510
3 3498 3510 3499
3 3499 3510 3511
3 3499 3511 3500
3 3500 3511 3512
3 3500 3512 3489
3 3489 3512 3501
3 3501 3513 3502
3 3502 3513 3514
3 3502 3514 3503
3 3503 3514 3515
3 3503 3515 3504
3 3504 3515 3516
3 3504 3516 3505
3 3505 3516 3517
3 3505 3517 3506
3 3506 3517 3518
3 3506 3518 3507
3 3507 3518 3519
3 3507 3519 3508
3 3508 3519 3520
3 3508 3520 3509
3 3509 3520 3521
3 3509 3521 3510
3 3510 3521 3522
3 3510 3522 3511
3 3511 3522 3523
3 3511 3523 3512
3 3512 3523 3524
3 3512 3524 3501
3 3501 3524 3513
3 3525 3514 3513
3 3525 3515 3514
3 3525 3516 3515
3 3525 3517 3516
3 3525 3518 3517
3 3525 3519 3518
3 3525 3520 3519
3 3525 3521 3520
3 3525 3522 3521
3 3525 3523 3522
3 3525 3524 3523
3 3525 3513 3524
3 3526 3527 3528
3 3526 3528 3529
3 3526 3529 3530
3 3526 3530 3531
3 3526 3531 3532
3 3526 3532 3533
3 3526 3533 3534
3 3526 3534 3535
3 3526 3535 3536
3 3526 3536 3537
3 3526 3537 3538
3 3526 3538 3527
3 3527 3539 3528
3 3528 3539 3540
3 3528 3540 3529
3 3529 3540 3541
3 3529 3541 3530
3 3530 3541 3542
3 3530 3542 3531
3 3531 3542 3543
3 3531 3543 3532
3 3532 3543 3544
3 3532 3544 3533
3 3533 3544 3545
3 3533 3545 3534
3 3534 3545 3546
3 3534 3546 3535
3 3535 3546 3547
3 3535 3547 3536
3 3536 3547 3548
3 3536 3548 3537
3 3537 3548 3549
3 3537 3549 3538
3 3538 3549 3550
3 3538 3550 3527
3 3527 3550 3539
3 3539 3551 3540
3 3540 3551 3552
3 3540 3552 3541
3 3541 3552 3553
3 3541 3553 3542
3 3542 3553 3554
3 3542 3554 3543
3 3543 3554 3555
3 3543 3555 3544
3 3544 3555 3556
3 3544 3556 3545
3 3545 3556 3557
3 3545 3557 3546
3 3546 3557 3558
3 3546 3558 3547
3 3547 3558 3559
3 3547 3559 3548
3 3548 3559 3560
3 3548 3560 3549
3 3549 3560 3561
3 3549 3561 3550
3 3550 3561 3562
3 3550 3562 3539
3 3539 3562 3551
3 3551 3563 3552
3 3552 3563 3564
3 3552 3564 3553
3 3553 3564 3565
3 3553 3565 3554
3 3554 3565 3566
3 3554 3566 3555
3 3555 3566 3567
3 3555 3567 3556
3 3556 3567 3568
3 3556 3568 3557
3 3557 3568 3569
3 3557 3569 3558
3 3558 3569 3570
3 3558 3570 3559
3 3559 3570 3571
3 3559 3571 3560
3 3560 3571 3572
3 3560 3572 3561
3 3561 3572 3573
3 3561 3573 3562
3 3562 3573 3574
3 3562 3574 3551
3 3551 3574 3563
3 3563 3575 3564
3 3564 3575 3576
3 3564 3576 3565
3 3565 3576 3577
3 3565 3577 3566
3 3566 3577 3578
3 3566 3578 3567
3 3567 3578 3579
3 3567 3579 3568
3 3568 3579 3580
3 3568 3580 3569
3 3569 3580 3581
3 3569 3581 3570
3 3570 3581 3582
3 3570 3582 3571
3 3571 3582 3583
3 3571 3583 3572
3 3572 3583 3584
3 3572 3584 3573
3 3573 3584 3585
3 3573 3585 3574
3 3574 3585 3586
3 3574 3586 3563
3 3563 3586 3575
3 3575 3587 3576
3 3576 3587 3588
3 3576 3588 3577
3 3577 3588 3589
3 3577 3589 3578
3 3578 3589 3590
3 3578 3590 3579
3 3579 3590 3591
3 3579 3591 3580
3 3580 3591 3592
3 3580 3592 3581
3 3581 3592 3593
3 3581 3593 3582
3 3582 3593 3594
3 3582 3594 3583
3 3583 3594 3595
3 3583 3595 3584
3 3584 3595 3596
3 3584 3596 3585
3 3585 3596 3597
3 3585 3597 3586
3 3586 3597 3598
3 3586 3598 3575
3 3575 3598 3587
3 3587 3599 3588
3 3588 3599 3600
3 3588 3600 3589
3 3589 3600 3601
3 3589 3601 3590
3 3590 3601 3602
3 3590 3602 3591
3 3591 3602 3603
3 3591 3603 3592
3 3592 3603 3604
3 3592 3604 3593
3 3593 3604 3605
3 3593 3605 3594
3 3594 3605 3606
3 3594 3606 3595
3 3595 3606 3607
3 3595 3607 3596
3 3596 3607 3608
3 3596 3608 3597
3 3597 3608 3609
3 3597 3609 3598
3 3598 3609 3610
3 3598 3610 3587
3 3587 3610 3599
3 3611 3600 3599
3 3611 3601 3600
3 3611 3602 3601
3 3611 3603 3602
3 3611 3604 3603
3 3611 3605 3604
3 3611 3606 3605
3 3611 3607 3606
3 3611 3608 3607
3 3611 3609 3608
3 3611 3610 3609
3 3611 3599 3610
3 3612 3613 3614
3 3612 3614 3615
3 3612 3615 3616
3 3612 3616 3617
3 3612 3617 3618
3 3612 3618 3619
3 3612 3619 3620
3 3612 3620 3621
3 3612 3621 3622
3 3612 3622 3623
3 3612 3623 3624
3 3612 3624 3613
3 3613 3625 3614
3 3614 3625 3626
3 3614 3626 3615
3 3615 3626 3627
3 3615 3627 3616
3 3616 3627 3628
3 3616 3628 3617
3 3617 3628 3629
3 3617 3629 3618
3 3618 3629 3630
3 3618 3630 3619
3 3619 3630 3631
3 3619 3631 3620
3 3620 3631 3632
3 3620 3632 3621
3 3621 3632 3633
3 3621 3633 3622
3 3622 3633 3634
3 3622 3634 3623
3 3623 3634 3635
3 3623 3635 3624
3 3624 3635 3636
3 3624 3636 3613
3 3613 3636 3625
3 3625 3637 3626
3 3626 3637 3638
3 3626 3638 3627
3 3627 3638 3639
3 3627 3639 3628
3 3628 3639 3640
3 3628 3640 3629
3 3629 3640 3641
3 3629 3641 3630
3 3630 3641 3642
3 3630 3642 3631
3 3631 3642 3643
3 3631 3643 3632
3 3632 3643 3644
3 3632 3644 3633
3 3633 3644 3645
3 3633 3645 3634
3 3634 3645 3646
3 3634 3646 3635
3 3635 3646 3647
3 3635 3647 3636
3 3636 3647 3648
3 3636 3648 3625
3 3625 3648 3637
3 3637 3649 3638
3 3638 3649 3650
3 3638 3650 3639
3 3639 3650 3651
3 3639 3651 3640
3 3640 3651 3652
3 3640 3652 3641
3 3641 3652 3653
3 3641 3653 3642
3 3642 3653 3654
3 3642 3654 3643
3 3643 3654 3655
3 3643 3655 3644
3 3644 3655 3656
3 3644 3656 3645
3 3645 3656 3657
3 3645 3657 3646
3 3646 3657 3658
3 3646 3658 3647
3 3647 3658 3659
3 3647 3659 3648
3 3648 3659 3660
3 3648 3660 3637
3 3637 3660 3649
3 3649 3661 3650
3 3650 3661 3662
3 3650 3662 3651
3 3651 3662 3663
3 3651 3663 3652
3 3652 3663 3664
3 3652 3664 3653
3 3653 3664 3665
3 3653 3665 3654
3 3654 3665 3666
3 3654 3666 3655
3 3655 3666 3667
3 3655 3667 3656
3 3656 3667 3668
3 3656 3668 3657
3 3657 3668 3669
3 3657 3669 3658
3 3658 3669 3670
3 3658 3670 3659
3 3659 3670 3671
3 3659 3671 3660
3 3660 3671 3672
3 3660 3672 3649
3 3649 3672 3661
3 3661 3673 3662
3 3662 3673 3674
3 3662 3674 3663
3 3663 3674 3675
3 3663 3675 3664
3 3664 3675 3676
3 3664 3676 3665
3 3665 3676 3677
3 3665 3677 3666
3 3666 3677 3678
3 3666 3678 3667
3 3667 3678 3679
3 3667 3679 3668
3 3668 3679 3680
3 3668 3680 3669
3 3669 3680 3681
3 3669 3681 3670
3 3670 3681 3682
3 3670 3682 3671
3 3671 3682 3683
3 3671 3683 3672
3 3672 3683 3684
3 3672 3684 3661
3 3661 3684 3673
3 3673 3685 3674
3 3674 3685 3686
3 3674 3686 3675
3 3675 3686 3687
3 3675 3687 3676
3 3676 3687 3688
3 3676 3688 3677
3 3677 3688 3689
3 3677 3689 3678
3 3678 3689 3690
3 3678 3690 3679
3 3679 3690 3691
3 3679 3691 3680
3 3680 3691 3692
3 3680 3692 3681
3 3681 3692 3693
3 3681 3693 3682
3 3682 3693 3694
3 3682 3694 3683
3 3683 3694 3695
3 3683 3695 3684
3 3684 3695 3696
3 3684 3696 3673
3 3673 3696 3685
3 3697 3686 3685
3 3697 3687 3686
3 3697 3688 3687
3 3697 3689 3688
3 3697 3690 3689
3 3697 3691 3690
3 3697 3692 3691
3 3697 3693 3692
3 3697 3694 3693
3 3697 3695 3694
3 3697 3696 3695
3 3697 3685 3696
3 3698 3699 3700
3 3698 3700 3701
3 3698 3701 3702
3 3698 3702 3703
3 3698 3703 3704
3 3698 3704 3705
3 3698 3705 3706
3 3698 3706 3707
3 3698 3707 3708
3 3698 3708 3709
3 3698 3709 3710
3 3698 3710 3699
3 3699 3711 3700
3 3700 3711 3712
3 3700 3712 3701
3 3701 3712 3713
3 3701 3713 3702
3 3702 3713 3714
3 3702 3714 3703
3 3703 3714 3715
3 3703 3715 3704
3 3704 3715 3716
3 3704 3716 3705
3 3705 3716 3717
3 3705 3717 3706
3 3706 3717 3718
3 3706 3718 3707
3 3707 3718 3719
3 3707 3719 3708
3 3708 3719 3720
3 3708 3720 3709
3 3709 3720 3721
3 3709 3721 3710
3 3710 3721 3722
3 3710 3722 3699
3 3699 3722 3711
3 3711 3723 3712
3 3712 3723 3724
3 3712 3724 3713
3 3713 3724 3725
3 3713 3725 3714
3 3714 3725 3726
3 3714 3726 3715
3 3715 3726 3727
3 3715 3727 3716
3 3716 3727 3728
3 3716 3728 3717
3 3717 3728 3729
3 3717 3729 3718
3 3718 3729 3730
3 3718 3730 3719
3 3719 3730 3731
3 3719 3731 3720
3 3720 3731 3732
3 3720 3732 3721
3 3721 3732 3733
3 3721 3733 3722
3 3722 3733 3734
3 3722 3734 3711
3 3711 3734 3723
3 3723 3735 3724
3 3724 3735 3736
3 3724 3736 3725
3 3725 3736 3737
3 3725 3737 3726
3 3726 3737 3738
3 3726 3738 3727
3 3727 3738 3739
3 3727 3739 3728
3 3728 3739 3740
3 3728 3740 3729
3 3729 3740 3741
3 3729 3741 3730
3 3730 3741 3742
3 3730 3742 3731
3 3731 3742 3743
3 3731 3743 3732
3 3732 3743 3744
3 3732 3744 3733
3 3733 3744 3745
3 3733 3745 3734
3 3734 3745 3746
3 3734 3746 3723
3 3723 3746 3735
3 3735 3747 3736
3 3736 3747 3748
3 3736 3748 3737
3 3737 3748 3749
3 3737 3749 3738
3 3738 3749 3750
3 3738 3750 3739
3 3739 3750 3751
3 3739 3751 3740
3 3740 3751 3752
3 3740 3752 3741
3 3741 3752 3753
3 3741 3753 3742
3 3742 3753 3754
3 3742 3754 3743
3 3743 3754 3755
3 3743 3755 3744
3 3744 3755 3756
3 3744 3756 3745
3 3745 3756 3757
3 3745 3757 3746
3 3746 3757 3758
3 3746 3758 3735
3 3735 3758 3747
3 3747 3759 3748
3 3748 3759 3760
3 3748 3760 3749
3 3749 3760 3761
3 3749 3761 3750
3 3750 3761 3762
3 3750 3762 3751
3 3751 3762 3763
3 3751 3763 3752
3 3752 3763 3764
3 3752 3764 3753
3 3753 3764 3765
3 3753 3765 3754
3 3754 3765 3766
3 3754 3766 3755
3 3755 3766 3767
3 3755 3767 3756
3 3756 3767 3768
3 3756 3768 3757
3 3757 3768 3769
3 3757 3769 3758
3 3758 3769 3770
3 3758 3770 3747
3 3747 3770 3759
3 3759 3771 3760
3 3760 3771 3772
3 3760 3772 3761
3 3761 3772 3773
3 3761 3773 3762
3 3762 3773 3774
3 3762 3774 3763
3 3763 3774 3775
3 3763 3775 3764
3 3764 3775 3776
3 3764 3776 3765
3 3765 3776 3777
3 3765 3777 3766
3 3766 3777 3778
3 3766 3778 3767
3 3767 3778 3779
3 3767 3779 3768
3 3768 3779 3780
3 3768 3780 3769
3 3769 3780 3781
3 3769 3781 3770
3 3770 3781 3782
3 3770 3782 3759
3 3759 3782 3771
3 3783 3772 3771
3 3783 3773 3772
3 3783 3774 3773
3 3783 3775 3774
3 3783 3776 3775
3 3783 3777 3776
3 3783 3778 3777
3 3783 3779 3778
3 3783 3780 3779
3 3783 3781 3780
3 3783 3782 3781
3 3783 3771 3782
3 3784 3785 3786
3 3784 3786 3787
3 3784 3787 3788
3 3784 3788 3789
3 3784 3789 3790
3 3784 3790 3791
3 3784 3791 3792
3 3784 3792 3793
3 3784 3793 3794
3 3784 3794 3795
3 3784 3795 3796
3 3784 3796 3785
3 3785 3797 3786
3 3786 3797 3798
3 3786 3798 3787
3 3787 3798 3799
3 3787 3799 3788
3 3788 3799 3800
3 3788 3800 3789
3 3789 3800 3801
3 3789 3801 3790
3 3790 3801 3802
3 3790 3802 3791
3 3791 3802 3803
3 3791 3803 3792
3 3792 3803 3804
3 3792 3804 3793
3 3793 3804 3805
3 3793 3805 3794
3 3794 3805 3806
3 3794 3806 3795
3 3795 3806 3807
3 3795 3807 3796
3 3796 3807 3808
3 3796 3808 3785
3 3785 3808 3797
3 3797 3809 3798
3 3798 3809 3810
3 3798 3810 3799
3 3799 3810 3811
3 3799 3811 3800
3 3800 3811 3812
3 3800 3812 3801
3 3801 3812 3813
3 3801 3813 3802
3 3802 3813 3814
3 3802 3814 3803
3 3803 3814 3815
3 3803 3815 3804
3 3804 3815 3816
3 3804 3816 3805
3 3805 3816 3817
3 3805 3817 3806
3 3806 3817 3818
3 3806 3818 3807
3 3807 3818 3819
3 3807 3819 3808
3 3808 3819 3820
3 3808 3820 3797
3 3797 3820 3809
3 3809 3821 3810
3 3810 3821 3822
3 3810 3822 3811
3 3811 3822 3823
3 3811 3823 3812
3 3812 3823 3824
3 3812 3824 3813
3 3813 3824 3825
3 3813 3825 3814
3 3814 3825 3826
3 3814 3826 3815
3 3815 3826 3827
3 3815 3827 3816
3 3816 3827 3828
3 3816 3828 3817
3 3817 3828 3829
3 3817 3829 3818
3 3818 3829 3830
3 3818 3830 3819
3 3819 3830 3831
3 3819 3831 3820
3 3820 3831 3832
3 3820 3832 3809
3 3809 3832 3821
3 3821 3833 3822
3 3822 3833 3834
3 3822 3834 3823
3 3823 3834 3835
3 3823 3835 3824
3 3824 3835 3836
3 3824 3836 3825
3 3825 3836 3837
3 3825 3837 3826
3 3826 3837 3838
3 3826 3838 3827
3 3827 3838 3839
3 3827 3839 3828
3 3828 3839 3840
3 3828 3840 3829
3 3829 3840 3841
3 3829 3841 3830
3 3830 3841 3842
3 3830 3842 3831
3 3831 3842 3843
3 3831 3843 3832
3 3832 3843 3844
3 3832 3844 3821
3 3821 3844 3833
3 3833 3845 3834
3 3834 3845 3846
3 3834 3846 3835
3 3835 3846 3847
3 3835 3847 3836
3 3836 3847 3848
3 3836 3848 3837
3 3837 3848 3849
3 3837 3849 3838
3 3838 3849 3850
3 3838 3850 3839
3 3839 3850 3851
3 3839 3851 3840
3 3840 3851 3852
3 3840 3852 3841
3 3841 3852 3853
3 3841 3853 3842
3 3842 3853 3854
3 3842 3854 3843
3 3843 3854 3855
3 3843 3855 3844
3 3844 3855 3856
3 3844 3856 3833
3 3833 3856 3845
3 3845 3857 3846
3 3846 3857 3858
3 3846 3858 3847
3 3847 3858 3859
3 3847 3859 3848
3 3848 3859 3860
3 3848 3860 3849
3 3849 3860 3861
3 3849 3861 3850
3 3850 3861 3862
3 3850 3862 3851
3 3851 3862 3863
3 3851 3863 3852
3 3852 3863 3864
3 3852 3864 3853
3 3853 3864 3865
3 3853 3865 3854
3 3854 3865 3866
3 3854 3866 3855
3 3855 3866 3867
3 3855 3867 3856
3 3856 3867 3868
3 3856 3868 3845
3 3845 3868 3857
3 3869 3858 3857
3 3869 3859 3858
3 3869 3860 3859
3 3869 3861 3860
3 3869 3862 3861
3 3869 3863 3862
3 3869 3864 3863
3 3869 3865 3864
3 3869 3866 3865
3 3869 3867 3866
3 3869 3868 3867
3 3869 3857 3868
3 3870 3871 3872
3 3870 3872 3873
3 3870 3873 3874
3 3870 3874 3875
3 3870 3875 3876
3 3870 3876 3877
3 3870 3877 3878
3 3870 3878 3879
3 3870 3879 3880
3 3870 3880 3881
3 3870 3881 3882
3 3870 3882 3871
3 3871 3883 3872
3 3872 3883 3884
3 3872 3884 3873
3 3873 3884 3885
3 3873 3885 3874
3 3874 3885 3886
3 3874 3886 3875
3 3875 3886 3887
3 3875 3887 3876
3 3876 3887 3888
3 3876 3888 3877
3 3877 3888 3889
3 3877 3889 3878
3 3878 3889 3890
3 3878 3890 3879
3 3879 3890 3891
3 3879 3891 3880
3 3880 3891 3892
3 3880 3892 3881
3 3881 3892 3893
3 3881 3893 3882
3 3882 3893 3894
3 3882 3894 3871
3 3871 3894 3883
3 3883 3895 3884
3 3884 3895 3896
3 3884 3896 3885
3 3885 3896 3897
3 3885 3897 3886
3 3886 3897 3898
3 3886 3898 3887
3 3887 3898 3899
3 3887 3899 3888
3 3888 3899 3900
3 3888 3900 3889
3 3889 3900 3901
3 3889 3901 3890
3 3890 3901 3902
3 3890 3902 3891
3 3891 3902 3903
3 3891 3903 3892
3 3892 3903 3904
3 3892 3904 3893
3 3893 3904 3905
3 3893 3905 3894
3 3894 3905 3906
3 3894 3906 3883
3 3883 3906 3895
3 3895 3907 3896
3 3896 3907 3908
3 3896 3908 3897
3 3897 3908 3909
3 3897 3909 3898
3 3898 3909 3910
3 3898 3910 3899
3 3899 3910 3911
3 3899 3911 3900
3 3900 3911 3912
3 3900 3912 3901
3 3901 3912 3913
3 3901 3913 3902
3 3902 3913 3914
3 3902 3914 3903
3 3903 3914 3915
3 3903 3915 3904
3 3904 3915 3916
3 3904 3916 3905
3 3905 3916 3917
3 3905 3917 3906
3 3906 3917 3918
3 3906 3918 3895
3 3895 3918 3907
3 3907 3919 3908
3 3908 3919 3920
3 3908 3920 3909
3 3909 3920 3921
3 3909 3921 3910
3 3910 3921 3922
3 3910 3922 3911
3 3911 3922 3923
3 3911 3923 3912
3 3912 3923 3924
3 3912 3924 3913
3 3913 3924 3925
3 3913 3925 3914
3 3914 3925 3926
3 3914 3926 3915
3 3915 3926 3927
3 3915 3927 3916
3 3916 3927 3928
3 3916 3928 3917
3 3917 3928 3929
3 3917 3929 3918
3 3918 3929 3930
3 3918 3930 3907
3 3907 3930 3919
3 3919 3931 3920
3 3920 3931 3932
3 3920 3932 3921
3 3921 3932 3933
3 3921 3933 3922
3 3922 3933 3934
3 3922 3934 3923
3 3923 3934 3935
3 3923 3935 3924
3 3924 3935 3936
3 3924 3936 3925
3 3925 3936 3937
3 3925 3937 3926
3 3926 3937 3938
3 3926 3938 3927
3 3927 3938 3939
3 3927 3939 3928
3 3928 3939 3940
3 3928 3940 3929
3 3929 3940 3941
3 3929 3941 3930
3 3930 3941 3942
3 3930 3942 3919
3 3919 3942 3931
3 3931 3943 3932
3 3932 3943 3944
3 3932 3944 3933
3 3933 3944 3945
3 3933 3945 3934
3 3934 3945 3946
3 3934 3946 3935
3 3935 3946 3947
3 3935 3947 3936
3 3936 3947 3948
3 3936 3948 3937
3 3937 3948 3949
3 3937 3949 3938
3 3938 3949 3950
3 3938 3950 3939
3 3939 3950 3951
3 3939 3951 3940
3 3940 3951 3952
3 3940 3952 3941
3 3941 3952 3953
3 3941 3953 3942
3 3942 3953 3954
3 3942 3954 3931
3 3931 3954 3943
3 3955 3944 3943
3 3955 3945 3944
3 3955 3946 3945
3 3955 3947 3946
3 3955 3948 3947
3 3955 3949 3948
3 3955 3950 3949
3 3955 3951 3950
3 3955 3952 3951
3 3955 3953 3952
3 3955 3954 3953
3 3955 3943 3954
3 3956 3957 3958
3 3956 3958 3959
3 3956 3959 3960
3 3956 3960 3961
3 3956 3961 3962
3 3956 3962 3963
3 3956 3963 3964
3 3956 3964 3965
3 3956 3965 3966
3 3956 3966 3967
3 3956 3967 3968
3 3956 3968 3957
3 3957 3969 3958
3 3958 3969 3970
3 3958 3970 3959
3 3959 3970 3971
3 3959 3971 3960
3 3960 3971 3972
3 3960 3972 3961
3 3961 3972 3973
3 3961 3973 3962
3 3962 3973 3974
3 3962 3974 3963
3 3963 3974 3975
3 3963 3975 3964
3 3964 3975 3976
3 3964 3976 3965
3 3965 3976 3977
3 3965 3977 3966
3 3966 3977 3978
3 3966 3978 3967
3 3967 3978 3979
3 3967 3979 3968
3 3968 3979 3980
3 3968 3980 3957
3 3957 3980 3969
3 3969 3981 3970
3 3970 3981 3982
3 3970 3982 3971
3 3971 3982 3983
3 3971 3983 3972
3 3972 3983 3984
3 3972 3984 3973
3 3973 3984 3985
3 3973 3985 3974
3 3974 3985 3986
3 3974 3986 3975
3 3975 3986 3987
3 3975 3987 3976
3 3976 3987 3988
3 3976 3988 3977
3 3977 3988 3989
3 3977 3989 3978
3 3978 3989 3990
3 3978 3990 3979
3 3979 3990 3991
3 3979 3991 3980
3 3980 3991 3992
3 3980 3992 3969
3 3969 3992 3981
3 3981 3993 3982
3 3982 3993 3994
3 3982 3994 3983
3 3983 3994 3995
3 3983 3995 3984
3 3984 3995 3996
3 3984 3996 3985
3 3985 3996 3997
3 3985 3997 3986
3 3986 3997 3998
3 3986 3998 3987
3 3987 3998 3999
3 3987 3999 3988
3 3988 3999 4000
3 3988 4000 3989
3 3989 4000 4001
3 3989 4001 3990
3 3990 4001 4002
3 3990 4002 3991
3 3991 4002 4003
3 3991 4003 3992
3 3992 4003 4004
3 3992 4004 3981
3 3981 4004 3993
3 3993 4005 3994
3 3994 4005 4006
3 3994 4006 3995
3 3995 4006 4007
3 3995 4007 3996
3 3996 4007 4008
3 3996 4008 3997
3 3997 4008 4009
3 3997 4009 3998
3 3998 4009 4010
3 3998 4010 3999
3 3999 4010 4011
3 3999 4011 4000
3 4000 4011 4012
3 4000 4012 4001
3 4001 4012 4013
3 4001 4013 4002
3 4002 4013 4014
3 4002 4014 4003
3 4003 4014 4015
3 4003 4015 4004
3 4004 4015 4016
3 4004 4016 3993
3 3993 4016 4005
3 4005 4017 4006
3 4006 4017 4018
3 4006 4018 4007
3 4007 4018 4019
3 4007 4019 4008
3 4008 4019 4020
3 4008 4020 4009
3 4009 4020 4021
3 4009 4021 4010
3 4010 4021 4022
3 4010 4022 4011
3 4011 4022 4023
3 4011 4023 4012
3 4012 4023 4024
3 4012 4024 4013
3 4013 4024 4025
3 4013 4025 4014
3 4014 4025 4026
3 4014 4026 4015
3 4015 4026 4027
3 4015 4027 4016
3 4016 4027 4028
3 4016 4028 4005
3 4005 4028 4017
3 4017 4029 4018
3 4018 4029 4030
3 4018 4030 4019
3 4019 4030 4031
3 4019 4031 4020
3 4020 4031 4032
3 4020 4032 4021
3 4021 4032 4033
3 4021 4033 4022
3 4022 4033 4034
3 4022 4034 4023
3 4023 4034 4035
3 4023 4035 4024
3 4024 4035 4036
3 4024 4036 4025
3 4025 4036 4037
3 4025 4037 4026
3 4026 4037 4038
3 4026 4038 4027
3 4027 4038 4039
3 4027 4039 4028
3 4028 4039 4040
3 4028 4040 4017
3 4017 4040 4029
3 4041 4030 4029
3 4041 4031 4030
3 4041 4032 4031
3 4041 4033 4032
3 4041 4034 4033
3 4041 4035 4034
3 4041 4036 4035
3 4041 4037 4036
3 4041 4038 4037
3 4041 4039 4038
3 4041 4040 4039
3 4041 4029 4040
3 4042 4043 4044
3 4042 4044 4045
3 4042 4045 4046
3 4042 4046 4047
3 4042 4047 4048
3 4042 4048 4049
3 4042 4049 4050
3 4042 4050 4051
3 4042 4051 4052
3 4042 4052 4053
3 4042 4053 4054
3 4042 4054 4043
3 4043 4055 4044
3 4044 4055 4056
3 4044 4056 4045
3 4045 4056 4057
3 4045 4057 4046
3 4046 4057 4058
3 4046 4058 4047
3 4047 4058 4059
3 4047 4059 4048
3 4048 4059 4060
3 4048 4060 4049
3 4049 4060 4061
3 4049 4061 4050
3 4050 4061 4062
3 4050 4062 4051
3 4051 4062 4063
3 4051 4063 4052
3 4052 4063 4064
3 4052 4064 4053
3 4053 4064 4065
3 4053 4065 4054
3 4054 4065 4066
3 4054 4066 4043
3 4043 4066 4055
3 4055 4067 4056
3 4056 4067 4068
3 4056 4068 4057
3 4057 4068 4069
3 4057 4069 4058
3 4058 4069 4070
3 4058 4070 4059
3 4059 4070 4071
3 4059 4071 4060
3 4060 4071 4072
3 4060 4072 4061
3 4061 4072 4073
3 4061 4073 4062
3 4062 4073 4074
3 4062 4074 4063
3 4063 4074 4075
3 4063 4075 4064
3 4064 4075 4076
3 4064 4076 4065
3 4065 4076 4077
3 4065 4077 4066
3 4066 4077 4078
3 4066 4078 4055
3 4055 4078 4067
3 4067 4079 4068
3 4068 4079 4080
3 4068 4080 4069
3 4069 4080 4081
3 4069 4081 4070
3 4070 4081 4082
3 4070 4082 4071
3 4071 4082 4083
3 4071 4083 4072
3 4072 4083 4084
3 4072 4084 4073
3 4073 4084 4085
3 4073 4085 4074
3 4074 4085 4086
3 4074 4086 4075
3 4075 4086 4087
3 4075 4087 4076
3 4076 4087 4088
3 4076 4088 4077
3 4077 4088 4089
3 4077 4089 4078
3 4078 4089 4090
3 4078 4090 4067
3 4067 4090 4079
3 4079 4091 4080
3 4080 4091 4092
3 4080 4092 4081
3 4081 4092 4093
3 4081 4093 4082
3 4082 4093 4094
3 4082 4094 4083
3 4083 4094 4095
3 4083 4095 4084
3 4084 4095 4096
3 4084 4096 4085
3 4085 4096 4097
3 4085 4097 4086
3 4086 4097 4098
3 4086 4098 4087
3 4087 4098 4099
3 4087 4099 4088
3 4088 4099 4100
3 4088 4100 4089
3 4089 4100 4101
3 4089 4101 4090
3 4090 4101 4102
3 4090 4102 4079
3 4079 4102 4091
3 4091 4103 4092
3 4092 4103 4104
3 4092 4104 4093
3 4093 4104 4105
3 4093 4105 4094
3 4094 4105 4106
3 4094 4106 4095
3 4095 4106 4107
3 4095 4107 4096
3 4096 4107 4108
3 4096 4108 4097
3 4097 4108 4109
3 4097 4109 4098
3 4098 4109 4110
3 4098 4110 4099
3 4099 4110 4111
3 4099 4111 4100
3 4100 4111 4112
3 4100 4112 4101
3 4101 4112 4113
3 4101 4113 4102
3 4102 4113 4114
3 4102 4114 4091
3 4091 4114 4103
3 4103 4115 4104
3 4104 4115 4116
3 4104 4116 4105
3 4105 4116 4117
3 4105 4117 4106
3 4106 4117 4118
3 4106 4118 4107
3 4107 4118 4119
3 4107 4119 4108
3 4108 4119 4120
3 4108 4120 4109
3 4109 4120 4121
3 4109 4121 4110
3 4110 4121 4122
3 4110 4122 4111
3 4111 4122 4123
3 4111 4123 4112
3 4112 4123 4124
3 4112 4124 4113
3 4113 4124 4125
3 4113 4125 4114
3 4114 4125 4126
3 4114 4126 4103
3 4103 4126 4115
3 4127 4116 4115
3 4127 4117 4116
3 4127 4118 4117
3 4127 4119 4118
3 4127 4120 4119
3 4127 4121 4120
3 4127 4122 4121
3 4127 4123 4122
3 4127 4124 4123
3 4127 4125 4124
3 4127 4126 4125
3 4127 4115 4126
3 4128 4129 4130
3 4128 4130 4131
3 4128 4131 4132
3 4128 4132 4133
3 4128 4133 4134
3 4128 4134 4135
3 4128 4135 4136
3 4128 4136 4137
3 4128 4137 4138
3 4128 4138 4139
3 4128 4139 4140
3 4128 4140 4129
3 4129 4141 4130
3 4130 4141 4142
3 4130 4142 4131
3 4131 4142 4143
3 4131 4143 4132
3 4132 4143 4144
3 4132 4144 4133
3 4133 4144 4145
3 4133 4145 4134
3 4134 4145 4146
3 4134 4146 4135
3 4135 4146 4147
3 4135 4147 4136
3 4136 4147 4148
3 4136 4148 4137
3 4137 4148 4149
3 4137 4149 4138
3 4138 4149 4150
3 4138 4150 4139
3 4139 4150 4151
3 4139 4151 4140
3 4140 4151 4152
3 4140 4152 4129
3 4129 4152 4141
3 4141 4153 4142
3 4142 4153 4154
3 4142 4154 4143
3 4143 4154 4155
3 4143 4155 4144
3 4144 4155 4156
3 4144 4156 4145
3 4145 4156 4157
3 4145 4157 4146
3 4146 4157 4158
3 4146 4158 4147
3 4147 4158 4159
3 4147 4159 4148
3 4148 4159 4160
3 4148 4160 4149
3 4149 4160 4161
3 4149 4161 4150
3 4150 4161 4162
3 4150 4162 4151
3 4151 4162 4163
3 4151 4163 4152
3 4152 4163 4164
3 4152 4164 4141
3 4141 4164 4153
3 4153 4165 4154
3 4154 4165 4166
3 4154 4166 4155
3 4155 4166 4167
3 4155 4167 4156
3 4156 4167 4168
3 4156 4168 4157
3 4157 4168 4169
3 4157 4169 4158
3 4158 4169 4170
3 4158 4170 4159
3 4159 4170 4171
3 4159 4171 4160
3 4160 4171 4172
3 4160 4172 4161
3 4161 4172 4173
3 4161 4173 4162
3 4162 4173 4174
3 4162 4174 4163
3 4163 4174 4175
3 4163 4175 4164
3 4164 4175 4176
3 4164 4176 4153
3 4153 4176 4165
3 4165 4177 4166
3 4166 4177 4178
3 4166 4178 4167
3 4167 4178 4179
3 4167 4179 4168
3 4168 4179 4180
3 4168 4180 4169
3 4169 4180 4181
3 4169 4181 4170
3 4170 4181 4182
3 4170 4182 4171
3 4171 4182 4183
3 4171 4183 4172
3 4172 4183 4184
3 4172 4184 4173
3 4173 4184 4185
3 4173 4185 4174
3 4174 4185 4186
3 4174 4186 4175
3 4175 4186 4187
3 4175 4187 4176
3 4176 4187 4188
3 4176 4188 4165
3 4165 4188 4177
3 4177 4189 4178
3 4178 4189 4190
3 4178 4190 4179
3 4179 4190 4191
3 4179 4191 4180
3 4180 4191 4192
3 4180 4192 4181
3 4181 4192 4193
3 4181 4193 4182
3 4182 4193 4194
3 4182 4194 4183
3 4183 4194 4195
3 4183 4195 4184
3 4184 4195 4196
3 4184 4196 4185
3 4185 4196 4197
3 4185 4197 4186
3 4186 4197 4198
3 4186 4198 4187
3 4187 4198 4199
3 4187 4199 4188
3 4188 4199 4200
3 4188 4200 4177
3 4177 4200 4189
3 4189 4201 4190
3 4190 4201 4202
3 4190 4202 4191
3 4191 4202 4203
3 4191 4203 4192
3 4192 4203 4204
3 4192 4204 4193
3 4193 4204 4205
3 4193 4205 4194
3 4194 4205 4206
3 4194 4206 4195
3 4195 4206 4207
3 4195 4207 4196
3 4196 4207 4208
3 4196 4208 4197
3 4197 4208 4209
3 4197 4209 4198
3 4198 4209 4210
3 4198 4210 4199
3 4199 4210 4211
3 4199 4211 4200
3 4200 4211 4212
3 4200 4212 4189
3 4189 4212 4201
3 4213 4202 4201
3 4213 4203 4202
3 4213 4204 4203
3 4213 4205 4204
3 4213 4206 4205
3 4213 4207 4206
3 4213 4208 4207
3 4213 4209 4208
3 4213 4210 4209
3 4213 4211 4210
3 4213 4212 4211
3 4213 4201 4212
3 4214 4215 4216
3 4214 4216 4217
3 4214 4217 4218
3 4214 4218 4219
3 4214 4219 4220
3 4214 4220 4221
3 4214 4221 4222
3 4214 4222 4223
3 4214 4223 4224
3 4214 4224 4225
3 4214 4225 4226
3 4214 4226 4215
3 4215 4227 4216
3 4216 4227 4228
3 4216 4228 4217
3 4217 4228 4229
3 4217 4229 4218
3 4218 4229 4230
3 4218 4230 4219
3 4219 4230 4231
3 4219 4231 4220
3 4220 4231 4232
3 4220 4232 4221
3 4221 4232 4233
3 4221 4233 4222
3 4222 4233 4234
3 4222 4234 4223
3 4223 4234 4235
3 4223 4235 4224
3 4224 4235 4236
3 4224 4236 4225
3 4225 4236 4237
3 4225 4237 4226
3 4226 4237 4238
3 4226 4238 4215
3 4215 4238 4227
3 4227 4239 4228
3 4228 4239 4240
3 4228 4240 4229
3 4229 4240 4241
3 4229 4241 4230
3 4230 4241 4242
3 4230 4242 4231
3 4231 4242 4243
3 4231 4243 4232
3 4232 4243 4244
3 4232 4244 4233
3 4233 4244 4245
3 4233 4245 4234
3 4234 4245 4246
3 4234 4246 4235
3 4235 4246 4247
3 4235 4247 4236
3 4236 4247 4248
3 4236 4248 4237
3 4237 4248 4249
3 4237 4249 4238
3 4238 4249 4250
3 4238 4250 4227
3 4227 4250 4239
3 4239 4251 4240
3 4240 4251 4252
3 4240 4252 4241
3 4241 4252 4253
3 4241 4253 4242
3 4242 4253 4254
3 4242 4254 4243
3 4243 4254 4255
3 4243 4255 4244
3 4244 4255 4256
3 4244 4256 4245
3 4245 4256 4257
3 4245 4257 4246
3 4246 4257 4258
3 4246 4258 4247
3 4247 4258 4259
3 4247 4259 4248
3 4248 4259 4260
3 4248 4260 4249
3 4249 4260 4261
3 4249 4261 4250
3 4250 4261 4262
3 4250 4262 4239
3 4239 4262 4251
3 4251 4263 4252
3 4252 4263 4264
3 4252 4264 4253
3 4253 4264 4265
3 4253 4265 4254
3 4254 4265 4266
3 4254 4266 4255
3 4255 4266 4267
3 4255 4267 4256
3 4256 4267 4268
3 4256 4268 4257
3 4257 4268 4269
3 4257 4269 4258
3 4258 4269 4270
3 4258 4270 4259
3 4259 4270 4271
3 4259 4271 4260
3 4260 4271 4272
3 4260 4272 4261
3 4261 4272 4273
3 4261 4273 4262
3 4262 4273 4274
3 4262 4274 4251
3 4251 4274 4263
3 4263 4275 4264
3 4264 4275 4276
3 4264 4276 4265
3 4265 4276 4277
3 4265 4277 4266
3 4266 4277 4278
3 4266 4278 4267
3 4267 4278 4279
3 4267 4279 4268
3 4268 4279 4280
3 4268 4280 4269
3 4269 4280 4281
3 4269 4281 4270
3 4270 4281 4282
3 4270 4282 4271
3 4271 4282 4283
3 4271 4283 4272
3 4272 4283 4284
3 4272 4284 4273
3 4273 4284 4285
3 4273 4285 4274
3 4274 4285 4286
3 4274 4286 4263
3 4263 4286 4275
3 4275 4287 4276
3 4276 4287 4288
3 4276 4288 4277
3 4277 4288 4289
3 4277 4289 4278
3 4278 4289 4290
3 4278 4290 4279
3 4279 4290 4291
3 4279 4291 4280
3 4280 4291 4292
3 4280 4292 4281
3 4281 4292 4293
3 4281 4293 4282
3 4282 4293 4294
3 4282 4294 4283
3 4283 4294 4295
3 4283 4295 4284
3 4284 4295 4296
3 4284 4296 4285
3 4285 4296 4297
3 4285 4297 4286
3 4286 4297 4298
3 4286 4298 4275
3 4275 4298 4287
3 4299 4288 4287
3 4299 4289 4288
3 4299 4290 4289
3 4299 4291 4290
3 4299 4292 4291
3 4299 4293 4292
3 4299 4294 4293
3 4299 4295 4294
3 4299 4296 4295
3 4299 4297 4296
3 4299 4298 4297
3 4299 4287 4298
3 4300 4301 4302
3 4300 4302 4303
3 4300 4303 4304
3 4300 4304 4305
3 4300 4305 4306
3 4300 4306 4307
3 4300 4307 4308
3 4300 4308 4309
3 4300 4309 4310
3 4300 4310 4311
3 4300 4311 4312
3 4300 4312 4301
3 4301 4313 4302
3 4302 4313 4314
3 4302 4314 4303
3 4303 4314 4315
3 4303 4315 4304
3 4304 4315 4316
3 4304 4316 4305
3 4305 4316 4317
3 4305 4317 4306
3 4306 4317 4318
3 4306 4318 4307
3 4307 4318 4319
3 4307 4319 4308
3 4308 4319 4320
3 4308 4320 4309
3 4309 4320 4321
3 4309 4321 4310
3 4310 4321 4322
3 4310 4322 4311
3 4311 4322 4323
3 4311 4323 4312
3 4312 4323 4324
3 4312 4324 4301
3 4301 4324 4313
3 4313 4325 4314
3 4314 4325 4326
3 4314 4326 4315
3 4315 4326 4327
3 4315 4327 4316
3 4316 4327 4328
3 4316 4328 4317
3 4317 4328 4329
3 4317 4329 4318
3 4318 4329 4330
3 4318 4330 4319
3 4319 4330 4331
3 4319 4331 4320
3 4320 4331 4332
3 4320 4332 4321
3 4321 4332 4333
3 4321 4333 4322
3 4322 4333 4334
3 4322 4334 4323
3 4323 4334 4335
3 4323 4335 4324
3 4324 4335 4336
3 4324 4336 4313
3 4313 4336 4325
3 4325 4337 4326
3 4326 4337 4338
3 4326 4338 4327
3 4327 4338 4339
3 4327 4339 4328
3 4328 4339 4340
3 4328 4340 4329
3 4329 4340 4341
3 4329 4341 4330
3 4330 4341 4342
3 4330 4342 4331
3 4331 4342 4343
3 4331 4343 4332
3 4332 4343 4344
3 4332 4344 4333
3 4333 4344 4345
3 4333 4345 4334
3 4334 4345 4346
3 4334 4346 4335
3 4335 4346 4347
3 4335 4347 4336
3 4336 4347 4348
3 4336 4348 4325
3 4325 4348 4337
3 4337 4349 4338
3 4338 4349 4350
3 4338 4350 4339
3 4339 4350 4351
3 4339 4351 4340
3 4340 4351 4352
3 4340 4352 4341
3 4341 4352 4353
3 4341 4353 4342
3 4342 4353 4354
3 4342 4354 4343
3 4343 4354 4355
3 4343 4355 4344
3 4344 4355 4356
3 4344 4356 4345
3 4345 4356 4357
3 4345 4357 4346
3 4346 4357 4358
3 4346 4358 4347
3 4347 4358 4359
3 4347 4359 4348
3 4348 4359 4360
3 4348 4360 4337
3 4337 4360 4349
3 4349 4361 4350
3 4350 4361 4362
3 4350 4362 4351
3 4351 4362 4363
3 4351 4363 4352
3 4352 4363 4364
3 4352 4364 4353
3 4353 4364 4365
3 4353 4365 4354
3 4354 4365 4366
3 4354 4366 4355
3 4355 4366 4367
3 4355 4367 4356
3 4356 4367 4368
3 4356 4368 4357
3 4357 4368 4369
3 4357 4369 4358
3 4358 4369 4370
3 4358 4370 4359
3 4359 4370 4371
3 4359 4371 4360
3 4360 4371 4372
3 4360 4372 4349
3 4349 4372 4361
3 4361 4373 4362
3 4362 4373 4374
3 4362 4374 4363
3 4363 4374 4375
3 4363 4375 4364
3 4364 4375 4376
3 4364 4376 4365
3 4365 4376 4377
3 4365 4377 4366
3 4366 4377 4378
3 4366 4378 4367
3 4367 4378 4379
3 4367 4379 4368
3 4368 4379 4380
3 4368 4380 4369
3 4369 4380 4381
3 4369 4381 4370
3 4370 4381 4382
3 4370 4382 4371
3 4371 4382 4383
3 4371 4383 4372
3 4372 4383 4384
3 4372 4384 4361
3 4361 4384 4373
3 4385 4374 4373
3 4385 4375 4374
3 4385 4376 4375
3 4385 4377 4376
3 4385 4378 4377
3 4385 4379 4378
3 4385 4380 4379
3 4385 4381 4380
3 4385 4382 4381
3 4385 4383 4382
3 4385 4384 4383
3 4385 4373 4384
3 4386 4387 4388
3 4386 4388 4389
3 4386 4389 4390
3 4386 4390 4391
3 4386 4391 4392
3 4386 4392 4393
3 4386 4393 4394
3 4386 4394 4395
3 4386 4395 4396
3 4386 4396 4397
3 4386 4397 4398
3 4386 4398 4387
3 4387 4399 4388
3 4388 4399 4400
3 4388 4400 4389
3 4389 4400 4401
3 4389 4401 4390
3 4390 4401 4402
3 4390 4402 4391
3 4391 4402 4403
3 4391 4403 4392
3 4392 4403 4404
3 4392 4404 4393
3 4393 4404 4405
3 4393 4405 4394
3 4394 4405 4406
3 4394 4406 4395
3 4395 4406 4407
3 4395 4407 4396
3 4396 4407 4408
3 4396 4408 4397
3 4397 4408 4409
3 4397 4409 4398
3 4398 4409 4410
3 4398 4410 4387
3 4387 4410 4399
3 4399 4411 4400
3 4400 4411 4412
3 4400 4412 4401
3 4401 4412 4413
3 4401 4413 4402
3 4402 4413 4414
3 4402 4414 4403
3 4403 4414 4415
3 4403 4415 4404
3 4404 4415 4416
3 4404 4416 4405
3 4405 4416 4417
3 4405 4417 4406
3 4406 4417 4418
3 4406 4418 4407
3 4407 4418 4419
3 4407 4419 4408
3 4408 4419 4420
3 4408 4420 4409
3 4409 4420 4421
3 4409 4421 4410
3 4410 4421 4422
3 4410 4422 4399
3 4399 4422 4411
3 4411 4423 4412
3 4412 4423 4424
3 4412 4424 4413
3 4413 4424 4425
3 4413 4425 4414
3 4414 4425 4426
3 4414 4426 4415
3 4415 4426 4427
3 4415 4427 4416
3 4416 4427 4428
3 4416 4428 4417
3 4417 4428 4429
3 4417 4429 4418
3 4418 4429 4430
3 4418 4430 4419
3 4419 4430 4431
3 4419 4431 4420
3 4420 4431 4432
3 4420 4432 4421
3 4421 4432 4433
3 4421 4433 4422
3 4422 4433 4434
3 4422 4434 4411
3 4411 4434 4423
3 4423 4435 4424
3 4424 4435 4436
3 4424 4436 4425
3 4425 4436 4437
3 4425 4437 4426
3 4426 4437 4438
3 4426 4438 4427
3 4427 4438 4439
3 4427 4439 4428
3 4428 4439 4440
3 4428 4440 4429
3 4429 4440 4441
3 4429 4441 4430
3 4430 4441 4442
3 4430 4442 4431
3 4431 4442 4443
3 4431 4443 4432
3 4432 4443 4444
3 4432 4444 4433
3 4433 4444 4445
3 4433 4445 4434
3 4434 4445 4446
3 4434 4446 4423
3 4423 4446 4435
3 4435 4447 4436
3 4436 4447 4448
3 4436 4448 4437
3 4437 4448 4449
3 4437 4449 4438
3 4438 4449 4450
3 4438 4450 4439
3 4439 4450 4451
3 4439 4451 4440
3 4440 4451 4452
3 4440 4452 4441
3 4441 4452 4453
3 4441 4453 4442
3 4442 4453 4454
3 4442 4454 4443
3 4443 4454 4455
3 4443 4455 4444
3 4444 4455 4456
3 4444 4456 4445
3 4445 4456 4457
3 4445 4457 4446
3 4446 4457 4458
3 4446 4458 4435
3 4435 4458 4447
3 4447 4459 4448
3 4448 4459 4460
3 4448 4460 4449
3 4449 4460 4461
3 4449 4461 4450
3 4450 4461 4462
3 4450 4462 4451
3 4451 4462 4463
3 4451 4463 4452
3 4452 4463 4464
3 4452 4464 4453
3 4453 4464 4465
3 4453 4465 4454
3 4454 4465 4466
3 4454 4466 4455
3 4455 4466 4467
3 4455 4467 4456
3 4456 4467 4468
3 4456 4468 4457
3 4457 4468 4469
3 4457 4469 4458
3 4458 4469 4470
3 4458 4470 4447
3 4447 4470 4459
3 4471 4460 4459
3 4471 4461 4460
3 4471 4462 4461
3 4471 4463 4462
3 4471 4464 4463
3 4471 4465 4464
3 4471 4466 4465
3 4471 4467 4466
3 4471 4468 4467
3 4471 4469 4468
3 4471 4470 4469
3 4471 4459 4470
3 4472 4473 4474
3 4472 4474 4475
3 4472 4475 4476
3 4472 4476 4477
3 4472 4477 4478
3 4472 4478 4479
3 4472 4479 4480
3 4472 4480 4481
3 4472 4481 4482
3 4472 4482 4483
3 4472 4483 4484
3 4472 4484 4473
3 4473 4485 4474
3 4474 4485 4486
3 4474 4486 4475
3 4475 4486 4487
3 4475 4487 4476
3 4476 4487 4488
3 4476 4488 4477
3 4477 4488 4489
3 4477 4489 4478
3 4478 4489 4490
3 4478 4490 4479
3 4479 4490 4491
3 4479 4491 4480
3 4480 4491 4492
3 4480 4492 4481
3 4481 4492 4493
3 4481 4493 4482
3 4482 4493 4494
3 4482 4494 4483
3 4483 4494 4495
3 4483 4495 4484
3 4484 4495 4496
3 4484 4496 4473
3 4473 4496 4485
3 4485 4497 4486
3 4486 4497 4498
3 4486 4498 4487
3 4487 4498 4499
3 4487 4499 4488
3 4488 4499 4500
3 4488 4500 4489
3 4489 4500 4501
3 4489 4501 4490
3 4490 4501 4502
3 4490 4502 4491
3 4491 4502 4503
3 4491 4503 4492
3 4492 4503 4504
3 4492 4504 4493
3 4493 4504 4505
3 4493 4505 4494
3 4494 4505 4506
3 4494 4506 4495
3 4495 4506 4507
3 4495 4507 4496
3 4496 4507 4508
3 4496 4508 4485
3 4485 4508 4497
3 4497 4509 4498
3 4498 4509 4510
3 4498 4510 4499
3 4499 4510 4511
3 4499 4511 4500
3 4500 4511 4512
3 4500 4512 4501
3 4501 4512 4513
3 4501 4513 4502
3 4502 4513 4514
3 4502 4514 4503
3 4503 4514 4515
3 4503 4515 4504
3 4504 4515 4516
3 4504 4516 4505
3 4505 4516 4517
3 4505 4517 4506
3 4506 4517 4518
3 4506 4518 4507
3 4507 4518 4519
3 4507 4519 4508
3 4508 4519 4520
3 4508 4520 4497
3 4497 4520 4509
3 4509 4521 4510
3 4510 4521 4522
3 4510 4522 4511
3 4511 4522 4523
3 4511 4523 4512
3 4512 4523 4524
3 4512 4524 4513
3 4513 4524 4525
3 4513 4525 4514
3 4514 4525 4526
3 4514 4526 4515
3 4515 4526 4527
3 4515 4527 4516
3 4516 4527 4528
3 4516 4528 4517
3 4517 4528 4529
3 4517 4529 4518
3 4518 4529 4530
3 4518 4530 4519
3 4519 4530 4531
3 4519 4531 4520
3 4520 4531 4532
3 4520 4532 4509
3 4509 4532 4521
3 4521 4533 4522
3 4522 4533 4534
3 4522 4534 4523
3 4523 4534 4535
3 4523 4535 4524
3 4524 4535 4536
3 4524 4536 4525
3 4525 4536 4537
3 4525 4537 4526
3 4526 4537 4538
3 4526 4538 4527
3 4527 4538 4539
3 4527 4539 4528
3 4528 4539 4540
3 4528 4540 4529
3 4529 4540 4541
3 4529 4541 4530
3 4530 4541 4542
3 4530 4542 4531
3 4531 4542 4543
3 4531 4543 4532
3 4532 4543 4544
3 4532 4544 4521
3 4521 4544 4533
3 4533 4545 4534
3 4534 4545 4546
3 4534 4546 4535
3 4535 4546 4547
3 4535 4547 4536
3 4536 4547 4548
3 4536 4548 4537
3 4537 4548 4549
3 4537 4549 4538
3 4538 4549 4550
3 4538 4550 4539
3 4539 4550 4551
3 4539 4551 4540
3 4540 4551 4552
3 4540 4552 4541
3 4541 4552 4553
3 4541 4553 4542
3 4542 4553 4554
3 4542 4554 4543
3 4543 4554 4555
3 4543 4555 4544
3 4544 4555 4556
3 4544 4556 4533
3 4533 4556 4545
3 4557 4546 4545
3 4557 4547 4546
3 4557 4548 4547
3 4557 4549 4548
3 4557 4550 4549
3 4557 4551 4550
3 4557 4552 4551
3 4557 4553 4552
3 4557 4554 4553
3 4557 4555 4554
3 4557 4556 4555
3 4557 4545 4556
3 4558 4559 4560
3 4558 4560 4561
3 4558 4561 4562
3 4558 4562 4563
3 4558 4563 4564
3 4558 4564 4565
3 4558 4565 4566
3 4558 4566 4567
3 4558 4567 4568
3 4558 4568 4569
3 4558 4569 4570
3 4558 4570 4559
3 4559 4571 4560
3 4560 4571 4572
3 4560 4572 4561
3 4561 4572 4573
3 4561 4573 4562
3 4562 4573 4574
3 4562 4574 4563
3 4563 4574 4575
3 4563 4575 4564
3 4564 4575 4576
3 4564 4576 4565
3 4565 4576 4577
3 4565 4577 4566
3 4566 4577 4578
3 4566 4578 4567
3 4567 4578 4579
3 4567 4579 4568
3 4568 4579 4580
3 4568 4580 4569
3 4569 4580 4581
3 4569 4581 4570
3 4570 4581 4582
3 4570 4582 4559
3 4559 4582 4571
3 4571 4583 4572
3 4572 4583 4584
3 4572 4584 4573
3 4573 4584 4585
3 4573 4585 4574
3 4574 4585 4586
3 4574 4586 4575
3 4575 4586 4587
3 4575 4587 4576
3 4576 4587 4588
3 4576 4588 4577
3 4577 4588 4589
3 4577 4589 4578
3 4578 4589 4590
3 4578 4590 4579
3 4579 4590 4591
3 4579 4591 4580
3 4580 4591 4592
3 4580 4592 4581
3 4581 4592 4593
3 4581 4593 4582
3 4582 4593 4594
3 4582 4594 4571
3 4571 4594 4583
3 4583 4595 4584
3 4584 4595 4596
3 4584 4596 4585
3 4585 4596 4597
3 4585 4597 4586
3 4586 4597 4598
3 4586 4598 4587
3 4587 4598 4599
3 4587 4599 4588
3 4588 4599 4600
3 4588 4600 4589
3 4589 4600 4601
3 4589 4601 4590
3 4590 4601 4602
3 4590 4602 4591
3 4591 4602 4603
3 4591 4603 4592
3 4592 4603 4604
3 4592 4604 4593
3 4593 4604 4605
3 4593 4605 4594
3 4594 4605 4606
3 4594 4606 4583
3 4583 4606 4595
3 4595 4607 4596
3 4596 4607 4608
3 4596 4608 4597
3 4597 4608 4609
3 4597 4609 4598
3 4598 4609 4610
3 4598 4610 4599
3 4599 4610 4611
3 4599 4611 4600
3 4600 4611 4612
3 4600 4612 4601
3 4601 4612 4613
3 4601 4613 4602
3 4602 4613 4614
3 4602 4614 4603
3 4603 4614 4615
3 4603 4615 4604
3 4604 4615 4616
3 4604 4616 4605
3 4605 4616 4617
3 4605 4617 4606
3 4606 4617 4618
3 4606 4618 4595
3 4595 4618 4607
3 4607 4619 4608
3 4608 4619 4620
3 4608 4620 4609
3 4609 4620 4621
3 4609 4621 4610
3 4610 4621 4622
3 4610 4622 4611
3 4611 4622 4623
3 4611 4623 4612
3 4612 4623 4624
3 4612 4624 4613
3 4613 4624 4625
3 4613 4625 4614
3 4614 4625 4626
3 4614 4626 4615
3 4615 4626 4627
3 4615 4627 4616
3 4616 4627 4628
3 4616 4628 4617
3 4617 4628 4629
3 4617 4629 4618
3 4618 4629 4630
3 4618 4630 4607
3 4607 4630 4619
3 4619 4631 4620
3 4620 4631 4632
3 4620 4632 4621
3 4621 4632 4633
3 4621 4633 4622
3 4622 4633 4634
3 4622 4634 4623
3 4623 4634 4635
3 4623 4635 4624
3 4624 4635 4636
3 4624 4636 4625
3 4625 4636 4637
3 4625 4637 4626
3 4626 4637 4638
3 4626 4638 4627
3 4627 4638 4639
3 4627 4639 4628
3 4628 4639 4640
3 4628 4640 4629
3 4629 4640 4641
3 4629 4641 4630
3 4630 4641 4642
3 4630 4642 4619
3 4619 4642 4631
3 4643 4632 4631
3 4643 4633 4632
3 4643 4634 4633
3 4643 4635 4634
3 4643 4636 4635
3 4643 4637 4636
3 4643 4638 4637
3 4643 4639 4638
3 4643 4640 4639
3 4643 4641 4640
3 4643 4642 4641
3 4643 4631 4642
3 4644 4645 4646
3 4644 4646 4647
3 4644 4647 4648
3 4644 4648 4649
3 4644 4649 4650
3 4644 4650 4651
3 4644 4651 4652
3 4644 4652 4653
3 4644 4653 4654
3 4644 4654 4655
3 4644 4655 4656
3 4644 4656 4645
3 4645 4657 4646
3 4646 4657 4658
3 4646 4658 4647
3 4647 4658 4659
3 4647 4659 4648
3 4648 4659 4660
3 4648 4660 4649
3 4649 4660 4661
3 4649 4661 4650
3 4650 4661 4662
3 4650 4662 4651
3 4651 4662 4663
3 4651 4663 4652
3 4652 4663 4664
3 4652 4664 4653
3 4653 4664 4665
3 4653 4665 4654
3 4654 4665 4666
3 4654 4666 4655
3 4655 4666 4667
3 4655 4667 4656
3 4656 4667 4668
3 4656 4668 4645
3 4645 4668 4657
3 4657 4669 4658
3 4658 4669 4670
3 4658 4670 4659
3 4659 4670 4671
3 4659 4671 4660
3 4660 4671 4672
3 4660 4672 4661
3 4661 4672 4673
3 4661 4673 4662
3 4662 4673 4674
3 4662 4674 4663
3 4663 4674 4675
3 4663 4675 4664
3 4664 4675 4676
3 4664 4676 4665
3 4665 4676 4677
3 4665 4677 4666
3 4666 4677 4678
3 4666 4678 4667
3 4667 4678 4679
3 4667 4679 4668
3 4668 4679 4680
3 4668 4680 4657
3 4657 4680 4669
3 4669 4681 4670
3 4670 4681 4682
3 4670 4682 4671
3 4671 4682 4683
3 4671 4683 4672
3 4672 4683 4684
3 4672 4684 4673
3 4673 4684 4685
3 4673 4685 4674
3 4674 4685 4686
3 4674 4686 4675
3 4675 4686 4687
3 4675 4687 4676
3 4676 4687 4688
3 4676 4688 4677
3 4677 4688 4689
3 4677 4689 4678
3 4678 4689 4690
3 4678 4690 4679
3 4679 4690 4691
3 4679 4691 4680
3 4680 4691 4692
3 4680 4692 4669
3 4669 4692 4681
3 4681 4693 4682
3 4682 4693 4694
3 4682 4694 4683
3 4683 4694 4695
3 4683 4695 4684
3 4684 4695 4696
3 4684 4696 4685
3 4685 4696 4697
3 4685 4697 4686
3 4686 4697 4698
3 4686 4698 4687
3 4687 4698 4699
3 4687 4699 4688
3 4688 4699 4700
3 4688 4700 4689
3 4689 4700 4701
3 4689 4701 4690
3 4690 4701 4702
3 4690 4702 4691
3 4691 4702 4703
3 4691 4703 4692
3 4692 4703 4704
3 4692 4704 4681
3 4681 4704 4693
3 4693 4705 4694
3 4694 4705 4706
3 4694 4706 4695
3 4695 4706 4707
3 4695 4707 4696
3 4696 4707 4708
3 4696 4708 4697
3 4697 4708 4709
3 4697 4709 4698
3 4698 4709 4710
3 4698 4710 4699
3 4699 4710 4711
3 4699 4711 4700
3 4700 4711 4712
3 4700 4712 4701
3 4701 4712 4713
3 4701 4713 4702
3 4702 4713 4714
3 4702 4714 4703
3 4703 4714 4715
3 4703 4715 4704
3 4704 4715 4716
3 4704 4716 4693
3 4693 4716 4705
3 4705 4717 4706
3 4706 4717 4718
3 4706 4718 4707
3 4707 4718 4719
3 4707 4719 4708
3 4708 4719 4720
3 4708 4720 4709
3 4709 4720 4721
3 4709 4721 4710
3 4710 4721 4722
3 4710 4722 4711
3 4711 4722 4723
3 4711 4723 4712
3 4712 4723 4724
3 4712 4724 4713
3 4713 4724 4725
3 4713 4725 4714
3 4714 4725 4726
3 4714 4726 4715
3 4715 4726 4727
3 4715 4727 4716
3 4716 4727 4728
3 4716 4728 4705
3 4705 4728 4717
3 4729 4718 4717
3 4729 4719 4718
3 4729 4720 4719
3 4729 4721 4720
3 4729 4722 4721
3 4729 4723 4722
3 4729 4724 4723
3 4729 4725 4724
3 4729 4726 4725
3 4729 4727 4726
3 4729 4728 4727
3 4729 4717 4728
3 4730 4731 4732
3 4730 4732 4733
3 4730 4733 4734
3 4730 4734 4735
3 4730 4735 4736
3 4730 4736 4737
3 4730 4737 4738
3 4730 4738 4739
3 4730 4739 4740
3 4730 4740 4741
3 4730 4741 4742
3 4730 4742 4731
3 4731 4743 4732
3 4732 4743 4744
3 4732 4744 4733
3 4733 4744 4745
3 4733 4745 4734
3 4734 4745 4746
3 4734 4746 4735
3 4735 4746 4747
3 4735 4747 4736
3 4736 4747 4748
3 4736 4748 4737
3 4737 4748 4749
3 4737 4749 4738
3 4738 4749 4750
3 4738 4750 4739
3 4739 4750 4751
3 4739 4751 4740
3 4740 4751 4752
3 4740 4752 4741
3 4741 4752 4753
3 4741 4753 4742
3 4742 4753 4754
3 4742 4754 4731
3 4731 4754 4743
3 4743 4755 4744
3 4744 4755 4756
3 4744 4756 4745
3 4745 4756 4757
3 4745 4757 4746
3 4746 4757 4758
3 4746 4758 4747
3 4747 4758 4759
3 4747 4759 4748
3 4748 4759 4760
3 4748 4760 4749
3 4749 4760 4761
3 4749 4761 4750
3 4750 4761 4762
3 4750 4762 4751
3 4751 4762 4763
3 4751 4763 4752
3 4752 4763 4764
3 4752 4764 4753
3 4753 4764 4765
3 4753 4765 4754
3 4754 4765 4766
3 4754 4766 4743
3 4743 4766 4755
3 4755 4767 4756
3 4756 4767 4768
3 4756 4768 4757
3 4757 4768 4769
3 4757 4769 4758
3 4758 4769 4770
3 4758 4770 4759
3 4759 4770 4771
3 4759 4771 4760
3 4760 4771 4772
3 4760 4772 4761
3 4761 4772 4773
3 4761 4773 4762
3 4762 4773 4774
3 4762 4774 4763
3 4763 4774 4775
3 4763 4775 4764
3 4764 4775 4776
3 4764 4776 4765
3 4765 4776 4777
3 4765 4777 4766
3 4766 4777 4778
3 4766 4778 4755
3 4755 4778 4767
3 4767 4779 4768
3 4768 4779 4780
3 4768 4780 4769
3 4769 4780 4781
3 4769 4781 4770
3 4770 4781 4782
3 4770 4782 4771
3 4771 4782 4783
3 4771 4783 4772
3 4772 4783 4784
3 4772 4784 4773
3 4773 4784 4785
3 4773 4785 4774
3 4774 4785 4786
3 4774 4786 4775
3 4775 4786 4787
3 4775 4787 4776
3 4776 4787 4788
3 4776 4788 4777
3 4777 4788 4789
3 4777 4789 4778
3 4778 4789 4790
3 4778 4790 4767
3 4767 4790 4779
3 4779 4791 4780
3 4780 4791 4792
3 4780 4792 4781
3 4781 4792 4793
3 4781 4793 4782
3 4782 4793 4794
3 4782 4794 4783
3 4783 4794 4795
3 4783 4795 4784
3 4784 4795 4796
3 4784 4796 4785
3 4785 4796 4797
3 4785 4797 4786
3 4786 4797 4798
3 4786 4798 4787
3 4787 4798 4799
3 4787 4799 4788
3 4788 4799 4800
3 4788 4800 4789
3 4789 4800 4801
3 4789 4801 4790
3 4790 4801 4802
3 4790 4802 4779
3 4779 4802 4791
3 4791 4803 4792
3 4792 4803 4804
3 4792 4804 4793
3 4793 4804 4805
3 4793 4805 4794
3 4794 4805 4806
3 4794 4806 4795
3 4795 4806 4807
3 4795 4807 4796
3 4796 4807 4808
3 4796 4808 4797
3 4797 4808 4809
3 4797 4809 4798
3 4798 4809 4810
3 4798 4810 4799
3 4799 4810 4811
3 4799 4811 4800
3 4800 4811 4812
3 4800 4812 4801
3 4801 4812 4813
3 4801 4813 4802
3 4802 4813 4814
3 4802 4814 4791
3 4791 4814 4803
3 4815 4804 4803
3 4815 4805 4804
3 4815 4806 4805
3 4815 4807 4806
3 4815 4808 4807
3 4815 4809 4808
3 4815 4810 4809
3 4815 4811 4810
3 4815 4812 4811
3 4815 4813 4812
3 4815 4814 4813
3 4815 4803 4814
3 4816 4817 4818
3 4816 4818 4819
3 4816 4819 4820
3 4816 4820 4821
3 4816 4821 4822
3 4816 4822 4823
3 4816 4823 4824
3 4816 4824 4825
3 4816 4825 4826
3 4816 4826 4827
3 4816 4827 4828
3 4816 4828 4817
3 4817 4829 4818
3 4818 4829 4830
3 4818 4830 4819
3 4819 4830 4831
3 4819 4831 4820
3 4820 4831 4832
3 4820 4832 4821
3 4821 4832 4833
3 4821 4833 4822
3 4822 4833 4834
3 4822 4834 4823
3 4823 4834 4835
3 4823 4835 4824
3 4824 4835 4836
3 4824 4836 4825
3 4825 4836 4837
3 4825 4837 4826
3 4826 4837 4838
3 4826 4838 4827
3 4827 4838 4839
3 4827 4839 4828
3 4828 4839 4840
3 4828 4840 4817
3 4817 4840 4829
3 4829 4841 4830
3 4830 4841 4842
3 4830 4842 4831
3 4831 4842 4843
3 4831 4843 4832
3 4832 4843 4844
3 4832 4844 4833
3 4833 4844 4845
3 4833 4845 4834
3 4834 4845 4846
3 4834 4846 4835
3 4835 4846 4847
3 4835 4847 4836
3 4836 4847 4848
3 4836 4848 4837
3 4837 4848 4849
3 4837 4849 4838
3 4838 4849 4850
3 4838 4850 4839
3 4839 4850 4851
3 4839 4851 4840
3 4840 4851 4852
3 4840 4852 4829
3 4829 4852 4841
3 4841 4853 4842
3 4842 4853 4854
3 4842 4854 4843
3 4843 4854 4855
3 4843 4855 4844
3 4844 4855 4856
3 4844 4856 4845
3 4845 4856 4857
3 4845 4857 4846
3 4846 4857 4858
3 4846 4858 4847
3 4847 4858 4859
3 4847 4859 4848
3 4848 4859 4860
3 4848 4860 4849
3 4849 4860 4861
3 4849 4861 4850
3 4850 4861 4862
3 4850 4862 4851
3 4851 4862 4863
3 4851 4863 4852
3 4852 4863 4864
3 4852 4864 4841
3 4841 4864 4853
3 4853 4865 4854
3 4854 4865 4866
3 4854 4866 4855
3 4855 4866 4867
3 4855 4867 4856
3 4856 4867 4868
3 4856 4868 4857
3 4857 4868 4869
3 4857 4869 4858
3 4858 4869 4870
3 4858 4870 4859
3 4859 4870 4871
3 4859 4871 4860
3 4860 4871 4872
3 4860 4872 4861
3 4861 4872 4873
3 4861 4873 4862
3 4862 4873 4874
3 4862 4874 4863
3 4863 4874 4875
3 4863 4875 4864
3 4864 4875 4876
3 4864 4876 4853
3 4853 4876 4865
3 4865 4877 4866
3 4866 4877 4878
3 4866 4878 4867
3 4867 4878 4879
3 4867 4879 4868
3 4868 4879 4880
3 4868 4880 4869
3 4869 4880 4881
3 4869 4881 4870
3 4870 4881 4882
3 4870 4882 4871
3 4871 4882 4883
3 4871 4883 4872
3 4872 4883 4884
3 4872 4884 4873
3 4873 4884 4885
3 4873 4885 4874
3 4874 4885 4886
3 4874 4886 4875
3 4875 4886 4887
3 4875 4887 4876
3 4876 4887 4888
3 4876 4888 4865
3 4865 4888 4877
3 4877 4889 4878
3 4878 4889 4890
3 4878 4890 4879
3 4879 4890 4891
3 4879 4891 4880
3 4880 4891 4892
3 4880 4892 4881
3 4881 4892 4893
3 4881 4893 4882
3 4882 4893 4894
3 4882 4894 4883
3 4883 4894 4895
3 4883 4895 4884
3 4884 4895 4896
3 4884 4896 4885
3 4885 4896 4897
3 4885 4897 4886
3 4886 4897 4898
3 4886 4898 4887
3 4887 4898 4899
3 4887 4899 4888
3 4888 4899 4900
3 4888 4900 4877
3 4877 4900 4889
3 4901 4890 4889
3 4901 4891 4890
3 4901 4892 4891
3 4901 4893 4892
3 4901 4894 4893
3 4901 4895 4894
3 4901 4896 4895
3 4901 4897 4896
3 4901 4898 4897
3 4901 4899 4898
3 4901 4900 4899
3 4901 4889 4900
3 4902 4903 4904
3 4902 4904 4905
3 4902 4905 4906
3 4902 4906 4907
3 4902 4907 4908
3 4902 4908 4909
3 4902 4909 4910
3 4902 4910 4911
3 4902 4911 4912
3 4902 4912 4913
3 4902 4913 4914
3 4902 4914 4903
3 4903 4915 4904
3 4904 4915 4916
3 4904 4916 4905
3 4905 4916 4917
3 4905 4917 4906
3 4906 4917 4918
3 4906 4918 4907
3 4907 4918 4919
3 4907 4919 4908
3 4908 4919 4920
3 4908 4920 4909
3 4909 4920 4921
3 4909 4921 4910
3 4910 4921 4922
3 4910 4922 4911
3 4911 4922 4923
3 4911 4923 4912
3 4912 4923 4924
3 4912 4924 4913
3 4913 4924 4925
3 4913 4925 4914
3 4914 4925 4926
3 4914 4926 4903
3 4903 4926 4915
3 4915 4927 4916
3 4916 4927 4928
3 4916 4928 4917
3 4917 4928 4929
3 4917 4929 4918
3 4918 4929 4930
3 4918 4930 4919
3 4919 4930 4931
3 4919 4931 4920
3 4920 4931 4932
3 4920 4932 4921
3 4921 4932 4933
3 4921 4933 4922
3 4922 4933 4934
3 4922 4934 4923
3 4923 4934 4935
3 4923 4935 4924
3 4924 4935 4936
3 4924 4936 4925
3 4925 4936 4937
3 4925 4937 4926
3 4926 4937 4938
3 4926 4938 4915
3 4915 4938 4927
3 4927 4939 4928
3 4928 4939 4940
3 4928 4940 4929
3 4929 4940 4941
3 4929 4941 4930
3 4930 4941 4942
3 4930 4942 4931
3 4931 4942 4943
3 4931 4943 4932
3 4932 4943 4944
3 4932 4944 4933
3 4933 4944 4945
3 4933 4945 4934
3 4934 4945 4946
3 4934 4946 4935
3 4935 4946 4947
3 4935 4947 4936
3 4936 4947 4948
3 4936 4948 4937
3 4937 4948 4949
3 4937 4949 4938
3 4938 4949 4950
3 4938 4950 4927
3 4927 4950 4939
3 4939 4951 4940
3 4940 4951 4952
3 4940 4952 4941
3 4941 4952 4953
3 4941 4953 4942
3 4942 4953 4954
3 4942 4954 4943
3 4943 4954 4955
3 4943 4955 4944
3 4944 4955 4956
3 4944 4956 4945
3 4945 4956 4957
3 4945 4957 4946
3 4946 4957 4958
3 4946 4958 4947
3 4947 4958 4959
3 4947 4959 4948
3 4948 4959 4960
3 4948 4960 4949
3 4949 4960 4961
3 4949 4961 4950
3 4950 4961 4962
3 4950 4962 4939
3 4939 4962 4951
3 4951 4963 4952
3 4952 4963 4964
3 4952 4964 4953
3 4953 4964 4965
3 4953 4965 4954
3 4954 4965 4966
3 4954 4966 4955
3 4955 4966 4967
3 4955 4967 4956
3 4956 4967 4968
3 4956 4968 4957
3 4957 4968 4969
3 4957 4969 4958
3 4958 4969 4970
3 4958 4970 4959
3 4959 4970 4971
3 4959 4971 4960
3 4960 4971 4972
3 4960 4972 4961
3 4961 4972 4973
3 4961 4973 4962
3 4962 4973 4974
3 4962 4974 4951
3 4951 4974 4963
3 4963 4975 4964
3 4964 4975 4976
3 4964 4976 4965
3 4965 4976 4977
3 4965 4977 4966
3 4966 4977 4978
3 4966 4978 4967
3 4967 4978 4979
3 4967 4979 4968
3 4968 4979 4980
3 4968 4980 4969
3 4969 4980 4981
3 4969 4981 4970
3 4970 4981 4982
3 4970 4982 4971
3 4971 4982 4983
3 4971 4983 4972
3 4972 4983 4984
3 4972 4984 4973
3 4973 4984 4985
3 4973 4985 4974
3 4974 4985 4986
3 4974 4986 4963
3 4963 4986 4975
3 4987 4976 4975
3 4987 4977 4976
3 4987 4978 4977
3 4987 4979 4978
3 4987 4980 4979
3 4987 4981 4980
3 4987 4982 4981
3 4987 4983 4982
3 4987 4984 4983
3 4987 4985 4984
3 4987 4986 4985
3 4987 4975 4986
3 4988 4989 4990
3 4988 4990 4991
3 4988 4991 4992
3 4988 4992 4993
3 4988 4993 4994
3 4988 4994 4995
3 4988 4995 4996
3 4988 4996 4997
3 4988 4997 4998
3 4988 4998 4999
3 4988 4999 5000
3 4988 5000 4989
3 4989 5001 4990
3 4990 5001 5002
3 4990 5002 4991
3 4991 5002 5003
3 4991 5003 4992
3 4992 5003 5004
3 4992 5004 4993
3 4993 5004 5005
3 4993 5005 4994
3 4994 5005 5006
3 4994 5006 4995
3 4995 5006 5007
3 4995 5007 4996
3 4996 5007 5008
3 4996 5008 4997
3 4997 5008 5009
3 4997 5009 4998
3 4998 5009 5010
3 4998 5010 4999
3 4999 5010 5011
3 4999 5011 5000
3 5000 5011 5012
3 5000 5012 4989
3 4989 5012 5001
3 5001 5013 5002
3 5002 5013 5014
3 5002 5014 5003
3 5003 5014 5015
3 5003 5015 5004
3 5004 5015 5016
3 5004 5016 5005
3 5005 5016 5017
3 5005 5017 5006
3 5006 5017 5018
3 5006 5018 5007
3 5007 5018 5019
3 5007 5019 5008
3 5008 5019 5020
3 5008 5020 5009
3 5009 5020 5021
3 5009 5021 5010
3 5010 5021 5022
3 5010 5022 5011
3 5011 5022 5023
3 5011 5023 5012
3 5012 5023 5024
3 5012 5024 5001
3 5001 5024 5013
3 5013 5025 5014
3 5014 5025 5026
3 5014 5026 5015
3 5015 5026 5027
3 5015 5027 5016
3 5016 5027 5028
3 5016 5028 5017
3 5017 5028 5029
3 5017 5029 5018
3 5018 5029 5030
3 5018 5030 5019
3 5019 5030 5031
3 5019 5031 5020
3 5020 5031 5032
3 5020 5032 5021
3 5021 5032 5033
3 5021 5033 5022
3 5022 5033 5034
3 5022 5034 5023
3 5023 5034 5035
3 5023 5035 5024
3 5024 5035 5036
3 5024 5036 5013
3 5013 5036 5025
3 5025 5037 5026
3 5026 5037 5038
3 5026 5038 5027
3 5027 5038 5039
3 5027 5039 5028
3 5028 5039 5040
3 5028 5040 5029
3 5029 5040 5041
3 5029 5041 5030
3 5030 5041 5042
3 5030 5042 5031
3 5031 5042 5043
3 5031 5043 5032
3 5032 5043 5044
3 5032 5044 5033
3 5033 5044 5045
3 5033 5045 5034
3 5034 5045 5046
3 5034 5046 5035
3 5035 5046 5047
3 5035 5047 5036
3 5036 5047 5048
3 5036 5048 5025
3 5025 5048 5037
3 5037 5049 5038
3 5038 5049 5050
3 5038 5050 5039
3 5039 5050 5051
3 5039 5051 5040
3 5040 5051 5052
3 5040 5052 5041
3 5041 5052 5053
3 5041 5053 5042
3 5042 5053 5054
3 5042 5054 5043
3 5043 5054 5055
3 5043 5055 5044
3 5044 5055 5056
3 5044 5056 5045
3 5045 5056 5057
3 5045 5057 5046
3 5046 5057 5058
3 5046 5058 5047
3 5047 5058 5059
3 5047 5059 5048
3 5048 5059 5060
3 5048 5060 5037
3 5037 5060 5049
3 5049 5061 5050
3 5050 5061 5062
3 5050 5062 5051
3 5051 5062 5063
3 5051 5063 5052
3 5052 5063 5064
3 5052 5064 5053
3 5053 5064 5065
3 5053 5065 5054
3 5054 5065 5066
3 5054 5066 5055
3 5055 5066 5067
3 5055 5067 5056
3 5056 5067 5068
3 5056 5068 5057
3 5057 5068 5069
3 5057 5069 5058
3 5058 5069 5070
3 5058 5070 5059
3 5059 5070 5071
3 5059 5071 5060
3 5060 5071 5072
3 5060 5072 5049
3 5049 5072 5061
3 5073 5062 5061
3 5073 5063 5062
3 5073 5064 5063
3 5073 5065 5064
3 5073 5066 5065
3 5073 5067 5066
3 5073 5068 5067
3 5073 5069 5068
3 5073 5070 5069
3 5073 5071 5070
3 5073 5072 5071
3 5073 5061 5072
3 5074 5075 5076
3 5074 5076 5077
3 5074 5077 5078
3 5074 5078 5079
3 5074 5079 5080
3 5074 5080 5081
3 5074 5081 5082
3 5074 5082 5083
3 5074 5083 5084
3 5074 5084 5085
3 5074 5085 5086
3 5074 5086 5075
3 5075 5087 5076
3 5076 5087 5088
3 5076 5088 5077
3 5077 5088 5089
3 5077 5089 5078
3 5078 5089 5090
3 5078 5090 5079
3 5079 5090 5091
3 5079 5091 5080
3 5080 5091 5092
3 5080 5092 5081
3 5081 5092 5093
3 5081 5093 5082
3 5082 5093 5094
3 5082 5094 5083
3 5083 5094 5095
3 5083 5095 5084
3 5084 5095 5096
3 5084 5096 5085
3 5085 5096 5097
3 5085 5097 5086
3 5086 5097 5098
3 5086 5098 5075
3 5075 5098 5087
3 5087 5099 5088
3 5088 5099 5100
3 5088 5100 5089
3 5089 5100 5101
3 5089 5101 5090
3 5090 5101 5102
3 5090 5102 5091
3 5091 5102 5103
3 5091 5103 5092
3 5092 5103 5104
3 5092 5104 5093
3 5093 5104 5105
3 5093 5105 5094
3 5094 5105 5106
3 5094 5106 5095
3 5095 5106 5107
3 5095 5107 5096
3 5096 5107 5108
3 5096 5108 5097
3 5097 5108 5109
3 5097 5109 5098
3 5098 5109 5110
3 5098 5110 5087
3 5087 5110 5099
3 5099 5111 5100
3 5100 5111 5112
3 5100 5112 5101
3 5101 5112 5113
3 5101 5113 5102
3 5102 5113 5114
3 5102 5114 5103
3 5103 5114 5115
3 5103 5115 5104
3 5104 5115 5116
3 5104 5116 5105
3 5105 5116 5117
3 5105 5117 5106
3 5106 5117 5118
3 5106 5118 5107
3 5107 5118 5119
3 5107 5119 5108
3 5108 5119 5120
3 5108 5120 5109
3 5109 5120 5121
3 5109 5121 5110
3 5110 5121 5122
3 5110 5122 5099
3 5099 5122 5111
3 5111 5123 5112
3 5112 5123 5124
3 5112 5124 5113
3 5113 5124 5125
3 5113 5125 5114
3 5114 5125 5126
3 5114 5126 5115
3 5115 5126 5127
3 5115 5127 5116
3 5116 5127 5128
3 5116 5128 5117
3 5117 5128 5129
3 5117 5129 5118
3 5118 5129 5130
3 5118 5130 5119
3 5119 5130 5131
3 5119 5131 5120
3 5120 5131 5132
3 5120 5132 5121
3 5121 5132 5133
3 5121 5133 5122
3 5122 5133 5134
3 5122 5134 5111
3 5111 5134 5123
3 5123 5135 5124
3 5124 5135 5136
3 5124 5136 5125
3 5125 5136 5137
3 5125 5137 5126
3 5126 5137 5138
3 5126 5138 5127
3 5127 5138 5139
3 5127 5139 5128
3 5128 5139 5140
3 5128 5140 5129
3 5129 5140 5141
3 5129 5141 5130
3 5130 5141 5142
3 5130 5142 5131
3 5131 5142 5143
3 5131 5143 5132
3 5132 5143 5144
3 5132 5144 5133
3 5133 5144 5145
3 5133 5145 5134
3 5134 5145 5146
3 5134 5146 5123
3 5123 5146 5135
3 5135 5147 5136
3 5136 5147 5148
3 5136 5148 5137
3 5137 5148 5149
3 5137 5149 5138
3 5138 5149 5150
3 5138 5150 5139
3 5139 5150 5151
3 5139 5151 5140
3 5140 5151 5152
3 5140 5152 5141
3 5141 5152 5153
3 5141 5153 5142
3 5142 5153 5154
3 5142 5154 5143
3 5143 5154 5155
3 5143 5155 5144
3 5144 5155 5156
3 5144 5156 5145
3 5145 5156 5157
3 5145 5157 5146
3 5146 5157 5158
3 5146 5158 5135
3 5135 5158 5147
3 5159 5148 5147
3 5159 5149 5148
3 5159 5150 5149
3 5159 5151 5150
3 5159 5152 5151
3 5159 5153 5152
3 5159 5154 5153
3 5159 5155 5154
3 5159 5156 5155
3 5159 5157 5156
3 5159 5158 5157
3 5159 5147 5158
3 5160 5161 5162
3 5160 5162 5163
3 5160 5163 5164
3 5160 5164 5165
3 5160 5165 5166
3 5160 5166 5167
3 5160 5167 5168
3 5160 5168 5169
3 5160 5169 5170
3 5160 5170 5171
3 5160 5171 5172
3 5160 5172 5161
3 5161 5173 5162
3 5162 5173 5174
3 5162 5174 5163
3 5163 5174 5175
3 5163 5175 5164
3 5164 5175 5176
3 5164 5176 5165
3 5165 5176 5177
3 5165 5177 5166
3 5166 5177 5178
3 5166 5178 5167
3 5167 5178 5179
3 5167 5179 5168
3 5168 5179 5180
3 5168 5180 5169
3 5169 5180 5181
3 5169 5181 5170
3 5170 5181 5182
3 5170 5182 5171
3 5171 5182 5183
3 5171 5183 5172
3 5172 5183 5184
3 5172 5184 5161
3 5161 5184 5173
3 5173 5185 5174
3 5174 5185 5186
3 5174 5186 5175
3 5175 5186 5187
3 5175 5187 5176
3 5176 5187 5188
3 5176 5188 5177
3 5177 5188 5189
3 5177 5189 5178
3 5178 5189 5190
3 5178 5190 5179
3 5179 5190 5191
3 5179 5191 5180
3 5180 5191 5192
3 5180 5192 5181
3 5181 5192 5193
3 5181 5193 5182
3 5182 5193 5194
3 5182 5194 5183
3 5183 5194 5195
3 5183 5195 5184
3 5184 5195 5196
3 5184 5196 5173
3 5173 5196 5185
3 5185 5197 5186
3 5186 5197 5198
3 5186 5198 5187
3 5187 5198 5199
3 5187 5199 5188
3 5188 5199 5200
3 5188 5200 5189
3 5189 5200 5201
3 5189 5201 5190
3 5190 5201 5202
3 5190 5202 5191
3 5191 5202 5203
3 5191 5203 5192
3 5192 5203 5204
3 5192 5204 5193
3 5193 5204 5205
3 5193 5205 5194
3 5194 5205 5206
3 5194 5206 5195
3 5195 5206 5207
3 5195 5207 5196
3 5196 5207 5208
3 5196 5208 5185
3 5185 5208 5197
3 5197 5209 5198
3 5198 5209 5210
3 5198 5210 5199
3 5199 5210 5211
3 5199 5211 5200
3 5200 5211 5212
3 5200 5212 5201
3 5201 5212 5213
3 5201 5213 5202
3 5202 5213 5214
3 5202 5214 5203
3 5203 5214 5215
3 5203 5215 5204
3 5204 5215 5216
3 5204 5216 5205
3 5205 5216 5217
3 5205 5217 5206
3 5206 5217 5218
3 5206 5218 5207
3 5207 5218 5219
3 5207 5219 5208
3 5208 5219 5220
3 5208 5220 5197
3 5197 5220 5209
3 5209 5221 5210
3 5210 5221 5222
3 5210 5222 5211
3 5211 5222 5223
3 5211 5223 5212
3 5212 5223 5224
3 5212 5224 5213
3 5213 5224 5225
3 5213 5225 5214
3 5214 5225 5226
3 5214 5226 5215
3 5215 5226 5227
3 5215 5227 5216
3 5216 5227 5228
3 5216 5228 5217
3 5217 5228 5229
3 5217 5229 5218
3 5218 5229 5230
3 5218 5230 5219
3 5219 5230 5231
3 5219 5231 5220
3 5220 5231 5232
3 5220 5232 5209
3 5209 5232 5221
3 5221 5233 5222
3 5222 5233 5234
3 5222 5234 5223
3 5223 5234 5235
3 5223 5235 5224
3 5224 5235 5236
3 5224 5236 5225
3 5225 5236 5237
3 5225 5237 5226
3 5226 5237 5238
3 5226 5238 5227
3 5227 5238 5239
3 5227 5239 5228
3 5228 5239 5240
3 5228 5240 5229
3 5229 5240 5241
3 5229 5241 5230
3 5230 5241 5242
3 5230 5242 5231
3 5231 5242 5243
3 5231 5243 5232
3 5232 5243 5244
3 5232 5244 5221
3 5221 5244 5233
3 5245 5234 5233
3 5245 5235 5234
3 5245 5236 5235
3 5245 5237 5236
3 5245 5238 5237
3 5245 5239 5238
3 5245 5240 5239
3 5245 5241 5240
3 5245 5242 5241
3 5245 5243 5242
3 5245 5244 5243
3 5245 5233 5244
3 5246 5247 5248
3 5246 5248 5249
3 5246 5249 5250
3 5246 5250 5251
3 5246 5251 5252
3 5246 5252 5253
3 5246 5253 5254
3 5246 5254 5255
3 5246 5255 5256
3 5246 5256 5257
3 5246 5257 5258
3 5246 5258 5247
3 5247 5259 5248
3 5248 5259 5260
3 5248 5260 5249
3 5249 5260 5261
3 5249 5261 5250
3 5250 5261 5262
3 5250 5262 5251
3 5251 5262 5263
3 5251 5263 5252
3 5252 5263 5264
3 5252 5264 5253
3 5253 5264 5265
3 5253 5265 5254
3 5254 5265 5266
3 5254 5266 5255
3 5255 5266 5267
3 5255 5267 5256
3 5256 5267 5268
3 5256 5268 5257
3 5257 5268 5269
3 5257 5269 5258
3 5258 5269 5270
3 5258 5270 5247
3 5247 5270 5259
3 5259 5271 5260
3 5260 5271 5272
3 5260 5272 5261
3 5261 5272 5273
3 5261 5273 5262
3 5262 5273 5274
3 5262 5274 5263
3 5263 5274 5275
3 5263 5275 5264
3 5264 5275 5276
3 5264 5276 5265
3 5265 5276 5277
3 5265 5277 5266
3 5266 5277 5278
3 5266 5278 5267
3 5267 5278 5279
3 5267 5279 5268
3 5268 5279 5280
3 5268 5280 5269
3 5269 5280 5281
3 5269 5281 5270
3 5270 5281 5282
3 5270 5282 5259
3 5259 5282 5271
3 5271 5283 5272
3 5272 5283 5284
3 5272 5284 5273
3 5273 5284 5285
3 5273 5285 5274
3 5274 5285 5286
3 5274 5286 5275
3 5275 5286 5287
3 5275 5287 5276
3 5276 5287 5288
3 5276 5288 5277
3 5277 5288 5289
3 5277 5289 5278
3 5278 5289 5290
3 5278 5290 5279
3 5279 5290 5291
3 5279 5291 5280
3 5280 5291 5292
3 5280 5292 5281
3 5281 5292 5293
3 5281 5293 5282
3 5282 5293 5294
3 5282 5294 5271
3 5271 5294 5283
3 5283 5295 5284
3 5284 5295 5296
3 5284 5296 5285
3 5285 5296 5297
3 5285 5297 5286
3 5286 5297 5298
3 5286 5298 5287
3 5287 5298 5299
3 5287 5299 5288
3 5288 5299 5300
3 5288 5300 5289
3 5289 5300 5301
3 5289 5301 5290
3 5290 5301 5302
3 5290 5302 5291
3 5291 5302 5303
3 5291 5303 5292
3 5292 5303 5304
3 5292 5304 5293
3 5293 5304 5305
3 5293 5305 5294
3 5294 5305 5306
3 5294 5306 5283
3 5283 5306 5295
3 5295 5307 5296
3 5296 5307 5308
3 5296 5308 5297
3 5297 5308 5309
3 5297 5309 5298
3 5298 5309 5310
3 5298 5310 5299
3 5299 5310 5311
3 5299 5311 5300
3 5300 5311 5312
3 5300 5312 5301
3 5301 5312 5313
3 5301 5313 5302
3 5302 5313 5314
3 5302 5314 5303
3 5303 5314 5315
3 5303 5315 5304
3 5304 5315 5316
3 5304 5316 5305
3 5305 5316 5317
3 5305 5317 5306
3 5306 5317 5318
3 5306 5318 5295
3 5295 5318 5307
3 5307 5319 5308
3 5308 5319 5320
3 5308 5320 5309
3 5309 5320 5321
3 5309 5321 5310
3 5310 5321 5322
3 5310 5322 5311
3 5311 5322 5323
3 5311 5323 5312
3 5312 5323 5324
3 5312 5324 5313
3 5313 5324 5325
3 5313 5325 5314
3 5314 5325 5326
3 5314 5326 5315
3 5315 5326 5327
3 5315 5327 5316
3 5316 5327 5328
3 5316 5328 5317
3 5317 5328 5329
3 5317 5329 5318
3 5318 5329 5330
3 5318 5330 5307
3 5307 5330 5319
3 5331 5320 5319
3 5331 5321 5320
3 5331 5322 5321
3 5331 5323 5322
3 5331 5324 5323
3 5331 5325 5324
3 5331 5326 5325
3 5331 5327 5326
3 5331 5328 5327
3 5331 5329 5328
3 5331 5330 5329
3 5331 5319 5330
3 5332 5333 5334
3 5332 5334 5335
3 5332 5335 5336
3 5332 5336 5337
3 5332 5337 5338
3 5332 5338 5339
3 5332 5339 5340
3 5332 5340 5341
3 5332 5341 5342
3 5332 5342 5343
3 5332 5343 5344
3 5332 5344 5333
3 5333 5345 5334
3 5334 5345 5346
3 5334 5346 5335
3 5335 5346 5347
3 5335 5347 5336
3 5336 5347 5348
3 5336 5348 5337
3 5337 5348 5349
3 5337 5349 5338
3 5338 5349 5350
3 5338 5350 5339
3 5339 5350 5351
3 5339 5351 5340
3 5340 5351 5352
3 5340 5352 5341
3 5341 5352 5353
3 5341 5353 5342
3 5342 5353 5354
3 5342 5354 5343
3 5343 5354 5355
3 5343 5355 5344
3 5344 5355 5356
3 5344 5356 5333
3 5333 5356 5345
3 5345 5357 5346
3 5346 5357 5358
3 5346 5358 5347
3 5347 5358 5359
3 5347 5359 5348
3 5348 5359 5360
3 5348 5360 5349
3 5349 5360 5361
3 5349 5361 5350
3 5350 5361 5362
3 5350 5362 5351
3 5351 5362 5363
3 5351 5363 5352
3 5352 5363 5364
3 5352 5364 5353
3 5353 5364 5365
3 5353 5365 5354
3 5354 5365 5366
3 5354 5366 5355
3 5355 5366 5367
3 5355 5367 5356
3 5356 5367 5368
3 5356 5368 5345
3 5345 5368 5357
3 5357 5369 5358
3 5358 5369 5370
3 5358 5370 5359
3 5359 5370 5371
3 5359 5371 5360
3 5360 5371 5372
3 5360 5372 5361
3 5361 5372 5373
3 5361 5373 5362
3 5362 5373 5374
3 5362 5374 5363
3 5363 5374 5375
3 5363 5375 5364
3 5364 5375 5376
3 5364 5376 5365
3 5365 5376 5377
3 5365 5377 5366
3 5366 5377 5378
3 5366 5378 5367
3 5367 5378 5379
3 5367 5379 5368
3 5368 5379 5380
3 5368 5380 5357
3 5357 5380 5369
3 5369 5381 5370
3 5370 5381 5382
3 5370 5382 5371
3 5371 5382 5383
3 5371 5383 5372
3 5372 5383 5384
3 5372 5384 5373
3 5373 5384 5385
3 5373 5385 5374
3 5374 5385 5386
3 5374 5386 5375
3 5375 5386 5387
3 5375 5387 5376
3 5376 5387 5388
3 5376 5388 5377
3 5377 5388 5389
3 5377 5389 5378
3 5378 5389 5390
3 5378 5390 5379
3 5379 5390 5391
3 5379 5391 5380
3 5380 5391 5392
3 5380 5392 5369
3 5369 5392 5381
3 5381 5393 5382
3 5382 5393 5394
3 5382 5394 5383
3 5383 5394 5395
3 5383 5395 5384
3 5384 5395 5396
3 5384 5396 5385
3 5385 5396 5397
3 5385 5397 5386
3 5386 5397 5398
3 5386 5398 5387
3 5387 5398 5399
3 5387 5399 5388
3 5388 5399 5400
3 5388 5400 5389
3 5389 5400 5401
3 5389 5401 5390
3 5390 5401 5402
3 5390 5402 5391
3 5391 5402 5403
3 5391 5403 5392
3 5392 5403 5404
3 5392 5404 5381
3 5381 5404 5393
3 5393 5405 5394
3 5394 5405 5406
3 5394 5406 5395
3 5395 5406 5407
3 5395 5407 5396
3 5396 5407 5408
3 5396 5408 5397
3 5397 5408 5409
3 5397 5409 5398
3 5398 5409 5410
3 5398 5410 5399
3 5399 5410 5411
3 5399 5411 5400
3 5400 5411 5412
3 5400 5412 5401
3 5401 5412 5413
3 5401 5413 5402
3 5402 5413 5414
3 5402 5414 5403
3 5403 5414 5415
3 5403 5415 5404
3 5404 5415 5416
3 5404 5416 5393
3 5393 5416 5405
3 5417 5406 5405
3 5417 5407 5406
3 5417 5408 5407
3 5417 5409 5408
3 5417 5410 5409
3 5417 5411 5410
3 5417 5412 5411
3 5417 5413 5412
3 5417 5414 5413
3 5417 5415 5414
3 5417 5416 5415
3 5417 5405 5416
3 5418 5419 5420
3 5418 5420 5421
3 5418 5421 5422
3 5418 5422 5423
3 5418 5423 5424
3 5418 5424 5425
3 5418 5425 5426
3 5418 5426 5427
3 5418 5427 5428
3 5418 5428 5429
3 5418 5429 5430
3 5418 5430 5419
3 5419 5431 5420
3 5420 5431 5432
3 5420 5432 5421
3 5421 5432 5433
3 5421 5433 5422
3 5422 5433 5434
3 5422 5434 5423
3 5423 5434 5435
3 5423 5435 5424
3 5424 5435 5436
3 5424 5436 5425
3 5425 5436 5437
3 5425 5437 5426
3 5426 5437 5438
3 5426 5438 5427
3 5427 5438 5439
3 5427 5439 5428
3 5428 5439 5440
3 5428 5440 5429
3 5429 5440 5441
3 5429 5441 5430
3 5430 5441 5442
3 5430 5442 5419
3 5419 5442 5431
3 5431 5443 5432
3 5432 5443 5444
3 5432 5444 5433
3 5433 5444 5445
3 5433 5445 5434
3 5434 5445 5446
3 5434 5446 5435
3 5435 5446 5447
3 5435 5447 5436
3 5436 5447 5448
3 5436 5448 5437
3 5437 5448 5449
3 5437 5449 5438
3 5438 5449 5450
3 5438 5450 5439
3 5439 5450 5451
3 5439 5451 5440
3 5440 5451 5452
3 5440 5452 5441
3 5441 5452 5453
3 5441 5453 5442
3 5442 5453 5454
3 5442 5454 5431
3 5431 5454 5443
3 5443 5455 5444
3 5444 5455 5456
3 5444 5456 5445
3 5445 5456 5457
3 5445 5457 5446
3 5446 5457 5458
3 5446 5458 5447
3 5447 5458 5459
3 5447 5459 5448
3 5448 5459 5460
3 5448 5460 5449
3 5449 5460 5461
3 5449 5461 5450
3 5450 5461 5462
3 5450 5462 5451
3 5451 5462 5463
3 5451 5463 5452
3 5452 5463 5464
3 5452 5464 5453
3 5453 5464 5465
3 5453 5465 5454
3 5454 5465 5466
3 5454 5466 5443
3 5443 5466 5455
3 5455 5467 5456
3 5456 5467 5468
3 5456 5468 5457
3 5457 5468 5469
3 5457 5469 5458
3 5458 5469 5470
3 5458 5470 5459
3 5459 5470 5471
3 5459 5471 5460
3 5460 5471 5472
3 5460 5472 5461
3 5461 5472 5473
3 5461 5473 5462
3 5462 5473 5474
3 5462 5474 5463
3 5463 5474 5475
3 5463 5475 5464
3 5464 5475 5476
3 5464 5476 5465
3 5465 5476 5477
3 5465 5477 5466
3 5466 5477 5478
3 5466 5478 5455
3 5455 5478 5467
3 5467 5479 5468
3 5468 5479 5480
3 5468 5480 5469
3 5469 5480 5481
3 5469 5481 5470
3 5470 5481 5482
3 5470 5482 5471
3 5471 5482 5483
3 5471 5483 5472
3 5472 5483 5484
3 5472 5484 5473
3 5473 5484 5485
3 5473 5485 5474
3 5474 5485 5486
3 5474 5486 5475
3 5475 5486 5487
3 5475 5487 5476
3 5476 5487 5488
3 5476 5488 5477
3 5477 5488 5489
3 5477 5489 5478
3 5478 5489 5490
3 5478 5490 5467
3 5467 5490 5479
3 5479 5491 5480
3 5480 5491 5492
3 5480 5492 5481
3 5481 5492 5493
3 5481 5493 5482
3 5482 5493 5494
3 5482 5494 5483
3 5483 5494 5495
3 5483 5495 5484
3 5484 5495 5496
3 5484 5496 5485
3 5485 5496 5497
3 5485 5497 5486
3 5486 5497 5498
3 5486 5498 5487
3 5487 5498 5499
3 5487 5499 5488
3 5488 5499 5500
3 5488 5500 5489
3 5489 5500 5501
3 5489 5501 5490
3 5490 5501 5502
3 5490 5502 5479
3 5479 5502 5491
3 5503 5492 5491
3 5503 5493 5492
3 5503 5494 5493
3 5503 5495 5494
3 5503 5496 5495
3 5503 5497 5496
3 5503 5498 5497
3 5503 5499 5498
3 5503 5500 5499
3 5503 5501 5500
3 5503 5502 5501
3 5503 5491 5502
3 5504 5505 5506
3 5504 5506 5507
3 5504 5507 5508
3 5504 5508 5509
3 5504 5509 5510
3 5504 5510 5511
3 5504 5511 5512
3 5504 5512 5513
3 5504 5513 5514
3 5504 5514 5515
3 5504 5515 5516
3 5504 5516 5505
3 5505 5517 5506
3 5506 5517 5518
3 5506 5518 5507
3 5507 5518 5519
3 5507 5519 5508
3 5508 5519 5520
3 5508 5520 5509
3 5509 5520 5521
3 5509 5521 5510
3 5510 5521 5522
3 5510 5522 5511
3 5511 5522 5523
3 5511 5523 5512
3 5512 5523 5524
3 5512 5524 5513
3 5513 5524 5525
3 5513 5525 5514
3 5514 5525 5526
3 5514 5526 5515
3 5515 5526 5527
3 5515 5527 5516
3 5516 5527 5528
3 5516 5528 5505
3 5505 5528 5517
3 5517 5529 5518
3 5518 5529 5530
3 5518 5530 5519
3 5519 5530 5531
3 5519 5531 5520
3 5520 5531 5532
3 5520 5532 5521
3 5521 5532 5533
3 5521 5533 5522
3 5522 5533 5534
3 5522 5534 5523
3 5523 5534 5535
3 5523 5535 5524
3 5524 5535 5536
3 5524 5536 5525
3 5525 5536 5537
3 5525 5537 5526
3 5526 5537 5538
3 5526 5538 5527
3 5527 5538 5539
3 5527 5539 5528
3 5528 5539 5540
3 5528 5540 5517
3 5517 5540 5529
3 5529 5541 5530
3 5530 5541 5542
3 5530 5542 5531
3 5531 5542 5543
3 5531 5543 5532
3 5532 5543 5544
3 5532 5544 5533
3 5533 5544 5545
3 5533 5545 5534
3 5534 5545 5546
3 5534 5546 5535
3 5535 5546 5547
3 5535 5547 5536
3 5536 5547 5548
3 5536 5548 5537
3 5537 5548 5549
3 5537 5549 5538
3 5538 5549 5550
3 5538 5550 5539
3 5539 5550 5551
3 5539 5551 5540
3 5540 5551 5552
3 5540 5552 5529
3 5529 5552 5541
3 5541 5553 5542
3 5542 5553 5554
3 5542 5554 5543
3 5543 5554 5555
3 5543 5555 5544
3 5544 5555 5556
3 5544 5556 5545
3 5545 5556 5557
3 5545 5557 5546
3 5546 5557 5558
3 5546 5558 5547
3 5547 5558 5559
3 5547 5559 5548
3 5548 5559 5560
3 5548 5560 5549
3 5549 5560 5561
3 5549 5561 5550
3 5550 5561 5562
3 5550 5562 5551
3 5551 5562 5563
3 5551 5563 5552
3 5552 5563 5564
3 5552 5564 5541
3 5541 5564 5553
3 5553 5565 5554
3 5554 5565 5566
3 5554 5566 5555
3 5555 5566 5567
3 5555 5567 5556
3 5556 5567 5568
3 5556 5568 5557
3 5557 5568 5569
3 5557 5569 5558
3 5558 5569 5570
3 5558 5570 5559
3 5559 5570 5571
3 5559 5571 5560
3 5560 5571 5572
3 5560 5572 5561
3 5561 5572 5573
3 5561 5573 5562
3 5562 5573 5574
3 5562 5574 5563
3 5563 5574 5575
3 5563 5575 5564
3 5564 5575 5576
3 5564 5576 5553
3 5553 5576 5565
3 5565 5577 5566
3 5566 5577 5578
3 5566 5578 5567
3 5567 5578 5579
3 5567 5579 5568
3 5568 5579 5580
3 5568 5580 5569
3 5569 5580 5581
3 5569 5581 5570
3 5570 5581 5582
3 5570 5582 5571
3 5571 5582 5583
3 5571 5583 5572
3 5572 5583 5584
3 5572 5584 5573
3 5573 5584 5585
3 5573 5585 5574
3 5574 5585 5586
3 5574 5586 5575
3 5575 5586 5587
3 5575 5587 5576
3 5576 5587 5588
3 5576 5588 5565
3 5565 5588 5577
3 5589 5578 5577
3 5589 5579 5578
3 5589 5580 5579
3 5589 5581 5580
3 5589 5582 5581
3 5589 5583 5582
3 5589 5584 5583
3 5589 5585 5584
3 5589 5586 5585
3 5589 5587 5586
3 5589 5588 5587
3 5589 5577 5588
3 5590 5591 5592
3 5590 5592 5593
3 5590 5593 5594
3 5590 5594 5595
3 5590 5595 5596
3 5590 5596 5597
3 5590 5597 5598
3 5590 5598 5599
3 5590 5599 5600
3 5590 5600 5601
3 5590 5601 5602
3 5590 5602 5591
3 5591 5603 5592
3 5592 5603 5604
3 5592 5604 5593
3 5593 5604 5605
3 5593 5605 5594
3 5594 5605 5606
3 5594 5606 5595
3 5595 5606 5607
3 5595 5607 5596
3 5596 5607 5608
3 5596 5608 5597
3 5597 5608 5609
3 5597 5609 5598
3 5598 5609 5610
3 5598 5610 5599
3 5599 5610 5611
3 5599 5611 5600
3 5600 5611 5612
3 5600 5612 5601
3 5601 5612 5613
3 5601 5613 5602
3 5602 5613 5614
3 5602 5614 5591
3 5591 5614 5603
3 5603 5615 5604
3 5604 5615 5616
3 5604 5616 5605
3 5605 5616 5617
3 5605 5617 5606
3 5606 5617 5618
3 5606 5618 5607
3 5607 5618 5619
3 5607 5619 5608
3 5608 5619 5620
3 5608 5620 5609
3 5609 5620 5621
3 5609 5621 5610
3 5610 5621 5622
3 5610 5622 5611
3 5611 5622 5623
3 5611 5623 5612
3 5612 5623 5624
3 5612 5624 5613
3 5613 5624 5625
3 5613 5625 5614
3 5614 5625 5626
3 5614 5626 5603
3 5603 5626 5615
3 5615 5627 5616
3 5616 5627 5628
3 5616 5628 5617
3 5617 5628 5629
3 5617 5629 5618
3 5618 5629 5630
3 5618 5630 5619
3 5619 5630 5631
3 5619 5631 5620
3 5620 5631 5632
3 5620 5632 5621
3 5621 5632 5633
3 5621 5633 5622
3 5622 5633 5634
3 5622 5634 5623
3 5623 5634 5635
3 5623 5635 5624
3 5624 5635 5636
3 5624 5636 5625
3 5625 5636 5637
3 5625 5637 5626
3 5626 5637 5638
3 5626 5638 5615
3 5615 5638 5627
3 5627 5639 5628
3 5628 5639 5640
3 5628 5640 5629
3 5629 5640 5641
3 5629 5641 5630
3 5630 5641 5642
3 5630 5642 5631
3 5631 5642 5643
3 5631 5643 5632
3 5632 5643 5644
3 5632 5644 5633
3 5633 5644 5645
3 5633 5645 5634
3 5634 5645 5646
3 5634 5646 5635
3 5635 5646 5647
3 5635 5647 5636
3 5636 5647 5648
3 5636 5648 5637
3 5637 5648 5649
3 5637 5649 5638
3 5638 5649 5650
3 5638 5650 5627
3 5627 5650 5639
3 5639 5651 5640
3 5640 5651 5652
3 5640 5652 5641
3 5641 5652 5653
3 5641 5653 5642
3 5642 5653 5654
3 5642 5654 5643
3 5643 5654 5655
3 5643 5655 5644
3 5644 5655 5656
3 5644 5656 5645
3 5645 5656 5657
3 5645 5657 5646
3 5646 5657 5658
3 5646 5658 5647
3 5647 5658 5659
3 5647 5659 5648
3 5648 5659 5660
3 5648 5660 5649
3 5649 5660 5661
3 5649 5661 5650
3 5650 5661 5662
3 5650 5662 5639
3 5639 5662 5651
3 5651 5663 5652
3 5652 5663 5664
3 5652 5664 5653
3 5653 5664 5665
3 5653 5665 5654
3 5654 5665 5666
3 5654 5666 5655
3 5655 5666 5667
3 5655 5667 5656
3 5656 5667 5668
3 5656 5668 5657
3 5657 5668 5669
3 5657 5669 5658
3 5658 5669 5670
3 5658 5670 5659
3 5659 5670 5671
3 5659 5671 5660
3 5660 5671 5672
3 5660 5672 5661
3 5661 5672 5673
3 5661 5673 5662
3 5662 5673 5674
3 5662 5674 5651
3 5651 5674 5663
3 5675 5664 5663
3 5675 5665 5664
3 5675 5666 5665
3 5675 5667 5666
3 5675 5668 5667
3 5675 5669 5668
3 5675 5670 5669
3 5675 5671 5670
3 5675 5672 5671
3 5675 5673 5672
3 5675 5674 5673
3 5675 5663 5674
3 5676 5677 5678
3 5676 5678 5679
3 5676 5679 5680
3 5676 5680 5681
3 5676 5681 5682
3 5676 5682 5683
3 5676 5683 5684
3 5676 5684 5685
3 5676 5685 5686
3 5676 5686 5687
3 5676 5687 5688
3 5676 5688 5677
3 5677 5689 5678
3 5678 5689 5690
3 5678 5690 5679
3 5679 5690 5691
3 5679 5691 5680
3 5680 5691 5692
3 5680 5692 5681
3 5681 5692 5693
3 5681 5693 5682
3 5682 5693 5694
3 5682 5694 5683
3 5683 5694 5695
3 5683 5695 5684
3 5684 5695 5696
3 5684 5696 5685
3 5685 5696 5697
3 5685 5697 5686
3 5686 5697 5698
3 5686 5698 5687
3 5687 5698 5699
3 5687 5699 5688
3 5688 5699 5700
3 5688 5700 5677
3 5677 5700 5689
3 5689 5701 5690
3 5690 5701 5702
3 5690 5702 5691
3 5691 5702 5703
3 5691 5703 5692
3 5692 5703 5704
3 5692 5704 5693
3 5693 5704 5705
3 5693 5705 5694
3 5694 5705 5706
3 5694 5706 5695
3 5695 5706 5707
3 5695 5707 5696
3 5696 5707 5708
3 5696 5708 5697
3 5697 5708 5709
3 5697 5709 5698
3 5698 5709 5710
3 5698 5710 5699
3 5699 5710 5711
3 5699 5711 5700
3 5700 5711 5712
3 5700 5712 5689
3 5689 5712 5701
3 5701 5713 5702
3 5702 5713 5714
3 5702 5714 5703
3 5703 5714 5715
3 5703 5715 5704
3 5704 5715 5716
3 5704 5716 5705
3 5705 5716 5717
3 5705 5717 5706
3 5706 5717 5718
3 5706 5718 5707
3 5707 5718 5719
3 5707 5719 5708
3 5708 5719 5720
3 5708 5720 5709
3 5709 5720 5721
3 5709 5721 5710
3 5710 5721 5722
3 5710 5722 5711
3 5711 5722 5723
3 5711 5723 5712
3 5712 5723 5724
3 5712 5724 5701
3 5701 5724 5713
3 5713 5725 5714
3 5714 5725 5726
3 5714 5726 5715
3 5715 5726 5727
3 5715 5727 5716
3 5716 5727 5728
3 5716 5728 5717
3 5717 5728 5729
3 5717 5729 5718
3 5718 5729 5730
3 5718 5730 5719
3 5719 5730 5731
3 5719 5731 5720
3 5720 5731 5732
3 5720 5732 5721
3 5721 5732 5733
3 5721 5733 5722
3 5722 5733 5734
3 5722 5734 5723
3 5723 5734 5735
3 5723 5735 5724
3 5724 5735 5736
3 5724 5736 5713
3 5713 5736 5725
3 5725 5737 5726
3 5726 5737 5738
3 5726 5738 5727
3 5727 5738 5739
3 5727 5739 5728
3 5728 5739 5740
3 5728 5740 5729
3 5729 5740 5741
3 5729 5741 5730
3 5730 5741 5742
3 5730 5742 5731
3 5731 5742 5743
3 5731 5743 5732
3 5732 5743 5744
3 5732 5744 5733
3 5733 5744 5745
3 5733 5745 5734
3 5734 5745 5746
3 5734 5746 5735
3 5735 5746 5747
3 5735 5747 5736
3 5736 5747 5748
3 5736 5748 5725
3 5725 5748 5737
3 5737 5749 5738
3 5738 5749 5750
3 5738 5750 5739
3 5739 5750 5751
3 5739 5751 5740
3 5740 5751 5752
3 5740 5752 5741
3 5741 5752 5753
3 5741 5753 5742
3 5742 5753 5754
3 5742 5754 5743
3 5743 5754 5755
3 5743 5755 5744
3 5744 5755 5756
3 5744 5756 5745
3 5745 5756 5757
3 5745 5757 5746
3 5746 5757 5758
3 5746 5758 5747
3 5747 5758 5759
3 5747 5759 5748
3 5748 5759 5760
3 5748 5760 5737
3 5737 5760 5749
3 5761 5750 5749
3 5761 5751 5750
3 5761 5752 5751
3 5761 5753 5752
3 5761 5754 5753
3 5761 5755 5754
3 5761 5756 5755
3 5761 5757 5756
3 5761 5758 5757
3 5761 5759 5758
3 5761 5760 5759
3 5761 5749 5760
3 5762 5763 5764
3 5762 5764 5765
3 5762 5765 5766
3 5762 5766 5767
3 5762 5767 5768
3 5762 5768 5769
3 5762 5769 5770
3 5762 5770 5771
3 5762 5771 5772
3 5762 5772 5773
3 5762 5773 5774
3 5762 5774 5763
3 5763 5775 5764
3 5764 5775 5776
3 5764 5776 5765
3 5765 5776 5777
3 5765 5777 5766
3 5766 5777 5778
3 5766 5778 5767
3 5767 5778 5779
3 5767 5779 5768
3 5768 5779 5780
3 5768 5780 5769
3 5769 5780 5781
3 5769 5781 5770
3 5770 5781 5782
3 5770 5782 5771
3 5771 5782 5783
3 5771 5783 5772
3 5772 5783 5784
3 5772 5784 5773
3 5773 5784 5785
3 5773 5785 5774
3 5774 5785 5786
3 5774 5786 5763
3 5763 5786 5775
3 5775 5787 5776
3 5776 5787 5788
3 5776 5788 5777
3 5777 5788 5789
3 5777 5789 5778
3 5778 5789 5790
3 5778 5790 5779
3 5779 5790 5791
3 5779 5791 5780
3 5780 5791 5792
3 5780 5792 5781
3 5781 5792 5793
3 5781 5793 5782
3 5782 5793 5794
3 5782 5794 5783
3 5783 5794 5795
3 5783 5795 5784
3 5784 5795 5796
3 5784 5796 5785
3 5785 5796 5797
3 5785 5797 5786
3 5786 5797 5798
3 5786 5798 5775
3 5775 5798 5787
3 5787 5799 5788
3 5788 5799 5800
3 5788 5800 5789
3 5789 5800 5801
3 5789 5801 5790
3 5790 5801 5802
3 5790 5802 5791
3 5791 5802 5803
3 5791 5803 5792
3 5792 5803 5804
3 5792 5804 5793
3 5793 5804 5805
3 5793 5805 5794
3 5794 5805 5806
3 5794 5806 5795
3 5795 5806 5807
3 5795 5807 5796
3 5796 5807 5808
3 5796 5808 5797
3 5797 5808 5809
3 5797 5809 5798
3 5798 5809 5810
3 5798 5810 5787
3 5787 5810 5799
3 5799 5811 5800
3 5800 5811 5812
3 5800 5812 5801
3 5801 5812 5813
3 5801 5813 5802
3 5802 5813 5814
3 5802 5814 5803
3 5803 5814 5815
3 5803 5815 5804
3 5804 5815 5816
3 5804 5816 5805
3 5805 5816 5817
3 5805 5817 5806
3 5806 5817 5818
3 5806 5818 5807
3 5807 5818 5819
3 5807 5819 5808
3 5808 5819 5820
3 5808 5820 5809
3 5809 5820 5821
3 5809 5821 5810
3 5810 5821 5822
3 5810 5822 5799
3 5799 5822 5811
3 5811 5823 5812
3 5812 5823 5824
3 5812 5824 5813
3 5813 5824 5825
3 5813 5825 5814
3 5814 5825 5826
3 5814 5826 5815
3 5815 5826 5827
3 5815 5827 5816
3 5816 5827 5828
3 5816 5828 5817
3 5817 5828 5829
3 5817 5829 5818
3 5818 5829 5830
3 5818 5830 5819
3 5819 5830 5831
3 5819 5831 5820
3 5820 5831 5832
3 5820 5832 5821
3 5821 5832 5833
3 5821 5833 5822
3 5822 5833 5834
3 5822 5834 5811
3 5811 5834 5823
3 5823 5835 5824
3 5824 5835 5836
3 5824 5836 5825
3 5825 5836 5837
3 5825 5837 5826
3 5826 5837 5838
3 5826 5838 5827
3 5827 5838 5839
3 5827 5839 5828
3 5828 5839 5840
3 5828 5840 5829
3 5829 5840 5841
3 5829 5841 5830
3 5830 5841 5842
3 5830 5842 5831
3 5831 5842 5843
3 5831 5843 5832
3 5832 5843 5844
3 5832 5844 5833
3 5833 5844 5845
3 5833 5845 5834
3 5834 5845 5846
3 5834 5846 5823
3 5823 5846 5835
3 5847 5836 5835
3 5847 5837 5836
3 5847 5838 5837
3 5847 5839 5838
3 5847 5840 5839
3 5847 5841 5840
3 5847 5842 5841
3 5847 5843 5842
3 5847 5844 5843
3 5847 5845 5844
3 5847 5846 5845
3 5847 5835 5846
3 5848 5849 5850
3 5848 5850 5851
3 5848 5851 5852
3 5848 5852 5853
3 5848 5853 5854
3 5848 5854 5855
3 5848 5855 5856
3 5848 5856 5857
3 5848 5857 5858
3 5848 5858 5859
3 5848 5859 5860
3 5848 5860 5849
3 5849 5861 5850
3 5850 5861 5862
3 5850 5862 5851
3 5851 5862 5863
3 5851 5863 5852
3 5852 5863 5864
3 5852 5864 5853
3 5853 5864 5865
3 5853 5865 5854
3 5854 5865 5866
3 5854 5866 5855
3 5855 5866 5867
3 5855 5867 5856
3 5856 5867 5868
3 5856 5868 5857
3 5857 5868 5869
3 5857 5869 5858
3 5858 5869 5870
3 5858 5870 5859
3 5859 5870 5871
3 5859 5871 5860
3 5860 5871 5872
3 5860 5872 5849
3 5849 5872 5861
3 5861 5873 5862
3 5862 5873 5874
3 5862 5874 5863
3 5863 5874 5875
3 5863 5875 5864
3 5864 5875 5876
3 5864 5876 5865
3 5865 5876 5877
3 5865 5877 5866
3 5866 5877 5878
3 5866 5878 5867
3 5867 5878 5879
3 5867 5879 5868
3 5868 5879 5880
3 5868 5880 5869
3 5869 5880 5881
3 5869 5881 5870
3 5870 5881 5882
3 5870 5882 5871
3 5871 5882 5883
3 5871 5883 5872
3 5872 5883 5884
3 5872 5884 5861
3 5861 5884 5873
3 5873 5885 5874
3 5874 5885 5886
3 5874 5886 5875
3 5875 5886 5887
3 5875 5887 5876
3 5876 5887 5888
3 5876 5888 5877
3 5877 5888 5889
3 5877 5889 5878
3 5878 5889 5890
3 5878 5890 5879
3 5879 5890 5891
3 5879 5891 5880
3 5880 5891 5892
3 5880 5892 5881
3 5881 5892 5893
3 5881 5893 5882
3 5882 5893 5894
3 5882 5894 5883
3 5883 5894 5895
3 5883 5895 5884
3 5884 5895 5896
3 5884 5896 5873
3 5873 5896 5885
3 5885 5897 5886
3 5886 5897 5898
3 5886 5898 5887
3 5887 5898 5899
3 5887 5899 5888
3 5888 5899 5900
3 5888 5900 5889
3 5889 5900 5901
3 5889 5901 5890
3 5890 5901 5902
3 5890 5902 5891
3 5891 5902 5903
3 5891 5903 5892
3 5892 5903 5904
3 5892 5904 5893
3 5893 5904 5905
3 5893 5905 5894
3 5894 5905 5906
3 5894 5906 5895
3 5895 5906 5907
3 5895 5907 5896
3 5896 5907 5908
3 5896 5908 5885
3 5885 5908 5897
3 5897 5909 5898
3 5898 5909 5910
3 5898 5910 5899
3 5899 5910 5911
3 5899 5911 5900
3 5900 5911 5912
3 5900 5912 5901
3 5901 5912 5913
3 5901 5913 5902
3 5902 5913 5914
3 5902 5914 5903
3 5903 5914 5915
3 5903 5915 5904
3 5904 5915 5916
3 5904 5916 5905
3 5905 5916 5917
3 5905 5917 5906
3 5906 5917 5918
3 5906 5918 5907
3 5907 5918 5919
3 5907 5919 5908
3 5908 5919 5920
3 5908 5920 5897
3 5897 5920 5909
3 5909 5921 5910
3 5910 5921 5922
3 5910 5922 5911
3 5911 5922 5923
3 5911 5923 5912
3 5912 5923 5924
3 5912 5924 5913
3 5913 5924 5925
3 5913 5925 5914
3 5914 5925 5926
3 5914 5926 5915
3 5915 5926 5927
3 5915 5927 5916
3 5916 5927 5928
3 5916 5928 5917
3 5917 5928 5929
3 5917 5929 5918
3 5918 5929 5930
3 5918 5930 5919
3 5919 5930 5931
3 5919 5931 5920
3 5920 5931 5932
3 5920 5932 5909
3 5909 5932 5921
3 5933 5922 5921
3 5933 5923 5922
3 5933 5924 5923
3 5933 5925 5924
3 5933 5926 5925
3 5933 5927 5926
3 5933 5928 5927
3 5933 5929 5928
3 5933 5930 5929
3 5933 5931 5930
3 5933 5932 5931
3 5933 5921 5932
3 5934 5935 5936
3 5934 5936 5937
3 5934 5937 5938
3 5934 5938 5939
3 5934 5939 5940
3 5934 5940 5941
3 5934 5941 5942
3 5934 5942 5943
3 5934 5943 5944
3 5934 5944 5945
3 5934 5945 5946
3 5934 5946 5935
3 5935 5947 5936
3 5936 5947 5948
3 5936 5948 5937
3 5937 5948 5949
3 5937 5949 5938
3 5938 5949 5950
3 5938 5950 5939
3 5939 5950 5951
3 5939 5951 5940
3 5940 5951 5952
3 5940 5952 5941
3 5941 5952 5953
3 5941 5953 5942
3 5942 5953 5954
3 5942 5954 5943
3 5943 5954 5955
3 5943 5955 5944
3 5944 5955 5956
3 5944 5956 5945
3 5945 5956 5957
3 5945 5957 5946
3 5946 5957 5958
3 5946 5958 5935
3 5935 5958 5947
3 5947 5959 5948
3 5948 5959 5960
3 5948 5960 5949
3 5949 5960 5961
3 5949 5961 5950
3 5950 5961 5962
3 5950 5962 5951
3 5951 5962 5963
3 5951 5963 5952
3 5952 5963 5964
3 5952 5964 5953
3 5953 5964 5965
3 5953 5965 5954
3 5954 5965 5966
3 5954 5966 5955
3 5955 5966 5967
3 5955 5967 5956
3 5956 5967 5968
3 5956 5968 5957
3 5957 5968 5969
3 5957 5969 5958
3 5958 5969 5970
3 5958 5970 5947
3 5947 5970 5959
3 5959 5971 5960
3 5960 5971 5972
3 5960 5972 5961
3 5961 5972 5973
3 5961 5973 5962
3 5962 5973 5974
3 5962 5974 5963
3 5963 5974 5975
3 5963 5975 5964
3 5964 5975 5976
3 5964 5976 5965
3 5965 5976 5977
3 5965 5977 5966
3 5966 5977 5978
3 5966 5978 5967
3 5967 5978 5979
3 5967 5979 5968
3 5968 5979 5980
3 5968 5980 5969
3 5969 5980 5981
3 5969 5981 5970
3 5970 5981 5982
3 5970 5982 5959
3 5959 5982 5971
3 5971 5983 5972
3 5972 5983 5984
3 5972 5984 5973
3 5973 5984 5985
3 5973 5985 5974
3 5974 5985 5986
3 5974 5986 5975
3 5975 5986 5987
3 5975 5987 5976
3 5976 5987 5988
3 5976 5988 5977
3 5977 5988 5989
3 5977 5989 5978
3 5978 5989 5990
3 5978 5990 5979
3 5979 5990 5991
3 5979 5991 5980
3 5980 5991 5992
3 5980 5992 5981
3 5981 5992 5993
3 5981 5993 5982
3 5982 5993 5994
3 5982 5994 5971
3 5971 5994 5983
3 5983 5995 5984
3 5984 5995 5996
3 5984 5996 5985
3 5985 5996 5997
3 5985 5997 5986
3 5986 5997 5998
3 5986 5998 5987
3 5987 5998 5999
3 5987 5999 5988
3 5988 5999 6000
3 5988 6000 5989
3 5989 6000 6001
3 5989 6001 5990
3 5990 6001 6002
3 5990 6002 5991
3 5991 6002 6003
3 5991 6003 5992
3 5992 6003 6004
3 5992 6004 5993
3 5993 6004 6005
3 5993 6005 5994
3 5994 6005 6006
3 5994 6006 5983
3 5983 6006 5995
3 5995 6007 5996
3 5996 6007 6008
3 5996 6008 5997
3 5997 6008 6009
3 5997 6009 5998
3 5998 6009 6010
3 5998 6010 5999
3 5999 6010 6011
3 5999 6011 6000
3 6000 6011 6012
3 6000 6012 6001
3 6001 6012 6013
3 6001 6013 6002
3 6002 6013 6014
3 6002 6014 6003
3 6003 6014 6015
3 6003 6015 6004
3 6004 6015 6016
3 6004 6016 6005
3 6005 6016 6017
3 6005 6017 6006
3 6006 6017 6018
3 6006 6018 5995
3 5995 6018 6007
3 6019 6008 6007
3 6019 6009 6008
3 6019 6010 6009
3 6019 6011 6010
3 6019 6012 6011
3 6019 6013 6012
3 6019 6014 6013
3 6019 6015 6014
3 6019 6016 6015
3 6019 6017 6016
3 6019 6018 6017
3 6019 6007 6018
3 6020 6021 6022
3 6020 6022 6023
3 6020 6023 6024
3 6020 6024 6025
3 6020 6025 6026
3 6020 6026 6027
3 6020 6027 6028
3 6020 6028 6029
3 6020 6029 6030
3 6020 6030 6031
3 6020 6031 6032
3 6020 6032 6021
3 6021 6033 6022
3 6022 6033 6034
3 6022 6034 6023
3 6023 6034 6035
3 6023 6035 6024
3 6024 6035 6036
3 6024 6036 6025
3 6025 6036 6037
3 6025 6037 6026
3 6026 6037 6038
3 6026 6038 6027
3 6027 6038 6039
3 6027 6039 6028
3 6028 6039 6040
3 6028 6040 6029
3 6029 6040 6041
3 6029 6041 6030
3 6030 6041 6042
3 6030 6042 6031
3 6031 6042 6043
3 6031 6043 6032
3 6032 6043 6044
3 6032 6044 6021
3 6021 6044 6033
3 6033 6045 6034
3 6034 6045 6046
3 6034 6046 6035
3 6035 6046 6047
3 6035 6047 6036
3 6036 6047 6048
3 6036 6048 6037
3 6037 6048 6049
3 6037 6049 6038
3 6038 6049 6050
3 6038 6050 6039
3 6039 6050 6051
3 6039 6051 6040
3 6040 6051 6052
3 6040 6052 6041
3 6041 6052 6053
3 6041 6053 6042
3 6042 6053 6054
3 6042 6054 6043
3 6043 6054 6055
3 6043 6055 6044
3 6044 6055 6056
3 6044 6056 6033
3 6033 6056 6045
3 6045 6057 6046
3 6046 6057 6058
3 6046 6058 6047
3 6047 6058 6059
3 6047 6059 6048
3 6048 6059 6060
3 6048 6060 6049
3 6049 6060 6061
3 6049 6061 6050
3 6050 6061 6062
3 6050 6062 6051
3 6051 6062 6063
3 6051 6063 6052
3 6052 6063 6064
3 6052 6064 6053
3 6053 6064 6065
3 6053 6065 6054
3 6054 6065 6066
3 6054 6066 6055
3 6055 6066 6067
3 6055 6067 6056
3 6056 6067 6068
3 6056 6068 6045
3 6045 6068 6057
3 6057 6069 6058
3 6058 6069 6070
3 6058 6070 6059
3 6059 6070 6071
3 6059 6071 6060
3 6060 6071 6072
3 6060 6072 6061
3 6061 6072 6073
3 6061 6073 6062
3 6062 6073 6074
3 6062 6074 6063
3 6063 6074 6075
3 6063 6075 6064
3 6064 6075 6076
3 6064 6076 6065
3 6065 6076 6077
3 6065 6077 6066
3 6066 6077 6078
3 6066 6078 6067
3 6067 6078 6079
3 6067 6079 6068
3 6068 6079 6080
3 6068 6080 6057
3 6057 6080 6069
3 6069 6081 6070
3 6070 6081 6082
3 6070 6082 6071
3 6071 6082 6083
3 6071 6083 6072
3 6072 6083 6084
3 6072 6084 6073
3 6073 6084 6085
3 6073 6085 6074
3 6074 6085 6086
3 6074 6086 6075
3 6075 6086 6087
3 6075 6087 6076
3 6076 6087 6088
3 6076 6088 6077
3 6077 6088 6089
3 6077 6089 6078
3 6078 6089 6090
3 6078 6090 6079
3 6079 6090 6091
3 6079 6091 6080
3 6080 6091 6092
3 6080 6092 6069
3 6069 6092 6081
3 6081 6093 6082
3 6082 6093 6094
3 6082 6094 6083
3 6083 6094 6095
3 6083 6095 6084
3 6084 6095 6096
3 6084 6096 6085
3 6085 6096 6097
3 6085 6097 6086
3 6086 6097 6098
3 6086 6098 6087
3 6087 6098 6099
3 6087 6099 6088
3 6088 6099 6100
3 6088 6100 6089
3 6089 6100 6101
3 6089 6101 6090
3 6090 6101 6102
3 6090 6102 6091
3 6091 6102 6103
3 6091 6103 6092
3 6092 6103 6104
3 6092 6104 6081
3 6081 6104 6093
3 6105 6094 6093
3 6105 6095 6094
3 6105 6096 6095
3 6105 6097 6096
3 6105 6098 6097
3 6105 6099 6098
3 6105 6100 6099
3 6105 6101 6100
3 6105 6102 6101
3 6105 6103 6102
3 6105 6104 6103
3 6105 6093 6104
3 6106 6107 6108
3 6106 6108 6109
3 6106 6109 6110
3 6106 6110 6111
3 6106 6111 6112
3 6106 6112 6113
3 6106 6113 6114
3 6106 6114 6115
3 6106 6115 6116
3 6106 6116 6117
3 6106 6117 6118
3 6106 6118 6107
3 6107 6119 6108
3 6108 6119 6120
3 6108 6120 6109
3 6109 6120 6121
3 6109 6121 6110
3 6110 6121 6122
3 6110 6122 6111
3 6111 6122 6123
3 6111 6123 6112
3 6112 6123 6124
3 6112 6124 6113
3 6113 6124 6125
3 6113 6125 6114
3 6114 6125 6126
3 6114 6126 6115
3 6115 6126 6127
3 6115 6127 6116
3 6116 6127 6128
3 6116 6128 6117
3 6117 6128 6129
3 6117 6129 6118
3 6118 6129 6130
3 6118 6130 6107
3 6107 6130 6119
3 6119 6131 6120
3 6120 6131 6132
3 6120 6132 6121
3 6121 6132 6133
3 6121 6133 6122
3 6122 6133 6134
3 6122 6134 6123
3 6123 6134 6135
3 6123 6135 6124
3 6124 6135 6136
3 6124 6136 6125
3 6125 6136 6137
3 6125 6137 6126
3 6126 6137 6138
3 6126 6138 6127
3 6127 6138 6139
3 6127 6139 6128
3 6128 6139 6140
3 6128 6140 6129
3 6129 6140 6141
3 6129 6141 6130
3 6130 6141 6142
3 6130 6142 6119
3 6119 6142 6131
3 6131 6143 6132
3 6132 6143 6144
3 6132 6144 6133
3 6133 6144 6145
3 6133 6145 6134
3 6134 6145 6146
3 6134 6146 6135
3 6135 6146 6147
3 6135 6147 6136
3 6136 6147 6148
3 6136 6148 6137
3 6137 6148 6149
3 6137 6149 6138
3 6138 6149 6150
3 6138 6150 6139
3 6139 6150 6151
3 6139 6151 6140
3 6140 6151 6152
3 6140 6152 6141
3 6141 6152 6153
3 6141 6153 6142
3 6142 6153 6154
3 6142 6154 6131
3 6131 6154 6143
3 6143 6155 6144
3 6144 6155 6156
3 6144 6156 6145
3 6145 6156 6157
3 6145 6157 6146
3 6146 6157 6158
3 6146 6158 6147
3 6147 6158 6159
3 6147 6159 6148
3 6148 6159 6160
3 6148 6160 6149
3 6149 6160 6161
3 6149 6161 6150
3 6150 6161 6162
3 6150 6162 6151
3 6151 6162 6163
3 6151 6163 6152
3 6152 6163 6164
3 6152 6164 6153
3 6153 6164 6165
3 6153 6165 6154
3 6154 6165 6166
3 6154 6166 6143
3 6143 6166 6155
3 6155 6167 6156
3 6156 6167 6168
3 6156 6168 6157
3 6157 6168 6169
3 6157 6169 6158
3 6158 6169 6170
3 6158 6170 6159
3 6159 6170 6171
3 6159 6171 6160
3 6160 6171 6172
3 6160 6172 6161
3 6161 6172 6173
3 6161 6173 6162
3 6162 6173 6174
3 6162 6174 6163
3 6163 6174 6175
3 6163 6175 6164
3 6164 6175 6176
3 6164 6176 6165
3 6165 6176 6177
3 6165 6177 6166
3 6166 6177 6178
3 6166 6178 6155
3 6155 6178 6167
3 6167 6179 6168
3 6168 6179 6180
3 6168 6180 6169
3 6169 6180 6181
3 6169 6181 6170
3 6170 6181 6182
3 6170 6182 6171
3 6171 6182 6183
3 6171 6183 6172
3 6172 6183 6184
3 6172 6184 6173
3 6173 6184 6185
3 6173 6185 6174
3 6174 6185 6186
3 6174 6186 6175
3 6175 6186 6187
3 6175 6187 6176
3 6176 6187 6188
3 6176 6188 6177
3 6177 6188 6189
3 6177 6189 6178
3 6178 6189 6190
3 6178 6190 6167
3 6167 6190 6179
3 6191 6180 6179
3 6191 6181 6180
3 6191 6182 6181
3 6191 6183 6182
3 6191 6184 6183
3 6191 6185 6184
3 6191 6186 6185
3 6191 6187 6186
3 6191 6188 6187
3 6191 6189 6188
3 6191 6190 6189
3 6191 6179 6190
3 6192 6193 6194
3 6192 6194 6195
3 6192 6195 6196
3 6192 6196 6197
3 6192 6197 6198
3 6192 6198 6199
3 6192 6199 6200
3 6192 6200 6201
3 6192 6201 6202
3 6192 6202 6203
3 6192 6203 6204
3 6192 6204 6193
3 6193 6205 6194
3 6194 6205 6206
3 6194 6206 6195
3 6195 6206 6207
3 6195 6207 6196
3 6196 6207 6208
3 6196 6208 6197
3 6197 6208 6209
3 6197 6209 6198
3 6198 6209 6210
3 6198 6210 6199
3 6199 6210 6211
3 6199 6211 6200
3 6200 6211 6212
3 6200 6212 6201
3 6201 6212 6213
3 6201 6213 6202
3 6202 6213 6214
3 6202 6214 6203
3 6203 6214 6215
3 6203 6215 6204
3 6204 6215 6216
3 6204 6216 6193
3 6193 6216 6205
3 6205 6217 6206
3 6206 6217 6218
3 6206 6218 6207
3 6207 6218 6219
3 6207 6219 6208
3 6208 6219 6220
3 6208 6220 6209
3 6209 6220 6221
3 6209 6221 6210
3 6210 6221 6222
3 6210 6222 6211
3 6211 6222 6223
3 6211 6223 6212
3 6212 6223 6224
3 6212 6224 6213
3 6213 6224 6225
3 6213 6225 6214
3 6214 6225 6226
3 6214 6226 6215
3 6215 6226 6227
3 6215 6227 6216
3 6216 6227 6228
3 6216 6228 6205
3 6205 6228 6217
3 6217 6229 6218
3 6218 6229 6230
3 6218 6230 6219
3 6219 6230 6231
3 6219 6231 6220
3 6220 6231 6232
3 6220 6232 6221
3 6221 6232 6233
3 6221 6233 6222
3 6222 6233 6234
3 6222 6234 6223
3 6223 6234 6235
3 6223 6235 6224
3 6224 6235 6236
3 6224 6236 6225
3 6225 6236 6237
3 6225 6237 6226
3 6226 6237 6238
3 6226 6238 6227
3 6227 6238 6239
3 6227 6239 6228
3 6228 6239 6240
3 6228 6240 6217
3 6217 6240 6229
3 6229 6241 6230
3 6230 6241 6242
3 6230 6242 6231
3 6231 6242 6243
3 6231 6243 6232
3 6232 6243 6244
3 6232 6244 6233
3 6233 6244 6245
3 6233 6245 6234
3 6234 6245 6246
3 6234 6246 6235
3 6235 6246 6247
3 6235 6247 6236
3 6236 6247 6248
3 6236 6248 6237
3 6237 6248 6249
3 6237 6249 6238
3 6238 6249 6250
3 6238 6250 6239
3 6239 6250 6251
3 6239 6251 6240
3 6240 6251 6252
3 6240 6252 6229
3 6229 6252 6241
3 6241 6253 6242
3 6242 6253 6254
3 6242 6254 6243
3 6243 6254 6255
3 6243 6255 6244
3 6244 6255 6256
3 6244 6256 6245
3 6245 6256 6257
3 6245 6257 6246
3 6246 6257 6258
3 6246 6258 6247
3 6247 6258 6259
3 6247 6259 6248
3 6248 6259 6260
3 6248 6260 6249
3 6249 6260 6261
3 6249 6261 6250
3 6250 6261 6262
3 6250 6262 6251
3 6251 6262 6263
3 6251 6263 6252
3 6252 6263 6264
3 6252 6264 6241
3 6241 6264 6253
3 6253 6265 6254
3 6254 6265 6266
3 6254 6266 6255
3 6255 6266 6267
3 6255 6267 6256
3 6256 6267 6268
3 6256 6268 6257
3 6257 6268 6269
3 6257 6269 6258
3 6258 6269 6270
3 6258 6270 6259
3 6259 6270 6271
3 6259 6271 6260
3 6260 6271 6272
3 6260 6272 6261
3 6261 6272 6273
3 6261 6273 6262
3 6262 6273 6274
3 6262 6274 6263
3 6263 6274 6275
3 6263 6275 6264
3 6264 6275 6276
3 6264 6276 6253
3 6253 6276 6265
3 6277 6266 6265
3 6277 6267 6266
3 6277 6268 6267
3 6277 6269 6268
3 6277 6270 6269
3 6277 6271 6270
3 6277 6272 6271
3 6277 6273 6272
3 6277 6274 6273
3 6277 6275 6274
3 6277 6276 6275
3 6277 6265 6276
3 6278 6279 6280
3 6278 6280 6281
3 6278 6281 6282
3 6278 6282 6283
3 6278 6283 6284
3 6278 6284 6285
3 6278 6285 6286
3 6278 6286 6287
3 6278 6287 6288
3 6278 6288 6289
3 6278 6289 6290
3 6278 6290 6279
3 6279 6291 6280
3 6280 6291 6292
3 6280 6292 6281
3 6281 6292 6293
3 6281 6293 6282
3 6282 6293 6294
3 6282 6294 6283
3 6283 6294 6295
3 6283 6295 6284
3 6284 6295 6296
3 6284 6296 6285
3 6285 6296 6297
3 6285 6297 6286
3 6286 6297 6298
3 6286 6298 6287
3 6287 6298 6299
3 6287 6299 6288
3 6288 6299 6300
3 6288 6300 6289
3 6289 6300 6301
3 6289 6301 6290
3 6290 6301 6302
3 6290 6302 6279
3 6279 6302 6291
3 6291 6303 6292
3 6292 6303 6304
3 6292 6304 6293
3 6293 6304 6305
3 6293 6305 6294
3 6294 6305 6306
3 6294 6306 6295
3 6295 6306 6307
3 6295 6307 6296
3 6296 6307 6308
3 6296 6308 6297
3 6297 6308 6309
3 6297 6309 6298
3 6298 6309 6310
3 6298 6310 6299
3 6299 6310 6311
3 6299 6311 6300
3 6300 6311 6312
3 6300 6312 6301
3 6301 6312 6313
3 6301 6313 6302
3 6302 6313 6314
3 6302 6314 6291
3 6291 6314 6303
3 6303 6315 6304
3 6304 6315 6316
3 6304 6316 6305
3 6305 6316 6317
3 6305 6317 6306
3 6306 6317 6318
3 6306 6318 6307
3 6307 6318 6319
3 6307 6319 6308
3 6308 6319 6320
3 6308 6320 6309
3 6309 6320 6321
3 6309 6321 6310
3 6310 6321 6322
3 6310 6322 6311
3 6311 6322 6323
3 6311 6323 6312
3 6312 6323 6324
3 6312 6324 6313
3 6313 6324 6325
3 6313 6325 6314
3 6314 6325 6326
3 6314 6326 6303
3 6303 6326 6315
3 6315 6327 6316
3 6316 6327 6328
3 6316 6328 6317
3 6317 6328 6329
3 6317 6329 6318
3 6318 6329 6330
3 6318 6330 6319
3 6319 6330 6331
3 6319 6331 6320
3 6320 6331 6332
3 6320 6332 6321
3 6321 6332 6333
3 6321 6333 6322
3 6322 6333 6334
3 6322 6334 6323
3 6323 6334 6335
3 6323 6335 6324
3 6324 6335 6336
3 6324 6336 6325
3 6325 6336 6337
3 6325 6337 6326
3 6326 6337 6338
3 6326 6338 6315
3 6315 6338 6327
3 6327 6339 6328
3 6328 6339 6340
3 6328 6340 6329
3 6329 6340 6341
3 6329 6341 6330
3 6330 6341 6342
3 6330 6342 6331
3 6331 6342 6343
3 6331 6343 6332
3 6332 6343 6344
3 6332 6344 6333
3 6333 6344 6345
3 6333 6345 6334
3 6334 6345 6346
3 6334 6346 6335
3 6335 6346 6347
3 6335 6347 6336
3 6336 6347 6348
3 6336 6348 6337
3 6337 6348 6349
3 6337 6349 6338
3 6338 6349 6350
3 6338 6350 6327
3 6327 6350 6339
3 6339 6351 6340
3 6340 6351 6352
3 6340 6352 6341
3 6341 6352 6353
3 6341 6353 6342
3 6342 6353 6354
3 6342 6354 6343
3 6343 6354 6355
3 6343 6355 6344
3 6344 6355 6356
3 6344 6356 6345
3 6345 6356 6357
3 6345 6357 6346
3 6346 6357 6358
3 6346 6358 6347
3 6347 6358 6359
3 6347 6359 6348
3 6348 6359 6360
3 6348 6360 6349
3 6349 6360 6361
3 6349 6361 6350
3 6350 6361 6362
3 6350 6362 6339
3 6339 6362 6351
3 6363 6352 6351
3 6363 6353 6352
3 6363 6354 6353
3 6363 6355 6354
3 6363 6356 6355
3 6363 6357 6356
3 6363 6358 6357
3 6363 6359 6358
3 6363 6360 6359
3 6363 6361 6360
3 6363 6362 6361
3 6363 6351 6362
3 6364 6365 6366
3 6364 6366 6367
3 6364 6367 6368
3 6364 6368 6369
3 6364 6369 6370
3 6364 6370 6371
3 6364 6371 6372
3 6364 6372 6373
3 6364 6373 6374
3 6364 6374 6375
3 6364 6375 6376
3 6364 6376 6365
3 6365 6377 6366
3 6366 6377 6378
3 6366 6378 6367
3 6367 6378 6379
3 6367 6379 6368
3 6368 6379 6380
3 6368 6380 6369
3 6369 6380 6381
3 6369 6381 6370
3 6370 6381 6382
3 6370 6382 6371
3 6371 6382 6383
3 6371 6383 6372
3 6372 6383 6384
3 6372 6384 6373
3 6373 6384 6385
3 6373 6385 6374
3 6374 6385 6386
3 6374 6386 6375
3 6375 6386 6387
3 6375 6387 6376
3 6376 6387 6388
3 6376 6388 6365
3 6365 6388 6377
3 6377 6389 6378
3 6378 6389 6390
3 6378 6390 6379
3 6379 6390 6391
3 6379 6391 6380
3 6380 6391 6392
3 6380 6392 6381
3 6381 6392 6393
3 6381 6393 6382
3 6382 6393 6394
3 6382 6394 6383
3 6383 6394 6395
3 6383 6395 6384
3 6384 6395 6396
3 6384 6396 6385
3 6385 6396 6397
3 6385 6397 6386
3 6386 6397 6398
3 6386 6398 6387
3 6387 6398 6399
3 6387 6399 6388
3 6388 6399 6400
3 6388 6400 6377
3 6377 6400 6389
3 6389 6401 6390
3 6390 6401 6402
3 6390 6402 6391
3 6391 6402 6403
3 6391 6403 6392
3 6392 6403 6404
3 6392 6404 6393
3 6393 6404 6405
3 6393 6405 6394
3 6394 6405 6406
3 6394 6406 6395
3 6395 6406 6407
3 6395 6407 6396
3 6396 6407 6408
3 6396 6408 6397
3 6397 6408 6409
3 6397 6409 6398
3 6398 6409 6410
3 6398 6410 6399
3 6399 6410 6411
3 6399 6411 6400
3 6400 6411 6412
3 6400 6412 6389
3 6389 6412 6401
3 6401 6413 6402
3 6402 6413 6414
3 6402 6414 6403
3 6403 6414 6415
3 6403 6415 6404
3 6404 6415 6416
3 6404 6416 6405
3 6405 6416 6417
3 6405 6417 6406
3 6406 6417 6418
3 6406 6418 6407
3 6407 6418 6419
3 6407 6419 6408
3 6408 6419 6420
3 6408 6420 6409
3 6409 6420 6421
3 6409 6421 6410
3 6410 6421 6422
3 6410 6422 6411
3 6411 6422 6423
3 6411 6423 6412
3 6412 6423 6424
3 6412 6424 6401
3 6401 6424 6413
3 6413 6425 6414
3 6414 6425 6426
3 6414 6426 6415
3 6415 6426 6427
3 6415 6427 6416
3 6416 6427 6428
3 6416 6428 6417
3 6417 6428 6429
3 6417 6429 6418
3 6418 6429 6430
3 6418 6430 6419
3 6419 6430 6431
3 6419 6431 6420
3 6420 6431 6432
3 6420 6432 6421
3 6421 6432 6433
3 6421 6433 6422
3 6422 6433 6434
3 6422 6434 6423
3 6423 6434 6435
3 6423 6435 6424
3 6424 6435 6436
3 6424 6436 6413
3 6413 6436 6425
3 6425 6437 6426
3 6426 6437 6438
3 6426 6438 6427
3 6427 6438 6439
3 6427 6439 6428
3 6428 6439 6440
3 6428 6440 6429
3 6429 6440 6441
3 6429 6441 6430
3 6430 6441 6442
3 6430 6442 6431
3 6431 6442 6443
3 6431 6443 6432
3 6432 6443 6444
3 6432 6444 6433
3 6433 6444 6445
3 6433 6445 6434
3 6434 6445 6446
3 6434 6446 6435
3 6435 6446 6447
3 6435 6447 6436
3 6436 6447 6448
3 6436 6448 6425
3 6425 6448 6437
3 6449 6438 6437
3 6449 6439 6438
3 6449 6440 6439
3 6449 6441 6440
3 6449 6442 6441
3 6449 6443 6442
3 6449 6444 6443
3 6449 6445 6444
3 6449 6446 6445
3 6449 6447 6446
3 6449 6448 6447
3 6449 6437 6448
3 6450 6451 6452
3 6450 6452 6453
3 6450 6453 6454
3 6450 6454 6455
3 6450 6455 6456
3 6450 6456 6457
3 6450 6457 6458
3 6450 6458 6459
3 6450 6459 6460
3 6450 6460 6461
3 6450 6461 6462
3 6450 6462 6451
3 6451 6463 6452
3 6452 6463 6464
3 6452 6464 6453
3 6453 6464 6465
3 6453 6465 6454
3 6454 6465 6466
3 6454 6466 6455
3 6455 6466 6467
3 6455 6467 6456
3 6456 6467 6468
3 6456 6468 6457
3 6457 6468 6469
3 6457 6469 6458
3 6458 6469 6470
3 6458 6470 6459
3 6459 6470 6471
3 6459 6471 6460
3 6460 6471 6472
3 6460 6472 6461
3 6461 6472 6473
3 6461 6473 6462
3 6462 6473 6474
3 6462 6474 6451
3 6451 6474 6463
3 6463 6475 6464
3 6464 6475 6476
3 6464 6476 6465
3 6465 6476 6477
3 6465 6477 6466
3 6466 6477 6478
3 6466 6478 6467
3 6467 6478 6479
3 6467 6479 6468
3 6468 6479 6480
3 6468 6480 6469
3 6469 6480 6481
3 6469 6481 6470
3 6470 6481 6482
3 6470 6482 6471
3 6471 6482 6483
3 6471 6483 6472
3 6472 6483 6484
3 6472 6484 6473
3 6473 6484 6485
3 6473 6485 6474
3 6474 6485 6486
3 6474 6486 6463
3 6463 6486 6475
3 6475 6487 6476
3 6476 6487 6488
3 6476 6488 6477
3 6477 6488 6489
3 6477 6489 6478
3 6478 6489 6490
3 6478 6490 6479
3 6479 6490 6491
3 6479 6491 6480
3 6480 6491 6492
3 6480 6492 6481
3 6481 6492 6493
3 6481 6493 6482
3 6482 6493 6494
3 6482 6494 6483
3 6483 6494 6495
3 6483 6495 6484
3 6484 6495 6496
3 6484 6496 6485
3 6485 6496 6497
3 6485 6497 6486
3 6486 6497 6498
3 6486 6498 6475
3 6475 6498 6487
3 6487 6499 6488
3 6488 6499 6500
3 6488 6500 6489
3 6489 6500 6501
3 6489 6501 6490
3 6490 6501 6502
3 6490 6502 6491
3 6491 6502 6503
3 6491 6503 6492
3 6492 6503 6504
3 6492 6504 6493
3 6493 6504 6505
3 6493 6505 6494
3 6494 6505 6506
3 6494 6506 6495
3 6495 6506 6507
3 6495 6507 6496
3 6496 6507 6508
3 6496 6508 6497
3 6497 6508 6509
3 6497 6509 6498
3 6498 6509 6510
3 6498 6510 6487
3 6487 6510 6499
3 6499 6511 6500
3 6500 6511 6512
3 6500 6512 6501
3 6501 6512 6513
3 6501 6513 6502
3 6502 6513 6514
3 6502 6514 6503
3 6503 6514 6515
3 6503 6515 6504
3 6504 6515 6516
3 6504 6516 6505
3 6505 6516 6517
3 6505 6517 6506
3 6506 6517 6518
3 6506 6518 6507
3 6507 6518 6519
3 6507 6519 6508
3 6508 6519 6520
3 6508 6520 6509
3 6509 6520 6521
3 6509 6521 6510
3 6510 6521 6522
3 6510 6522 6499
3 6499 6522 6511
3 6511 6523 6512
3 6512 6523 6524
3 6512 6524 6513
3 6513 6524 6525
3 6513 6525 6514
3 6514 6525 6526
3 6514 6526 6515
3 6515 6526 6527
3 6515 6527 6516
3 6516 6527 6528
3 6516 6528 6517
3 6517 6528 6529
3 6517 6529 6518
3 6518 6529 6530
3 6518 6530 6519
3 6519 6530 6531
3 6519 6531 6520
3 6520 6531 6532
3 6520 6532 6521
3 6521 6532 6533
3 6521 6533 6522
3 6522 6533 6534
3 6522 6534 6511
3 6511 6534 6523
3 6535 6524 6523
3 6535 6525 6524
3 6535 6526 6525
3 6535 6527 6526
3 6535 6528 6527
3 6535 6529 6528
3 6535 6530 6529
3 6535 6531 6530
3 6535 6532 6531
3 6535 6533 6532
3 6535 6534 6533
3 6535 6523 6534
3 6536 6537 6538
3 6536 6538 6539
3 6536 6539 6540
3 6536 6540 6541
3 6536 6541 6542
3 6536 6542 6543
3 6536 6543 6544
3 6536 6544 6545
3 6536 6545 6546
3 6536 6546 6547
3 6536 6547 6548
3 6536 6548 6537
3 6537 6549 6538
3 6538 6549 6550
3 6538 6550 6539
3 6539 6550 6551
3 6539 6551 6540
3 6540 6551 6552
3 6540 6552 6541
3 6541 6552 6553
3 6541 6553 6542
3 6542 6553 6554
3 6542 6554 6543
3 6543 6554 6555
3 6543 6555 6544
3 6544 6555 6556
3 6544 6556 6545
3 6545 6556 6557
3 6545 6557 6546
3 6546 6557 6558
3 6546 6558 6547
3 6547 6558 6559
3 6547 6559 6548
3 6548 6559 6560
3 6548 6560 6537
3 6537 6560 6549
3 6549 6561 6550
3 6550 6561 6562
3 6550 6562 6551
3 6551 6562 6563
3 6551 6563 6552
3 6552 6563 6564
3 6552 6564 6553
3 6553 6564 6565
3 6553 6565 6554
3 6554 6565 6566
3 6554 6566 6555
3 6555 6566 6567
3 6555 6567 6556
3 6556 6567 6568
3 6556 6568 6557
3 6557 6568 6569
3 6557 6569 6558
3 6558 6569 6570
3 6558 6570 6559
3 6559 6570 6571
3 6559 6571 6560
3 6560 6571 6572
3 6560 6572 6549
3 6549 6572 6561
3 6561 6573 6562
3 6562 6573 6574
3 6562 6574 6563
3 6563 6574 6575
3 6563 6575 6564
3 6564 6575 6576
3 6564 6576 6565
3 6565 6576 6577
3 6565 6577 6566
3 6566 6577 6578
3 6566 6578 6567
3 6567 6578 6579
3 6567 6579 6568
3 6568 6579 6580
3 6568 6580 6569
3 6569 6580 6581
3 6569 6581 6570
3 6570 6581 6582
3 6570 6582 6571
3 6571 6582 6583
3 6571 6583 6572
3 6572 6583 6584
3 6572 6584 6561
3 6561 6584 6573
3 6573 6585 6574
3 6574 6585 6586
3 6574 6586 6575
3 6575 6586 6587
3 6575 6587 6576
3 6576 6587 6588
3 6576 6588 6577
3 6577 6588 6589
3 6577 6589 6578
3 6578 6589 6590
3 6578 6590 6579
3 6579 6590 6591
3 6579 6591 6580
3 6580 6591 6592
3 6580 6592 6581
3 6581 6592 6593
3 6581 6593 6582
3 6582 6593 6594
3 6582 6594 6583
3 6583 6594 6595
3 6583 6595 6584
3 6584 6595 6596
3 6584 6596 6573
3 6573 6596 6585
3 6585 6597 6586
3 6586 6597 6598
3 6586 6598 6587
3 6587 6598 6599
3 6587 6599 6588
3 6588 6599 6600
3 6588 6600 6589
3 6589 6600 6601
3 6589 6601 6590
3 6590 6601 6602
3 6590 6602 6591
3 6591 6602 6603
3 6591 6603 6592
3 6592 6603 6604
3 6592 6604 6593
3 6593 6604 6605
3 6593 6605 6594
3 6594 6605 6606
3 6594 6606 6595
3 6595 6606 6607
3 6595 6607 6596
3 6596 6607 6608
3 6596 6608 6585
3 6585 6608 6597
3 6597 6609 6598
3 6598 6609 6610
3 6598 6610 6599
3 6599 6610 6611
3 6599 6611 6600
3 6600 6611 6612
3 6600 6612 6601
3 6601 6612 6613
3 6601 6613 6602
3 6602 6613 6614
3 6602 6614 6603
3 6603 6614 6615
3 6603 6615 6604
3 6604 6615 6616
3 6604 6616 6605
3 6605 6616 6617
3 6605 6617 6606
3 6606 6617 6618
3 6606 6618 6607
3 6607 6618 6619
3 6607 6619 6608
3 6608 6619 6620
3 6608 6620 6597
3 6597 6620 6609
3 6621 6610 6609
3 6621 6611 6610
3 6621 6612 6611
3 6621 6613 6612
3 6621 6614 6613
3 6621 6615 6614
3 6621 6616 6615
3 6621 6617 6616
3 6621 6618 6617
3 6621 6619 6618
3 6621 6620 6619
3 6621 6609 6620
3 6622 6623 6624
3 6622 6624 6625
3 6622 6625 6626
3 6622 6626 6627
3 6622 6627 6628
3 6622 6628 6629
3 6622 6629 6630
3 6622 6630 6631
3 6622 6631 6632
3 6622 6632 6633
3 6622 6633 6634
3 6622 6634 6623
3 6623 6635 6624
3 6624 6635 6636
3 6624 6636 6625
3 6625 6636 6637
3 6625 6637 6626
3 6626 6637 6638
3 6626 6638 6627
3 6627 6638 6639
3 6627 6639 6628
3 6628 6639 6640
3 6628 6640 6629
3 6629 6640 6641
3 6629 6641 6630
3 6630 6641 6642
3 6630 6642 6631
3 6631 6642 6643
3 6631 6643 6632
3 6632 6643 6644
3 6632 6644 6633
3 6633 6644 6645
3 6633 6645 6634
3 6634 6645 6646
3 6634 6646 6623
3 6623 6646 6635
3 6635 6647 6636
3 6636 6647 6648
3 6636 6648 6637
3 6637 6648 6649
3 6637 6649 6638
3 6638 6649 6650
3 6638 6650 6639
3 6639 6650 6651
3 6639 6651 6640
3 6640 6651 6652
3 6640 6652 6641
3 6641 6652 6653
3 6641 6653 6642
3 6642 6653 6654
3 6642 6654 6643
3 6643 6654 6655
3 6643 6655 6644
3 6644 6655 6656
3 6644 6656 6645
3 6645 6656 6657
3 6645 6657 6646
3 6646 6657 6658
3 6646 6658 6635
3 6635 6658 6647
3 6647 6659 6648
3 6648 6659 6660
3 6648 6660 6649
3 6649 6660 6661
3 6649 6661 6650
3 6650 6661 6662
3 6650 6662 6651
3 6651 6662 6663
3 6651 6663 6652
3 6652 6663 6664
3 6652 6664 6653
3 6653 6664 6665
3 6653 6665 6654
3 6654 6665 6666
3 6654 6666 6655
3 6655 6666 6667
3 6655 6667 6656
3 6656 6667 6668
3 6656 6668 6657
3 6657 6668 6669
3 6657 6669 6658
3 6658 6669 6670
3 6658 6670 6647
3 6647 6670 6659
3 6659 6671 6660
3 6660 6671 6672
3 6660 6672 6661
3 6661 6672 6673
3 6661 6673 6662
3 6662 6673 6674
3 6662 6674 6663
3 6663 6674 6675
3 6663 6675 6664
3 6664 6675 6676
3 6664 6676 6665
3 6665 6676 6677
3 6665 6677 6666
3 6666 6677 6678
3 6666 6678 6667
3 6667 6678 6679
3 6667 6679 6668
3 6668 6679 6680
3 6668 6680 6669
3 6669 6680 6681
3 6669 6681 6670
3 6670 6681 6682
3 6670 6682 6659
3 6659 6682 6671
3 6671 6683 6672
3 6672 6683 6684
3 6672 6684 6673
3 6673 6684 6685
3 6673 6685 6674
3 6674 6685 6686
3 6674 6686 6675
3 6675 6686 6687
3 6675 6687 6676
3 6676 6687 6688
3 6676 6688 6677
3 6677 6688 6689
3 6677 6689 6678
3 6678 6689 6690
3 6678 6690 6679
3 6679 6690 6691
3 6679 6691 6680
3 6680 6691 6692
3 6680 6692 6681
3 6681 6692 6693
3 6681 6693 6682
3 6682 6693 6694
3 6682 6694 6671
3 6671 6694 6683
3 6683 6695 6684
3 6684 6695 6696
3 6684 6696 6685
3 6685 6696 6697
3 6685 6697 6686
3 6686 6697 6698
3 6686 6698 6687
3 6687 6698 6699
3 6687 6699 6688
3 6688 6699 6700
3 6688 6700 6689
3 6689 6700 6701
3 6689 6701 6690
3 6690 6701 6702
3 6690 6702 6691
3 6691 6702 6703
3 6691 6703 6692
3 6692 6703 6704
3 6692 6704 6693
3 6693 6704 6705
3 6693 6705 6694
3 6694 6705 6706
3 6694 6706 6683
3 6683 6706 6695
3 6707 6696 6695
3 6707 6697 6696
3 6707 6698 6697
3 6707 6699 6698
3 6707 6700 6699
3 6707 6701 6700
3 6707 6702 6701
3 6707 6703 6702
3 6707 6704 6703
3 6707 6705 6704
3 6707 6706 6705
3 6707 6695 6706
3 6708 6709 6710
3 6708 6710 6711
3 6708 6711 6712
3 6708 6712 6713
3 6708 6713 6714
3 6708 6714 6715
3 6708 6715 6716
3 6708 6716 6717
3 6708 6717 6718
3 6708 6718 6719
3 6708 6719 6720
3 6708 6720 6709
3 6709 6721 6710
3 6710 6721 6722
3 6710 6722 6711
3 6711 6722 6723
3 6711 6723 6712
3 6712 6723 6724
3 6712 6724 6713
3 6713 6724 6725
3 6713 6725 6714
3 6714 6725 6726
3 6714 6726 6715
3 6715 6726 6727
3 6715 6727 6716
3 6716 6727 6728
3 6716 6728 6717
3 6717 6728 6729
3 6717 6729 6718
3 6718 6729 6730
3 6718 6730 6719
3 6719 6730 6731
3 6719 6731 6720
3 6720 6731 6732
3 6720 6732 6709
3 6709 6732 6721
3 6721 6733 6722
3 6722 6733 6734
3 6722 6734 6723
3 6723 6734 6735
3 6723 6735 6724
3 6724 6735 6736
3 6724 6736 6725
3 6725 6736 6737
3 6725 6737 6726
3 6726 6737 6738
3 6726 6738 6727
3 6727 6738 6739
3 6727 6739 6728
3 6728 6739 6740
3 6728 6740 6729
3 6729 6740 6741
3 6729 6741 6730
3 6730 6741 6742
3 6730 6742 6731
3 6731 6742 6743
3 6731 6743 6732
3 6732 6743 6744
3 6732 6744 6721
3 6721 6744 6733
3 6733 6745 6734
3 6734 6745 6746
3 6734 6746 6735
3 6735 6746 6747
3 6735 6747 6736
3 6736 6747 6748
3 6736 6748 6737
3 6737 6748 6749
3 6737 6749 6738
3 6738 6749 6750
3 6738 6750 6739
3 6739 6750 6751
3 6739 6751 6740
3 6740 6751 6752
3 6740 6752 6741
3 6741 6752 6753
3 6741 6753 6742
3 6742 6753 6754
3 6742 6754 6743
3 6743 6754 6755
3 6743 6755 6744
3 6744 6755 6756
3 6744 6756 6733
3 6733 6756 6745
3 6745 6757 6746
3 6746 6757 6758
3 6746 6758 6747
3 6747 6758 6759
3 6747 6759 6748
3 6748 6759 6760
3 6748 6760 6749
3 6749 6760 6761
3 6749 6761 6750
3 6750 6761 6762
3 6750 6762 6751
3 6751 6762 6763
3 6751 6763 6752
3 6752 6763 6764
3 6752 6764 6753
3 6753 6764 6765
3 6753 6765 6754
3 6754 6765 6766
3 6754 6766 6755
3 6755 6766 6767
3 6755 6767 6756
3 6756 6767 6768
3 6756 6768 6745
3 6745 6768 6757
3 6757 6769 6758
3 6758 6769 6770
3 6758 6770 6759
3 6759 6770 6771
3 6759 6771 6760
3 6760 6771 6772
3 6760 6772 6761
3 6761 6772 6773
3 6761 6773 6762
3 6762 6773 6774
3 6762 6774 6763
3 6763 6774 6775
3 6763 6775 6764
3 6764 6775 6776
3 6764 6776 6765
3 6765 6776 6777
3 6765 6777 6766
3 6766 6777 6778
3 6766 6778 6767
3 6767 6778 6779
3 6767 6779 6768
3 6768 6779 6780
3 6768 6780 6757
3 6757 6780 6769
3 6769 6781 6770
3 6770 6781 6782
3 6770 6782 6771
3 6771 6782 6783
3 6771 6783 6772
3 6772 6783 6784
3 6772 6784 6773
3 6773 6784 6785
3 6773 6785 6774
3 6774 6785 6786
3 6774 6786 6775
3 6775 6786 6787
3 6775 6787 6776
3 6776 6787 6788
3 6776 6788 6777
3 6777 6788 6789
3 6777 6789 6778
3 6778 6789 6790
3 6778 6790 6779
3 6779 6790 6791
3 6779 6791 6780
3 6780 6791 6792
3 6780 6792 6769
3 6769 6792 6781
3 6793 6782 6781
3 6793 6783 6782
3 6793 6784 6783
3 6793 6785 6784
3 6793 6786 6785
3 6793 6787 6786
3 6793 6788 6787
3 6793 6789 6788
3 6793 6790 6789
3 6793 6791 6790
3 6793 6792 6791
3 6793 6781 6792
3 6794 6795 6796
3 6794 6796 6797
3 6794 6797 6798
3 6794 6798 6799
3 6794 6799 6800
3 6794 6800 6801
3 6794 6801 6802
3 6794 6802 6803
3 6794 6803 6804
3 6794 6804 6805
3 6794 6805 6806
3 6794 6806 6795
3 6795 6807 6796
3 6796 6807 6808
3 6796 6808 6797
3 6797 6808 6809
3 6797 6809 6798
3 6798 6809 6810
3 6798 6810 6799
3 6799 6810 6811
3 6799 6811 6800
3 6800 6811 6812
3 6800 6812 6801
3 6801 6812 6813
3 6801 6813 6802
3 6802 6813 6814
3 6802 6814 6803
3 6803 6814 6815
3 6803 6815 6804
3 6804 6815 6816
3 6804 6816 6805
3 6805 6816 6817
3 6805 6817 6806
3 6806 6817 6818
3 6806 6818 6795
3 6795 6818 6807
3 6807 6819 6808
3 6808 6819 6820
3 6808 6820 6809
3 6809 6820 6821
3 6809 6821 6810
3 6810 6821 6822
3 6810 6822 6811
3 6811 6822 6823
3 6811 6823 6812
3 6812 6823 6824
3 6812 6824 6813
3 6813 6824 6825
3 6813 6825 6814
3 6814 6825 6826
3 6814 6826 6815
3 6815 6826 6827
3 6815 6827 6816
3 6816 6827 6828
3 6816 6828 6817
3 6817 6828 6829
3 6817 6829 6818
3 6818 6829 6830
3 6818 6830 6807
3 6807 6830 6819
3 6819 6831 6820
3 6820 6831 6832
3 6820 6832 6821
3 6821 6832 6833
3 6821 6833 6822
3 6822 6833 6834
3 6822 6834 6823
3 6823 6834 6835
3 6823 6835 6824
3 6824 6835 6836
3 6824 6836 6825
3 6825 6836 6837
3 6825 6837 6826
3 6826 6837 6838
3 6826 6838 6827
3 6827 6838 6839
3 6827 6839 6828
3 6828 6839 6840
3 6828 6840 6829
3 6829 6840 6841
3 6829 6841 6830
3 6830 6841 6842
3 6830 6842 6819
3 6819 6842 6831
3 6831 6843 6832
3 6832 6843 6844
3 6832 6844 6833
3 6833 6844 6845
3 6833 6845 6834
3 6834 6845 6846
3 6834 6846 6835
3 6835 6846 6847
3 6835 6847 6836
3 6836 6847 6848
3 6836 6848 6837
3 6837 6848 6849
3 6837 6849 6838
3 6838 6849 6850
3 6838 6850 6839
3 6839 6850 6851
3 6839 6851 6840
3 6840 6851 6852
3 6840 6852 6841
3 6841 6852 6853
3 6841 6853 6842
3 6842 6853 6854
3 6842 6854 6831
3 6831 6854 6843
3 6843 6855 6844
3 6844 6855 6856
3 6844 6856 6845
3 6845 6856 6857
3 6845 6857 6846
3 6846 6857 6858
3 6846 6858 6847
3 6847 6858 6859
3 6847 6859 6848
3 6848 6859 6860
3 6848 6860 6849
3 6849 6860 6861
3 6849 6861 6850
3 6850 6861 6862
3 6850 6862 6851
3 6851 6862 6863
3 6851 6863 6852
3 6852 6863 6864
3 6852 6864 6853
3 6853 6864 6865
3 6853 6865 6854
3 6854 6865 6866
3 6854 6866 6843
3 6843 6866 6855
3 6855 6867 6856
3 6856 6867 6868
3 6856 6868 6857
3 6857 6868 6869
3 6857 6869 6858
3 6858 6869 6870
3 6858 6870 6859
3 6859 6870 6871
3 6859 6871 6860
3 6860 6871 6872
3 6860 6872 6861
3 6861 6872 6873
3 6861 6873 6862
3 6862 6873 6874
3 6862 6874 6863
3 6863 6874 6875
3 6863 6875 6864
3 6864 6875 6876
3 6864 6876 6865
3 6865 6876 6877
3 6865 6877 6866
3 6866 6877 6878
3 6866 6878 6855
3 6855 6878 6867
3 6879 6868 6867
3 6879 6869 6868
3 6879 6870 6869
3 6879 6871 6870
3 6879 6872 6871
3 6879 6873 6872
3 6879 6874 6873
3 6879 6875 6874
3 6879 6876 6875
3 6879 6877 6876
3 6879 6878 6877
3 6879 6867 6878
3 6880 6881 6882
3 6880 6882 6883
3 6880 6883 6884
3 6880 6884 6885
3 6880 6885 6886
3 6880 6886 6887
3 6880 6887 6888
3 6880 6888 6889
3 6880 6889 6890
3 6880 6890 6891
3 6880 6891 6892
3 6880 6892 6881
3 6881 6893 6882
3 6882 6893 6894
3 6882 6894 6883
3 6883 6894 6895
3 6883 6895 6884
3 6884 6895 6896
3 6884 6896 6885
3 6885 6896 6897
3 6885 6897 6886
3 6886 6897 6898
3 6886 6898 6887
3 6887 6898 6899
3 6887 6899 6888
3 6888 6899 6900
3 6888 6900 6889
3 6889 6900 6901
3 6889 6901 6890
3 6890 6901 6902
3 6890 6902 6891
3 6891 6902 6903
3 6891 6903 6892
3 6892 6903 6904
3 6892 6904 6881
3 6881 6904 6893
3 6893 6905 6894
3 6894 6905 6906
3 6894 6906 6895
3 6895 6906 6907
3 6895 6907 6896
3 6896 6907 6908
3 6896 6908 6897
3 6897 6908 6909
3 6897 6909 6898
3 6898 6909 6910
3 6898 6910 6899
3 6899 6910 6911
3 6899 6911 6900
3 6900 6911 6912
3 6900 6912 6901
3 6901 6912 6913
3 6901 6913 6902
3 6902 6913 6914
3 6902 6914 6903
3 6903 6914 6915
3 6903 6915 6904
3 6904 6915 6916
3 6904 6916 6893
3 6893 6916 6905
3 6905 6917 6906
3 6906 6917 6918
3 6906 6918 6907
3 6907 6918 6919
3 6907 6919 6908
3 6908 6919 6920
3 6908 6920 6909
3 6909 6920 6921
3 6909 6921 6910
3 6910 6921 6922
3 6910 6922 6911
3 6911 6922 6923
3 6911 6923 6912
3 6912 6923 6924
3 6912 6924 6913
3 6913 6924 6925
3 6913 6925 6914
3 6914 6925 6926
3 6914 6926 6915
3 6915 6926 6927
3 6915 6927 6916
3 6916 6927 6928
3 6916 6928 6905
3 6905 6928 6917
3 6917 6929 6918
3 6918 6929 6930
3 6918 6930 6919
3 6919 6930 6931
3 6919 6931 6920
3 6920 6931 6932
3 6920 6932 6921
3 6921 6932 6933
3 6921 6933 6922
3 6922 6933 6934
3 6922 6934 6923
3 6923 6934 6935
3 6923 6935 6924
3 6924 6935 6936
3 6924 6936 6925
3 6925 6936 6937
3 6925 6937 6926
3 6926 6937 6938
3 6926 6938 6927
3 6927 6938 6939
3 6927 6939 6928
3 6928 6939 6940
3 6928 6940 6917
3 6917 6940 6929
3 6929 6941 6930
3 6930 6941 6942
3 6930 6942 6931
3 6931 6942 6943
3 6931 6943 6932
3 6932 6943 6944
3 6932 6944 6933
3 6933 6944 6945
3 6933 6945 6934
3 6934 6945 6946
3 6934 6946 6935
3 6935 6946 6947
3 6935 6947 6936
3 6936 6947 6948
3 6936 6948 6937
3 6937 6948 6949
3 6937 6949 6938
3 6938 6949 6950
3 6938 6950 6939
3 6939 6950 6951
3 6939 6951 6940
3 6940 6951 6952
3 6940 6952 6929
3 6929 6952 6941
3 6941 6953 6942
3 6942 6953 6954
3 6942 6954 6943
3 6943 6954 6955
3 6943 6955 6944
3 6944 6955 6956
3 6944 6956 6945
3 6945 6956 6957
3 6945 6957 6946
3 6946 6957 6958
3 6946 6958 6947
3 6947 6958 6959
3 6947 6959 6948
3 6948 6959 6960
3 6948 6960 6949
3 6949 6960 6961
3 6949 6961 6950
3 6950 6961 6962
3 6950 6962 6951
3 6951 6962 6963
3 6951 6963 6952
3 6952 6963 6964
3 6952 6964 6941
3 6941 6964 6953
3 6965 6954 6953
3 6965 6955 6954
3 6965 6956 6955
3 6965 6957 6956
3 6965 6958 6957
3 6965 6959 6958
3 6965 6960 6959
3 6965 6961 6960
3 6965 6962 6961
3 6965 6963 6962
3 6965 6964 6963
3 6965 6953 6964
3 6966 6967 6968
3 6966 6968 6969
3 6966 6969 6970
3 6966 6970 6971
3 6966 6971 6972
3 6966 6972 6973
3 6966 6973 6974
3 6966 6974 6975
3 6966 6975 6976
3 6966 6976 6977
3 6966 6977 6978
3 6966 6978 6967
3 6967 6979 6968
3 6968 6979 6980
3 6968 6980 6969
3 6969 6980 6981
3 6969 6981 6970
3 6970 6981 6982
3 6970 6982 6971
3 6971 6982 6983
3 6971 6983 6972
3 6972 6983 6984
3 6972 6984 6973
3 6973 6984 6985
3 6973 6985 6974
3 6974 6985 6986
3 6974 6986 6975
3 6975 6986 6987
3 6975 6987 6976
3 6976 6987 6988
3 6976 6988 6977
3 6977 6988 6989
3 6977 6989 6978
3 6978 6989 6990
3 6978 6990 6967
3 6967 6990 6979
3 6979 6991 6980
3 6980 6991 6992
3 6980 6992 6981
3 6981 6992 6993
3 6981 6993 6982
3 6982 6993 6994
3 6982 6994 6983
3 6983 6994 6995
3 6983 6995 6984
3 6984 6995 6996
3 6984 6996 6985
3 6985 6996 6997
3 6985 6997 6986
3 6986 6997 6998
3 6986 6998 6987
3 6987 6998 6999
3 6987 6999 6988
3 6988 6999 7000
3 6988 7000 6989
3 6989 7000 7001
3 6989 7001 6990
3 6990 7001 7002
3 6990 7002 6979
3 6979 7002 6991
3 6991 7003 6992
3 6992 7003 7004
3 6992 7004 6993
3 6993 7004 7005
3 6993 7005 6994
3 6994 7005 7006
3 6994 7006 6995
3 6995 7006 7007
3 6995 7007 6996
3 6996 7007 7008
3 6996 7008 6997
3 6997 7008 7009
3 6997 7009 6998
3 6998 7009 7010
3 6998 7010 6999
3 6999 7010 7011
3 6999 7011 7000
3 7000 7011 7012
3 7000 7012 7001
3 7001 7012 7013
3 7001 7013 7002
3 7002 7013 7014
3 7002 7014 6991
3 6991 7014 7003
3 7003 7015 7004
3 7004 7015 7016
3 7004 7016 7005
3 7005 7016 7017
3 7005 7017 7006
3 7006 7017 7018
3 7006 7018 7007
3 7007 7018 7019
3 7007 7019 7008
3 7008 7019 7020
3 7008 7020 7009
3 7009 7020 7021
3 7009 7021 7010
3 7010 7021 7022
3 7010 7022 7011
3 7011 7022 7023
3 7011 7023 7012
3 7012 7023 7024
3 7012 7024 7013
3 7013 7024 7025
3 7013 7025 7014
3 7014 7025 7026
3 7014 7026 7003
3 7003 7026 7015
3 7015 7027 7016
3 7016 7027 7028
3 7016 7028 7017
3 7017 7028 7029
3 7017 7029 7018
3 7018 7029 7030
3 7018 7030 7019
3 7019 7030 7031
3 7019 7031 7020
3 7020 7031 7032
3 7020 7032 7021
3 7021 7032 7033
3 7021 7033 7022
3 7022 7033 7034
3 7022 7034 7023
3 7023 7034 7035
3 7023 7035 7024
3 7024 7035 7036
3 7024 7036 7025
3 7025 7036 7037
3 7025 7037 7026
3 7026 7037 7038
3 7026 7038 7015
3 7015 7038 7027
3 7027 7039 7028
3 7028 7039 7040
3 7028 7040 7029
3 7029 7040 7041
3 7029 7041 7030
3 7030 7041 7042
3 7030 7042 7031
3 7031 7042 7043
3 7031 7043 7032
3 7032 7043 7044
3 7032 7044 7033
3 7033 7044 7045
3 7033 7045 7034
3 7034 7045 7046
3 7034 7046 7035
3 7035 7046 7047
3 7035 7047 7036
3 7036 7047 7048
3 7036 7048 7037
3 7037 7048 7049
3 7037 7049 7038
3 7038 7049 7050
3 7038 7050 7027
3 7027 7050 7039
3 7051 7040 7039
3 7051 7041 7040
3 7051 7042 7041
3 7051 7043 7042
3 7051 7044 7043
3 7051 7045 7044
3 7051 7046 7045
3 7051 7047 7046
3 7051 7048 7047
3 7051 7049 7048
3 7051 7050 7049
3 7051 7039 7050
3 7052 7053 7054
3 7052 7054 7055
3 7052 7055 7056
3 7052 7056 7057
3 7052 7057 7058
3 7052 7058 7059
3 7052 7059 7060
3 7052 7060 7061
3 7052 7061 7062
3 7052 7062 7063
3 7052 7063 7064
3 7052 7064 7053
3 7053 7065 7054
3 7054 7065 7066
3 7054 7066 7055
3 7055 7066 7067
3 7055 7067 7056
3 7056 7067 7068
3 7056 7068 7057
3 7057 7068 7069
3 7057 7069 7058
3 7058 7069 7070
3 7058 7070 7059
3 7059 7070 7071
3 7059 7071 7060
3 7060 7071 7072
3 7060 7072 7061
3 7061 7072 7073
3 7061 7073 7062
3 7062 7073 7074
3 7062 7074 7063
3 7063 7074 7075
3 7063 7075 7064
3 7064 7075 7076
3 7064 7076 7053
3 7053 7076 7065
3 7065 7077 7066
3 7066 7077 7078
3 7066 7078 7067
3 7067 7078 7079
3 7067 7079 7068
3 7068 7079 7080
3 7068 7080 7069
3 7069 7080 7081
3 7069 7081 7070
3 7070 7081 7082
3 7070 7082 7071
3 7071 7082 7083
3 7071 7083 7072
3 7072 7083 7084
3 7072 7084 7073
3 7073 7084 7085
3 7073 7085 7074
3 7074 7085 7086
3 7074 7086 7075
3 7075 7086 7087
3 7075 7087 7076
3 7076 7087 7088
3 7076 7088 7065
3 7065 7088 7077
3 7077 7089 7078
3 7078 7089 7090
3 7078 7090 7079
3 7079 7090 7091
3 7079 7091 7080
3 7080 7091 7092
3 7080 7092 7081
3 7081 7092 7093
3 7081 7093 7082
3 7082 7093 7094
3 7082 7094 7083
3 7083 7094 7095
3 7083 7095 7084
3 7084 7095 7096
3 7084 7096 7085
3 7085 7096 7097
3 7085 7097 7086
3 7086 7097 7098
3 7086 7098 7087
3 7087 7098 7099
3 7087 7099 7088
3 7088 7099 7100
3 7088 7100 7077
3 7077 7100 7089
3 7089 7101 7090
3 7090 7101 7102
3 7090 7102 7091
3 7091 7102 7103
3 7091 7103 7092
3 7092 7103 7104
3 7092 7104 7093
3 7093 7104 7105
3 7093 7105 7094
3 7094 7105 7106
3 7094 7106 7095
3 7095 7106 7107
3 7095 7107 7096
3 7096 7107 7108
3 7096 7108 7097
3 7097 7108 7109
3 7097 7109 7098
3 7098 7109 7110
3 7098 7110 7099
3 7099 7110 7111
3 7099 7111 7100
3 7100 7111 7112
3 7100 7112 7089
3 7089 7112 7101
3 7101 7113 7102
3 7102 7113 7114
3 7102 7114 7103
3 7103 7114 7115
3 7103 7115 7104
3 7104 7115 7116
3 7104 7116 7105
3 7105 7116 7117
3 7105 7117 7106
3 7106 7117 7118
3 7106 7118 7107
3 7107 7118 7119
3 7107 7119 7108
3 7108 7119 7120
3 7108 7120 7109
3 7109 7120 7121
3 7109 7121 7110
3 7110 7121 7122
3 7110 7122 7111
3 7111 7122 7123
3 7111 7123 7112
3 7112 7123 7124
3 7112 7124 7101
3 7101 7124 7113
3 7113 7125 7114
3 7114 7125 7126
3 7114 7126 7115
3 7115 7126 7127
3 7115 7127 7116
3 7116 7127 7128
3 7116 7128 7117
3 7117 7128 7129
3 7117 7129 7118
3 7118 7129 7130
3 7118 7130 7119
3 7119 7130 7131
3 7119 7131 7120
3 7120 7131 7132
3 7120 7132 7121
3 7121 7132 7133
3 7121 7133 7122
3 7122 7133 7134
3 7122 7134 7123
3 7123 7134 7135
3 7123 7135 7124
3 7124 7135 7136
3 7124 7136 7113
3 7113 7136 7125
3 7137 7126 7125
3 7137 7127 7126
3 7137 7128 7127
3 7137 7129 7128
3 7137 7130 7129
3 7137 7131 7130
3 7137 7132 7131
3 7137 7133 7132
3 7137 7134 7133
3 7137 7135 7134
3 7137 7136 7135
3 7137 7125 7136
3 7138 7139 7140
3 7138 7140 7141
3 7138 7141 7142
3 7138 7142 7143
3 7138 7143 7144
3 7138 7144 7145
3 7138 7145 7146
3 7138 7146 7147
3 7138 7147 7148
3 7138 7148 7149
3 7138 7149 7150
3 7138 7150 7139
3 7139 7151 7140
3 7140 7151 7152
3 7140 7152 7141
3 7141 7152 7153
3 7141 7153 7142
3 7142 7153 7154
3 7142 7154 7143
3 7143 7154 7155
3 7143 7155 7144
3 7144 7155 7156
3 7144 7156 7145
3 7145 7156 7157
3 7145 7157 7146
3 7146 7157 7158
3 7146 7158 7147
3 7147 7158 7159
3 7147 7159 7148
3 7148 7159 7160
3 7148 7160 7149
3 7149 7160 7161
3 7149 7161 7150
3 7150 7161 7162
3 7150 7162 7139
3 7139 7162 7151
3 7151 7163 7152
3 7152 7163 7164
3 7152 7164 7153
3 7153 7164 7165
3 7153 7165 7154
3 7154 7165 7166
3 7154 7166 7155
3 7155 7166 7167
3 7155 7167 7156
3 7156 7167 7168
3 7156 7168 7157
3 7157 7168 7169
3 7157 7169 7158
3 7158 7169 7170
3 7158 7170 7159
3 7159 7170 7171
3 7159 7171 7160
3 7160 7171 7172
3 7160 7172 7161
3 7161 7172 7173
3 7161 7173 7162
3 7162 7173 7174
3 7162 7174 7151
3 7151 7174 7163
3 7163 7175 7164
3 7164 7175 7176
3 7164 7176 7165
3 7165 7176 7177
3 7165 7177 7166
3 7166 7177 7178
3 7166 7178 7167
3 7167 7178 7179
3 7167 7179 7168
3 7168 7179 7180
3 7168 7180 7169
3 7169 7180 7181
3 7169 7181 7170
3 7170 7181 7182
3 7170 7182 7171
3 7171 7182 7183
3 7171 7183 7172
3 7172 7183 7184
3 7172 7184 7173
3 7173 7184 7185
3 7173 7185 7174
3 7174 7185 7186
3 7174 7186 7163
3 7163 7186 7175
3 7175 7187 7176
3 7176 7187 7188
3 7176 7188 7177
3 7177 7188 7189
3 7177 7189 7178
3 7178 7189 7190
3 7178 7190 7179
3 7179 7190 7191
3 7179 7191 7180
3 7180 7191 7192
3 7180 7192 7181
3 7181 7192 7193
3 7181 7193 7182
3 7182 7193 7194
3 7182 7194 7183
3 7183 7194 7195
3 7183 7195 7184
3 7184 7195 7196
3 7184 7196 7185
3 7185 7196 7197
3 7185 7197 7186
3 7186 7197 7198
3 7186 7198 7175
3 7175 7198 7187
3 7187 7199 7188
3 7188 7199 7200
3 7188 7200 7189
3 7189 7200 7201
3 7189 7201 7190
3 7190 7201 7202
3 7190 7202 7191
3 7191 7202 7203
3 7191 7203 7192
3 7192 7203 7204
3 7192 7204 7193
3 7193 7204 7205
3 7193 7205 7194
3 7194 7205 7206
3 7194 7206 7195
3 7195 7206 7207
3 7195 7207 7196
3 7196 7207 7208
3 7196 7208 7197
3 7197 7208 7209
3 7197 7209 7198
3 7198 7209 7210
3 7198 7210 7187
3 7187 7210 7199
3 7199 7211 7200
3 7200 7211 7212
3 7200 7212 7201
3 7201 7212 7213
3 7201 7213 7202
3 7202 7213 7214
3 7202 7214 7203
3 7203 7214 7215
3 7203 7215 7204
3 7204 7215 7216
3 7204 7216 7205
3 7205 7216 7217
3 7205 7217 7206
3 7206 7217 7218
3 7206 7218 7207
3 7207 7218 7219
3 7207 7219 7208
3 7208 7219 7220
3 7208 7220 7209
3 7209 7220 7221
3 7209 7221 7210
3 7210 7221 7222
3 7210 7222 7199
3 7199 7222 7211
3 7223 7212 7211
3 7223 7213 7212
3 7223 7214 7213
3 7223 7215 7214
3 7223 7216 7215
3 7223 7217 7216
3 7223 7218 7217
3 7223 7219 7218
3 7223 7220 7219
3 7223 7221 7220
3 7223 7222 7221
3 7223 7211 7222
3 7224 7225 7226
3 7224 7226 7227
3 7224 7227 7228
3 7224 7228 7229
3 7224 7229 7230
3 7224 7230 7231
3 7224 7231 7232
3 7224 7232 7233
3 7224 7233 7234
3 7224 7234 7235
3 7224 7235 7236
3 7224 7236 7225
3 7225 7237 7226
3 7226 7237 7238
3 7226 7238 7227
3 7227 7238 7239
3 7227 7239 7228
3 7228 7239 7240
3 7228 7240 7229
3 7229 7240 7241
3 7229 7241 7230
3 7230 7241 7242
3 7230 7242 7231
3 7231 7242 7243
3 7231 7243 7232
3 7232 7243 7244
3 7232 7244 7233
3 7233 7244 7245
3 7233 7245 7234
3 7234 7245 7246
3 7234 7246 7235
3 7235 7246 7247
3 7235 7247 7236
3 7236 7247 7248
3 7236 7248 7225
3 7225 7248 7237
3 7237 7249 7238
3 7238 7249 7250
3 7238 7250 7239
3 7239 7250 7251
3 7239 7251 7240
3 7240 7251 7252
3 7240 7252 7241
3 7241 7252 7253
3 7241 7253 7242
3 7242 7253 7254
3 7242 7254 7243
3 7243 7254 7255
3 7243 7255 7244
3 7244 7255 7256
3 7244 7256 7245
3 7245 7256 7257
3 7245 7257 7246
3 7246 7257 7258
3 7246 7258 7247
3 7247 7258 7259
3 7247 7259 7248
3 7248 7259 7260
3 7248 7260 7237
3 7237 7260 7249
3 7249 7261 7250
3 7250 7261 7262
3 7250 7262 7251
3 7251 7262 7263
3 7251 7263 7252
3 7252 7263 7264
3 7252 7264 7253
3 7253 7264 7265
3 7253 7265 7254
3 7254 7265 7266
3 7254 7266 7255
3 7255 7266 7267
3 7255 7267 7256
3 7256 7267 7268
3 7256 7268 7257
3 7257 7268 7269
3 7257 7269 7258
3 7258 7269 7270
3 7258 7270 7259
3 7259 7270 7271
3 7259 7271 7260
3 7260 7271 7272
3 7260 7272 7249
3 7249 7272 7261
3 7261 7273 7262
3 7262 7273 7274
3 7262 7274 7263
3 7263 7274 7275
3 7263 7275 7264
3 7264 7275 7276
3 7264 7276 7265
3 7265 7276 7277
3 7265 7277 7266
3 7266 7277 7278
3 7266 7278 7267
3 7267 7278 7279
3 7267 7279 7268
3 7268 7279 7280
3 7268 7280 7269
3 7269 7280 7281
3 7269 7281 7270
3 7270 7281 7282
3 7270 7282 7271
3 7271 7282 7283
3 7271 7283 7272
3 7272 7283 7284
3 7272 7284 7261
3 7261 7284 7273
3 7273 7285 7274
3 7274 7285 7286
3 7274 7286 7275
3 7275 7286 7287
3 7275 7287 7276
3 7276 7287 7288
3 7276 7288 7277
3 7277 7288 7289
3 7277 7289 7278
3 7278 7289 7290
3 7278 7290 7279
3 7279 7290 7291
3 7279 7291 7280
3 7280 7291 7292
3 7280 7292 7281
3 7281 7292 7293
3 7281 7293 7282
3 7282 7293 7294
3 7282 7294 7283
3 7283 7294 7295
3 7283 7295 7284
3 7284 7295 7296
3 7284 7296 7273
3 7273 7296 7285
3 7285 7297 7286
3 7286 7297 7298
3 7286 7298 7287
3 7287 7298 7299
3 7287 7299 7288
3 7288 7299 7300
3 7288 7300 7289
3 7289 7300 7301
3 7289 7301 7290
3 7290 7301 7302
3 7290 7302 7291
3 7291 7302 7303
3 7291 7303 7292
3 7292 7303 7304
3 7292 7304 7293
3 7293 7304 7305
3 7293 7305 7294
3 7294 7305 7306
3 7294 7306 7295
3 7295 7306 7307
3 7295 7307 7296
3 7296 7307 7308
3 7296 7308 7285
3 7285 7308 7297
3 7309 7298 7297
3 7309 7299 7298
3 7309 7300 7299
3 7309 7301 7300
3 7309 7302 7301
3 7309 7303 7302
3 7309 7304 7303
3 7309 7305 7304
3 7309 7306 7305
3 7309 7307 7306
3 7309 7308 7307
3 7309 7297 7308
3 7310 7311 7312
3 7310 7312 7313
3 7310 7313 7314
3 7310 7314 7315
3 7310 7315 7316
3 7310 7316 7317
3 7310 7317 7318
3 7310 7318 7319
3 7310 7319 7320
3 7310 7320 7321
3 7310 7321 7322
3 7310 7322 7311
3 7311 7323 7312
3 7312 7323 7324
3 7312 7324 7313
3 7313 7324 7325
3 7313 7325 7314
3 7314 7325 7326
3 7314 7326 7315
3 7315 7326 7327
3 7315 7327 7316
3 7316 7327 7328
3 7316 7328 7317
3 7317 7328 7329
3 7317 7329 7318
3 7318 7329 7330
3 7318 7330 7319
3 7319 7330 7331
3 7319 7331 7320
3 7320 7331 7332
3 7320 7332 7321
3 7321 7332 7333
3 7321 7333 7322
3 7322 7333 7334
3 7322 7334 7311
3 7311 7334 7323
3 7323 7335 7324
3 7324 7335 7336
3 7324 7336 7325
3 7325 7336 7337
3 7325 7337 7326
3 7326 7337 7338
3 7326 7338 7327
3 7327 7338 7339
3 7327 7339 7328
3 7328 7339 7340
3 7328 7340 7329
3 7329 7340 7341
3 7329 7341 7330
3 7330 7341 7342
3 7330 7342 7331
3 7331 7342 7343
3 7331 7343 7332
3 7332 7343 7344
3 7332 7344 7333
3 7333 7344 7345
3 7333 7345 7334
3 7334 7345 7346
3 7334 7346 7323
3 7323 7346 7335
3 7335 7347 7336
3 7336 7347 7348
3 7336 7348 7337
3 7337 7348 7349
3 7337 7349 7338
3 7338 7349 7350
3 7338 7350 7339
3 7339 7350 7351
3 7339 7351 7340
3 7340 7351 7352
3 7340 7352 7341
3 7341 7352 7353
3 7341 7353 7342
3 7342 7353 7354
3 7342 7354 7343
3 7343 7354 7355
3 7343 7355 7344
3 7344 7355 7356
3 7344 7356 7345
3 7345 7356 7357
3 7345 7357 7346
3 7346 7357 7358
3 7346 7358 7335
3 7335 7358 7347
3 7347 7359 7348
3 7348 7359 7360
3 7348 7360 7349
3 7349 7360 7361
3 7349 7361 7350
3 7350 7361 7362
3 7350 7362 7351
3 7351 7362 7363
3 7351 7363 7352
3 7352 7363 7364
3 7352 7364 7353
3 7353 7364 7365
3 7353 7365 7354
3 7354 7365 7366
3 7354 7366 7355
3 7355 7366 7367
3 7355 7367 7356
3 7356 7367 7368
3 7356 7368 7357
3 7357 7368 7369
3 7357 7369 7358
3 7358 7369 7370
3 7358 7370 7347
3 7347 7370 7359
3 7359 7371 7360
3 7360 7371 7372
3 7360 7372 7361
3 7361 7372 7373
3 7361 7373 7362
3 7362 7373 7374
3 7362 7374 7363
3 7363 7374 7375
3 7363 7375 7364
3 7364 7375 7376
3 7364 7376 7365
3 7365 7376 7377
3 7365 7377 7366
3 7366 7377 7378
3 7366 7378 7367
3 7367 7378 7379
3 7367 7379 7368
3 7368 7379 7380
3 7368 7380 7369
3 7369 7380 7381
3 7369 7381 7370
3 7370 7381 7382
3 7370 7382 7359
3 7359 7382 7371
3 7371 7383 7372
3 7372 7383 7384
3 7372 7384 7373
3 7373 7384 7385
3 7373 7385 7374
3 7374 7385 7386
3 7374 7386 7375
3 7375 7386 7387
3 7375 7387 7376
3 7376 7387 7388
3 7376 7388 7377
3 7377 7388 7389
3 7377 7389 7378
3 7378 7389 7390
3 7378 7390 7379
3 7379 7390 7391
3 7379 7391 7380
3 7380 7391 7392
3 7380 7392 7381
3 7381 7392 7393
3 7381 7393 7382
3 7382 7393 7394
3 7382 7394 7371
3 7371 7394 7383
3 7395 7384 7383
3 7395 7385 7384
3 7395 7386 7385
3 7395 7387 7386
3 7395 7388 7387
3 7395 7389 7388
3 7395 7390 7389
3 7395 7391 7390
3 7395 7392 7391
3 7395 7393 7392
3 7395 7394 7393
3 7395 7383 7394
3 7396 7397 7398
3 7396 7398 7399
3 7396 7399 7400
3 7396 7400 7401
3 7396 7401 7402
3 7396 7402 7403
3 7396 7403 7404
3 7396 7404 7405
3 7396 7405 7406
3 7396 7406 7407
3 7396 7407 7408
3 7396 7408 7397
3 7397 7409 7398
3 7398 7409 7410
3 7398 7410 7399
3 7399 7410 7411
3 7399 7411 7400
3 7400 7411 7412
3 7400 7412 7401
3 7401 7412 7413
3 7401 7413 7402
3 7402 7413 7414
3 7402 7414 7403
3 7403 7414 7415
3 7403 7415 7404
3 7404 7415 7416
3 7404 7416 7405
3 7405 7416 7417
3 7405 7417 7406
3 7406 7417 7418
3 7406 7418 7407
3 7407 7418 7419
3 7407 7419 7408
3 7408 7419 7420
3 7408 7420 7397
3 7397 7420 7409
3 7409 7421 7410
3 7410 7421 7422
3 7410 7422 7411
3 7411 7422 7423
3 7411 7423 7412
3 7412 7423 7424
3 7412 7424 7413
3 7413 7424 7425
3 7413 7425 7414
3 7414 7425 7426
3 7414 7426 7415
3 7415 7426 7427
3 7415 7427 7416
3 7416 7427 7428
3 7416 7428 7417
3 7417 7428 7429
3 7417 7429 7418
3 7418 7429 7430
3 7418 7430 7419
3 7419 7430 7431
3 7419 7431 7420
3 7420 7431 7432
3 7420 7432 7409
3 7409 7432 7421
3 7421 7433 7422
3 7422 7433 7434
3 7422 7434 7423
3 7423 7434 7435
3 7423 7435 7424
3 7424 7435 7436
3 7424 7436 7425
3 7425 7436 7437
3 7425 7437 7426
3 7426 7437 7438
3 7426 7438 7427
3 7427 7438 7439
3 7427 7439 7428
3 7428 7439 7440
3 7428 7440 7429
3 7429 7440 7441
3 7429 7441 7430
3 7430 7441 7442
3 7430 7442 7431
3 7431 7442 7443
3 7431 7443 7432
3 7432 7443 7444
3 7432 7444 7421
3 7421 7444 7433
3 7433 7445 7434
3 7434 7445 7446
3 7434 7446 7435
3 7435 7446 7447
3 7435 7447 7436
3 7436 7447 7448
3 7436 7448 7437
3 7437 7448 7449
3 7437 7449 7438
3 7438 7449 7450
3 7438 7450 7439
3 7439 7450 7451
3 7439 7451 7440
3 7440 7451 7452
3 7440 7452 7441
3 7441 7452 7453
3 7441 7453 7442
3 7442 7453 7454
3 7442 7454 7443
3 7443 7454 7455
3 7443 7455 7444
3 7444 7455 7456
3 7444 7456 7433
3 7433 7456 7445
3 7445 7457 7446
3 7446 7457 7458
3 7446 7458 7447
3 7447 7458 7459
3 7447 7459 7448
3 7448 7459 7460
3 7448 7460 7449
3 7449 7460 7461
3 7449 7461 7450
3 7450 7461 7462
3 7450 7462 7451
3 7451 7462 7463
3 7451 7463 7452
3 7452 7463 7464
3 7452 7464 7453
3 7453 7464 7465
3 7453 7465 7454
3 7454 7465 7466
3 7454 7466 7455
3 7455 7466 7467
3 7455 7467 7456
3 7456 7467 7468
3 7456 7468 7445
3 7445 7468 7457
3 7457 7469 7458
3 7458 7469 7470
3 7458 7470 7459
3 7459 7470 7471
3 7459 7471 7460
3 7460 7471 7472
3 7460 7472 7461
3 7461 7472 7473
3 7461 7473 7462
3 7462 7473 7474
3 7462 7474 7463
3 7463 7474 7475
3 7463 7475 7464
3 7464 7475 7476
3 7464 7476 7465
3 7465 7476 7477
3 7465 7477 7466
3 7466 7477 7478
3 7466 7478 7467
3 7467 7478 7479
3 7467 7479 7468
3 7468 7479 7480
3 7468 7480 7457
3 7457 7480 7469
3 7481 7470 7469
3 7481 7471 7470
3 7481 7472 7471
3 7481 7473 7472
3 7481 7474 7473
3 7481 7475 7474
3 7481 7476 7475
3 7481 7477 7476
3 7481 7478 7477
3 7481 7479 7478
3 7481 7480 7479
3 7481 7469 7480
3 7482 7483 7484
3 7482 7484 7485
3 7482 7485 7486
3 7482 7486 7487
3 7482 7487 7488
3 7482 7488 7489
3 7482 7489 7490
3 7482 7490 7491
3 7482 7491 7492
3 7482 7492 7493
3 7482 7493 7494
3 7482 7494 7483
3 7483 7495 7484
3 7484 7495 7496
3 7484 7496 7485
3 7485 7496 7497
3 7485 7497 7486
3 7486 7497 7498
3 7486 7498 7487
3 7487 7498 7499
3 7487 7499 7488
3 7488 7499 7500
3 7488 7500 7489
3 7489 7500 7501
3 7489 7501 7490
3 7490 7501 7502
3 7490 7502 7491
3 7491 7502 7503
3 7491 7503 7492
3 7492 7503 7504
3 7492 7504 7493
3 7493 7504 7505
3 7493 7505 7494
3 7494 7505 7506
3 7494 7506 7483
3 7483 7506 7495
3 7495 7507 7496
3 7496 7507 7508
3 7496 7508 7497
3 7497 7508 7509
3 7497 7509 7498
3 7498 7509 7510
3 7498 7510 7499
3 7499 7510 7511
3 7499 7511 7500
3 7500 7511 7512
3 7500 7512 7501
3 7501 7512 7513
3 7501 7513 7502
3 7502 7513 7514
3 7502 7514 7503
3 7503 7514 7515
3 7503 7515 7504
3 7504 7515 7516
3 7504 7516 7505
3 7505 7516 7517
3 7505 7517 7506
3 7506 7517 7518
3 7506 7518 7495
3 7495 7518 7507
3 7507 7519 7508
3 7508 7519 7520
3 7508 7520 7509
3 7509 7520 7521
3 7509 7521 7510
3 7510 7521 7522
3 7510 7522 7511
3 7511 7522 7523
3 7511 7523 7512
3 7512 7523 7524
3 7512 7524 7513
3 7513 7524 7525
3 7513 7525 7514
3 7514 7525 7526
3 7514 7526 7515
3 7515 7526 7527
3 7515 7527 7516
3 7516 7527 7528
3 7516 7528 7517
3 7517 7528 7529
3 7517 7529 7518
3 7518 7529 7530
3 7518 7530 7507
3 7507 7530 7519
3 7519 7531 7520
3 7520 7531 7532
3 7520 7532 7521
3 7521 7532 7533
3 7521 7533 7522
3 7522 7533 7534
3 7522 7534 7523
3 7523 7534 7535
3 7523 7535 7524
3 7524 7535 7536
3 7524 7536 7525
3 7525 7536 7537
3 7525 7537 7526
3 7526 7537 7538
3 7526 7538 7527
3 7527 7538 7539
3 7527 7539 7528
3 7528 7539 7540
3 7528 7540 7529
3 7529 7540 7541
3 7529 7541 7530
3 7530 7541 7542
3 7530 7542 7519
3 7519 7542 7531
3 7531 7543 7532
3 7532 7543 7544
3 7532 7544 7533
3 7533 7544 7545
3 7533 7545 7534
3 7534 7545 7546
3 7534 7546 7535
3 7535 7546 7547
3 7535 7547 7536
3 7536 7547 7548
3 7536 7548 7537
3 7537 7548 7549
3 7537 7549 7538
3 7538 7549 7550
3 7538 7550 7539
3 7539 7550 7551
3 7539 7551 7540
3 7540 7551 7552
3 7540 7552 7541
3 7541 7552 7553
3 7541 7553 7542
3 7542 7553 7554
3 7542 7554 7531
3 7531 7554 7543
3 7543 7555 7544
3 7544 7555 7556
3 7544 7556 7545
3 7545 7556 7557
3 7545 7557 7546
3 7546 7557 7558
3 7546 7558 7547
3 7547 7558 7559
3 7547 7559 7548
3 7548 7559 7560
3 7548 7560 7549
3 7549 7560 7561
3 7549 7561 7550
3 7550 7561 7562
3 7550 7562 7551
3 7551 7562 7563
3 7551 7563 7552
3 7552 7563 7564
3 7552 7564 7553
3 7553 7564 7565
3 7553 7565 7554
3 7554 7565 7566
3 7554 7566 7543
3 7543 7566 7555
3 7567 7556 7555
3 7567 7557 7556
3 7567 7558 7557
3 7567 7559 7558
3 7567 7560 7559
3 7567 7561 7560
3 7567 7562 7561
3 7567 7563 7562
3 7567 7564 7563
3 7567 7565 7564
3 7567 7566 7565
3 7567 7555 7566
3 7568 7569 7570
3 7568 7570 7571
3 7568 7571 7572
3 7568 7572 7573
3 7568 7573 7574
3 7568 7574 7575
3 7568 7575 7576
3 7568 7576 7577
3 7568 7577 7578
3 7568 7578 7579
3 7568 7579 7580
3 7568 7580 7569
3 7569 7581 7570
3 7570 7581 7582
3 7570 7582 7571
3 7571 7582 7583
3 7571 7583 7572
3 7572 7583 7584
3 7572 7584 7573
3 7573 7584 7585
3 7573 7585 7574
3 7574 7585 7586
3 7574 7586 7575
3 7575 7586 7587
3 7575 7587 7576
3 7576 7587 7588
3 7576 7588 7577
3 7577 7588 7589
3 7577 7589 7578
3 7578 7589 7590
3 7578 7590 7579
3 7579 7590 7591
3 7579 7591 7580
3 7580 7591 7592
3 7580 7592 7569
3 7569 7592 7581
3 7581 7593 7582
3 7582 7593 7594
3 7582 7594 7583
3 7583 7594 7595
3 7583 7595 7584
3 7584 7595 7596
3 7584 7596 7585
3 7585 7596 7597
3 7585 7597 7586
3 7586 7597 7598
3 7586 7598 7587
3 7587 7598 7599
3 7587 7599 7588
3 7588 7599 7600
3 7588 7600 7589
3 7589 7600 7601
3 7589 7601 7590
3 7590 7601 7602
3 7590 7602 7591
3 7591 7602 7603
3 7591 7603 7592
3 7592 7603 7604
3 7592 7604 7581
3 7581 7604 7593
3 7593 7605 7594
3 7594 7605 7606
3 7594 7606 7595
3 7595 7606 7607
3 7595 7607 7596
3 7596 7607 7608
3 7596 7608 7597
3 7597 7608 7609
3 7597 7609 7598
3 7598 7609 7610
3 7598 7610 7599
3 7599 7610 7611
3 7599 7611 7600
3 7600 7611 7612
3 7600 7612 7601
3 7601 7612 7613
3 7601 7613 7602
3 7602 7613 7614
3 7602 7614 7603
3 7603 7614 7615
3 7603 7615 7604
3 7604 7615 7616
3 7604 7616 7593
3 7593 7616 7605
3 7605 7617 7606
3 7606 7617 7618
3 7606 7618 7607
3 7607 7618 7619
3 7607 7619 7608
3 7608 7619 7620
3 7608 7620 7609
3 7609 7620 7621
3 7609 7621 7610
3 7610 7621 7622
3 7610 7622 7611
3 7611 7622 7623
3 7611 7623 7612
3 7612 7623 7624
3 7612 7624 7613
3 7613 7624 7625
3 7613 7625 7614
3 7614 7625 7626
3 7614 7626 7615
3 7615 7626 7627
3 7615 7627 7616
3 7616 7627 7628
3 7616 7628 7605
3 7605 7628 7617
3 7617 7629 7618
3 7618 7629 7630
3 7618 7630 7619
3 7619 7630 7631
3 7619 7631 7620
3 7620 7631 7632
3 7620 7632 7621
3 7621 7632 7633
3 7621 7633 7622
3 7622 7633 7634
3 7622 7634 7623
3 7623 7634 7635
3 7623 7635 7624
3 7624 7635 7636
3 7624 7636 7625
3 7625 7636 7637
3 7625 7637 7626
3 7626 7637 7638
3 7626 7638 7627
3 7627 7638 7639
3 7627 7639 7628
3 7628 7639 7640
3 7628 7640 7617
3 7617 7640 7629
3 7629 7641 7630
3 7630 7641 7642
3 7630 7642 7631
3 7631 7642 7643
3 7631 7643 7632
3 7632 7643 7644
3 7632 7644 7633
3 7633 7644 7645
3 7633 7645 7634
3 7634 7645 7646
3 7634 7646 7635
3 7635 7646 7647
3 7635 7647 7636
3 7636 7647 7648
3 7636 7648 7637
3 7637 7648 7649
3 7637 7649 7638
3 7638 7649 7650
3 7638 7650 7639
3 7639 7650 7651
3 7639 7651 7640
3 7640 7651 7652
3 7640 7652 7629
3 7629 7652 7641
3 7653 7642 7641
3 7653 7643 7642
3 7653 7644 7643
3 7653 7645 7644
3 7653 7646 7645
3 7653 7647 7646
3 7653 7648 7647
3 7653 7649 7648
3 7653 7650 7649
3 7653 7651 7650
3 7653 7652 7651
3 7653 7641 7652
3 7654 7655 7656
3 7654 7656 7657
3 7654 7657 7658
3 7654 7658 7659
3 7654 7659 7660
3 7654 7660 7661
3 7654 7661 7662
3 7654 7662 7663
3 7654 7663 7664
3 7654 7664 7665
3 7654 7665 7666
3 7654 7666 7655
3 7655 7667 7656
3 7656 7667 7668
3 7656 7668 7657
3 7657 7668 7669
3 7657 7669 7658
3 7658 7669 7670
3 7658 7670 7659
3 7659 7670 7671
3 7659 7671 7660
3 7660 7671 7672
3 7660 7672 7661
3 7661 7672 7673
3 7661 7673 7662
3 7662 7673 7674
3 7662 7674 7663
3 7663 7674 7675
3 7663 7675 7664
3 7664 7675 7676
3 7664 7676 7665
3 7665 7676 7677
3 7665 7677 7666
3 7666 7677 7678
3 7666 7678 7655
3 7655 7678 7667
3 7667 7679 7668
3 7668 7679 7680
3 7668 7680 7669
3 7669 7680 7681
3 7669 7681 7670
3 7670 7681 7682
3 7670 7682 7671
3 7671 7682 7683
3 7671 7683 7672
3 7672 7683 7684
3 7672 7684 7673
3 7673 7684 7685
3 7673 7685 7674
3 7674 7685 7686
3 7674 7686 7675
3 7675 7686 7687
3 7675 7687 7676
3 7676 7687 7688
3 7676 7688 7677
3 7677 7688 7689
3 7677 7689 7678
3 7678 7689 7690
3 7678 7690 7667
3 7667 7690 7679
3 7679 7691 7680
3 7680 7691 7692
3 7680 7692 7681
3 7681 7692 7693
3 7681 7693 7682
3 7682 7693 7694
3 7682 7694 7683
3 7683 7694 7695
3 7683 7695 7684
3 7684 7695 7696
3 7684 7696 7685
3 7685 7696 7697
3 7685 7697 7686
3 7686 7697 7698
3 7686 7698 7687
3 7687 7698 7699
3 7687 7699 7688
3 7688 7699 7700
3 7688 7700 7689
3 7689 7700 7701
3 7689 7701 7690
3 7690 7701 7702
3 7690 7702 7679
3 7679 7702 7691
3 7691 7703 7692
3 7692 7703 7704
3 7692 7704 7693
3 7693 7704 7705
3 7693 7705 7694
3 7694 7705 7706
3 7694 7706 7695
3 7695 7706 7707
3 7695 7707 7696
3 7696 7707 7708
3 7696 7708 7697
3 7697 7708 7709
3 7697 7709 7698
3 7698 7709 7710
3 7698 7710 7699
3 7699 7710 7711
3 7699 7711 7700
3 7700 7711 7712
3 7700 7712 7701
3 7701 7712 7713
3 7701 7713 7702
3 7702 7713 7714
3 7702 7714 7691
3 7691 7714 7703
3 7703 7715 7704
3 7704 7715 7716
3 7704 7716 7705
3 7705 7716 7717
3 7705 7717 7706
3 7706 7717 7718
3 7706 7718 7707
3 7707 7718 7719
3 7707 7719 7708
3 7708 7719 7720
3 7708 7720 7709
3 7709 7720 7721
3 7709 7721 7710
3 7710 7721 7722
3 7710 7722 7711
3 7711 7722 7723
3 7711 7723 7712
3 7712 7723 7724
3 7712 7724 7713
3 7713 7724 7725
3 7713 7725 7714
3 7714 7725 7726
3 7714 7726 7703
3 7703 7726 7715
3 7715 7727 7716
3 7716 7727 7728
3 7716 7728 7717
3 7717 7728 7729
3 7717 7729 7718
3 7718 7729 7730
3 7718 7730 7719
3 7719 7730 7731
3 7719 7731 7720
3 7720 7731 7732
3 7720 7732 7721
3 7721 7732 7733
3 7721 7733 7722
3 7722 7733 7734
3 7722 7734 7723
3 7723 7734 7735
3 7723 7735 7724
3 7724 7735 7736
3 7724 7736 7725
3 7725 7736 7737
3 7725 7737 7726
3 7726 7737 7738
3 7726 7738 7715
3 7715 7738 7727
3 7739 7728 7727
3 7739 7729 7728
3 7739 7730 7729
3 7739 7731 7730
3 7739 7732 7731
3 7739 7733 7732
3 7739 7734 7733
3 7739 7735 7734
3 7739 7736 7735
3 7739 7737 7736
3 7739 7738 7737
3 7739 7727 7738
3 7740 7741 7742
3 7740 7742 7743
3 7740 7743 7744
3 7740 7744 7745
3 7740 7745 7746
3 7740 7746 7747
3 7740 7747 7748
3 7740 7748 7749
3 7740 7749 7750
3 7740 7750 7751
3 7740 7751 7752
3 7740 7752 7741
3 7741 7753 7742
3 7742 7753 7754
3 7742 7754 7743
3 7743 7754 7755
3 7743 7755 7744
3 7744 7755 7756
3 7744 7756 7745
3 7745 7756 7757
3 7745 7757 7746
3 7746 7757 7758
3 7746 7758 7747
3 7747 7758 7759
3 7747 7759 7748
3 7748 7759 7760
3 7748 7760 7749
3 7749 7760 7761
3 7749 7761 7750
3 7750 7761 7762
3 7750 7762 7751
3 7751 7762 7763
3 7751 7763 7752
3 7752 7763 7764
3 7752 7764 7741
3 7741 7764 7753
3 7753 7765 7754
3 7754 7765 7766
3 7754 7766 7755
3 7755 7766 7767
3 7755 7767 7756
3 7756 7767 7768
3 7756 7768 7757
3 7757 7768 7769
3 7757 7769 7758
3 7758 7769 7770
3 7758 7770 7759
3 7759 7770 7771
3 7759 7771 7760
3 7760 7771 7772
3 7760 7772 7761
3 7761 7772 7773
3 7761 7773 7762
3 7762 7773 7774
3 7762 7774 7763
3 7763 7774 7775
3 7763 7775 7764
3 7764 7775 7776
3 7764 7776 7753
3 7753 7776 7765
3 7765 7777 7766
3 7766 7777 7778
3 7766 7778 7767
3 7767 7778 7779
3 7767 7779 7768
3 7768 7779 7780
3 7768 7780 7769
3 7769 7780 7781
3 7769 7781 7770
3 7770 7781 7782
3 7770 7782 7771
3 7771 7782 7783
3 7771 7783 7772
3 7772 7783 7784
3 7772 7784 7773
3 7773 7784 7785
3 7773 7785 7774
3 7774 7785 7786
3 7774 7786 7775
3 7775 7786 7787
3 7775 7787 7776
3 7776 7787 7788
3 7776 7788 7765
3 7765 7788 7777
3 7777 7789 7778
3 7778 7789 7790
3 7778 7790 7779
3 7779 7790 7791
3 7779 7791 7780
3 7780 7791 7792
3 7780 7792 7781
3 7781 7792 7793
3 7781 7793 7782
3 7782 7793 7794
3 7782 7794 7783
3 7783 7794 7795
3 7783 7795 7784
3 7784 7795 7796
3 7784 7796 7785
3 7785 7796 7797
3 7785 7797 7786
3 7786 7797 7798
3 7786 7798 7787
3 7787 7798 7799
3 7787 7799 7788
3 7788 7799 7800
3 7788 7800 7777
3 7777 7800 7789
3 7789 7801 7790
3 7790 7801 7802
3 7790 7802 7791
3 7791 7802 7803
3 7791 7803 7792
3 7792 7803 7804
3 7792 7804 7793
3 7793 7804 7805
3 7793 7805 7794
3 7794 7805 7806
3 7794 7806 7795
3 7795 7806 7807
3 7795 7807 7796
3 7796 7807 7808
3 7796 7808 7797
3 7797 7808 7809
3 7797 7809 7798
3 7798 7809 7810
3 7798 7810 7799
3 7799 7810 7811
3 7799 7811 7800
3 7800 7811 7812
3 7800 7812 7789
3 7789 7812 7801
3 7801 7813 7802
3 7802 7813 7814
3 7802 7814 7803
3 7803 7814 7815
3 7803 7815 7804
3 7804 7815 7816
3 7804 7816 7805
3 7805 7816 7817
3 7805 7817 7806
3 7806 7817 7818
3 7806 7818 7807
3 7807 7818 7819
3 7807 7819 7808
3 7808 7819 7820
3 7808 7820 7809
3 7809 7820 7821
3 7809 7821 7810
3 7810 7821 7822
3 7810 7822 7811
3 7811 7822 7823
3 7811 7823 7812
3 7812 7823 7824
3 7812 7824 7801
3 7801 7824 7813
3 7825 7814 7813
3 7825 7815 7814
3 7825 7816 7815
3 7825 7817 7816
3 7825 7818 7817
3 7825 7819 7818
3 7825 7820 7819
3 7825 7821 7820
3 7825 7822 7821
3 7825 7823 7822
3 7825 7824 7823
3 7825 7813 7824
3 7826 7827 7828
3 7826 7828 7829
3 7826 7829 7830
3 7826 7830 7831
3 7826 7831 7832
3 7826 7832 7833
3 7826 7833 7834
3 7826 7834 7835
3 7826 7835 7836
3 7826 7836 7837
3 7826 7837 7838
3 7826 7838 7827
3 7827 7839 7828
3 7828 7839 7840
3 7828 7840 7829
3 7829 7840 7841
3 7829 7841 7830
3 7830 7841 7842
3 7830 7842 7831
3 7831 7842 7843
3 7831 7843 7832
3 7832 7843 7844
3 7832 7844 7833
3 7833 7844 7845
3 7833 7845 7834
3 7834 7845 7846
3 7834 7846 7835
3 7835 7846 7847
3 7835 7847 7836
3 7836 7847 7848
3 7836 7848 7837
3 7837 7848 7849
3 7837 7849 7838
3 7838 7849 7850
3 7838 7850 7827
3 7827 7850 7839
3 7839 7851 7840
3 7840 7851 7852
3 7840 7852 7841
3 7841 7852 7853
3 7841 7853 7842
3 7842 7853 7854
3 7842 7854 7843
3 7843 7854 7855
3 7843 7855 7844
3 7844 7855 7856
3 7844 7856 7845
3 7845 7856 7857
3 7845 7857 7846
3 7846 7857 7858
3 7846 7858 7847
3 7847 7858 7859
3 7847 7859 7848
3 7848 7859 7860
3 7848 7860 7849
3 7849 7860 7861
3 7849 7861 7850
3 7850 7861 7862
3 7850 7862 7839
3 7839 7862 7851
3 7851 7863 7852
3 7852 7863 7864
3 7852 7864 7853
3 7853 7864 7865
3 7853 7865 7854
3 7854 7865 7866
3 7854 7866 7855
3 7855 7866 7867
3 7855 7867 7856
3 7856 7867 7868
3 7856 7868 7857
3 7857 7868 7869
3 7857 7869 7858
3 7858 7869 7870
3 7858 7870 7859
3 7859 7870 7871
3 7859 7871 7860
3 7860 7871 7872
3 7860 7872 7861
3 7861 7872 7873
3 7861 7873 7862
3 7862 7873 7874
3 7862 7874 7851
3 7851 7874 7863
3 7863 7875 7864
3 7864 7875 7876
3 7864 7876 7865
3 7865 7876 7877
3 7865 7877 7866
3 7866 7877 7878
3 7866 7878 7867
3 7867 7878 7879
3 7867 7879 7868
3 7868 7879 7880
3 7868 7880 7869
3 7869 7880 7881
3 7869 7881 7870
3 7870 7881 7882
3 7870 7882 7871
3 7871 7882 7883
3 7871 7883 7872
3 7872 7883 7884
3 7872 7884 7873
3 7873 7884 7885
3 7873 7885 7874
3 7874 7885 7886
3 7874 7886 7863
3 7863 7886 7875
3 7875 7887 7876
3 7876 7887 7888
3 7876 7888 7877
3 7877 7888 7889
3 7877 7889 7878
3 7878 7889 7890
3 7878 7890 7879
3 7879 7890 7891
3 7879 7891 7880
3 7880 7891 7892
3 7880 7892 7881
3 7881 7892 7893
3 7881 7893 7882
3 7882 7893 7894
3 7882 7894 7883
3 7883 7894 7895
3 7883 7895 7884
3 7884 7895 7896
3 7884 7896 7885
3 7885 7896 7897
3 7885 7897 7886
3 7886 7897 7898
3 7886 7898 7875
3 7875 7898 7887
3 7887 7899 7888
3 7888 7899 7900
3 7888 7900 7889
3 7889 7900 7901
3 7889 7901 7890
3 7890 7901 7902
3 7890 7902 7891
3 7891 7902 7903
3 7891 7903 7892
3 7892 7903 7904
3 7892 7904 7893
3 7893 7904 7905
3 7893 7905 7894
3 7894 7905 7906
3 7894 7906 7895
3 7895 7906 7907
3 7895 7907 7896
3 7896 7907 7908
3 7896 7908 7897
3 7897 7908 7909
3 7897 7909 7898
3 7898 7909 7910
3 7898 7910 7887
3 7887 7910 7899
3 7911 7900 7899
3 7911 7901 7900
3 7911 7902 7901
3 7911 7903 7902
3 7911 7904 7903
3 7911 7905 7904
3 7911 7906 7905
3 7911 7907 7906
3 7911 7908 7907
3 7911 7909 7908
3 7911 7910 7909
3 7911 7899 7910
3 7912 7913 7914
3 7912 7914 7915
3 7912 7915 7916
3 7912 7916 7917
3 7912 7917 7918
3 7912 7918 7919
3 7912 7919 7920
3 7912 7920 7921
3 7912 7921 7922
3 7912 7922 7923
3 7912 7923 7924
3 7912 7924 7913
3 7913 7925 7914
3 7914 7925 7926
3 7914 7926 7915
3 7915 7926 7927
3 7915 7927 7916
3 7916 7927 7928
3 7916 7928 7917
3 7917 7928 7929
3 7917 7929 7918
3 7918 7929 7930
3 7918 7930 7919
3 7919 7930 7931
3 7919 7931 7920
3 7920 7931 7932
3 7920 7932 7921
3 7921 7932 7933
3 7921 7933 7922
3 7922 7933 7934
3 7922 7934 7923
3 7923 7934 7935
3 7923 7935 7924
3 7924 7935 7936
3 7924 7936 7913
3 7913 7936 7925
3 7925 7937 7926
3 7926 7937 7938
3 7926 7938 7927
3 7927 7938 7939
3 7927 7939 7928
3 7928 7939 7940
3 7928 7940 7929
3 7929 7940 7941
3 7929 7941 7930
3 7930 7941 7942
3 7930 7942 7931
3 7931 7942 7943
3 7931 7943 7932
3 7932 7943 7944
3 7932 7944 7933
3 7933 7944 7945
3 7933 7945 7934
3 7934 7945 7946
3 7934 7946 7935
3 7935 7946 7947
3 7935 7947 7936
3 7936 7947 7948
3 7936 7948 7925
3 7925 7948 7937
3 7937 7949 7938
3 7938 7949 7950
3 7938 7950 7939
3 7939 7950 7951
3 7939 7951 7940
3 7940 7951 7952
3 7940 7952 7941
3 7941 7952 7953
3 7941 7953 7942
3 7942 7953 7954
3 7942 7954 7943
3 7943 7954 7955
3 7943 7955 7944
3 7944 7955 7956
3 7944 7956 7945
3 7945 7956 7957
3 7945 7957 7946
3 7946 7957 7958
3 7946 7958 7947
3 7947 7958 7959
3 7947 7959 7948
3 7948 7959 7960
3 7948 7960 7937
3 7937 7960 7949
3 7949 7961 7950
3 7950 7961 7962
3 7950 7962 7951
3 7951 7962 7963
3 7951 7963 7952
3 7952 7963 7964
3 7952 7964 7953
3 7953 7964 7965
3 7953 7965 7954
3 7954 7965 7966
3 7954 7966 7955
3 7955 7966 7967
3 7955 7967 7956
3 7956 7967 7968
3 7956 7968 7957
3 7957 7968 7969
3 7957 7969 7958
3 7958 7969 7970
3 7958 7970 7959
3 7959 7970 7971
3 7959 7971 7960
3 7960 7971 7972
3 7960 7972 7949
3 7949 7972 7961
3 7961 7973 7962
3 7962 7973 7974
3 7962 7974 7963
3 7963 7974 7975
3 7963 7975 7964
3 7964 7975 7976
3 7964 7976 7965
3 7965 7976 7977
3 7965 7977 7966
3 7966 7977 7978
3 7966 7978 7967
3 7967 7978 7979
3 7967 7979 7968
3 7968 7979 7980
3 7968 7980 7969
3 7969 7980 7981
3 7969 7981 7970
3 7970 7981 7982
3 7970 7982 7971
3 7971 7982 7983
3 7971 7983 7972
3 7972 7983 7984
3 7972 7984 7961
3 7961 7984 7973
3 7973 7985 7974
3 7974 7985 7986
3 7974 7986 7975
3 7975 7986 7987
3 7975 7987 7976
3 7976 7987 7988
3 7976 7988 7977
3 7977 7988 7989
3 7977 7989 7978
3 7978 7989 7990
3 7978 7990 7979
3 7979 7990 7991
3 7979 7991 7980
3 7980 7991 7992
3 7980 7992 7981
3 7981 7992 7993
3 7981 7993 7982
3 7982 7993 7994
3 7982 7994 7983
3 7983 7994 7995
3 7983 7995 7984
3 7984 7995 7996
3 7984 7996 7973
3 7973 7996 7985
3 7997 7986 7985
3 7997 7987 7986
3 7997 7988 7987
3 7997 7989 7988
3 7997 7990 7989
3 7997 7991 7990
3 7997 7992 7991
3 7997 7993 7992
3 7997 7994 7993
3 7997 7995 7994
3 7997 7996 7995
3 7997 7985 7996
3 7998 7999 8000
3 7998 8000 8001
3 7998 8001 8002
3 7998 8002 8003
3 7998 8003 8004
3 7998 8004 8005
3 7998 8005 8006
3 7998 8006 8007
3 7998 8007 8008
3 7998 8008 8009
3 7998 8009 8010
3 7998 8010 7999
3 7999 8011 8000
3 8000 8011 8012
3 8000 8012 8001
3 8001 8012 8013
3 8001 8013 8002
3 8002 8013 8014
3 8002 8014 8003
3 8003 8014 8015
3 8003 8015 8004
3 8004 8015 8016
3 8004 8016 8005
3 8005 8016 8017
3 8005 8017 8006
3 8006 8017 8018
3 8006 8018 8007
3 8007 8018 8019
3 8007 8019 8008
3 8008 8019 8020
3 8008 8020 8009
3 8009 8020 8021
3 8009 8021 8010
3 8010 8021 8022
3 8010 8022 7999
3 7999 8022 8011
3 8011 8023 8012
3 8012 8023 8024
3 8012 8024 8013
3 8013 8024 8025
3 8013 8025 8014
3 8014 8025 8026
3 8014 8026 8015
3 8015 8026 8027
3 8015 8027 8016
3 8016 8027 8028
3 8016 8028 8017
3 8017 8028 8029
3 8017 8029 8018
3 8018 8029 8030
3 8018 8030 8019
3 8019 8030 8031
3 8019 8031 8020
3 8020 8031 8032
3 8020 8032 8021
3 8021 8032 8033
3 8021 8033 8022
3 8022 8033 8034
3 8022 8034 8011
3 8011 8034 8023
3 8023 8035 8024
3 8024 8035 8036
3 8024 8036 8025
3 8025 8036 8037
3 8025 8037 8026
3 8026 8037 8038
3 8026 8038 8027
3 8027 8038 8039
3 8027 8039 8028
3 8028 8039 8040
3 8028 8040 8029
3 8029 8040 8041
3 8029 8041 8030
3 8030 8041 8042
3 8030 8042 8031
3 8031 8042 8043
3 8031 8043 8032
3 8032 8043 8044
3 8032 8044 8033
3 8033 8044 8045
3 8033 8045 8034
3 8034 8045 8046
3 8034 8046 8023
3 8023 8046 8035
3 8035 8047 8036
3 8036 8047 8048
3 8036 8048 8037
3 8037 8048 8049
3 8037 8049 8038
3 8038 8049 8050
3 8038 8050 8039
3 8039 8050 8051
3 8039 8051 8040
3 8040 8051 8052
3 8040 8052 8041
3 8041 8052 8053
3 8041 8053 8042
3 8042 8053 8054
3 8042 8054 8043
3 8043 8054 8055
3 8043 8055 8044
3 8044 8055 8056
3 8044 8056 8045
3 8045 8056 8057
3 8045 8057 8046
3 8046 8057 8058
3 8046 8058 8035
3 8035 8058 8047
3 8047 8059 8048
3 8048 8059 8060
3 8048 8060 8049
3 8049 8060 8061
3 8049 8061 8050
3 8050 8061 8062
3 8050 8062 8051
3 8051 8062 8063
3 8051 8063 8052
3 8052 8063 8064
3 8052 8064 8053
3 8053 8064 8065
3 8053 8065 8054
3 8054 8065 8066
3 8054 8066 8055
3 8055 8066 8067
3 8055 8067 8056
3 8056 8067 8068
3 8056 8068 8057
3 8057 8068 8069
3 8057 8069 8058
3 8058 8069 8070
3 8058 8070 8047
3 8047 8070 8059
3 8059 8071 8060
3 8060 8071 8072
3 8060 8072 8061
3 8061 8072 8073
3 8061 8073 8062
3 8062 8073 8074
3 8062 8074 8063
3 8063 8074 8075
3 8063 8075 8064
3 8064 8075 8076
3 8064 8076 8065
3 8065 8076 8077
3 8065 8077 8066
3 8066 8077 8078
3 8066 8078 8067
3 8067 8078 8079
3 8067 8079 8068
3 8068 8079 8080
3 8068 8080 8069
3 8069 8080 8081
3 8069 8081 8070
3 8070 8081 8082
3 8070 8082 8059
3 8059 8082 8071
3 8083 8072 8071
3 8083 8073 8072
3 8083 8074 8073
3 8083 8075 8074
3 8083 8076 8075
3 8083 8077 8076
3 8083 8078 8077
3 8083 8079 8078
3 8083 8080 8079
3 8083 8081 8080
3 8083 8082 8081
3 8083 8071 8082
3 8084 8085 8086
3 8084 8086 8087
3 8084 8087 8088
3 8084 8088 8089
3 8084 8089 8090
3 8084 8090 8091
3 8084 8091 8092
3 8084 8092 8093
3 8084 8093 8094
3 8084 8094 8095
3 8084 8095 8096
3 8084 8096 8085
3 8085 8097 8086
3 8086 8097 8098
3 8086 8098 8087
3 8087 8098 8099
3 8087 8099 8088
3 8088 8099 8100
3 8088 8100 8089
3 8089 8100 8101
3 8089 8101 8090
3 8090 8101 8102
3 8090 8102 8091
3 8091 8102 8103
3 8091 8103 8092
3 8092 8103 8104
3 8092 8104 8093
3 8093 8104 8105
3 8093 8105 8094
3 8094 8105 8106
3 8094 8106 8095
3 8095 8106 8107
3 8095 8107 8096
3 8096 8107 8108
3 8096 8108 8085
3 8085 8108 8097
3 8097 8109 8098
3 8098 8109 8110
3 8098 8110 8099
3 8099 8110 8111
3 8099 8111 8100
3 8100 8111 8112
3 8100 8112 8101
3 8101 8112 8113
3 8101 8113 8102
3 8102 8113 8114
3 8102 8114 8103
3 8103 8114 8115
3 8103 8115 8104
3 8104 8115 8116
3 8104 8116 8105
3 8105 8116 8117
3 8105 8117 8106
3 8106 8117 8118
3 8106 8118 8107
3 8107 8118 8119
3 8107 8119 8108
3 8108 8119 8120
3 8108 8120 8097
3 8097 8120 8109
3 8109 8121 8110
3 8110 8121 8122
3 8110 8122 8111
3 8111 8122 8123
3 8111 8123 8112
3 8112 8123 8124
3 8112 8124 8113
3 8113 8124 8125
3 8113 8125 8114
3 8114 8125 8126
3 8114 8126 8115
3 8115 8126 8127
3 8115 8127 8116
3 8116 8127 8128
3 8116 8128 8117
3 8117 8128 8129
3 8117 8129 8118
3 8118 8129 8130
3 8118 8130 8119
3 8119 8130 8131
3 8119 8131 8120
3 8120 8131 8132
3 8120 8132 8109
3 8109 8132 8121
3 8121 8133 8122
3 8122 8133 8134
3 8122 8134 8123
3 8123 8134 8135
3 8123 8135 8124
3 8124 8135 8136
3 8124 8136 8125
3 8125 8136 8137
3 8125 8137 8126
3 8126 8137 8138
3 8126 8138 8127
3 8127 8138 8139
3 8127 8139 8128
3 8128 8139 8140
3 8128 8140 8129
3 8129 8140 8141
3 8129 8141 8130
3 8130 8141 8142
3 8130 8142 8131
3 8131 8142 8143
3 8131 8143 8132
3 8132 8143 8144
3 8132 8144 8121
3 8121 8144 8133
3 8133 8145 8134
3 8134 8145 8146
3 8134 8146 8135
3 8135 8146 8147
3 8135 8147 8136
3 8136 8147 8148
3 8136 8148 8137
3 8137 8148 8149
3 8137 8149 8138
3 8138 8149 8150
3 8138 8150 8139
3 8139 8150 8151
3 8139 8151 8140
3 8140 8151 8152
3 8140 8152 8141
3 8141 8152 8153
3 8141 8153 8142
3 8142 8153 8154
3 8142 8154 8143
3 8143 8154 8155
3 8143 8155 8144
3 8144 8155 8156
3 8144 8156 8133
3 8133 8156 8145
3 8145 8157 8146
3 8146 8157 8158
3 8146 8158 8147
3 8147 8158 8159
3 8147 8159 8148
3 8148 8159 8160
3 8148 8160 8149
3 8149 8160 8161
3 8149 8161 8150
3 8150 8161 8162
3 8150 8162 8151
3 8151 8162 8163
3 8151 8163 8152
3 8152 8163 8164
3 8152 8164 8153
3 8153 8164 8165
3 8153 8165 8154
3 8154 8165 8166
3 8154 8166 8155
3 8155 8166 8167
3 8155 8167 8156
3 8156 8167 8168
3 8156 8168 8145
3 8145 8168 8157
3 8169 8158 8157
3 8169 8159 8158
3 8169 8160 8159
3 8169 8161 8160
3 8169 8162 8161
3 8169 8163 8162
3 8169 8164 8163
3 8169 8165 8164
3 8169 8166 8165
3 8169 8167 8166
3 8169 8168 8167
3 8169 8157 8168
3 8170 8171 8172
3 8170 8172 8173
3 8170 8173 8174
3 8170 8174 8175
3 8170 8175 8176
3 8170 8176 8177
3 8170 8177 8178
3 8170 8178 8179
3 8170 8179 8180
3 8170 8180 8181
3 8170 8181 8182
3 8170 8182 8171
3 8171 8183 8172
3 8172 8183 8184
3 8172 8184 8173
3 8173 8184 8185
3 8173 8185 8174
3 8174 8185 8186
3 8174 8186 8175
3 8175 8186 8187
3 8175 8187 8176
3 8176 8187 8188
3 8176 8188 8177
3 8177 8188 8189
3 8177 8189 8178
3 8178 8189 8190
3 8178 8190 8179
3 8179 8190 8191
3 8179 8191 8180
3 8180 8191 8192
3 8180 8192 8181
3 8181 8192 8193
3 8181 8193 8182
3 8182 8193 8194
3 8182 8194 8171
3 8171 8194 8183
3 8183 8195 8184
3 8184 8195 8196
3 8184 8196 8185
3 8185 8196 8197
3 8185 8197 8186
3 8186 8197 8198
3 8186 8198 8187
3 8187 8198 8199
3 8187 8199 8188
3 8188 8199 8200
3 8188 8200 8189
3 8189 8200 8201
3 8189 8201 8190
3 8190 8201 8202
3 8190 8202 8191
3 8191 8202 8203
3 8191 8203 8192
3 8192 8203 8204
3 8192 8204 8193
3 8193 8204 8205
3 8193 8205 8194
3 8194 8205 8206
3 8194 8206 8183
3 8183 8206 8195
3 8195 8207 8196
3 8196 8207 8208
3 8196 8208 8197
3 8197 8208 8209
3 8197 8209 8198
3 8198 8209 8210
3 8198 8210 8199
3 8199 8210 8211
3 8199 8211 8200
3 8200 8211 8212
3 8200 8212 8201
3 8201 8212 8213
3 8201 8213 8202
3 8202 8213 8214
3 8202 8214 8203
3 8203 8214 8215
3 8203 8215 8204
3 8204 8215 8216
3 8204 8216 8205
3 8205 8216 8217
3 8205 8217 8206
3 8206 8217 8218
3 8206 8218 8195
3 8195 8218 8207
3 8207 8219 8208
3 8208 8219 8220
3 8208 8220 8209
3 8209 8220 8221
3 8209 8221 8210
3 8210 8221 8222
3 8210 8222 8211
3 8211 8222 8223
3 8211 8223 8212
3 8212 8223 8224
3 8212 8224 8213
3 8213 8224 8225
3 8213 8225 8214
3 8214 8225 8226
3 8214 8226 8215
3 8215 8226 8227
3 8215 8227 8216
3 8216 8227 8228
3 8216 8228 8217
3 8217 8228 8229
3 8217 8229 8218
3 8218 8229 8230
3 8218 8230 8207
3 8207 8230 8219
3 8219 8231 8220
3 8220 8231 8232
3 8220 8232 8221
3 8221 8232 8233
3 8221 8233 8222
3 8222 8233 8234
3 8222 8234 8223
3 8223 8234 8235
3 8223 8235 8224
3 8224 8235 8236
3 8224 8236 8225
3 8225 8236 8237
3 8225 8237 8226
3 8226 8237 8238
3 8226 8238 8227
3 8227 8238 8239
3 8227 8239 8228
3 8228 8239 8240
3 8228 8240 8229
3 8229 8240 8241
3 8229 8241 8230
3 8230 8241 8242
3 8230 8242 8219
3 8219 8242 8231
3 8231 8243 8232
3 8232 8243 8244
3 8232 8244 8233
3 8233 8244 8245
3 8233 8245 8234
3 8234 8245 8246
3 8234 8246 8235
3 8235 8246 8247
3 8235 8247 8236
3 8236 8247 8248
3 8236 8248 8237
3 8237 8248 8249
3 8237 8249 8238
3 8238 8249 8250
3 8238 8250 8239
3 8239 8250 8251
3 8239 8251 8240
3 8240 8251 8252
3 8240 8252 8241
3 8241 8252 8253
3 8241 8253 8242
3 8242 8253 8254
3 8242 8254 8231
3 8231 8254 8243
3 8255 8244 8243
3 8255 8245 8244
3 8255 8246 8245
3 8255 8247 8246
3 8255 8248 8247
3 8255 8249 8248
3 8255 8250 8249
3 8255 8251 8250
3 8255 8252 8251
3 8255 8253 8252
3 8255 8254 8253
3 8255 8243 8254
3 8256 8257 8258
3 8256 8258 8259
3 8256 8259 8260
3 8256 8260 8261
3 8256 8261 8262
3 8256 8262 8263
3 8256 8263 8264
3 8256 8264 8265
3 8256 8265 8266
3 8256 8266 8267
3 8256 8267 8268
3 8256 8268 8257
3 8257 8269 8258
3 8258 8269 8270
3 8258 8270 8259
3 8259 8270 8271
3 8259 8271 8260
3 8260 8271 8272
3 8260 8272 8261
3 8261 8272 8273
3 8261 8273 8262
3 8262 8273 8274
3 8262 8274 8263
3 8263 8274 8275
3 8263 8275 8264
3 8264 8275 8276
3 8264 8276 8265
3 8265 8276 8277
3 8265 8277 8266
3 8266 8277 8278
3 8266 8278 8267
3 8267 8278 8279
3 8267 8279 8268
3 8268 8279 8280
3 8268 8280 8257
3 8257 8280 8269
3 8269 8281 8270
3 8270 8281 8282
3 8270 8282 8271
3 8271 8282 8283
3 8271 8283 8272
3 8272 8283 8284
3 8272 8284 8273
3 8273 8284 8285
3 8273 8285 8274
3 8274 8285 8286
3 8274 8286 8275
3 8275 8286 8287
3 8275 8287 8276
3 8276 8287 8288
3 8276 8288 8277
3 8277 8288 8289
3 8277 8289 8278
3 8278 8289 8290
3 8278 8290 8279
3 8279 8290 8291
3 8279 8291 8280
3 8280 8291 8292
3 8280 8292 8269
3 8269 8292 8281
3 8281 8293 8282
3 8282 8293 8294
3 8282 8294 8283
3 8283 8294 8295
3 8283 8295 8284
3 8284 8295 8296
3 8284 8296 8285
3 8285 8296 8297
3 8285 8297 8286
3 8286 8297 8298
3 8286 8298 8287
3 8287 8298 8299
3 8287 8299 8288
3 8288 8299 8300
3 8288 8300 8289
3 8289 8300 8301
3 8289 8301 8290
3 8290 8301 8302
3 8290 8302 8291
3 8291 8302 8303
3 8291 8303 8292
3 8292 8303 8304
3 8292 8304 8281
3 8281 8304 8293
3 8293 8305 8294
3 8294 8305 8306
3 8294 8306 8295
3 8295 8306 8307
3 8295 8307 8296
3 8296 8307 8308
3 8296 8308 8297
3 8297 8308 8309
3 8297 8309 8298
3 8298 8309 8310
3 8298 8310 8299
3 8299 8310 8311
3 8299 8311 8300
3 8300 8311 8312
3 8300 8312 8301
3 8301 8312 8313
3 8301 8313 8302
3 8302 8313 8314
3 8302 8314 8303
3 8303 8314 8315
3 8303 8315 8304
3 8304 8315 8316
3 8304 8316 8293
3 8293 8316 8305
3 8305 8317 8306
3 8306 8317 8318
3 8306 8318 8307
3 8307 8318 8319
3 8307 8319 8308
3 8308 8319 8320
3 8308 8320 8309
3 8309 8320 8321
3 8309 8321 8310
3 8310 8321 8322
3 8310 8322 8311
3 8311 8322 8323
3 8311 8323 8312
3 8312 8323 8324
3 8312 8324 8313
3 8313 8324 8325
3 8313 8325 8314
3 8314 8325 8326
3 8314 8326 8315
3 8315 8326 8327
3 8315 8327 8316
3 8316 8327 8328
3 8316 8328 8305
3 8305 8328 8317
3 8317 8329 8318
3 8318 8329 8330
3 8318 8330 8319
3 8319 8330 8331
3 8319 8331 8320
3 8320 8331 8332
3 8320 8332 8321
3 8321 8332 8333
3 8321 8333 8322
3 8322 8333 8334
3 8322 8334 8323
3 8323 8334 8335
3 8323 8335 8324
3 8324 8335 8336
3 8324 8336 8325
3 8325 8336 8337
3 8325 8337 8326
3 8326 8337 8338
3 8326 8338 8327
3 8327 8338 8339
3 8327 8339 8328
3 8328 8339 8340
3 8328 8340 8317
3 8317 8340 8329
3 8341 8330 8329
3 8341 8331 8330
3 8341 8332 8331
3 8341 8333 8332
3 8341 8334 8333
3 8341 8335 8334
3 8341 8336 8335
3 8341 8337 8336
3 8341 8338 8337
3 8341 8339 8338
3 8341 8340 8339
3 8341 8329 8340
3 8342 8343 8344
3 8342 8344 8345
3 8342 8345 8346
3 8342 8346 8347
3 8342 8347 8348
3 8342 8348 8349
3 8342 8349 8350
3 8342 8350 8351
3 8342 8351 8352
3 8342 8352 8353
3 8342 8353 8354
3 8342 8354 8343
3 8343 8355 8344
3 8344 8355 8356
3 8344 8356 8345
3 8345 8356 8357
3 8345 8357 8346
3 8346 8357 8358
3 8346 8358 8347
3 8347 8358 8359
3 8347 8359 8348
3 8348 8359 8360
3 8348 8360 8349
3 8349 8360 8361
3 8349 8361 8350
3 8350 8361 8362
3 8350 8362 8351
3 8351 8362 8363
3 8351 8363 8352
3 8352 8363 8364
3 8352 8364 8353
3 8353 8364 8365
3 8353 8365 8354
3 8354 8365 8366
3 8354 8366 8343
3 8343 8366 8355
3 8355 8367 8356
3 8356 8367 8368
3 8356 8368 8357
3 8357 8368 8369
3 8357 8369 8358
3 8358 8369 8370
3 8358 8370 8359
3 8359 8370 8371
3 8359 8371 8360
3 8360 8371 8372
3 8360 8372 8361
3 8361 8372 8373
3 8361 8373 8362
3 8362 8373 8374
3 8362 8374 8363
3 8363 8374 8375
3 8363 8375 8364
3 8364 8375 8376
3 8364 8376 8365
3 8365 8376 8377
3 8365 8377 8366
3 8366 8377 8378
3 8366 8378 8355
3 8355 8378 8367
3 8367 8379 8368
3 8368 8379 8380
3 8368 8380 8369
3 8369 8380 8381
3 8369 8381 8370
3 8370 8381 8382
3 8370 8382 8371
3 8371 8382 8383
3 8371 8383 8372
3 8372 8383 8384
3 8372 8384 8373
3 8373 8384 8385
3 8373 8385 8374
3 8374 8385 8386
3 8374 8386 8375
3 8375 8386 8387
3 8375 8387 8376
3 8376 8387 8388
3 8376 8388 8377
3 8377 8388 8389
3 8377 8389 8378
3 8378 8389 8390
3 8378 8390 8367
3 8367 8390 8379
3 8379 8391 8380
3 8380 8391 8392
3 8380 8392 8381
3 8381 8392 8393
3 8381 8393 8382
3 8382 8393 8394
3 8382 8394 8383
3 8383 8394 8395
3 8383 8395 8384
3 8384 8395 8396
3 8384 8396 8385
3 8385 8396 8397
3 8385 8397 8386
3 8386 8397 8398
3 8386 8398 8387
3 8387 8398 8399
3 8387 8399 8388
3 8388 8399 8400
3 8388 8400 8389
3 8389 8400 8401
3 8389 8401 8390
3 8390 8401 8402
3 8390 8402 8379
3 8379 8402 8391
3 8391 8403 8392
3 8392 8403 8404
3 8392 8404 8393
3 8393 8404 8405
3 8393 8405 8394
3 8394 8405 8406
3 8394 8406 8395
3 8395 8406 8407
3 8395 8407 8396
3 8396 8407 8408
3 8396 8408 8397
3 8397 8408 8409
3 8397 8409 8398
3 8398 8409 8410
3 8398 8410 8399
3 8399 8410 8411
3 8399 8411 8400
3 8400 8411 8412
3 8400 8412 8401
3 8401 8412 8413
3 8401 8413 8402
3 8402 8413 8414
3 8402 8414 8391
3 8391 8414 8403
3 8403 8415 8404
3 8404 8415 8416
3 8404 8416 8405
3 8405 8416 8417
3 8405 8417 8406
3 8406 8417 8418
3 8406 8418 8407
3 8407 8418 8419
3 8407 8419 8408
3 8408 8419 8420
3 8408 8420 8409
3 8409 8420 8421
3 8409 8421 8410
3 8410 8421 8422
3 8410 8422 8411
3 8411 8422 8423
3 8411 8423 8412
3 8412 8423 8424
3 8412 8424 8413
3 8413 8424 8425
3 8413 8425 8414
3 8414 8425 8426
3 8414 8426 8403
3 8403 8426 8415
3 8427 8416 8415
3 8427 8417 8416
3 8427 8418 8417
3 8427 8419 8418
3 8427 8420 8419
3 8427 8421 8420
3 8427 8422 8421
3 8427 8423 8422
3 8427 8424 8423
3 8427 8425 8424
3 8427 8426 8425
3 8427 8415 8426
3 8428 8429 8430
3 8428 8430 8431
3 8428 8431 8432
3 8428 8432 8433
3 8428 8433 8434
3 8428 8434 8435
3 8428 8435 8436
3 8428 8436 8437
3 8428 8437 8438
3 8428 8438 8439
3 8428 8439 8440
3 8428 8440 8429
3 8429 8441 8430
3 8430 8441 8442
3 8430 8442 8431
3 8431 8442 8443
3 8431 8443 8432
3 8432 8443 8444
3 8432 8444 8433
3 8433 8444 8445
3 8433 8445 8434
3 8434 8445 8446
3 8434 8446 8435
3 8435 8446 8447
3 8435 8447 8436
3 8436 8447 8448
3 8436 8448 8437
3 8437 8448 8449
3 8437 8449 8438
3 8438 8449 8450
3 8438 8450 8439
3 8439 8450 8451
3 8439 8451 8440
3 8440 8451 8452
3 8440 8452 8429
3 8429 8452 8441
3 8441 8453 8442
3 8442 8453 8454
3 8442 8454 8443
3 8443 8454 8455
3 8443 8455 8444
3 8444 8455 8456
3 8444 8456 8445
3 8445 8456 8457
3 8445 8457 8446
3 8446 8457 8458
3 8446 8458 8447
3 8447 8458 8459
3 8447 8459 8448
3 8448 8459 8460
3 8448 8460 8449
3 8449 8460 8461
3 8449 8461 8450
3 8450 8461 8462
3 8450 8462 8451
3 8451 8462 8463
3 8451 8463 8452
3 8452 8463 8464
3 8452 8464 8441
3 8441 8464 8453
3 8453 8465 8454
3 8454 8465 8466
3 8454 8466 8455
3 8455 8466 8467
3 8455 8467 8456
3 8456 8467 8468
3 8456 8468 8457
3 8457 8468 8469
3 8457 8469 8458
3 8458 8469 8470
3 8458 8470 8459
3 8459 8470 8471
3 8459 8471 8460
3 8460 8471 8472
3 8460 8472 8461
3 8461 8472 8473
3 8461 8473 8462
3 8462 8473 8474
3 8462 8474 8463
3 8463 8474 8475
3 8463 8475 8464
3 8464 8475 8476
3 8464 8476 8453
3 8453 8476 8465
3 8465 8477 8466
3 8466 8477 8478
3 8466 8478 8467
3 8467 8478 8479
3 8467 8479 8468
3 8468 8479 8480
3 8468 8480 8469
3 8469 8480 8481
3 8469 8481 8470
3 8470 8481 8482
3 8470 8482 8471
3 8471 8482 8483
3 8471 8483 8472
3 8472 8483 8484
3 8472 8484 8473
3 8473 8484 8485
3 8473 8485 8474
3 8474 8485 8486
3 8474 8486 8475
3 8475 8486 8487
3 8475 8487 8476
3 8476 8487 8488
3 8476 8488 8465
3 8465 8488 8477
3 8477 8489 8478
3 8478 8489 8490
3 8478 8490 8479
3 8479 8490 8491
3 8479 8491 8480
3 8480 8491 8492
3 8480 8492 8481
3 8481 8492 8493
3 8481 8493 8482
3 8482 8493 8494
3 8482 8494 8483
3 8483 8494 8495
3 8483 8495 8484
3 8484 8495 8496
3 8484 8496 8485
3 8485 8496 8497
3 8485 8497 8486
3 8486 8497 8498
3 8486 8498 8487
3 8487 8498 8499
3 8487 8499 8488
3 8488 8499 8500
3 8488 8500 8477
3 8477 8500 8489
3 8489 8501 8490
3 8490 8501 8502
3 8490 8502 8491
3 8491 8502 8503
3 8491 8503 8492
3 8492 8503 8504
3 8492 8504 8493
3 8493 8504 8505
3 8493 8505 8494
3 8494 8505 8506
3 8494 8506 8495
3 8495 8506 8507
3 8495 8507 8496
3 8496 8507 8508
3 8496 8508 8497
3 8497 8508 8509
3 8497 8509 8498
3 8498 8509 8510
3 8498 8510 8499
3 8499 8510 8511
3 8499 8511 8500
3 8500 8511 8512
3 8500 8512 8489
3 8489 8512 8501
3 8513 8502 8501
3 8513 8503 8502
3 8513 8504 8503
3 8513 8505 8504
3 8513 8506 8505
3 8513 8507 8506
3 8513 8508 8507
3 8513 8509 8508
3 8513 8510 8509
3 8513 8511 8510
3 8513 8512 8511
3 8513 8501 8512
3 8514 8515 8516
3 8514 8516 8517
3 8514 8517 8518
3 8514 8518 8519
3 8514 8519 8520
3 8514 8520 8521
3 8514 8521 8522
3 8514 8522 8523
3 8514 8523 8524
3 8514 8524 8525
3 8514 8525 8526
3 8514 8526 8515
3 8515 8527 8516
3 8516 8527 8528
3 8516 8528 8517
3 8517 8528 8529
3 8517 8529 8518
3 8518 8529 8530
3 8518 8530 8519
3 8519 8530 8531
3 8519 8531 8520
3 8520 8531 8532
3 8520 8532 8521
3 8521 8532 8533
3 8521 8533 8522
3 8522 8533 8534
3 8522 8534 8523
3 8523 8534 8535
3 8523 8535 8524
3 8524 8535 8536
3 8524 8536 8525
3 8525 8536 8537
3 8525 8537 8526
3 8526 8537 8538
3 8526 8538 8515
3 8515 8538 8527
3 8527 8539 8528
3 8528 8539 8540
3 8528 8540 8529
3 8529 8540 8541
3 8529 8541 8530
3 8530 8541 8542
3 8530 8542 8531
3 8531 8542 8543
3 8531 8543 8532
3 8532 8543 8544
3 8532 8544 8533
3 8533 8544 8545
3 8533 8545 8534
3 8534 8545 8546
3 8534 8546 8535
3 8535 8546 8547
3 8535 8547 8536
3 8536 8547 8548
3 8536 8548 8537
3 8537 8548 8549
3 8537 8549 8538
3 8538 8549 8550
3 8538 8550 8527
3 8527 8550 8539
3 8539 8551 8540
3 8540 8551 8552
3 8540 8552 8541
3 8541 8552 8553
3 8541 8553 8542
3 8542 8553 8554
3 8542 8554 8543
3 8543 8554 8555
3 8543 8555 8544
3 8544 8555 8556
3 8544 8556 8545
3 8545 8556 8557
3 8545 8557 8546
3 8546 8557 8558
3 8546 8558 8547
3 8547 8558 8559
3 8547 8559 8548
3 8548 8559 8560
3 8548 8560 8549
3 8549 8560 8561
3 8549 8561 8550
3 8550 8561 8562
3 8550 8562 8539
3 8539 8562 8551
3 8551 8563 8552
3 8552 8563 8564
3 8552 8564 8553
3 8553 8564 8565
3 8553 8565 8554
3 8554 8565 8566
3 8554 8566 8555
3 8555 8566 8567
3 8555 8567 8556
3 8556 8567 8568
3 8556 8568 8557
3 8557 8568 8569
3 8557 8569 8558
3 8558 8569 8570
3 8558 8570 8559
3 8559 8570 8571
3 8559 8571 8560
3 8560 8571 8572
3 8560 8572 8561
3 8561 8572 8573
3 8561 8573 8562
3 8562 8573 8574
3 8562 8574 8551
3 8551 8574 8563
3 8563 8575 8564
3 8564 8575 8576
3 8564 8576 8565
3 8565 8576 8577
3 8565 8577 8566
3 8566 8577 8578
3 8566 8578 8567
3 8567 8578 8579
3 8567 8579 8568
3 8568 8579 8580
3 8568 8580 8569
3 8569 8580 8581
3 8569 8581 8570
3 8570 8581 8582
3 8570 8582 8571
3 8571 8582 8583
3 8571 8583 8572
3 8572 8583 8584
3 8572 8584 8573
3 8573 8584 8585
3 8573 8585 8574
3 8574 8585 8586
3 8574 8586 8563
3 8563 8586 8575
3 8575 8587 8576
3 8576 8587 8588
3 8576 8588 8577
3 8577 8588 8589
3 8577 8589 8578
3 8578 8589 8590
3 8578 8590 8579
3 8579 8590 8591
3 8579 8591 8580
3 8580 8591 8592
3 8580 8592 8581
3 8581 8592 8593
3 8581 8593 8582
3 8582 8593 8594
3 8582 8594 8583
3 8583 8594 8595
3 8583 8595 8584
3 8584 8595 8596
3 8584 8596 8585
3 8585 8596 8597
3 8585 8597 8586
3 8586 8597 8598
3 8586 8598 8575
3 8575 8598 8587
3 8599 8588 8587
3 8599 8589 8588
3 8599 8590 8589
3 8599 8591 8590
3 8599 8592 8591
3 8599 8593 8592
3 8599 8594 8593
3 8599 8595 8594
3 8599 8596 8595
3 8599 8597 8596
3 8599 8598 8597
3 8599 8587 8598
3 8600 8601 8602
3 8600 8602 8603
3 8600 8603 8604
3 8600 8604 8605
3 8600 8605 8606
3 8600 8606 8607
3 8600 8607 8608
3 8600 8608 8609
3 8600 8609 8610
3 8600 8610 8611
3 8600 8611 8612
3 8600 8612 8601
3 8601 8613 8602
3 8602 8613 8614
3 8602 8614 8603
3 8603 8614 8615
3 8603 8615 8604
3 8604 8615 8616
3 8604 8616 8605
3 8605 8616 8617
3 8605 8617 8606
3 8606 8617 8618
3 8606 8618 8607
3 8607 8618 8619
3 8607 8619 8608
3 8608 8619 8620
3 8608 8620 8609
3 8609 8620 8621
3 8609 8621 8610
3 8610 8621 8622
3 8610 8622 8611
3 8611 8622 8623
3 8611 8623 8612
3 8612 8623 8624
3 8612 8624 8601
3 8601 8624 8613
3 8613 8625 8614
3 8614 8625 8626
3 8614 8626 8615
3 8615 8626 8627
3 8615 8627 8616
3 8616 8627 8628
3 8616 8628 8617
3 8617 8628 8629
3 8617 8629 8618
3 8618 8629 8630
3 8618 8630 8619
3 8619 8630 8631
3 8619 8631 8620
3 8620 8631 8632
3 8620 8632 8621
3 8621 8632 8633
3 8621 8633 8622
3 8622 8633 8634
3 8622 8634 8623
3 8623 8634 8635
3 8623 8635 8624
3 8624 8635 8636
3 8624 8636 8613
3 8613 8636 8625
3 8625 8637 8626
3 8626 8637 8638
3 8626 8638 8627
3 8627 8638 8639
3 8627 8639 8628
3 8628 8639 8640
3 8628 8640 8629
3 8629 8640 8641
3 8629 8641 8630
3 8630 8641 8642
3 8630 8642 8631
3 8631 8642 8643
3 8631 8643 8632
3 8632 8643 8644
3 8632 8644 8633
3 8633 8644 8645
3 8633 8645 8634
3 8634 8645 8646
3 8634 8646 8635
3 8635 8646 8647
3 8635 8647 8636
3 8636 8647 8648
3 8636 8648 8625
3 8625 8648 8637
3 8637 8649 8638
3 8638 8649 8650
3 8638 8650 8639
3 8639 8650 8651
3 8639 8651 8640
3 8640 8651 8652
3 8640 8652 8641
3 8641 8652 8653
3 8641 8653 8642
3 8642 8653 8654
3 8642 8654 8643
3 8643 8654 8655
3 8643 8655 8644
3 8644 8655 8656
3 8644 8656 8645
3 8645 8656 8657
3 8645 8657 8646
3 8646 8657 8658
3 8646 8658 8647
3 8647 8658 8659
3 8647 8659 8648
3 8648 8659 8660
3 8648 8660 8637
3 8637 8660 8649
3 8649 8661 8650
3 8650 8661 8662
3 8650 8662 8651
3 8651 8662 8663
3 8651 8663 8652
3 8652 8663 8664
3 8652 8664 8653
3 8653 8664 8665
3 8653 8665 8654
3 8654 8665 8666
3 8654 8666 8655
3 8655 8666 8667
3 8655 8667 8656
3 8656 8667 8668
3 8656 8668 8657
3 8657 8668 8669
3 8657 8669 8658
3 8658 8669 8670
3 8658 8670 8659
3 8659 8670 8671
3 8659 8671 8660
3 8660 8671 8672
3 8660 8672 8649
3 8649 8672 8661
3 8661 8673 8662
3 8662 8673 8674
3 8662 8674 8663
3 8663 8674 8675
3 8663 8675 8664
3 8664 8675 8676
3 8664 8676 8665
3 8665 8676 8677
3 8665 8677 8666
3 8666 8677 8678
3 8666 8678 8667
3 8667 8678 8679
3 8667 8679 8668
3 8668 8679 8680
3 8668 8680 8669
3 8669 8680 8681
3 8669 8681 8670
3 8670 8681 8682
3 8670 8682 8671
3 8671 8682 8683
3 8671 8683 8672
3 8672 8683 8684
3 8672 8684 8661
3 8661 8684 8673
3 8685 8674 8673
3 8685 8675 8674
3 8685 8676 8675
3 8685 8677 8676
3 8685 8678 8677
3 8685 8679 8678
3 8685 8680 8679
3 8685 8681 8680
3 8685 8682 8681
3 8685 8683 8682
3 8685 8684 8683
3 8685 8673 8684
3 8686 8687 8688
3 8686 8688 8689
3 8686 8689 8690
3 8686 8690 8691
3 8686 8691 8692
3 8686 8692 8693
3 8686 8693 8694
3 8686 8694 8695
3 8686 8695 8696
3 8686 8696 8697
3 8686 8697 8698
3 8686 8698 8687
3 8687 8699 8688
3 8688 8699 8700
3 8688 8700 8689
3 8689 8700 8701
3 8689 8701 8690
3 8690 8701 8702
3 8690 8702 8691
3 8691 8702 8703
3 8691 8703 8692
3 8692 8703 8704
3 8692 8704 8693
3 8693 8704 8705
3 8693 8705 8694
3 8694 8705 8706
3 8694 8706 8695
3 8695 8706 8707
3 8695 8707 8696
3 8696 8707 8708
3 8696 8708 8697
3 8697 8708 8709
3 8697 8709 8698
3 8698 8709 8710
3 8698 8710 8687
3 8687 8710 8699
3 8699 8711 8700
3 8700 8711 8712
3 8700 8712 8701
3 8701 8712 8713
3 8701 8713 8702
3 8702 8713 8714
3 8702 8714 8703
3 8703 8714 8715
3 8703 8715 8704
3 8704 8715 8716
3 8704 8716 8705
3 8705 8716 8717
3 8705 8717 8706
3 8706 8717 8718
3 8706 8718 8707
3 8707 8718 8719
3 8707 8719 8708
3 8708 8719 8720
3 8708 8720 8709
3 8709 8720 8721
3 8709 8721 8710
3 8710 8721 8722
3 8710 8722 8699
3 8699 8722 8711
3 8711 8723 8712
3 8712 8723 8724
3 8712 8724 8713
3 8713 8724 8725
3 8713 8725 8714
3 8714 8725 8726
3 8714 8726 8715
3 8715 8726 8727
3 8715 8727 8716
3 8716 8727 8728
3 8716 8728 8717
3 8717 8728 8729
3 8717 8729 8718
3 8718 8729 8730
3 8718 8730 8719
3 8719 8730 8731
3 8719 8731 8720
3 8720 8731 8732
3 8720 8732 8721
3 8721 8732 8733
3 8721 8733 8722
3 8722 8733 8734
3 8722 8734 8711
3 8711 8734 8723
3 8723 8735 8724
3 8724 8735 8736
3 8724 8736 8725
3 8725 8736 8737
3 8725 8737 8726
3 8726 8737 8738
3 8726 8738 8727
3 8727 8738 8739
3 8727 8739 8728
3 8728 8739 8740
3 8728 8740 8729
3 8729 8740 8741
3 8729 8741 8730
3 8730 8741 8742
3 8730 8742 8731
3 8731 8742 8743
3 8731 8743 8732
3 8732 8743 8744
3 8732 8744 8733
3 8733 8744 8745
3 8733 8745 8734
3 8734 8745 8746
3 8734 8746 8723
3 8723 8746 8735
3 8735 8747 8736
3 8736 8747 8748
3 8736 8748 8737
3 8737 8748 8749
3 8737 8749 8738
3 8738 8749 8750
3 8738 8750 8739
3 8739 8750 8751
3 8739 8751 8740
3 8740 8751 8752
3 8740 8752 8741
3 8741 8752 8753
3 8741 8753 8742
3 8742 8753 8754
3 8742 8754 8743
3 8743 8754 8755
3 8743 8755 8744
3 8744 8755 8756
3 8744 8756 8745
3 8745 8756 8757
3 8745 8757 8746
3 8746 8757 8758
3 8746 8758 8735
3 8735 8758 8747
3 8747 8759 8748
3 8748 8759 8760
3 8748 8760 8749
3 8749 8760 8761
3 8749 8761 8750
3 8750 8761 8762
3 8750 8762 8751
3 8751 8762 8763
3 8751 8763 8752
3 8752 8763 8764
3 8752 8764 8753
3 8753 8764 8765
3 8753 8765 8754
3 8754 8765 8766
3 8754 8766 8755
3 8755 8766 8767
3 8755 8767 8756
3 8756 8767 8768
3 8756 8768 8757
3 8757 8768 8769
3 8757 8769 8758
3 8758 8769 8770
3 8758 8770 8747
3 8747 8770 8759
3 8771 8760 8759
3 8771 8761 8760
3 8771 8762 8761
3 8771 8763 8762
3 8771 8764 8763
3 8771 8765 8764
3 8771 8766 8765
3 8771 8767 8766
3 8771 8768 8767
3 8771 8769 8768
3 8771 8770 8769
3 8771 8759 8770
3 8772 8773 8774
3 8772 8774 8775
3 8772 8775 8776
3 8772 8776 8777
3 8772 8777 8778
3 8772 8778 8779
3 8772 8779 8780
3 8772 8780 8781
3 8772 8781 8782
3 8772 8782 8783
3 8772 8783 8784
3 8772 8784 8773
3 8773 8785 8774
3 8774 8785 8786
3 8774 8786 8775
3 8775 8786 8787
3 8775 8787 8776
3 8776 8787 8788
3 8776 8788 8777
3 8777 8788 8789
3 8777 8789 8778
3 8778 8789 8790
3 8778 8790 8779
3 8779 8790 8791
3 8779 8791 8780
3 8780 8791 8792
3 8780 8792 8781
3 8781 8792 8793
3 8781 8793 8782
3 8782 8793 8794
3 8782 8794 8783
3 8783 8794 8795
3 8783 8795 8784
3 8784 8795 8796
3 8784 8796 8773
3 8773 8796 8785
3 8785 8797 8786
3 8786 8797 8798
3 8786 8798 8787
3 8787 8798 8799
3 8787 8799 8788
3 8788 8799 8800
3 8788 8800 8789
3 8789 8800 8801
3 8789 8801 8790
3 8790 8801 8802
3 8790 8802 8791
3 8791 8802 8803
3 8791 8803 8792
3 8792 8803 8804
3 8792 8804 8793
3 8793 8804 8805
3 8793 8805 8794
3 8794 8805 8806
3 8794 8806 8795
3 8795 8806 8807
3 8795 8807 8796
3 8796 8807 8808
3 8796 8808 8785
3 8785 8808 8797
3 8797 8809 8798
3 8798 8809 8810
3 8798 8810 8799
3 8799 8810 8811
3 8799 8811 8800
3 8800 8811 8812
3 8800 8812 8801
3 8801 8812 8813
3 8801 8813 8802
3 8802 8813 8814
3 8802 8814 8803
3 8803 8814 8815
3 8803 8815 8804
3 8804 8815 8816
3 8804 8816 8805
3 8805 8816 8817
3 8805 8817 8806
3 8806 8817 8818
3 8806 8818 8807
3 8807 8818 8819
3 8807 8819 8808
3 8808 8819 8820
3 8808 8820 8797
3 8797 8820 8809
3 8809 8821 8810
3 8810 8821 8822
3 8810 8822 8811
3 8811 8822 8823
3 8811 8823 8812
3 8812 8823 8824
3 8812 8824 8813
3 8813 8824 8825
3 8813 8825 8814
3 8814 8825 8826
3 8814 8826 8815
3 8815 8826 8827
3 8815 8827 8816
3 8816 8827 8828
3 8816 8828 8817
3 8817 8828 8829
3 8817 8829 8818
3 8818 8829 8830
3 8818 8830 8819
3 8819 8830 8831
3 8819 8831 8820
3 8820 8831 8832
3 8820 8832 8809
3 8809 8832 8821
3 8821 8833 8822
3 8822 8833 8834
3 8822 8834 8823
3 8823 8834 8835
3 8823 8835 8824
3 8824 8835 8836
3 8824 8836 8825
3 8825 8836 8837
3 8825 8837 8826
3 8826 8837 8838
3 8826 8838 8827
3 8827 8838 8839
3 8827 8839 8828
3 8828 8839 8840
3 8828 8840 8829
3 8829 8840 8841
3 8829 8841 8830
3 8830 8841 8842
3 8830 8842 8831
3 8831 8842 8843
3 8831 8843 8832
3 8832 8843 8844
3 8832 8844 8821
3 8821 8844 8833
3 8833 8845 8834
3 8834 8845 8846
3 8834 8846 8835
3 8835 8846 8847
3 8835 8847 8836
3 8836 8847 8848
3 8836 8848 8837
3 8837 8848 8849
3 8837 8849 8838
3 8838 8849 8850
3 8838 8850 8839
3 8839 8850 8851
3 8839 8851 8840
3 8840 8851 8852
3 8840 8852 8841
3 8841 8852 8853
3 8841 8853 8842
3 8842 8853 8854
3 8842 8854 8843
3 8843 8854 8855
3 8843 8855 8844
3 8844 8855 8856
3 8844 8856 8833
3 8833 8856 8845
3 8857 8846 8845
3 8857 8847 8846
3 8857 8848 8847
3 8857 8849 8848
3 8857 8850 8849
3 8857 8851 8850
3 8857 8852 8851
3 8857 8853 8852
3 8857 8854 8853
3 8857 8855 8854
3 8857 8856 8855
3 8857 8845 8856
3 8858 8859 8860
3 8858 8860 8861
3 8858 8861 8862
3 8858 8862 8863
3 8858 8863 8864
3 8858 8864 8865
3 8858 8865 8866
3 8858 8866 8867
3 8858 8867 8868
3 8858 8868 8869
3 8858 8869 8870
3 8858 8870 8859
3 8859 8871 8860
3 8860 8871 8872
3 8860 8872 8861
3 8861 8872 8873
3 8861 8873 8862
3 8862 8873 8874
3 8862 8874 8863
3 8863 8874 8875
3 8863 8875 8864
3 8864 8875 8876
3 8864 8876 8865
3 8865 8876 8877
3 8865 8877 8866
3 8866 8877 8878
3 8866 8878 8867
3 8867 8878 8879
3 8867 8879 8868
3 8868 8879 8880
3 8868 8880 8869
3 8869 8880 8881
3 8869 8881 8870
3 8870 8881 8882
3 8870 8882 8859
3 8859 8882 8871
3 8871 8883 8872
3 8872 8883 8884
3 8872 8884 8873
3 8873 8884 8885
3 8873 8885 8874
3 8874 8885 8886
3 8874 8886 8875
3 8875 8886 8887
3 8875 8887 8876
3 8876 8887 8888
3 8876 8888 8877
3 8877 8888 8889
3 8877 8889 8878
3 8878 8889 8890
3 8878 8890 8879
3 8879 8890 8891
3 8879 8891 8880
3 8880 8891 8892
3 8880 8892 8881
3 8881 8892 8893
3 8881 8893 8882
3 8882 8893 8894
3 8882 8894 8871
3 8871 8894 8883
3 8883 8895 8884
3 8884 8895 8896
3 8884 8896 8885
3 8885 8896 8897
3 8885 8897 8886
3 8886 8897 8898
3 8886 8898 8887
3 8887 8898 8899
3 8887 8899 8888
3 8888 8899 8900
3 8888 8900 8889
3 8889 8900 8901
3 8889 8901 8890
3 8890 8901 8902
3 8890 8902 8891
3 8891 8902 8903
3 8891 8903 8892
3 8892 8903 8904
3 8892 8904 8893
3 8893 8904 8905
3 8893 8905 8894
3 8894 8905 8906
3 8894 8906 8883
3 8883 8906 8895
3 8895 8907 8896
3 8896 8907 8908
3 8896 8908 8897
3 8897 8908 8909
3 8897 8909 8898
3 8898 8909 8910
3 8898 8910 8899
3 8899 8910 8911
3 8899 8911 8900
3 8900 8911 8912
3 8900 8912 8901
3 8901 8912 8913
3 8901 8913 8902
3 8902 8913 8914
3 8902 8914 8903
3 8903 8914 8915
3 8903 8915 8904
3 8904 8915 8916
3 8904 8916 8905
3 8905 8916 8917
3 8905 8917 8906
3 8906 8917 8918
3 8906 8918 8895
3 8895 8918 8907
3 8907 8919 8908
3 8908 8919 8920
3 8908 8920 8909
3 8909 8920 8921
3 8909 8921 8910
3 8910 8921 8922
3 8910 8922 8911
3 8911 8922 8923
3 8911 8923 8912
3 8912 8923 8924
3 8912 8924 8913
3 8913 8924 8925
3 8913 8925 8914
3 8914 8925 8926
3 8914 8926 8915
3 8915 8926 8927
3 8915 8927 8916
3 8916 8927 8928
3 8916 8928 8917
3 8917 8928 8929
3 8917 8929 8918
3 8918 8929 8930
3 8918 8930 8907
3 8907 8930 8919
3 8919 8931 8920
3 8920 8931 8932
3 8920 8932 8921
3 8921 8932 8933
3 8921 8933 8922
3 8922 8933 8934
3 8922 8934 8923
3 8923 8934 8935
3 8923 8935 8924
3 8924 8935 8936
3 8924 8936 8925
3 8925 8936 8937
3 8925 8937 8926
3 8926 8937 8938
3 8926 8938 8927
3 8927 8938 8939
3 8927 8939 8928
3 8928 8939 8940
3 8928 8940 8929
3 8929 8940 8941
3 8929 8941 8930
3 8930 8941 8942
3 8930 8942 8919
3 8919 8942 8931
3 8943 8932 8931
3 8943 8933 8932
3 8943 8934 8933
3 8943 8935 8934
3 8943 8936 8935
3 8943 8937 8936
3 8943 8938 8937
3 8943 8939 8938
3 8943 8940 8939
3 8943 8941 8940
3 8943 8942 8941
3 8943 8931 8942
