ply
format ascii 1.0
element vertex 7654
property float x
property float y
property float z
element face 14952
property list uchar int vertex_indices
end_header
4.886859 -4.951365 -28.893957
5.269543 -4.951365 -28.970078
5.218273 -4.760023 -28.970078
5.078201 -4.619951 -28.970078
4.886859 -4.568682 -28.970078
4.695518 -4.619951 -28.970078
4.555446 -4.760023 -28.970078
4.504176 -4.951365 -28.970078
4.555446 -5.142707 -28.970078
4.695518 -5.282779 -28.970078
4.886859 -5.334048 -28.970078
5.078201 -5.282779 -28.970078
5.218273 -5.142707 -28.970078
5.593966 -4.951365 -29.186850
5.499232 -4.597812 -29.186850
5.240413 -4.338993 -29.186850
4.886859 -4.244258 -29.186850
4.533306 -4.338993 -29.186850
4.274487 -4.597812 -29.186850
4.179753 -4.951365 -29.186850
4.274487 -5.304918 -29.186850
4.533306 -5.563737 -29.186850
4.886859 -5.658472 -29.186850
5.240413 -5.563737 -29.186850
5.499232 -5.304918 -29.186850
5.810739 -4.951365 -29.511274
5.686963 -4.489425 -29.511274
5.348799 -4.151262 -29.511274
4.886859 -4.027485 -29.511274
4.424920 -4.151262 -29.511274
4.086756 -4.489425 -29.511274
3.962980 -4.951365 -29.511274
4.086756 -5.413305 -29.511274
4.424920 -5.751468 -29.511274
4.886859 -5.875245 -29.511274
5.348799 -5.751468 -29.511274
5.686963 -5.413305 -29.511274
5.886859 -4.951365 -29.893957
5.752885 -4.451365 -29.893957
5.386859 -4.085340 -29.893957
4.886859 -3.951365 -29.893957
4.386859 -4.085340 -29.893957
4.020834 -4.451365 -29.893957
3.886859 -4.951365 -29.893957
4.020834 -5.451365 -29.893957
4.386859 -5.817390 -29.893957
4.886859 -5.951365 -29.893957
5.386859 -5.817390 -29.893957
5.752885 -5.451365 -29.893957
5.810739 -4.951365 -30.276641
5.686963 -4.489425 -30.276641
5.348799 -4.151262 -30.276641
4.886859 -4.027485 -30.276641
4.424920 -4.151262 -30.276641
4.086756 -4.489425 -30.276641
3.962980 -4.951365 -30.276641
4.086756 -5.413305 -30.276641
4.424920 -5.751468 -30.276641
4.886859 -5.875245 -30.276641
5.348799 -5.751468 -30.276641
5.686963 -5.413305 -30.276641
5.593966 -4.951365 -30.601064
5.499232 -4.597812 -30.601064
5.240413 -4.338993 -30.601064
4.886859 -4.244258 -30.601064
4.533306 -4.338993 -30.601064
4.274487 -4.597812 -30.601064
4.179753 -4.951365 -30.601064
4.274487 -5.304918 -30.601064
4.533306 -5.563737 -30.601064
4.886859 -5.658472 -30.601064
5.240413 -5.563737 -30.601064
5.499232 -5.304918 -30.601064
5.269543 -4.951365 -30.817837
5.218273 -4.760023 -30.817837
5.078201 -4.619951 -30.817837
4.886859 -4.568682 -30.817837
4.695518 -4.619951 -30.817837
4.555446 -4.760023 -30.817837
4.504176 -4.951365 -30.817837
4.555446 -5.142707 -30.817837
4.695518 -5.282779 -30.817837
4.886859 -5.334048 -30.817837
5.078201 -5.282779 -30.817837
5.218273 -5.142707 -30.817837
4.886859 -4.951365 -30.893957
6.692475 -16.115387 -25.806183
7.075159 -16.115387 -25.882303
7.023889 -15.924045 -25.882303
6.883817 -15.783973 -25.882303
6.692475 -15.732704 -25.882303
6.501134 -15.783973 -25.882303
6.361062 -15.924045 -25.882303
6.309792 -16.115387 -25.882303
6.361062 -16.306729 -25.882303
6.501134 -16.446801 -25.882303
6.692475 -16.498070 -25.882303
6.883817 -16.446801 -25.882303
7.023889 -16.306729 -25.882303
7.399582 -16.115387 -26.099076
7.304848 -15.761834 -26.099076
7.046029 -15.503015 -26.099076
6.692475 -15.408280 -26.099076
6.338922 -15.503015 -26.099076
6.080103 -15.761834 -26.099076
5.985369 -16.115387 -26.099076
6.080103 -16.468940 -26.099076
6.338922 -16.727759 -26.099076
6.692475 -16.822494 -26.099076
7.046029 -16.727759 -26.099076
7.304848 -16.468940 -26.099076
7.616355 -16.115387 -26.423499
7.492578 -15.653447 -26.423499
7.154415 -15.315284 -26.423499
6.692475 -15.191507 -26.423499
6.230536 -15.315284 -26.423499
5.892372 -15.653447 -26.423499
5.768596 -16.115387 -26.423499
5.892372 -16.577327 -26.423499
6.230536 -16.915490 -26.423499
6.692475 -17.039266 -26.423499
7.154415 -16.915490 -26.423499
7.492578 -16.577327 -26.423499
7.692475 -16.115387 -26.806183
7.558501 -15.615387 -26.806183
7.192475 -15.249362 -26.806183
6.692475 -15.115387 -26.806183
6.192475 -15.249362 -26.806183
5.826450 -15.615387 -26.806183
5.692475 -16.115387 -26.806183
5.826450 -16.615387 -26.806183
6.192475 -16.981412 -26.806183
6.692475 -17.115387 -26.806183
7.192475 -16.981412 -26.806183
7.558501 -16.615387 -26.806183
7.616355 -16.115387 -27.188866
7.492578 -15.653447 -27.188866
7.154415 -15.315284 -27.188866
6.692475 -15.191507 -27.188866
6.230536 -15.315284 -27.188866
5.892372 -15.653447 -27.188866
5.768596 -16.115387 -27.188866
5.892372 -16.577327 -27.188866
6.230536 -16.915490 -27.188866
6.692475 -17.039266 -27.188866
7.154415 -16.915490 -27.188866
7.492578 -16.577327 -27.188866
7.399582 -16.115387 -27.513290
7.304848 -15.761834 -27.513290
7.046029 -15.503015 -27.513290
6.692475 -15.408280 -27.513290
6.338922 -15.503015 -27.513290
6.080103 -15.761834 -27.513290
5.985369 -16.115387 -27.513290
6.080103 -16.468940 -27.513290
6.338922 -16.727759 -27.513290
6.692475 -16.822494 -27.513290
7.046029 -16.727759 -27.513290
7.304848 -16.468940 -27.513290
7.075159 -16.115387 -27.730062
7.023889 -15.924045 -27.730062
6.883817 -15.783973 -27.730062
6.692475 -15.732704 -27.730062
6.501134 -15.783973 -27.730062
6.361062 -15.924045 -27.730062
6.309792 -16.115387 -27.730062
6.361062 -16.306729 -27.730062
6.501134 -16.446801 -27.730062
6.692475 -16.498070 -27.730062
6.883817 -16.446801 -27.730062
7.023889 -16.306729 -27.730062
6.692475 -16.115387 -27.806183
8.550364 -16.238506 -25.061308
8.933048 -16.238506 -25.137428
8.881778 -16.047165 -25.137428
8.741706 -15.907093 -25.137428
8.550364 -15.855823 -25.137428
8.359023 -15.907093 -25.137428
8.218951 -16.047165 -25.137428
8.167681 -16.238506 -25.137428
8.218951 -16.429848 -25.137428
8.359023 -16.569920 -25.137428
8.550364 -16.621190 -25.137428
8.741706 -16.569920 -25.137428
8.881778 -16.429848 -25.137428
9.257471 -16.238506 -25.354201
9.162737 -15.884953 -25.354201
8.903918 -15.626134 -25.354201
8.550364 -15.531400 -25.354201
8.196811 -15.626134 -25.354201
7.937992 -15.884953 -25.354201
7.843258 -16.238506 -25.354201
7.937992 -16.592060 -25.354201
8.196811 -16.850879 -25.354201
8.550364 -16.945613 -25.354201
8.903918 -16.850879 -25.354201
9.162737 -16.592060 -25.354201
9.474244 -16.238506 -25.678624
9.350468 -15.776567 -25.678624
9.012304 -15.438403 -25.678624
8.550364 -15.314627 -25.678624
8.088425 -15.438403 -25.678624
7.750261 -15.776567 -25.678624
7.626485 -16.238506 -25.678624
7.750261 -16.700446 -25.678624
8.088425 -17.038609 -25.678624
8.550364 -17.162386 -25.678624
9.012304 -17.038609 -25.678624
9.350468 -16.700446 -25.678624
9.550364 -16.238506 -26.061308
9.416390 -15.738506 -26.061308
9.050364 -15.372481 -26.061308
8.550364 -15.238506 -26.061308
8.050364 -15.372481 -26.061308
7.684339 -15.738506 -26.061308
7.550364 -16.238506 -26.061308
7.684339 -16.738506 -26.061308
8.050364 -17.104532 -26.061308
8.550364 -17.238506 -26.061308
9.050364 -17.104532 -26.061308
9.416390 -16.738506 -26.061308
9.474244 -16.238506 -26.443991
9.350468 -15.776567 -26.443991
9.012304 -15.438403 -26.443991
8.550364 -15.314627 -26.443991
8.088425 -15.438403 -26.443991
7.750261 -15.776567 -26.443991
7.626485 -16.238506 -26.443991
7.750261 -16.700446 -26.443991
8.088425 -17.038609 -26.443991
8.550364 -17.162386 -26.443991
9.012304 -17.038609 -26.443991
9.350468 -16.700446 -26.443991
9.257471 -16.238506 -26.768415
9.162737 -15.884953 -26.768415
8.903918 -15.626134 -26.768415
8.550364 -15.531400 -26.768415
8.196811 -15.626134 -26.768415
7.937992 -15.884953 -26.768415
7.843258 -16.238506 -26.768415
7.937992 -16.592060 -26.768415
8.196811 -16.850879 -26.768415
8.550364 -16.945613 -26.768415
8.903918 -16.850879 -26.768415
9.162737 -16.592060 -26.768415
8.933048 -16.238506 -26.985187
8.881778 -16.047165 -26.985187
8.741706 -15.907093 -26.985187
8.550364 -15.855823 -26.985187
8.359023 -15.907093 -26.985187
8.218951 -16.047165 -26.985187
8.167681 -16.238506 -26.985187
8.218951 -16.429848 -26.985187
8.359023 -16.569920 -26.985187
8.550364 -16.621190 -26.985187
8.741706 -16.569920 -26.985187
8.881778 -16.429848 -26.985187
8.550364 -16.238506 -27.061308
10.523029 -16.109728 -24.504702
10.905713 -16.109728 -24.580822
10.854443 -15.918386 -24.580822
10.714371 -15.778314 -24.580822
10.523029 -15.727044 -24.580822
10.331688 -15.778314 -24.580822
10.191616 -15.918386 -24.580822
10.140346 -16.109728 -24.580822
10.191616 -16.301070 -24.580822
10.331688 -16.441141 -24.580822
10.523029 -16.492411 -24.580822
10.714371 -16.441141 -24.580822
10.854443 -16.301070 -24.580822
11.230136 -16.109728 -24.797595
11.135402 -15.756174 -24.797595
10.876583 -15.497355 -24.797595
10.523029 -15.402621 -24.797595
10.169476 -15.497355 -24.797595
9.910657 -15.756174 -24.797595
9.815923 -16.109728 -24.797595
9.910657 -16.463281 -24.797595
10.169476 -16.722100 -24.797595
10.523029 -16.816835 -24.797595
10.876583 -16.722100 -24.797595
11.135402 -16.463281 -24.797595
11.446909 -16.109728 -25.122018
11.323132 -15.647788 -25.122018
10.984969 -15.309625 -25.122018
10.523029 -15.185848 -25.122018
10.061090 -15.309625 -25.122018
9.722926 -15.647788 -25.122018
9.599150 -16.109728 -25.122018
9.722926 -16.571668 -25.122018
10.061090 -16.909831 -25.122018
10.523029 -17.033607 -25.122018
10.984969 -16.909831 -25.122018
11.323132 -16.571668 -25.122018
11.523029 -16.109728 -25.504702
11.389055 -15.609728 -25.504702
11.023029 -15.243702 -25.504702
10.523029 -15.109728 -25.504702
10.023029 -15.243702 -25.504702
9.657004 -15.609728 -25.504702
9.523029 -16.109728 -25.504702
9.657004 -16.609728 -25.504702
10.023029 -16.975753 -25.504702
10.523029 -17.109728 -25.504702
11.023029 -16.975753 -25.504702
11.389055 -16.609728 -25.504702
11.446909 -16.109728 -25.887385
11.323132 -15.647788 -25.887385
10.984969 -15.309625 -25.887385
10.523029 -15.185848 -25.887385
10.061090 -15.309625 -25.887385
9.722926 -15.647788 -25.887385
9.599150 -16.109728 -25.887385
9.722926 -16.571668 -25.887385
10.061090 -16.909831 -25.887385
10.523029 -17.033607 -25.887385
10.984969 -16.909831 -25.887385
11.323132 -16.571668 -25.887385
11.230136 -16.109728 -26.211808
11.135402 -15.756174 -26.211808
10.876583 -15.497355 -26.211808
10.523029 -15.402621 -26.211808
10.169476 -15.497355 -26.211808
9.910657 -15.756174 -26.211808
9.815923 -16.109728 -26.211808
9.910657 -16.463281 -26.211808
10.169476 -16.722100 -26.211808
10.523029 -16.816835 -26.211808
10.876583 -16.722100 -26.211808
11.135402 -16.463281 -26.211808
10.905713 -16.109728 -26.428581
10.854443 -15.918386 -26.428581
10.714371 -15.778314 -26.428581
10.523029 -15.727044 -26.428581
10.331688 -15.778314 -26.428581
10.191616 -15.918386 -26.428581
10.140346 -16.109728 -26.428581
10.191616 -16.301070 -26.428581
10.331688 -16.441141 -26.428581
10.523029 -16.492411 -26.428581
10.714371 -16.441141 -26.428581
10.854443 -16.301070 -26.428581
10.523029 -16.109728 -26.504702
12.187423 -15.608314 -23.687202
12.570106 -15.608314 -23.763323
12.518836 -15.416972 -23.763323
12.378764 -15.276900 -23.763323
12.187423 -15.225630 -23.763323
11.996081 -15.276900 -23.763323
11.856009 -15.416972 -23.763323
11.804739 -15.608314 -23.763323
11.856009 -15.799655 -23.763323
11.996081 -15.939727 -23.763323
12.187423 -15.990997 -23.763323
12.378764 -15.939727 -23.763323
12.518836 -15.799655 -23.763323
12.894530 -15.608314 -23.980096
12.799795 -15.254760 -23.980096
12.540976 -14.995941 -23.980096
12.187423 -14.901207 -23.980096
11.833869 -14.995941 -23.980096
11.575050 -15.254760 -23.980096
11.480316 -15.608314 -23.980096
11.575050 -15.961867 -23.980096
11.833869 -16.220686 -23.980096
12.187423 -16.315420 -23.980096
12.540976 -16.220686 -23.980096
12.799795 -15.961867 -23.980096
13.111302 -15.608314 -24.304519
12.987526 -15.146374 -24.304519
12.649363 -14.808210 -24.304519
12.187423 -14.684434 -24.304519
11.725483 -14.808210 -24.304519
11.387320 -15.146374 -24.304519
11.263543 -15.608314 -24.304519
11.387320 -16.070253 -24.304519
11.725483 -16.408417 -24.304519
12.187423 -16.532193 -24.304519
12.649363 -16.408417 -24.304519
12.987526 -16.070253 -24.304519
13.187423 -15.608314 -24.687202
13.053448 -15.108314 -24.687202
12.687423 -14.742288 -24.687202
12.187423 -14.608314 -24.687202
11.687423 -14.742288 -24.687202
11.321397 -15.108314 -24.687202
11.187423 -15.608314 -24.687202
11.321397 -16.108314 -24.687202
11.687423 -16.474339 -24.687202
12.187423 -16.608314 -24.687202
12.687423 -16.474339 -24.687202
13.053448 -16.108314 -24.687202
13.111302 -15.608314 -25.069886
12.987526 -15.146374 -25.069886
12.649363 -14.808210 -25.069886
12.187423 -14.684434 -25.069886
11.725483 -14.808210 -25.069886
11.387320 -15.146374 -25.069886
11.263543 -15.608314 -25.069886
11.387320 -16.070253 -25.069886
11.725483 -16.408417 -25.069886
12.187423 -16.532193 -25.069886
12.649363 -16.408417 -25.069886
12.987526 -16.070253 -25.069886
12.894530 -15.608314 -25.394309
12.799795 -15.254760 -25.394309
12.540976 -14.995941 -25.394309
12.187423 -14.901207 -25.394309
11.833869 -14.995941 -25.394309
11.575050 -15.254760 -25.394309
11.480316 -15.608314 -25.394309
11.575050 -15.961867 -25.394309
11.833869 -16.220686 -25.394309
12.187423 -16.315420 -25.394309
12.540976 -16.220686 -25.394309
12.799795 -15.961867 -25.394309
12.570106 -15.608314 -25.611082
12.518836 -15.416972 -25.611082
12.378764 -15.276900 -25.611082
12.187423 -15.225630 -25.611082
11.996081 -15.276900 -25.611082
11.856009 -15.416972 -25.611082
11.804739 -15.608314 -25.611082
11.856009 -15.799655 -25.611082
11.996081 -15.939727 -25.611082
12.187423 -15.990997 -25.611082
12.378764 -15.939727 -25.611082
12.518836 -15.799655 -25.611082
12.187423 -15.608314 -25.687202
13.745058 -14.802754 -23.190508
14.127741 -14.802754 -23.266628
14.076472 -14.611413 -23.266628
13.936400 -14.471341 -23.266628
13.745058 -14.420071 -23.266628
13.553716 -14.471341 -23.266628
13.413644 -14.611413 -23.266628
13.362375 -14.802754 -23.266628
13.413644 -14.994096 -23.266628
13.553716 -15.134168 -23.266628
13.745058 -15.185438 -23.266628
13.936400 -15.134168 -23.266628
14.076472 -14.994096 -23.266628
14.452165 -14.802754 -23.483401
14.357430 -14.449201 -23.483401
14.098611 -14.190382 -23.483401
13.745058 -14.095648 -23.483401
13.391505 -14.190382 -23.483401
13.132686 -14.449201 -23.483401
13.037951 -14.802754 -23.483401
13.132686 -15.156308 -23.483401
13.391505 -15.415127 -23.483401
13.745058 -15.509861 -23.483401
14.098611 -15.415127 -23.483401
14.357430 -15.156308 -23.483401
14.668938 -14.802754 -23.807824
14.545161 -14.340815 -23.807824
14.206998 -14.002651 -23.807824
13.745058 -13.878875 -23.807824
13.283118 -14.002651 -23.807824
12.944955 -14.340815 -23.807824
12.821179 -14.802754 -23.807824
12.944955 -15.264694 -23.807824
13.283118 -15.602858 -23.807824
13.745058 -15.726634 -23.807824
14.206998 -15.602858 -23.807824
14.545161 -15.264694 -23.807824
14.745058 -14.802754 -24.190508
14.611083 -14.302754 -24.190508
14.245058 -13.936729 -24.190508
13.745058 -13.802754 -24.190508
13.245058 -13.936729 -24.190508
12.879033 -14.302754 -24.190508
12.745058 -14.802754 -24.190508
12.879033 -15.302754 -24.190508
13.245058 -15.668780 -24.190508
13.745058 -15.802754 -24.190508
14.245058 -15.668780 -24.190508
14.611083 -15.302754 -24.190508
14.668938 -14.802754 -24.573191
14.545161 -14.340815 -24.573191
14.206998 -14.002651 -24.573191
13.745058 -13.878875 -24.573191
13.283118 -14.002651 -24.573191
12.944955 -14.340815 -24.573191
12.821179 -14.802754 -24.573191
12.944955 -15.264694 -24.573191
13.283118 -15.602858 -24.573191
13.745058 -15.726634 -24.573191
14.206998 -15.602858 -24.573191
14.545161 -15.264694 -24.573191
14.452165 -14.802754 -24.897615
14.357430 -14.449201 -24.897615
14.098611 -14.190382 -24.897615
13.745058 -14.095648 -24.897615
13.391505 -14.190382 -24.897615
13.132686 -14.449201 -24.897615
13.037951 -14.802754 -24.897615
13.132686 -15.156308 -24.897615
13.391505 -15.415127 -24.897615
13.745058 -15.509861 -24.897615
14.098611 -15.415127 -24.897615
14.357430 -15.156308 -24.897615
14.127741 -14.802754 -25.114387
14.076472 -14.611413 -25.114387
13.936400 -14.471341 -25.114387
13.745058 -14.420071 -25.114387
13.553716 -14.471341 -25.114387
13.413644 -14.611413 -25.114387
13.362375 -14.802754 -25.114387
13.413644 -14.994096 -25.114387
13.553716 -15.134168 -25.114387
13.745058 -15.185438 -25.114387
13.936400 -15.134168 -25.114387
14.076472 -14.994096 -25.114387
13.745058 -14.802754 -25.190508
15.091101 -14.088892 -22.754602
15.473784 -14.088892 -22.830723
15.422514 -13.897550 -22.830723
15.282442 -13.757478 -22.830723
15.091101 -13.706209 -22.830723
14.899759 -13.757478 -22.830723
14.759687 -13.897550 -22.830723
14.708417 -14.088892 -22.830723
14.759687 -14.280234 -22.830723
14.899759 -14.420306 -22.830723
15.091101 -14.471575 -22.830723
15.282442 -14.420306 -22.830723
15.422514 -14.280234 -22.830723
15.798207 -14.088892 -23.047496
15.703473 -13.735339 -23.047496
15.444654 -13.476520 -23.047496
15.091101 -13.381785 -23.047496
14.737547 -13.476520 -23.047496
14.478728 -13.735339 -23.047496
14.383994 -14.088892 -23.047496
14.478728 -14.442445 -23.047496
14.737547 -14.701264 -23.047496
15.091101 -14.795999 -23.047496
15.444654 -14.701264 -23.047496
15.703473 -14.442445 -23.047496
16.014980 -14.088892 -23.371919
15.891204 -13.626952 -23.371919
15.553040 -13.288789 -23.371919
15.091101 -13.165012 -23.371919
14.629161 -13.288789 -23.371919
14.290998 -13.626952 -23.371919
14.167221 -14.088892 -23.371919
14.290998 -14.550832 -23.371919
14.629161 -14.888995 -23.371919
15.091101 -15.012772 -23.371919
15.553040 -14.888995 -23.371919
15.891204 -14.550832 -23.371919
16.091101 -14.088892 -23.754602
15.957126 -13.588892 -23.754602
15.591101 -13.222867 -23.754602
15.091101 -13.088892 -23.754602
14.591101 -13.222867 -23.754602
14.225075 -13.588892 -23.754602
14.091101 -14.088892 -23.754602
14.225075 -14.588892 -23.754602
14.591101 -14.954917 -23.754602
15.091101 -15.088892 -23.754602
15.591101 -14.954917 -23.754602
15.957126 -14.588892 -23.754602
16.014980 -14.088892 -24.137286
15.891204 -13.626952 -24.137286
15.553040 -13.288789 -24.137286
15.091101 -13.165012 -24.137286
14.629161 -13.288789 -24.137286
14.290998 -13.626952 -24.137286
14.167221 -14.088892 -24.137286
14.290998 -14.550832 -24.137286
14.629161 -14.888995 -24.137286
15.091101 -15.012772 -24.137286
15.553040 -14.888995 -24.137286
15.891204 -14.550832 -24.137286
15.798207 -14.088892 -24.461709
15.703473 -13.735339 -24.461709
15.444654 -13.476520 -24.461709
15.091101 -13.381785 -24.461709
14.737547 -13.476520 -24.461709
14.478728 -13.735339 -24.461709
14.383994 -14.088892 -24.461709
14.478728 -14.442445 -24.461709
14.737547 -14.701264 -24.461709
15.091101 -14.795999 -24.461709
15.444654 -14.701264 -24.461709
15.703473 -14.442445 -24.461709
15.473784 -14.088892 -24.678482
15.422514 -13.897550 -24.678482
15.282442 -13.757478 -24.678482
15.091101 -13.706209 -24.678482
14.899759 -13.757478 -24.678482
14.759687 -13.897550 -24.678482
14.708417 -14.088892 -24.678482
14.759687 -14.280234 -24.678482
14.899759 -14.420306 -24.678482
15.091101 -14.471575 -24.678482
15.282442 -14.420306 -24.678482
15.422514 -14.280234 -24.678482
15.091101 -14.088892 -24.754602
16.291798 -13.177170 -22.599800
16.674481 -13.177170 -22.675921
16.623211 -12.985828 -22.675921
16.483139 -12.845756 -22.675921
16.291798 -12.794486 -22.675921
16.100456 -12.845756 -22.675921
15.960384 -12.985828 -22.675921
15.909114 -13.177170 -22.675921
15.960384 -13.368512 -22.675921
16.100456 -13.508583 -22.675921
16.291798 -13.559853 -22.675921
16.483139 -13.508583 -22.675921
16.623211 -13.368512 -22.675921
16.998904 -13.177170 -22.892693
16.904170 -12.823616 -22.892693
16.645351 -12.564797 -22.892693
16.291798 -12.470063 -22.892693
15.938244 -12.564797 -22.892693
15.679425 -12.823616 -22.892693
15.584691 -13.177170 -22.892693
15.679425 -13.530723 -22.892693
15.938244 -13.789542 -22.892693
16.291798 -13.884277 -22.892693
16.645351 -13.789542 -22.892693
16.904170 -13.530723 -22.892693
17.215677 -13.177170 -23.217117
17.091901 -12.715230 -23.217117
16.753737 -12.377067 -23.217117
16.291798 -12.253290 -23.217117
15.829858 -12.377067 -23.217117
15.491694 -12.715230 -23.217117
15.367918 -13.177170 -23.217117
15.491694 -13.639110 -23.217117
15.829858 -13.977273 -23.217117
16.291798 -14.101049 -23.217117
16.753737 -13.977273 -23.217117
17.091901 -13.639110 -23.217117
17.291798 -13.177170 -23.599800
17.157823 -12.677170 -23.599800
16.791798 -12.311144 -23.599800
16.291798 -12.177170 -23.599800
15.791798 -12.311144 -23.599800
15.425772 -12.677170 -23.599800
15.291798 -13.177170 -23.599800
15.425772 -13.677170 -23.599800
15.791798 -14.043195 -23.599800
16.291798 -14.177170 -23.599800
16.791798 -14.043195 -23.599800
17.157823 -13.677170 -23.599800
17.215677 -13.177170 -23.982484
17.091901 -12.715230 -23.982484
16.753737 -12.377067 -23.982484
16.291798 -12.253290 -23.982484
15.829858 -12.377067 -23.982484
15.491694 -12.715230 -23.982484
15.367918 -13.177170 -23.982484
15.491694 -13.639110 -23.982484
15.829858 -13.977273 -23.982484
16.291798 -14.101049 -23.982484
16.753737 -13.977273 -23.982484
17.091901 -13.639110 -23.982484
16.998904 -13.177170 -24.306907
16.904170 -12.823616 -24.306907
16.645351 -12.564797 -24.306907
16.291798 -12.470063 -24.306907
15.938244 -12.564797 -24.306907
15.679425 -12.823616 -24.306907
15.584691 -13.177170 -24.306907
15.679425 -13.530723 -24.306907
15.938244 -13.789542 -24.306907
16.291798 -13.884277 -24.306907
16.645351 -13.789542 -24.306907
16.904170 -13.530723 -24.306907
16.674481 -13.177170 -24.523680
16.623211 -12.985828 -24.523680
16.483139 -12.845756 -24.523680
16.291798 -12.794486 -24.523680
16.100456 -12.845756 -24.523680
15.960384 -12.985828 -24.523680
15.909114 -13.177170 -24.523680
15.960384 -13.368512 -24.523680
16.100456 -13.508583 -24.523680
16.291798 -13.559853 -24.523680
16.483139 -13.508583 -24.523680
16.623211 -13.368512 -24.523680
16.291798 -13.177170 -24.599800
17.133177 -11.941937 -22.789839
17.515860 -11.941937 -22.865959
17.464590 -11.750596 -22.865959
17.324519 -11.610524 -22.865959
17.133177 -11.559254 -22.865959
16.941835 -11.610524 -22.865959
16.801763 -11.750596 -22.865959
16.750493 -11.941937 -22.865959
16.801763 -12.133279 -22.865959
16.941835 -12.273351 -22.865959
17.133177 -12.324621 -22.865959
17.324519 -12.273351 -22.865959
17.464590 -12.133279 -22.865959
17.840284 -11.941937 -23.082732
17.745549 -11.588384 -23.082732
17.486730 -11.329565 -23.082732
17.133177 -11.234831 -23.082732
16.779623 -11.329565 -23.082732
16.520804 -11.588384 -23.082732
16.426070 -11.941937 -23.082732
16.520804 -12.295491 -23.082732
16.779623 -12.554310 -23.082732
17.133177 -12.649044 -23.082732
17.486730 -12.554310 -23.082732
17.745549 -12.295491 -23.082732
18.057056 -11.941937 -23.407155
17.933280 -11.479998 -23.407155
17.595117 -11.141834 -23.407155
17.133177 -11.018058 -23.407155
16.671237 -11.141834 -23.407155
16.333074 -11.479998 -23.407155
16.209297 -11.941937 -23.407155
16.333074 -12.403877 -23.407155
16.671237 -12.742041 -23.407155
17.133177 -12.865817 -23.407155
17.595117 -12.742041 -23.407155
17.933280 -12.403877 -23.407155
18.133177 -11.941937 -23.789839
17.999202 -11.441937 -23.789839
17.633177 -11.075912 -23.789839
17.133177 -10.941937 -23.789839
16.633177 -11.075912 -23.789839
16.267151 -11.441937 -23.789839
16.133177 -11.941937 -23.789839
16.267151 -12.441937 -23.789839
16.633177 -12.807963 -23.789839
17.133177 -12.941937 -23.789839
17.633177 -12.807963 -23.789839
17.999202 -12.441937 -23.789839
18.057056 -11.941937 -24.172522
17.933280 -11.479998 -24.172522
17.595117 -11.141834 -24.172522
17.133177 -11.018058 -24.172522
16.671237 -11.141834 -24.172522
16.333074 -11.479998 -24.172522
16.209297 -11.941937 -24.172522
16.333074 -12.403877 -24.172522
16.671237 -12.742041 -24.172522
17.133177 -12.865817 -24.172522
17.595117 -12.742041 -24.172522
17.933280 -12.403877 -24.172522
17.840284 -11.941937 -24.496946
17.745549 -11.588384 -24.496946
17.486730 -11.329565 -24.496946
17.133177 -11.234831 -24.496946
16.779623 -11.329565 -24.496946
16.520804 -11.588384 -24.496946
16.426070 -11.941937 -24.496946
16.520804 -12.295491 -24.496946
16.779623 -12.554310 -24.496946
17.133177 -12.649044 -24.496946
17.486730 -12.554310 -24.496946
17.745549 -12.295491 -24.496946
17.515860 -11.941937 -24.713718
17.464590 -11.750596 -24.713718
17.324519 -11.610524 -24.713718
17.133177 -11.559254 -24.713718
16.941835 -11.610524 -24.713718
16.801763 -11.750596 -24.713718
16.750493 -11.941937 -24.713718
16.801763 -12.133279 -24.713718
16.941835 -12.273351 -24.713718
17.133177 -12.324621 -24.713718
17.324519 -12.273351 -24.713718
17.464590 -12.133279 -24.713718
17.133177 -11.941937 -24.789839
4.658768 -15.788660 -26.279312
5.041451 -15.788660 -26.355433
4.990181 -15.597318 -26.355433
4.850109 -15.457246 -26.355433
4.658768 -15.405977 -26.355433
4.467426 -15.457246 -26.355433
4.327354 -15.597318 -26.355433
4.276084 -15.788660 -26.355433
4.327354 -15.980002 -26.355433
4.467426 -16.120074 -26.355433
4.658768 -16.171343 -26.355433
4.850109 -16.120074 -26.355433
4.990181 -15.980002 -26.355433
5.365874 -15.788660 -26.572205
5.271140 -15.435107 -26.572205
5.012321 -15.176288 -26.572205
4.658768 -15.081553 -26.572205
4.305214 -15.176288 -26.572205
4.046395 -15.435107 -26.572205
3.951661 -15.788660 -26.572205
4.046395 -16.142213 -26.572205
4.305214 -16.401032 -26.572205
4.658768 -16.495767 -26.572205
5.012321 -16.401032 -26.572205
5.271140 -16.142213 -26.572205
5.582647 -15.788660 -26.896629
5.458871 -15.326720 -26.896629
5.120707 -14.988557 -26.896629
4.658768 -14.864781 -26.896629
4.196828 -14.988557 -26.896629
3.858665 -15.326720 -26.896629
3.734888 -15.788660 -26.896629
3.858665 -16.250600 -26.896629
4.196828 -16.588763 -26.896629
4.658768 -16.712540 -26.896629
5.120707 -16.588763 -26.896629
5.458871 -16.250600 -26.896629
5.658768 -15.788660 -27.279312
5.524793 -15.288660 -27.279312
5.158768 -14.922635 -27.279312
4.658768 -14.788660 -27.279312
4.158768 -14.922635 -27.279312
3.792742 -15.288660 -27.279312
3.658768 -15.788660 -27.279312
3.792742 -16.288660 -27.279312
4.158768 -16.654685 -27.279312
4.658768 -16.788660 -27.279312
5.158768 -16.654685 -27.279312
5.524793 -16.288660 -27.279312
5.582647 -15.788660 -27.661996
5.458871 -15.326720 -27.661996
5.120707 -14.988557 -27.661996
4.658768 -14.864781 -27.661996
4.196828 -14.988557 -27.661996
3.858665 -15.326720 -27.661996
3.734888 -15.788660 -27.661996
3.858665 -16.250600 -27.661996
4.196828 -16.588763 -27.661996
4.658768 -16.712540 -27.661996
5.120707 -16.588763 -27.661996
5.458871 -16.250600 -27.661996
5.365874 -15.788660 -27.986419
5.271140 -15.435107 -27.986419
5.012321 -15.176288 -27.986419
4.658768 -15.081553 -27.986419
4.305214 -15.176288 -27.986419
4.046395 -15.435107 -27.986419
3.951661 -15.788660 -27.986419
4.046395 -16.142213 -27.986419
4.305214 -16.401032 -27.986419
4.658768 -16.495767 -27.986419
5.012321 -16.401032 -27.986419
5.271140 -16.142213 -27.986419
5.041451 -15.788660 -28.203192
4.990181 -15.597318 -28.203192
4.850109 -15.457246 -28.203192
4.658768 -15.405977 -28.203192
4.467426 -15.457246 -28.203192
4.327354 -15.597318 -28.203192
4.276084 -15.788660 -28.203192
4.327354 -15.980002 -28.203192
4.467426 -16.120074 -28.203192
4.658768 -16.171343 -28.203192
4.850109 -16.120074 -28.203192
4.990181 -15.980002 -28.203192
4.658768 -15.788660 -28.279312
3.312368 -15.574784 -26.674252
3.695052 -15.574784 -26.750372
3.643782 -15.383443 -26.750372
3.503710 -15.243371 -26.750372
3.312368 -15.192101 -26.750372
3.121026 -15.243371 -26.750372
2.980955 -15.383443 -26.750372
2.929685 -15.574784 -26.750372
2.980955 -15.766126 -26.750372
3.121026 -15.906198 -26.750372
3.312368 -15.957468 -26.750372
3.503710 -15.906198 -26.750372
3.643782 -15.766126 -26.750372
4.019475 -15.574784 -26.967145
3.924741 -15.221231 -26.967145
3.665922 -14.962412 -26.967145
3.312368 -14.867677 -26.967145
2.958815 -14.962412 -26.967145
2.699996 -15.221231 -26.967145
2.605261 -15.574784 -26.967145
2.699996 -15.928338 -26.967145
2.958815 -16.187157 -26.967145
3.312368 -16.281891 -26.967145
3.665922 -16.187157 -26.967145
3.924741 -15.928338 -26.967145
4.236248 -15.574784 -27.291568
4.112471 -15.112845 -27.291568
3.774308 -14.774681 -27.291568
3.312368 -14.650905 -27.291568
2.850428 -14.774681 -27.291568
2.512265 -15.112845 -27.291568
2.388489 -15.574784 -27.291568
2.512265 -16.036724 -27.291568
2.850428 -16.374887 -27.291568
3.312368 -16.498664 -27.291568
3.774308 -16.374887 -27.291568
4.112471 -16.036724 -27.291568
4.312368 -15.574784 -27.674252
4.178394 -15.074784 -27.674252
3.812368 -14.708759 -27.674252
3.312368 -14.574784 -27.674252
2.812368 -14.708759 -27.674252
2.446343 -15.074784 -27.674252
2.312368 -15.574784 -27.674252
2.446343 -16.074784 -27.674252
2.812368 -16.440810 -27.674252
3.312368 -16.574784 -27.674252
3.812368 -16.440810 -27.674252
4.178394 -16.074784 -27.674252
4.236248 -15.574784 -28.056935
4.112471 -15.112845 -28.056935
3.774308 -14.774681 -28.056935
3.312368 -14.650905 -28.056935
2.850428 -14.774681 -28.056935
2.512265 -15.112845 -28.056935
2.388489 -15.574784 -28.056935
2.512265 -16.036724 -28.056935
2.850428 -16.374887 -28.056935
3.312368 -16.498664 -28.056935
3.774308 -16.374887 -28.056935
4.112471 -16.036724 -28.056935
4.019475 -15.574784 -28.381358
3.924741 -15.221231 -28.381358
3.665922 -14.962412 -28.381358
3.312368 -14.867677 -28.381358
2.958815 -14.962412 -28.381358
2.699996 -15.221231 -28.381358
2.605261 -15.574784 -28.381358
2.699996 -15.928338 -28.381358
2.958815 -16.187157 -28.381358
3.312368 -16.281891 -28.381358
3.665922 -16.187157 -28.381358
3.924741 -15.928338 -28.381358
3.695052 -15.574784 -28.598131
3.643782 -15.383443 -28.598131
3.503710 -15.243371 -28.598131
3.312368 -15.192101 -28.598131
3.121026 -15.243371 -28.598131
2.980955 -15.383443 -28.598131
2.929685 -15.574784 -28.598131
2.980955 -15.766126 -28.598131
3.121026 -15.906198 -28.598131
3.312368 -15.957468 -28.598131
3.503710 -15.906198 -28.598131
3.643782 -15.766126 -28.598131
3.312368 -15.574784 -28.674252
1.888311 -14.680945 -27.683376
2.270994 -14.680945 -27.759497
2.219724 -14.489604 -27.759497
2.079653 -14.349532 -27.759497
1.888311 -14.298262 -27.759497
1.696969 -14.349532 -27.759497
1.556897 -14.489604 -27.759497
1.505627 -14.680945 -27.759497
1.556897 -14.872287 -27.759497
1.696969 -15.012359 -27.759497
1.888311 -15.063629 -27.759497
2.079653 -15.012359 -27.759497
2.219724 -14.872287 -27.759497
2.595418 -14.680945 -27.976270
2.500683 -14.327392 -27.976270
2.241864 -14.068573 -27.976270
1.888311 -13.973839 -27.976270
1.534757 -14.068573 -27.976270
1.275938 -14.327392 -27.976270
1.181204 -14.680945 -27.976270
1.275938 -15.034499 -27.976270
1.534757 -15.293318 -27.976270
1.888311 -15.388052 -27.976270
2.241864 -15.293318 -27.976270
2.500683 -15.034499 -27.976270
2.812190 -14.680945 -28.300693
2.688414 -14.219006 -28.300693
2.350251 -13.880842 -28.300693
1.888311 -13.757066 -28.300693
1.426371 -13.880842 -28.300693
1.088208 -14.219006 -28.300693
0.964431 -14.680945 -28.300693
1.088208 -15.142885 -28.300693
1.426371 -15.481049 -28.300693
1.888311 -15.604825 -28.300693
2.350251 -15.481049 -28.300693
2.688414 -15.142885 -28.300693
2.888311 -14.680945 -28.683376
2.754336 -14.180945 -28.683376
2.388311 -13.814920 -28.683376
1.888311 -13.680945 -28.683376
1.388311 -13.814920 -28.683376
1.022285 -14.180945 -28.683376
0.888311 -14.680945 -28.683376
1.022285 -15.180945 -28.683376
1.388311 -15.546971 -28.683376
1.888311 -15.680945 -28.683376
2.388311 -15.546971 -28.683376
2.754336 -15.180945 -28.683376
2.812190 -14.680945 -29.066060
2.688414 -14.219006 -29.066060
2.350251 -13.880842 -29.066060
1.888311 -13.757066 -29.066060
1.426371 -13.880842 -29.066060
1.088208 -14.219006 -29.066060
0.964431 -14.680945 -29.066060
1.088208 -15.142885 -29.066060
1.426371 -15.481049 -29.066060
1.888311 -15.604825 -29.066060
2.350251 -15.481049 -29.066060
2.688414 -15.142885 -29.066060
2.595418 -14.680945 -29.390483
2.500683 -14.327392 -29.390483
2.241864 -14.068573 -29.390483
1.888311 -13.973839 -29.390483
1.534757 -14.068573 -29.390483
1.275938 -14.327392 -29.390483
1.181204 -14.680945 -29.390483
1.275938 -15.034499 -29.390483
1.534757 -15.293318 -29.390483
1.888311 -15.388052 -29.390483
2.241864 -15.293318 -29.390483
2.500683 -15.034499 -29.390483
2.270994 -14.680945 -29.607256
2.219724 -14.489604 -29.607256
2.079653 -14.349532 -29.607256
1.888311 -14.298262 -29.607256
1.696969 -14.349532 -29.607256
1.556897 -14.489604 -29.607256
1.505627 -14.680945 -29.607256
1.556897 -14.872287 -29.607256
1.696969 -15.012359 -29.607256
1.888311 -15.063629 -29.607256
2.079653 -15.012359 -29.607256
2.219724 -14.872287 -29.607256
1.888311 -14.680945 -29.683376
18.274689 -10.152448 -22.452562
18.657372 -10.152448 -22.528683
18.606102 -9.961106 -22.528683
18.466030 -9.821034 -22.528683
18.274689 -9.769764 -22.528683
18.083347 -9.821034 -22.528683
17.943275 -9.961106 -22.528683
17.892005 -10.152448 -22.528683
17.943275 -10.343789 -22.528683
18.083347 -10.483861 -22.528683
18.274689 -10.535131 -22.528683
18.466030 -10.483861 -22.528683
18.606102 -10.343789 -22.528683
18.981796 -10.152448 -22.745456
18.887061 -9.798894 -22.745456
18.628242 -9.540075 -22.745456
18.274689 -9.445341 -22.745456
17.921135 -9.540075 -22.745456
17.662316 -9.798894 -22.745456
17.567582 -10.152448 -22.745456
17.662316 -10.506001 -22.745456
17.921135 -10.764820 -22.745456
18.274689 -10.859554 -22.745456
18.628242 -10.764820 -22.745456
18.887061 -10.506001 -22.745456
19.198568 -10.152448 -23.069879
19.074792 -9.690508 -23.069879
18.736628 -9.352345 -23.069879
18.274689 -9.228568 -23.069879
17.812749 -9.352345 -23.069879
17.474586 -9.690508 -23.069879
17.350809 -10.152448 -23.069879
17.474586 -10.614387 -23.069879
17.812749 -10.952551 -23.069879
18.274689 -11.076327 -23.069879
18.736628 -10.952551 -23.069879
19.074792 -10.614387 -23.069879
19.274689 -10.152448 -23.452562
19.140714 -9.652448 -23.452562
18.774689 -9.286422 -23.452562
18.274689 -9.152448 -23.452562
17.774689 -9.286422 -23.452562
17.408663 -9.652448 -23.452562
17.274689 -10.152448 -23.452562
17.408663 -10.652448 -23.452562
17.774689 -11.018473 -23.452562
18.274689 -11.152448 -23.452562
18.774689 -11.018473 -23.452562
19.140714 -10.652448 -23.452562
19.198568 -10.152448 -23.835246
19.074792 -9.690508 -23.835246
18.736628 -9.352345 -23.835246
18.274689 -9.228568 -23.835246
17.812749 -9.352345 -23.835246
17.474586 -9.690508 -23.835246
17.350809 -10.152448 -23.835246
17.474586 -10.614387 -23.835246
17.812749 -10.952551 -23.835246
18.274689 -11.076327 -23.835246
18.736628 -10.952551 -23.835246
19.074792 -10.614387 -23.835246
18.981796 -10.152448 -24.159669
18.887061 -9.798894 -24.159669
18.628242 -9.540075 -24.159669
18.274689 -9.445341 -24.159669
17.921135 -9.540075 -24.159669
17.662316 -9.798894 -24.159669
17.567582 -10.152448 -24.159669
17.662316 -10.506001 -24.159669
17.921135 -10.764820 -24.159669
18.274689 -10.859554 -24.159669
18.628242 -10.764820 -24.159669
18.887061 -10.506001 -24.159669
18.657372 -10.152448 -24.376442
18.606102 -9.961106 -24.376442
18.466030 -9.821034 -24.376442
18.274689 -9.769764 -24.376442
18.083347 -9.821034 -24.376442
17.943275 -9.961106 -24.376442
17.892005 -10.152448 -24.376442
17.943275 -10.343789 -24.376442
18.083347 -10.483861 -24.376442
18.274689 -10.535131 -24.376442
18.466030 -10.483861 -24.376442
18.606102 -10.343789 -24.376442
18.274689 -10.152448 -24.452562
18.667934 -8.712583 -22.585146
19.050618 -8.712583 -22.661266
18.999348 -8.521241 -22.661266
18.859276 -8.381169 -22.661266
18.667934 -8.329899 -22.661266
18.476593 -8.381169 -22.661266
18.336521 -8.521241 -22.661266
18.285251 -8.712583 -22.661266
18.336521 -8.903924 -22.661266
18.476593 -9.043996 -22.661266
18.667934 -9.095266 -22.661266
18.859276 -9.043996 -22.661266
18.999348 -8.903924 -22.661266
19.375041 -8.712583 -22.878039
19.280307 -8.359029 -22.878039
19.021488 -8.100210 -22.878039
18.667934 -8.005476 -22.878039
18.314381 -8.100210 -22.878039
18.055562 -8.359029 -22.878039
17.960828 -8.712583 -22.878039
18.055562 -9.066136 -22.878039
18.314381 -9.324955 -22.878039
18.667934 -9.419689 -22.878039
19.021488 -9.324955 -22.878039
19.280307 -9.066136 -22.878039
19.591814 -8.712583 -23.202463
19.468038 -8.250643 -23.202463
19.129874 -7.912479 -23.202463
18.667934 -7.788703 -23.202463
18.205995 -7.912479 -23.202463
17.867831 -8.250643 -23.202463
17.744055 -8.712583 -23.202463
17.867831 -9.174522 -23.202463
18.205995 -9.512686 -23.202463
18.667934 -9.636462 -23.202463
19.129874 -9.512686 -23.202463
19.468038 -9.174522 -23.202463
19.667934 -8.712583 -23.585146
19.533960 -8.212583 -23.585146
19.167934 -7.846557 -23.585146
18.667934 -7.712583 -23.585146
18.167934 -7.846557 -23.585146
17.801909 -8.212583 -23.585146
17.667934 -8.712583 -23.585146
17.801909 -9.212583 -23.585146
18.167934 -9.578608 -23.585146
18.667934 -9.712583 -23.585146
19.167934 -9.578608 -23.585146
19.533960 -9.212583 -23.585146
19.591814 -8.712583 -23.967829
19.468038 -8.250643 -23.967829
19.129874 -7.912479 -23.967829
18.667934 -7.788703 -23.967829
18.205995 -7.912479 -23.967829
17.867831 -8.250643 -23.967829
17.744055 -8.712583 -23.967829
17.867831 -9.174522 -23.967829
18.205995 -9.512686 -23.967829
18.667934 -9.636462 -23.967829
19.129874 -9.512686 -23.967829
19.468038 -9.174522 -23.967829
19.375041 -8.712583 -24.292253
19.280307 -8.359029 -24.292253
19.021488 -8.100210 -24.292253
18.667934 -8.005476 -24.292253
18.314381 -8.100210 -24.292253
18.055562 -8.359029 -24.292253
17.960828 -8.712583 -24.292253
18.055562 -9.066136 -24.292253
18.314381 -9.324955 -24.292253
18.667934 -9.419689 -24.292253
19.021488 -9.324955 -24.292253
19.280307 -9.066136 -24.292253
19.050618 -8.712583 -24.509025
18.999348 -8.521241 -24.509025
18.859276 -8.381169 -24.509025
18.667934 -8.329899 -24.509025
18.476593 -8.381169 -24.509025
18.336521 -8.521241 -24.509025
18.285251 -8.712583 -24.509025
18.336521 -8.903924 -24.509025
18.476593 -9.043996 -24.509025
18.667934 -9.095266 -24.509025
18.859276 -9.043996 -24.509025
18.999348 -8.903924 -24.509025
18.667934 -8.712583 -24.585146
18.570503 -7.060438 -23.079935
18.953187 -7.060438 -23.156056
18.901917 -6.869096 -23.156056
18.761845 -6.729024 -23.156056
18.570503 -6.677754 -23.156056
18.379162 -6.729024 -23.156056
18.239090 -6.869096 -23.156056
18.187820 -7.060438 -23.156056
18.239090 -7.251779 -23.156056
18.379162 -7.391851 -23.156056
18.570503 -7.443121 -23.156056
18.761845 -7.391851 -23.156056
18.901917 -7.251779 -23.156056
19.277610 -7.060438 -23.372828
19.182876 -6.706884 -23.372828
18.924057 -6.448065 -23.372828
18.570503 -6.353331 -23.372828
18.216950 -6.448065 -23.372828
17.958131 -6.706884 -23.372828
17.863396 -7.060438 -23.372828
17.958131 -7.413991 -23.372828
18.216950 -7.672810 -23.372828
18.570503 -7.767544 -23.372828
18.924057 -7.672810 -23.372828
19.182876 -7.413991 -23.372828
19.494383 -7.060438 -23.697252
19.370606 -6.598498 -23.697252
19.032443 -6.260335 -23.697252
18.570503 -6.136558 -23.697252
18.108563 -6.260335 -23.697252
17.770400 -6.598498 -23.697252
17.646624 -7.060438 -23.697252
17.770400 -7.522377 -23.697252
18.108563 -7.860541 -23.697252
18.570503 -7.984317 -23.697252
19.032443 -7.860541 -23.697252
19.370606 -7.522377 -23.697252
19.570503 -7.060438 -24.079935
19.436529 -6.560438 -24.079935
19.070503 -6.194412 -24.079935
18.570503 -6.060438 -24.079935
18.070503 -6.194412 -24.079935
17.704478 -6.560438 -24.079935
17.570503 -7.060438 -24.079935
17.704478 -7.560438 -24.079935
18.070503 -7.926463 -24.079935
18.570503 -8.060438 -24.079935
19.070503 -7.926463 -24.079935
19.436529 -7.560438 -24.079935
19.494383 -7.060438 -24.462619
19.370606 -6.598498 -24.462619
19.032443 -6.260335 -24.462619
18.570503 -6.136558 -24.462619
18.108563 -6.260335 -24.462619
17.770400 -6.598498 -24.462619
17.646624 -7.060438 -24.462619
17.770400 -7.522377 -24.462619
18.108563 -7.860541 -24.462619
18.570503 -7.984317 -24.462619
19.032443 -7.860541 -24.462619
19.370606 -7.522377 -24.462619
19.277610 -7.060438 -24.787042
19.182876 -6.706884 -24.787042
18.924057 -6.448065 -24.787042
18.570503 -6.353331 -24.787042
18.216950 -6.448065 -24.787042
17.958131 -6.706884 -24.787042
17.863396 -7.060438 -24.787042
17.958131 -7.413991 -24.787042
18.216950 -7.672810 -24.787042
18.570503 -7.767544 -24.787042
18.924057 -7.672810 -24.787042
19.182876 -7.413991 -24.787042
18.953187 -7.060438 -25.003815
18.901917 -6.869096 -25.003815
18.761845 -6.729024 -25.003815
18.570503 -6.677754 -25.003815
18.379162 -6.729024 -25.003815
18.239090 -6.869096 -25.003815
18.187820 -7.060438 -25.003815
18.239090 -7.251779 -25.003815
18.379162 -7.391851 -25.003815
18.570503 -7.443121 -25.003815
18.761845 -7.391851 -25.003815
18.901917 -7.251779 -25.003815
18.570503 -7.060438 -25.079935
18.887104 -5.108200 -23.156176
19.269787 -5.108200 -23.232296
19.218518 -4.916858 -23.232296
19.078446 -4.776786 -23.232296
18.887104 -4.725516 -23.232296
18.695762 -4.776786 -23.232296
18.555690 -4.916858 -23.232296
18.504421 -5.108200 -23.232296
18.555690 -5.299541 -23.232296
18.695762 -5.439613 -23.232296
18.887104 -5.490883 -23.232296
19.078446 -5.439613 -23.232296
19.218518 -5.299541 -23.232296
19.594211 -5.108200 -23.449069
19.499476 -4.754646 -23.449069
19.240657 -4.495827 -23.449069
18.887104 -4.401093 -23.449069
18.533551 -4.495827 -23.449069
18.274732 -4.754646 -23.449069
18.179997 -5.108200 -23.449069
18.274732 -5.461753 -23.449069
18.533551 -5.720572 -23.449069
18.887104 -5.815306 -23.449069
19.240657 -5.720572 -23.449069
19.499476 -5.461753 -23.449069
19.810984 -5.108200 -23.773492
19.687207 -4.646260 -23.773492
19.349044 -4.308096 -23.773492
18.887104 -4.184320 -23.773492
18.425164 -4.308096 -23.773492
18.087001 -4.646260 -23.773492
17.963225 -5.108200 -23.773492
18.087001 -5.570139 -23.773492
18.425164 -5.908303 -23.773492
18.887104 -6.032079 -23.773492
19.349044 -5.908303 -23.773492
19.687207 -5.570139 -23.773492
19.887104 -5.108200 -24.156176
19.753129 -4.608200 -24.156176
19.387104 -4.242174 -24.156176
18.887104 -4.108200 -24.156176
18.387104 -4.242174 -24.156176
18.021079 -4.608200 -24.156176
17.887104 -5.108200 -24.156176
18.021079 -5.608200 -24.156176
18.387104 -5.974225 -24.156176
18.887104 -6.108200 -24.156176
19.387104 -5.974225 -24.156176
19.753129 -5.608200 -24.156176
19.810984 -5.108200 -24.538859
19.687207 -4.646260 -24.538859
19.349044 -4.308096 -24.538859
18.887104 -4.184320 -24.538859
18.425164 -4.308096 -24.538859
18.087001 -4.646260 -24.538859
17.963225 -5.108200 -24.538859
18.087001 -5.570139 -24.538859
18.425164 -5.908303 -24.538859
18.887104 -6.032079 -24.538859
19.349044 -5.908303 -24.538859
19.687207 -5.570139 -24.538859
19.594211 -5.108200 -24.863282
19.499476 -4.754646 -24.863282
19.240657 -4.495827 -24.863282
18.887104 -4.401093 -24.863282
18.533551 -4.495827 -24.863282
18.274732 -4.754646 -24.863282
18.179997 -5.108200 -24.863282
18.274732 -5.461753 -24.863282
18.533551 -5.720572 -24.863282
18.887104 -5.815306 -24.863282
19.240657 -5.720572 -24.863282
19.499476 -5.461753 -24.863282
19.269787 -5.108200 -25.080055
19.218518 -4.916858 -25.080055
19.078446 -4.776786 -25.080055
18.887104 -4.725516 -25.080055
18.695762 -4.776786 -25.080055
18.555690 -4.916858 -25.080055
18.504421 -5.108200 -25.080055
18.555690 -5.299541 -25.080055
18.695762 -5.439613 -25.080055
18.887104 -5.490883 -25.080055
19.078446 -5.439613 -25.080055
19.218518 -5.299541 -25.080055
18.887104 -5.108200 -25.156176
18.298088 -3.591846 -23.574457
18.680772 -3.591846 -23.650578
18.629502 -3.400504 -23.650578
18.489430 -3.260432 -23.650578
18.298088 -3.209163 -23.650578
18.106746 -3.260432 -23.650578
17.966674 -3.400504 -23.650578
17.915405 -3.591846 -23.650578
17.966674 -3.783188 -23.650578
18.106746 -3.923260 -23.650578
18.298088 -3.974529 -23.650578
18.489430 -3.923260 -23.650578
18.629502 -3.783188 -23.650578
19.005195 -3.591846 -23.867350
18.910461 -3.238293 -23.867350
18.651641 -2.979474 -23.867350
18.298088 -2.884739 -23.867350
17.944535 -2.979474 -23.867350
17.685716 -3.238293 -23.867350
17.590981 -3.591846 -23.867350
17.685716 -3.945399 -23.867350
17.944535 -4.204218 -23.867350
18.298088 -4.298953 -23.867350
18.651641 -4.204218 -23.867350
18.910461 -3.945399 -23.867350
19.221968 -3.591846 -24.191774
19.098191 -3.129906 -24.191774
18.760028 -2.791743 -24.191774
18.298088 -2.667966 -24.191774
17.836148 -2.791743 -24.191774
17.497985 -3.129906 -24.191774
17.374209 -3.591846 -24.191774
17.497985 -4.053786 -24.191774
17.836148 -4.391949 -24.191774
18.298088 -4.515726 -24.191774
18.760028 -4.391949 -24.191774
19.098191 -4.053786 -24.191774
19.298088 -3.591846 -24.574457
19.164113 -3.091846 -24.574457
18.798088 -2.725821 -24.574457
18.298088 -2.591846 -24.574457
17.798088 -2.725821 -24.574457
17.432063 -3.091846 -24.574457
17.298088 -3.591846 -24.574457
17.432063 -4.091846 -24.574457
17.798088 -4.457871 -24.574457
18.298088 -4.591846 -24.574457
18.798088 -4.457871 -24.574457
19.164113 -4.091846 -24.574457
19.221968 -3.591846 -24.957141
19.098191 -3.129906 -24.957141
18.760028 -2.791743 -24.957141
18.298088 -2.667966 -24.957141
17.836148 -2.791743 -24.957141
17.497985 -3.129906 -24.957141
17.374209 -3.591846 -24.957141
17.497985 -4.053786 -24.957141
17.836148 -4.391949 -24.957141
18.298088 -4.515726 -24.957141
18.760028 -4.391949 -24.957141
19.098191 -4.053786 -24.957141
19.005195 -3.591846 -25.281564
18.910461 -3.238293 -25.281564
18.651641 -2.979474 -25.281564
18.298088 -2.884739 -25.281564
17.944535 -2.979474 -25.281564
17.685716 -3.238293 -25.281564
17.590981 -3.591846 -25.281564
17.685716 -3.945399 -25.281564
17.944535 -4.204218 -25.281564
18.298088 -4.298953 -25.281564
18.651641 -4.204218 -25.281564
18.910461 -3.945399 -25.281564
18.680772 -3.591846 -25.498337
18.629502 -3.400504 -25.498337
18.489430 -3.260432 -25.498337
18.298088 -3.209163 -25.498337
18.106746 -3.260432 -25.498337
17.966674 -3.400504 -25.498337
17.915405 -3.591846 -25.498337
17.966674 -3.783188 -25.498337
18.106746 -3.923260 -25.498337
18.298088 -3.974529 -25.498337
18.489430 -3.923260 -25.498337
18.629502 -3.783188 -25.498337
18.298088 -3.591846 -25.574457
18.189386 -2.389860 -23.631136
18.572070 -2.389860 -23.707256
18.520800 -2.198519 -23.707256
18.380728 -2.058447 -23.707256
18.189386 -2.007177 -23.707256
17.998045 -2.058447 -23.707256
17.857973 -2.198519 -23.707256
17.806703 -2.389860 -23.707256
17.857973 -2.581202 -23.707256
17.998045 -2.721274 -23.707256
18.189386 -2.772544 -23.707256
18.380728 -2.721274 -23.707256
18.520800 -2.581202 -23.707256
18.896493 -2.389860 -23.924029
18.801759 -2.036307 -23.924029
18.542940 -1.777488 -23.924029
18.189386 -1.682754 -23.924029
17.835833 -1.777488 -23.924029
17.577014 -2.036307 -23.924029
17.482280 -2.389860 -23.924029
17.577014 -2.743414 -23.924029
17.835833 -3.002233 -23.924029
18.189386 -3.096967 -23.924029
18.542940 -3.002233 -23.924029
18.801759 -2.743414 -23.924029
19.113266 -2.389860 -24.248453
18.989490 -1.927921 -24.248453
18.651326 -1.589757 -24.248453
18.189386 -1.465981 -24.248453
17.727447 -1.589757 -24.248453
17.389283 -1.927921 -24.248453
17.265507 -2.389860 -24.248453
17.389283 -2.851800 -24.248453
17.727447 -3.189964 -24.248453
18.189386 -3.313740 -24.248453
18.651326 -3.189964 -24.248453
18.989490 -2.851800 -24.248453
19.189386 -2.389860 -24.631136
19.055412 -1.889860 -24.631136
18.689386 -1.523835 -24.631136
18.189386 -1.389860 -24.631136
17.689386 -1.523835 -24.631136
17.323361 -1.889860 -24.631136
17.189386 -2.389860 -24.631136
17.323361 -2.889860 -24.631136
17.689386 -3.255886 -24.631136
18.189386 -3.389860 -24.631136
18.689386 -3.255886 -24.631136
19.055412 -2.889860 -24.631136
19.113266 -2.389860 -25.013819
18.989490 -1.927921 -25.013819
18.651326 -1.589757 -25.013819
18.189386 -1.465981 -25.013819
17.727447 -1.589757 -25.013819
17.389283 -1.927921 -25.013819
17.265507 -2.389860 -25.013819
17.389283 -2.851800 -25.013819
17.727447 -3.189964 -25.013819
18.189386 -3.313740 -25.013819
18.651326 -3.189964 -25.013819
18.989490 -2.851800 -25.013819
18.896493 -2.389860 -25.338243
18.801759 -2.036307 -25.338243
18.542940 -1.777488 -25.338243
18.189386 -1.682754 -25.338243
17.835833 -1.777488 -25.338243
17.577014 -2.036307 -25.338243
17.482280 -2.389860 -25.338243
17.577014 -2.743414 -25.338243
17.835833 -3.002233 -25.338243
18.189386 -3.096967 -25.338243
18.542940 -3.002233 -25.338243
18.801759 -2.743414 -25.338243
18.572070 -2.389860 -25.555015
18.520800 -2.198519 -25.555015
18.380728 -2.058447 -25.555015
18.189386 -2.007177 -25.555015
17.998045 -2.058447 -25.555015
17.857973 -2.198519 -25.555015
17.806703 -2.389860 -25.555015
17.857973 -2.581202 -25.555015
17.998045 -2.721274 -25.555015
18.189386 -2.772544 -25.555015
18.380728 -2.721274 -25.555015
18.520800 -2.581202 -25.555015
18.189386 -2.389860 -25.631136
17.650057 -1.175769 -23.870541
18.032740 -1.175769 -23.946661
17.981470 -0.984427 -23.946661
17.841399 -0.844355 -23.946661
17.650057 -0.793085 -23.946661
17.458715 -0.844355 -23.946661
17.318643 -0.984427 -23.946661
17.267373 -1.175769 -23.946661
17.318643 -1.367110 -23.946661
17.458715 -1.507182 -23.946661
17.650057 -1.558452 -23.946661
17.841399 -1.507182 -23.946661
17.981470 -1.367110 -23.946661
18.357164 -1.175769 -24.163434
18.262429 -0.822215 -24.163434
18.003610 -0.563396 -24.163434
17.650057 -0.468662 -24.163434
17.296503 -0.563396 -24.163434
17.037684 -0.822215 -24.163434
16.942950 -1.175769 -24.163434
17.037684 -1.529322 -24.163434
17.296503 -1.788141 -24.163434
17.650057 -1.882876 -24.163434
18.003610 -1.788141 -24.163434
18.262429 -1.529322 -24.163434
18.573936 -1.175769 -24.487857
18.450160 -0.713829 -24.487857
18.111997 -0.375666 -24.487857
17.650057 -0.251889 -24.487857
17.188117 -0.375666 -24.487857
16.849954 -0.713829 -24.487857
16.726177 -1.175769 -24.487857
16.849954 -1.637708 -24.487857
17.188117 -1.975872 -24.487857
17.650057 -2.099648 -24.487857
18.111997 -1.975872 -24.487857
18.450160 -1.637708 -24.487857
18.650057 -1.175769 -24.870541
18.516082 -0.675769 -24.870541
18.150057 -0.309743 -24.870541
17.650057 -0.175769 -24.870541
17.150057 -0.309743 -24.870541
16.784031 -0.675769 -24.870541
16.650057 -1.175769 -24.870541
16.784031 -1.675769 -24.870541
17.150057 -2.041794 -24.870541
17.650057 -2.175769 -24.870541
18.150057 -2.041794 -24.870541
18.516082 -1.675769 -24.870541
18.573936 -1.175769 -25.253224
18.450160 -0.713829 -25.253224
18.111997 -0.375666 -25.253224
17.650057 -0.251889 -25.253224
17.188117 -0.375666 -25.253224
16.849954 -0.713829 -25.253224
16.726177 -1.175769 -25.253224
16.849954 -1.637708 -25.253224
17.188117 -1.975872 -25.253224
17.650057 -2.099648 -25.253224
18.111997 -1.975872 -25.253224
18.450160 -1.637708 -25.253224
18.357164 -1.175769 -25.577647
18.262429 -0.822215 -25.577647
18.003610 -0.563396 -25.577647
17.650057 -0.468662 -25.577647
17.296503 -0.563396 -25.577647
17.037684 -0.822215 -25.577647
16.942950 -1.175769 -25.577647
17.037684 -1.529322 -25.577647
17.296503 -1.788141 -25.577647
17.650057 -1.882876 -25.577647
18.003610 -1.788141 -25.577647
18.262429 -1.529322 -25.577647
18.032740 -1.175769 -25.794420
17.981470 -0.984427 -25.794420
17.841399 -0.844355 -25.794420
17.650057 -0.793085 -25.794420
17.458715 -0.844355 -25.794420
17.318643 -0.984427 -25.794420
17.267373 -1.175769 -25.794420
17.318643 -1.367110 -25.794420
17.458715 -1.507182 -25.794420
17.650057 -1.558452 -25.794420
17.841399 -1.507182 -25.794420
17.981470 -1.367110 -25.794420
17.650057 -1.175769 -25.870541
17.408806 0.091396 -23.838852
17.791489 0.091396 -23.914972
17.740219 0.282738 -23.914972
17.600148 0.422810 -23.914972
17.408806 0.474080 -23.914972
17.217464 0.422810 -23.914972
17.077392 0.282738 -23.914972
17.026122 0.091396 -23.914972
17.077392 -0.099945 -23.914972
17.217464 -0.240017 -23.914972
17.408806 -0.291287 -23.914972
17.600148 -0.240017 -23.914972
17.740219 -0.099945 -23.914972
18.115913 0.091396 -24.131745
18.021178 0.444950 -24.131745
17.762359 0.703769 -24.131745
17.408806 0.798503 -24.131745
17.055252 0.703769 -24.131745
16.796433 0.444950 -24.131745
16.701699 0.091396 -24.131745
16.796433 -0.262157 -24.131745
17.055252 -0.520976 -24.131745
17.408806 -0.615710 -24.131745
17.762359 -0.520976 -24.131745
18.021178 -0.262157 -24.131745
18.332685 0.091396 -24.456168
18.208909 0.553336 -24.456168
17.870746 0.891500 -24.456168
17.408806 1.015276 -24.456168
16.946866 0.891500 -24.456168
16.608703 0.553336 -24.456168
16.484926 0.091396 -24.456168
16.608703 -0.370543 -24.456168
16.946866 -0.708707 -24.456168
17.408806 -0.832483 -24.456168
17.870746 -0.708707 -24.456168
18.208909 -0.370543 -24.456168
18.408806 0.091396 -24.838852
18.274831 0.591396 -24.838852
17.908806 0.957422 -24.838852
17.408806 1.091396 -24.838852
16.908806 0.957422 -24.838852
16.542780 0.591396 -24.838852
16.408806 0.091396 -24.838852
16.542780 -0.408604 -24.838852
16.908806 -0.774629 -24.838852
17.408806 -0.908604 -24.838852
17.908806 -0.774629 -24.838852
18.274831 -0.408604 -24.838852
18.332685 0.091396 -25.221535
18.208909 0.553336 -25.221535
17.870746 0.891500 -25.221535
17.408806 1.015276 -25.221535
16.946866 0.891500 -25.221535
16.608703 0.553336 -25.221535
16.484926 0.091396 -25.221535
16.608703 -0.370543 -25.221535
16.946866 -0.708707 -25.221535
17.408806 -0.832483 -25.221535
17.870746 -0.708707 -25.221535
18.208909 -0.370543 -25.221535
18.115913 0.091396 -25.545959
18.021178 0.444950 -25.545959
17.762359 0.703769 -25.545959
17.408806 0.798503 -25.545959
17.055252 0.703769 -25.545959
16.796433 0.444950 -25.545959
16.701699 0.091396 -25.545959
16.796433 -0.262157 -25.545959
17.055252 -0.520976 -25.545959
17.408806 -0.615710 -25.545959
17.762359 -0.520976 -25.545959
18.021178 -0.262157 -25.545959
17.791489 0.091396 -25.762731
17.740219 0.282738 -25.762731
17.600148 0.422810 -25.762731
17.408806 0.474080 -25.762731
17.217464 0.422810 -25.762731
17.077392 0.282738 -25.762731
17.026122 0.091396 -25.762731
17.077392 -0.099945 -25.762731
17.217464 -0.240017 -25.762731
17.408806 -0.291287 -25.762731
17.600148 -0.240017 -25.762731
17.740219 -0.099945 -25.762731
17.408806 0.091396 -25.838852
16.038439 1.286978 -23.539478
16.421122 1.286978 -23.615599
16.369852 1.478320 -23.615599
16.229781 1.618392 -23.615599
16.038439 1.669661 -23.615599
15.847097 1.618392 -23.615599
15.707025 1.478320 -23.615599
15.655755 1.286978 -23.615599
15.707025 1.095636 -23.615599
15.847097 0.955564 -23.615599
16.038439 0.904295 -23.615599
16.229781 0.955564 -23.615599
16.369852 1.095636 -23.615599
16.745546 1.286978 -23.832372
16.650811 1.640531 -23.832372
16.391992 1.899350 -23.832372
16.038439 1.994085 -23.832372
15.684885 1.899350 -23.832372
15.426066 1.640531 -23.832372
15.331332 1.286978 -23.832372
15.426066 0.933425 -23.832372
15.684885 0.674606 -23.832372
16.038439 0.579871 -23.832372
16.391992 0.674606 -23.832372
16.650811 0.933425 -23.832372
16.962318 1.286978 -24.156795
16.838542 1.748918 -24.156795
16.500379 2.087081 -24.156795
16.038439 2.210858 -24.156795
15.576499 2.087081 -24.156795
15.238336 1.748918 -24.156795
15.114559 1.286978 -24.156795
15.238336 0.825038 -24.156795
15.576499 0.486875 -24.156795
16.038439 0.363098 -24.156795
16.500379 0.486875 -24.156795
16.838542 0.825038 -24.156795
17.038439 1.286978 -24.539478
16.904464 1.786978 -24.539478
16.538439 2.153003 -24.539478
16.038439 2.286978 -24.539478
15.538439 2.153003 -24.539478
15.172413 1.786978 -24.539478
15.038439 1.286978 -24.539478
15.172413 0.786978 -24.539478
15.538439 0.420953 -24.539478
16.038439 0.286978 -24.539478
16.538439 0.420953 -24.539478
16.904464 0.786978 -24.539478
16.962318 1.286978 -24.922162
16.838542 1.748918 -24.922162
16.500379 2.087081 -24.922162
16.038439 2.210858 -24.922162
15.576499 2.087081 -24.922162
15.238336 1.748918 -24.922162
15.114559 1.286978 -24.922162
15.238336 0.825038 -24.922162
15.576499 0.486875 -24.922162
16.038439 0.363098 -24.922162
16.500379 0.486875 -24.922162
16.838542 0.825038 -24.922162
16.745546 1.286978 -25.246585
16.650811 1.640531 -25.246585
16.391992 1.899350 -25.246585
16.038439 1.994085 -25.246585
15.684885 1.899350 -25.246585
15.426066 1.640531 -25.246585
15.331332 1.286978 -25.246585
15.426066 0.933425 -25.246585
15.684885 0.674606 -25.246585
16.038439 0.579871 -25.246585
16.391992 0.674606 -25.246585
16.650811 0.933425 -25.246585
16.421122 1.286978 -25.463358
16.369852 1.478320 -25.463358
16.229781 1.618392 -25.463358
16.038439 1.669661 -25.463358
15.847097 1.618392 -25.463358
15.707025 1.478320 -25.463358
15.655755 1.286978 -25.463358
15.707025 1.095636 -25.463358
15.847097 0.955564 -25.463358
16.038439 0.904295 -25.463358
16.229781 0.955564 -25.463358
16.369852 1.095636 -25.463358
16.038439 1.286978 -25.539478
14.042539 0.212077 -24.018223
14.425222 0.212077 -24.094343
14.373952 0.403418 -24.094343
14.233880 0.543490 -24.094343
14.042539 0.594760 -24.094343
13.851197 0.543490 -24.094343
13.711125 0.403418 -24.094343
13.659855 0.212077 -24.094343
13.711125 0.020735 -24.094343
13.851197 -0.119337 -24.094343
14.042539 -0.170607 -24.094343
14.233880 -0.119337 -24.094343
14.373952 0.020735 -24.094343
14.749645 0.212077 -24.311116
14.654911 0.565630 -24.311116
14.396092 0.824449 -24.311116
14.042539 0.919183 -24.311116
13.688985 0.824449 -24.311116
13.430166 0.565630 -24.311116
13.335432 0.212077 -24.311116
13.430166 -0.141477 -24.311116
13.688985 -0.400296 -24.311116
14.042539 -0.495030 -24.311116
14.396092 -0.400296 -24.311116
14.654911 -0.141477 -24.311116
14.966418 0.212077 -24.635539
14.842642 0.674016 -24.635539
14.504478 1.012180 -24.635539
14.042539 1.135956 -24.635539
13.580599 1.012180 -24.635539
13.242435 0.674016 -24.635539
13.118659 0.212077 -24.635539
13.242435 -0.249863 -24.635539
13.580599 -0.588027 -24.635539
14.042539 -0.711803 -24.635539
14.504478 -0.588027 -24.635539
14.842642 -0.249863 -24.635539
15.042539 0.212077 -25.018223
14.908564 0.712077 -25.018223
14.542539 1.078102 -25.018223
14.042539 1.212077 -25.018223
13.542539 1.078102 -25.018223
13.176513 0.712077 -25.018223
13.042539 0.212077 -25.018223
13.176513 -0.287923 -25.018223
13.542539 -0.653949 -25.018223
14.042539 -0.787923 -25.018223
14.542539 -0.653949 -25.018223
14.908564 -0.287923 -25.018223
14.966418 0.212077 -25.400906
14.842642 0.674016 -25.400906
14.504478 1.012180 -25.400906
14.042539 1.135956 -25.400906
13.580599 1.012180 -25.400906
13.242435 0.674016 -25.400906
13.118659 0.212077 -25.400906
13.242435 -0.249863 -25.400906
13.580599 -0.588027 -25.400906
14.042539 -0.711803 -25.400906
14.504478 -0.588027 -25.400906
14.842642 -0.249863 -25.400906
14.749645 0.212077 -25.725330
14.654911 0.565630 -25.725330
14.396092 0.824449 -25.725330
14.042539 0.919183 -25.725330
13.688985 0.824449 -25.725330
13.430166 0.565630 -25.725330
13.335432 0.212077 -25.725330
13.430166 -0.141477 -25.725330
13.688985 -0.400296 -25.725330
14.042539 -0.495030 -25.725330
14.396092 -0.400296 -25.725330
14.654911 -0.141477 -25.725330
14.425222 0.212077 -25.942102
14.373952 0.403418 -25.942102
14.233880 0.543490 -25.942102
14.042539 0.594760 -25.942102
13.851197 0.543490 -25.942102
13.711125 0.403418 -25.942102
13.659855 0.212077 -25.942102
13.711125 0.020735 -25.942102
13.851197 -0.119337 -25.942102
14.042539 -0.170607 -25.942102
14.233880 -0.119337 -25.942102
14.373952 0.020735 -25.942102
14.042539 0.212077 -26.018223
12.080954 -0.789789 -24.997971
12.463637 -0.789789 -25.074091
12.412367 -0.598448 -25.074091
12.272295 -0.458376 -25.074091
12.080954 -0.407106 -25.074091
11.889612 -0.458376 -25.074091
11.749540 -0.598448 -25.074091
11.698270 -0.789789 -25.074091
11.749540 -0.981131 -25.074091
11.889612 -1.121203 -25.074091
12.080954 -1.172473 -25.074091
12.272295 -1.121203 -25.074091
12.412367 -0.981131 -25.074091
12.788060 -0.789789 -25.290864
12.693326 -0.436236 -25.290864
12.434507 -0.177417 -25.290864
12.080954 -0.082683 -25.290864
11.727400 -0.177417 -25.290864
11.468581 -0.436236 -25.290864
11.373847 -0.789789 -25.290864
11.468581 -1.143343 -25.290864
11.727400 -1.402162 -25.290864
12.080954 -1.496896 -25.290864
12.434507 -1.402162 -25.290864
12.693326 -1.143343 -25.290864
13.004833 -0.789789 -25.615287
12.881057 -0.327850 -25.615287
12.542893 0.010314 -25.615287
12.080954 0.134090 -25.615287
11.619014 0.010314 -25.615287
11.280850 -0.327850 -25.615287
11.157074 -0.789789 -25.615287
11.280850 -1.251729 -25.615287
11.619014 -1.589893 -25.615287
12.080954 -1.713669 -25.615287
12.542893 -1.589893 -25.615287
12.881057 -1.251729 -25.615287
13.080954 -0.789789 -25.997971
12.946979 -0.289789 -25.997971
12.580954 0.076236 -25.997971
12.080954 0.210211 -25.997971
11.580954 0.076236 -25.997971
11.214928 -0.289789 -25.997971
11.080954 -0.789789 -25.997971
11.214928 -1.289789 -25.997971
11.580954 -1.655815 -25.997971
12.080954 -1.789789 -25.997971
12.580954 -1.655815 -25.997971
12.946979 -1.289789 -25.997971
13.004833 -0.789789 -26.380654
12.881057 -0.327850 -26.380654
12.542893 0.010314 -26.380654
12.080954 0.134090 -26.380654
11.619014 0.010314 -26.380654
11.280850 -0.327850 -26.380654
11.157074 -0.789789 -26.380654
11.280850 -1.251729 -26.380654
11.619014 -1.589893 -26.380654
12.080954 -1.713669 -26.380654
12.542893 -1.589893 -26.380654
12.881057 -1.251729 -26.380654
12.788060 -0.789789 -26.705077
12.693326 -0.436236 -26.705077
12.434507 -0.177417 -26.705077
12.080954 -0.082683 -26.705077
11.727400 -0.177417 -26.705077
11.468581 -0.436236 -26.705077
11.373847 -0.789789 -26.705077
11.468581 -1.143343 -26.705077
11.727400 -1.402162 -26.705077
12.080954 -1.496896 -26.705077
12.434507 -1.402162 -26.705077
12.693326 -1.143343 -26.705077
12.463637 -0.789789 -26.921850
12.412367 -0.598448 -26.921850
12.272295 -0.458376 -26.921850
12.080954 -0.407106 -26.921850
11.889612 -0.458376 -26.921850
11.749540 -0.598448 -26.921850
11.698270 -0.789789 -26.921850
11.749540 -0.981131 -26.921850
11.889612 -1.121203 -26.921850
12.080954 -1.172473 -26.921850
12.272295 -1.121203 -26.921850
12.412367 -0.981131 -26.921850
12.080954 -0.789789 -26.997971
10.569676 -2.557054 -28.428032
10.952360 -2.557054 -28.504152
10.901090 -2.365712 -28.504152
10.761018 -2.225640 -28.504152
10.569676 -2.174370 -28.504152
10.378335 -2.225640 -28.504152
10.238263 -2.365712 -28.504152
10.186993 -2.557054 -28.504152
10.238263 -2.748395 -28.504152
10.378335 -2.888467 -28.504152
10.569676 -2.939737 -28.504152
10.761018 -2.888467 -28.504152
10.901090 -2.748395 -28.504152
11.276783 -2.557054 -28.720925
11.182049 -2.203500 -28.720925
10.923230 -1.944681 -28.720925
10.569676 -1.849947 -28.720925
10.216123 -1.944681 -28.720925
9.957304 -2.203500 -28.720925
9.862570 -2.557054 -28.720925
9.957304 -2.910607 -28.720925
10.216123 -3.169426 -28.720925
10.569676 -3.264160 -28.720925
10.923230 -3.169426 -28.720925
11.182049 -2.910607 -28.720925
11.493556 -2.557054 -29.045348
11.369780 -2.095114 -29.045348
11.031616 -1.756950 -29.045348
10.569676 -1.633174 -29.045348
10.107737 -1.756950 -29.045348
9.769573 -2.095114 -29.045348
9.645797 -2.557054 -29.045348
9.769573 -3.018993 -29.045348
10.107737 -3.357157 -29.045348
10.569676 -3.480933 -29.045348
11.031616 -3.357157 -29.045348
11.369780 -3.018993 -29.045348
11.569676 -2.557054 -29.428032
11.435702 -2.057054 -29.428032
11.069676 -1.691028 -29.428032
10.569676 -1.557054 -29.428032
10.069676 -1.691028 -29.428032
9.703651 -2.057054 -29.428032
9.569676 -2.557054 -29.428032
9.703651 -3.057054 -29.428032
10.069676 -3.423079 -29.428032
10.569676 -3.557054 -29.428032
11.069676 -3.423079 -29.428032
11.435702 -3.057054 -29.428032
11.493556 -2.557054 -29.810715
11.369780 -2.095114 -29.810715
11.031616 -1.756950 -29.810715
10.569676 -1.633174 -29.810715
10.107737 -1.756950 -29.810715
9.769573 -2.095114 -29.810715
9.645797 -2.557054 -29.810715
9.769573 -3.018993 -29.810715
10.107737 -3.357157 -29.810715
10.569676 -3.480933 -29.810715
11.031616 -3.357157 -29.810715
11.369780 -3.018993 -29.810715
11.276783 -2.557054 -30.135139
11.182049 -2.203500 -30.135139
10.923230 -1.944681 -30.135139
10.569676 -1.849947 -30.135139
10.216123 -1.944681 -30.135139
9.957304 -2.203500 -30.135139
9.862570 -2.557054 -30.135139
9.957304 -2.910607 -30.135139
10.216123 -3.169426 -30.135139
10.569676 -3.264160 -30.135139
10.923230 -3.169426 -30.135139
11.182049 -2.910607 -30.135139
10.952360 -2.557054 -30.351911
10.901090 -2.365712 -30.351911
10.761018 -2.225640 -30.351911
10.569676 -2.174370 -30.351911
10.378335 -2.225640 -30.351911
10.238263 -2.365712 -30.351911
10.186993 -2.557054 -30.351911
10.238263 -2.748395 -30.351911
10.378335 -2.888467 -30.351911
10.569676 -2.939737 -30.351911
10.761018 -2.888467 -30.351911
10.901090 -2.748395 -30.351911
10.569676 -2.557054 -30.428032
9.382290 -3.328260 -29.217045
9.764973 -3.328260 -29.293165
9.713703 -3.136918 -29.293165
9.573632 -2.996846 -29.293165
9.382290 -2.945576 -29.293165
9.190948 -2.996846 -29.293165
9.050876 -3.136918 -29.293165
8.999606 -3.328260 -29.293165
9.050876 -3.519601 -29.293165
9.190948 -3.659673 -29.293165
9.382290 -3.710943 -29.293165
9.573632 -3.659673 -29.293165
9.713703 -3.519601 -29.293165
10.089397 -3.328260 -29.509938
9.994662 -2.974706 -29.509938
9.735843 -2.715887 -29.509938
9.382290 -2.621153 -29.509938
9.028736 -2.715887 -29.509938
8.769917 -2.974706 -29.509938
8.675183 -3.328260 -29.509938
8.769917 -3.681813 -29.509938
9.028736 -3.940632 -29.509938
9.382290 -4.035366 -29.509938
9.735843 -3.940632 -29.509938
9.994662 -3.681813 -29.509938
10.306169 -3.328260 -29.834361
10.182393 -2.866320 -29.834361
9.844230 -2.528157 -29.834361
9.382290 -2.404380 -29.834361
8.920350 -2.528157 -29.834361
8.582187 -2.866320 -29.834361
8.458410 -3.328260 -29.834361
8.582187 -3.790199 -29.834361
8.920350 -4.128363 -29.834361
9.382290 -4.252139 -29.834361
9.844230 -4.128363 -29.834361
10.182393 -3.790199 -29.834361
10.382290 -3.328260 -30.217045
10.248315 -2.828260 -30.217045
9.882290 -2.462234 -30.217045
9.382290 -2.328260 -30.217045
8.882290 -2.462234 -30.217045
8.516264 -2.828260 -30.217045
8.382290 -3.328260 -30.217045
8.516264 -3.828260 -30.217045
8.882290 -4.194285 -30.217045
9.382290 -4.328260 -30.217045
9.882290 -4.194285 -30.217045
10.248315 -3.828260 -30.217045
10.306169 -3.328260 -30.599728
10.182393 -2.866320 -30.599728
9.844230 -2.528157 -30.599728
9.382290 -2.404380 -30.599728
8.920350 -2.528157 -30.599728
8.582187 -2.866320 -30.599728
8.458410 -3.328260 -30.599728
8.582187 -3.790199 -30.599728
8.920350 -4.128363 -30.599728
9.382290 -4.252139 -30.599728
9.844230 -4.128363 -30.599728
10.182393 -3.790199 -30.599728
10.089397 -3.328260 -30.924152
9.994662 -2.974706 -30.924152
9.735843 -2.715887 -30.924152
9.382290 -2.621153 -30.924152
9.028736 -2.715887 -30.924152
8.769917 -2.974706 -30.924152
8.675183 -3.328260 -30.924152
8.769917 -3.681813 -30.924152
9.028736 -3.940632 -30.924152
9.382290 -4.035366 -30.924152
9.735843 -3.940632 -30.924152
9.994662 -3.681813 -30.924152
9.764973 -3.328260 -31.140924
9.713703 -3.136918 -31.140924
9.573632 -2.996846 -31.140924
9.382290 -2.945576 -31.140924
9.190948 -2.996846 -31.140924
9.050876 -3.136918 -31.140924
8.999606 -3.328260 -31.140924
9.050876 -3.519601 -31.140924
9.190948 -3.659673 -31.140924
9.382290 -3.710943 -31.140924
9.573632 -3.659673 -31.140924
9.713703 -3.519601 -31.140924
9.382290 -3.328260 -31.217045
7.729347 -3.725244 -30.168797
8.112030 -3.725244 -30.244917
8.060760 -3.533903 -30.244917
7.920688 -3.393831 -30.244917
7.729347 -3.342561 -30.244917
7.538005 -3.393831 -30.244917
7.397933 -3.533903 -30.244917
7.346663 -3.725244 -30.244917
7.397933 -3.916586 -30.244917
7.538005 -4.056658 -30.244917
7.729347 -4.107928 -30.244917
7.920688 -4.056658 -30.244917
8.060760 -3.916586 -30.244917
8.436454 -3.725244 -30.461690
8.341719 -3.371691 -30.461690
8.082900 -3.112872 -30.461690
7.729347 -3.018138 -30.461690
7.375793 -3.112872 -30.461690
7.116974 -3.371691 -30.461690
7.022240 -3.725244 -30.461690
7.116974 -4.078798 -30.461690
7.375793 -4.337617 -30.461690
7.729347 -4.432351 -30.461690
8.082900 -4.337617 -30.461690
8.341719 -4.078798 -30.461690
8.653226 -3.725244 -30.786113
8.529450 -3.263305 -30.786113
8.191287 -2.925141 -30.786113
7.729347 -2.801365 -30.786113
7.267407 -2.925141 -30.786113
6.929244 -3.263305 -30.786113
6.805467 -3.725244 -30.786113
6.929244 -4.187184 -30.786113
7.267407 -4.525347 -30.786113
7.729347 -4.649124 -30.786113
8.191287 -4.525347 -30.786113
8.529450 -4.187184 -30.786113
8.729347 -3.725244 -31.168797
8.595372 -3.225244 -31.168797
8.229347 -2.859219 -31.168797
7.729347 -2.725244 -31.168797
7.229347 -2.859219 -31.168797
6.863321 -3.225244 -31.168797
6.729347 -3.725244 -31.168797
6.863321 -4.225244 -31.168797
7.229347 -4.591270 -31.168797
7.729347 -4.725244 -31.168797
8.229347 -4.591270 -31.168797
8.595372 -4.225244 -31.168797
8.653226 -3.725244 -31.551480
8.529450 -3.263305 -31.551480
8.191287 -2.925141 -31.551480
7.729347 -2.801365 -31.551480
7.267407 -2.925141 -31.551480
6.929244 -3.263305 -31.551480
6.805467 -3.725244 -31.551480
6.929244 -4.187184 -31.551480
7.267407 -4.525347 -31.551480
7.729347 -4.649124 -31.551480
8.191287 -4.525347 -31.551480
8.529450 -4.187184 -31.551480
8.436454 -3.725244 -31.875903
8.341719 -3.371691 -31.875903
8.082900 -3.112872 -31.875903
7.729347 -3.018138 -31.875903
7.375793 -3.112872 -31.875903
7.116974 -3.371691 -31.875903
7.022240 -3.725244 -31.875903
7.116974 -4.078798 -31.875903
7.375793 -4.337617 -31.875903
7.729347 -4.432351 -31.875903
8.082900 -4.337617 -31.875903
8.341719 -4.078798 -31.875903
8.112030 -3.725244 -32.092676
8.060760 -3.533903 -32.092676
7.920688 -3.393831 -32.092676
7.729347 -3.342561 -32.092676
7.538005 -3.393831 -32.092676
7.397933 -3.533903 -32.092676
7.346663 -3.725244 -32.092676
7.397933 -3.916586 -32.092676
7.538005 -4.056658 -32.092676
7.729347 -4.107928 -32.092676
7.920688 -4.056658 -32.092676
8.060760 -3.916586 -32.092676
7.729347 -3.725244 -32.168797
6.556313 -4.101984 -29.776138
6.938996 -4.101984 -29.852259
6.887727 -3.910642 -29.852259
6.747655 -3.770570 -29.852259
6.556313 -3.719300 -29.852259
6.364971 -3.770570 -29.852259
6.224899 -3.910642 -29.852259
6.173630 -4.101984 -29.852259
6.224899 -4.293325 -29.852259
6.364971 -4.433397 -29.852259
6.556313 -4.484667 -29.852259
6.747655 -4.433397 -29.852259
6.887727 -4.293325 -29.852259
7.263420 -4.101984 -30.069032
7.168685 -3.748430 -30.069032
6.909866 -3.489611 -30.069032
6.556313 -3.394877 -30.069032
6.202760 -3.489611 -30.069032
5.943941 -3.748430 -30.069032
5.849206 -4.101984 -30.069032
5.943941 -4.455537 -30.069032
6.202760 -4.714356 -30.069032
6.556313 -4.809090 -30.069032
6.909866 -4.714356 -30.069032
7.168685 -4.455537 -30.069032
7.480193 -4.101984 -30.393455
7.356416 -3.640044 -30.393455
7.018253 -3.301880 -30.393455
6.556313 -3.178104 -30.393455
6.094373 -3.301880 -30.393455
5.756210 -3.640044 -30.393455
5.632434 -4.101984 -30.393455
5.756210 -4.563923 -30.393455
6.094373 -4.902087 -30.393455
6.556313 -5.025863 -30.393455
7.018253 -4.902087 -30.393455
7.356416 -4.563923 -30.393455
7.556313 -4.101984 -30.776138
7.422338 -3.601984 -30.776138
7.056313 -3.235958 -30.776138
6.556313 -3.101984 -30.776138
6.056313 -3.235958 -30.776138
5.690288 -3.601984 -30.776138
5.556313 -4.101984 -30.776138
5.690288 -4.601984 -30.776138
6.056313 -4.968009 -30.776138
6.556313 -5.101984 -30.776138
7.056313 -4.968009 -30.776138
7.422338 -4.601984 -30.776138
7.480193 -4.101984 -31.158822
7.356416 -3.640044 -31.158822
7.018253 -3.301880 -31.158822
6.556313 -3.178104 -31.158822
6.094373 -3.301880 -31.158822
5.756210 -3.640044 -31.158822
5.632434 -4.101984 -31.158822
5.756210 -4.563923 -31.158822
6.094373 -4.902087 -31.158822
6.556313 -5.025863 -31.158822
7.018253 -4.902087 -31.158822
7.356416 -4.563923 -31.158822
7.263420 -4.101984 -31.483245
7.168685 -3.748430 -31.483245
6.909866 -3.489611 -31.483245
6.556313 -3.394877 -31.483245
6.202760 -3.489611 -31.483245
5.943941 -3.748430 -31.483245
5.849206 -4.101984 -31.483245
5.943941 -4.455537 -31.483245
6.202760 -4.714356 -31.483245
6.556313 -4.809090 -31.483245
6.909866 -4.714356 -31.483245
7.168685 -4.455537 -31.483245
6.938996 -4.101984 -31.700018
6.887727 -3.910642 -31.700018
6.747655 -3.770570 -31.700018
6.556313 -3.719300 -31.700018
6.364971 -3.770570 -31.700018
6.224899 -3.910642 -31.700018
6.173630 -4.101984 -31.700018
6.224899 -4.293325 -31.700018
6.364971 -4.433397 -31.700018
6.556313 -4.484667 -31.700018
6.747655 -4.433397 -31.700018
6.887727 -4.293325 -31.700018
6.556313 -4.101984 -31.776138
2.935739 -5.064102 -29.103910
3.318423 -5.064102 -29.180031
3.267153 -4.872760 -29.180031
3.127081 -4.732688 -29.180031
2.935739 -4.681418 -29.180031
2.744398 -4.732688 -29.180031
2.604326 -4.872760 -29.180031
2.553056 -5.064102 -29.180031
2.604326 -5.255443 -29.180031
2.744398 -5.395515 -29.180031
2.935739 -5.446785 -29.180031
3.127081 -5.395515 -29.180031
3.267153 -5.255443 -29.180031
3.642846 -5.064102 -29.396804
3.548112 -4.710548 -29.396804
3.289293 -4.451729 -29.396804
2.935739 -4.356995 -29.396804
2.582186 -4.451729 -29.396804
2.323367 -4.710548 -29.396804
2.228632 -5.064102 -29.396804
2.323367 -5.417655 -29.396804
2.582186 -5.676474 -29.396804
2.935739 -5.771208 -29.396804
3.289293 -5.676474 -29.396804
3.548112 -5.417655 -29.396804
3.859619 -5.064102 -29.721227
3.735842 -4.602162 -29.721227
3.397679 -4.263999 -29.721227
2.935739 -4.140222 -29.721227
2.473800 -4.263999 -29.721227
2.135636 -4.602162 -29.721227
2.011860 -5.064102 -29.721227
2.135636 -5.526041 -29.721227
2.473800 -5.864205 -29.721227
2.935739 -5.987981 -29.721227
3.397679 -5.864205 -29.721227
3.735842 -5.526041 -29.721227
3.935739 -5.064102 -30.103910
3.801765 -4.564102 -30.103910
3.435739 -4.198076 -30.103910
2.935739 -4.064102 -30.103910
2.435739 -4.198076 -30.103910
2.069714 -4.564102 -30.103910
1.935739 -5.064102 -30.103910
2.069714 -5.564102 -30.103910
2.435739 -5.930127 -30.103910
2.935739 -6.064102 -30.103910
3.435739 -5.930127 -30.103910
3.801765 -5.564102 -30.103910
3.859619 -5.064102 -30.486594
3.735842 -4.602162 -30.486594
3.397679 -4.263999 -30.486594
2.935739 -4.140222 -30.486594
2.473800 -4.263999 -30.486594
2.135636 -4.602162 -30.486594
2.011860 -5.064102 -30.486594
2.135636 -5.526041 -30.486594
2.473800 -5.864205 -30.486594
2.935739 -5.987981 -30.486594
3.397679 -5.864205 -30.486594
3.735842 -5.526041 -30.486594
3.642846 -5.064102 -30.811017
3.548112 -4.710548 -30.811017
3.289293 -4.451729 -30.811017
2.935739 -4.356995 -30.811017
2.582186 -4.451729 -30.811017
2.323367 -4.710548 -30.811017
2.228632 -5.064102 -30.811017
2.323367 -5.417655 -30.811017
2.582186 -5.676474 -30.811017
2.935739 -5.771208 -30.811017
3.289293 -5.676474 -30.811017
3.548112 -5.417655 -30.811017
3.318423 -5.064102 -31.027790
3.267153 -4.872760 -31.027790
3.127081 -4.732688 -31.027790
2.935739 -4.681418 -31.027790
2.744398 -4.732688 -31.027790
2.604326 -4.872760 -31.027790
2.553056 -5.064102 -31.027790
2.604326 -5.255443 -31.027790
2.744398 -5.395515 -31.027790
2.935739 -5.446785 -31.027790
3.127081 -5.395515 -31.027790
3.267153 -5.255443 -31.027790
2.935739 -5.064102 -31.103910
0.950801 -5.642526 -29.737221
1.333484 -5.642526 -29.813341
1.282214 -5.451184 -29.813341
1.142143 -5.311112 -29.813341
0.950801 -5.259842 -29.813341
0.759459 -5.311112 -29.813341
0.619387 -5.451184 -29.813341
0.568117 -5.642526 -29.813341
0.619387 -5.833867 -29.813341
0.759459 -5.973939 -29.813341
0.950801 -6.025209 -29.813341
1.142143 -5.973939 -29.813341
1.282214 -5.833867 -29.813341
1.657908 -5.642526 -30.030114
1.563173 -5.288972 -30.030114
1.304354 -5.030153 -30.030114
0.950801 -4.935419 -30.030114
0.597247 -5.030153 -30.030114
0.338428 -5.288972 -30.030114
0.243694 -5.642526 -30.030114
0.338428 -5.996079 -30.030114
0.597247 -6.254898 -30.030114
0.950801 -6.349632 -30.030114
1.304354 -6.254898 -30.030114
1.563173 -5.996079 -30.030114
1.874680 -5.642526 -30.354537
1.750904 -5.180586 -30.354537
1.412741 -4.842423 -30.354537
0.950801 -4.718646 -30.354537
0.488861 -4.842423 -30.354537
0.150698 -5.180586 -30.354537
0.026921 -5.642526 -30.354537
0.150698 -6.104465 -30.354537
0.488861 -6.442629 -30.354537
0.950801 -6.566405 -30.354537
1.412741 -6.442629 -30.354537
1.750904 -6.104465 -30.354537
1.950801 -5.642526 -30.737221
1.816826 -5.142526 -30.737221
1.450801 -4.776500 -30.737221
0.950801 -4.642526 -30.737221
0.450801 -4.776500 -30.737221
0.084775 -5.142526 -30.737221
-0.049199 -5.642526 -30.737221
0.084775 -6.142526 -30.737221
0.450801 -6.508551 -30.737221
0.950801 -6.642526 -30.737221
1.450801 -6.508551 -30.737221
1.816826 -6.142526 -30.737221
1.874680 -5.642526 -31.119904
1.750904 -5.180586 -31.119904
1.412741 -4.842423 -31.119904
0.950801 -4.718646 -31.119904
0.488861 -4.842423 -31.119904
0.150698 -5.180586 -31.119904
0.026921 -5.642526 -31.119904
0.150698 -6.104465 -31.119904
0.488861 -6.442629 -31.119904
0.950801 -6.566405 -31.119904
1.412741 -6.442629 -31.119904
1.750904 -6.104465 -31.119904
1.657908 -5.642526 -31.444328
1.563173 -5.288972 -31.444328
1.304354 -5.030153 -31.444328
0.950801 -4.935419 -31.444328
0.597247 -5.030153 -31.444328
0.338428 -5.288972 -31.444328
0.243694 -5.642526 -31.444328
0.338428 -5.996079 -31.444328
0.597247 -6.254898 -31.444328
0.950801 -6.349632 -31.444328
1.304354 -6.254898 -31.444328
1.563173 -5.996079 -31.444328
1.333484 -5.642526 -31.661100
1.282214 -5.451184 -31.661100
1.142143 -5.311112 -31.661100
0.950801 -5.259842 -31.661100
0.759459 -5.311112 -31.661100
0.619387 -5.451184 -31.661100
0.568117 -5.642526 -31.661100
0.619387 -5.833867 -31.661100
0.759459 -5.973939 -31.661100
0.950801 -6.025209 -31.661100
1.142143 -5.973939 -31.661100
1.282214 -5.833867 -31.661100
0.950801 -5.642526 -31.737221
-1.253339 -5.933655 -29.496296
-0.870655 -5.933655 -29.572416
-0.921925 -5.742314 -29.572416
-1.061997 -5.602242 -29.572416
-1.253339 -5.550972 -29.572416
-1.444680 -5.602242 -29.572416
-1.584752 -5.742314 -29.572416
-1.636022 -5.933655 -29.572416
-1.584752 -6.124997 -29.572416
-1.444680 -6.265069 -29.572416
-1.253339 -6.316339 -29.572416
-1.061997 -6.265069 -29.572416
-0.921925 -6.124997 -29.572416
-0.546232 -5.933655 -29.789189
-0.640966 -5.580102 -29.789189
-0.899785 -5.321283 -29.789189
-1.253339 -5.226548 -29.789189
-1.606892 -5.321283 -29.789189
-1.865711 -5.580102 -29.789189
-1.960445 -5.933655 -29.789189
-1.865711 -6.287209 -29.789189
-1.606892 -6.546028 -29.789189
-1.253339 -6.640762 -29.789189
-0.899785 -6.546028 -29.789189
-0.640966 -6.287209 -29.789189
-0.329459 -5.933655 -30.113612
-0.453235 -5.471715 -30.113612
-0.791399 -5.133552 -30.113612
-1.253339 -5.009776 -30.113612
-1.715278 -5.133552 -30.113612
-2.053442 -5.471715 -30.113612
-2.177218 -5.933655 -30.113612
-2.053442 -6.395595 -30.113612
-1.715278 -6.733758 -30.113612
-1.253339 -6.857535 -30.113612
-0.791399 -6.733758 -30.113612
-0.453235 -6.395595 -30.113612
-0.253339 -5.933655 -30.496296
-0.387313 -5.433655 -30.496296
-0.753339 -5.067630 -30.496296
-1.253339 -4.933655 -30.496296
-1.753339 -5.067630 -30.496296
-2.119364 -5.433655 -30.496296
-2.253339 -5.933655 -30.496296
-2.119364 -6.433655 -30.496296
-1.753339 -6.799681 -30.496296
-1.253339 -6.933655 -30.496296
-0.753339 -6.799681 -30.496296
-0.387313 -6.433655 -30.496296
-0.329459 -5.933655 -30.878979
-0.453235 -5.471715 -30.878979
-0.791399 -5.133552 -30.878979
-1.253339 -5.009776 -30.878979
-1.715278 -5.133552 -30.878979
-2.053442 -5.471715 -30.878979
-2.177218 -5.933655 -30.878979
-2.053442 -6.395595 -30.878979
-1.715278 -6.733758 -30.878979
-1.253339 -6.857535 -30.878979
-0.791399 -6.733758 -30.878979
-0.453235 -6.395595 -30.878979
-0.546232 -5.933655 -31.203403
-0.640966 -5.580102 -31.203403
-0.899785 -5.321283 -31.203403
-1.253339 -5.226548 -31.203403
-1.606892 -5.321283 -31.203403
-1.865711 -5.580102 -31.203403
-1.960445 -5.933655 -31.203403
-1.865711 -6.287209 -31.203403
-1.606892 -6.546028 -31.203403
-1.253339 -6.640762 -31.203403
-0.899785 -6.546028 -31.203403
-0.640966 -6.287209 -31.203403
-0.870655 -5.933655 -31.420175
-0.921925 -5.742314 -31.420175
-1.061997 -5.602242 -31.420175
-1.253339 -5.550972 -31.420175
-1.444680 -5.602242 -31.420175
-1.584752 -5.742314 -31.420175
-1.636022 -5.933655 -31.420175
-1.584752 -6.124997 -31.420175
-1.444680 -6.265069 -31.420175
-1.253339 -6.316339 -31.420175
-1.061997 -6.265069 -31.420175
-0.921925 -6.124997 -31.420175
-1.253339 -5.933655 -31.496296
-2.426436 -7.064073 -28.779438
-2.043752 -7.064073 -28.855558
-2.095022 -6.872731 -28.855558
-2.235094 -6.732660 -28.855558
-2.426436 -6.681390 -28.855558
-2.617777 -6.732660 -28.855558
-2.757849 -6.872731 -28.855558
-2.809119 -7.064073 -28.855558
-2.757849 -7.255415 -28.855558
-2.617777 -7.395487 -28.855558
-2.426436 -7.446757 -28.855558
-2.235094 -7.395487 -28.855558
-2.095022 -7.255415 -28.855558
-1.719329 -7.064073 -29.072331
-1.814063 -6.710520 -29.072331
-2.072882 -6.451701 -29.072331
-2.426436 -6.356966 -29.072331
-2.779989 -6.451701 -29.072331
-3.038808 -6.710520 -29.072331
-3.133542 -7.064073 -29.072331
-3.038808 -7.417626 -29.072331
-2.779989 -7.676446 -29.072331
-2.426436 -7.771180 -29.072331
-2.072882 -7.676446 -29.072331
-1.814063 -7.417626 -29.072331
-1.502556 -7.064073 -29.396755
-1.626333 -6.602133 -29.396755
-1.964496 -6.263970 -29.396755
-2.426436 -6.140194 -29.396755
-2.888375 -6.263970 -29.396755
-3.226539 -6.602133 -29.396755
-3.350315 -7.064073 -29.396755
-3.226539 -7.526013 -29.396755
-2.888375 -7.864176 -29.396755
-2.426436 -7.987953 -29.396755
-1.964496 -7.864176 -29.396755
-1.626333 -7.526013 -29.396755
-1.426436 -7.064073 -29.779438
-1.560410 -6.564073 -29.779438
-1.926436 -6.198048 -29.779438
-2.426436 -6.064073 -29.779438
-2.926436 -6.198048 -29.779438
-3.292461 -6.564073 -29.779438
-3.426436 -7.064073 -29.779438
-3.292461 -7.564073 -29.779438
-2.926436 -7.930098 -29.779438
-2.426436 -8.064073 -29.779438
-1.926436 -7.930098 -29.779438
-1.560410 -7.564073 -29.779438
-1.502556 -7.064073 -30.162121
-1.626333 -6.602133 -30.162121
-1.964496 -6.263970 -30.162121
-2.426436 -6.140194 -30.162121
-2.888375 -6.263970 -30.162121
-3.226539 -6.602133 -30.162121
-3.350315 -7.064073 -30.162121
-3.226539 -7.526013 -30.162121
-2.888375 -7.864176 -30.162121
-2.426436 -7.987953 -30.162121
-1.964496 -7.864176 -30.162121
-1.626333 -7.526013 -30.162121
-1.719329 -7.064073 -30.486545
-1.814063 -6.710520 -30.486545
-2.072882 -6.451701 -30.486545
-2.426436 -6.356966 -30.486545
-2.779989 -6.451701 -30.486545
-3.038808 -6.710520 -30.486545
-3.133542 -7.064073 -30.486545
-3.038808 -7.417626 -30.486545
-2.779989 -7.676446 -30.486545
-2.426436 -7.771180 -30.486545
-2.072882 -7.676446 -30.486545
-1.814063 -7.417626 -30.486545
-2.043752 -7.064073 -30.703318
-2.095022 -6.872731 -30.703318
-2.235094 -6.732660 -30.703318
-2.426436 -6.681390 -30.703318
-2.617777 -6.732660 -30.703318
-2.757849 -6.872731 -30.703318
-2.809119 -7.064073 -30.703318
-2.757849 -7.255415 -30.703318
-2.617777 -7.395487 -30.703318
-2.426436 -7.446757 -30.703318
-2.235094 -7.395487 -30.703318
-2.095022 -7.255415 -30.703318
-2.426436 -7.064073 -30.779438
-2.323438 -8.605093 -28.894979
-1.940754 -8.605093 -28.971100
-1.992024 -8.413751 -28.971100
-2.132096 -8.273679 -28.971100
-2.323438 -8.222410 -28.971100
-2.514779 -8.273679 -28.971100
-2.654851 -8.413751 -28.971100
-2.706121 -8.605093 -28.971100
-2.654851 -8.796435 -28.971100
-2.514779 -8.936507 -28.971100
-2.323438 -8.987776 -28.971100
-2.132096 -8.936507 -28.971100
-1.992024 -8.796435 -28.971100
-1.616331 -8.605093 -29.187873
-1.711065 -8.251540 -29.187873
-1.969884 -7.992721 -29.187873
-2.323438 -7.897986 -29.187873
-2.676991 -7.992721 -29.187873
-2.935810 -8.251540 -29.187873
-3.030544 -8.605093 -29.187873
-2.935810 -8.958646 -29.187873
-2.676991 -9.217465 -29.187873
-2.323438 -9.312200 -29.187873
-1.969884 -9.217465 -29.187873
-1.711065 -8.958646 -29.187873
-1.399558 -8.605093 -29.512296
-1.523335 -8.143153 -29.512296
-1.861498 -7.804990 -29.512296
-2.323438 -7.681213 -29.512296
-2.785377 -7.804990 -29.512296
-3.123541 -8.143153 -29.512296
-3.247317 -8.605093 -29.512296
-3.123541 -9.067033 -29.512296
-2.785377 -9.405196 -29.512296
-2.323438 -9.528973 -29.512296
-1.861498 -9.405196 -29.512296
-1.523335 -9.067033 -29.512296
-1.323438 -8.605093 -29.894979
-1.457412 -8.105093 -29.894979
-1.823438 -7.739068 -29.894979
-2.323438 -7.605093 -29.894979
-2.823438 -7.739068 -29.894979
-3.189463 -8.105093 -29.894979
-3.323438 -8.605093 -29.894979
-3.189463 -9.105093 -29.894979
-2.823438 -9.471118 -29.894979
-2.323438 -9.605093 -29.894979
-1.823438 -9.471118 -29.894979
-1.457412 -9.105093 -29.894979
-1.399558 -8.605093 -30.277663
-1.523335 -8.143153 -30.277663
-1.861498 -7.804990 -30.277663
-2.323438 -7.681213 -30.277663
-2.785377 -7.804990 -30.277663
-3.123541 -8.143153 -30.277663
-3.247317 -8.605093 -30.277663
-3.123541 -9.067033 -30.277663
-2.785377 -9.405196 -30.277663
-2.323438 -9.528973 -30.277663
-1.861498 -9.405196 -30.277663
-1.523335 -9.067033 -30.277663
-1.616331 -8.605093 -30.602086
-1.711065 -8.251540 -30.602086
-1.969884 -7.992721 -30.602086
-2.323438 -7.897986 -30.602086
-2.676991 -7.992721 -30.602086
-2.935810 -8.251540 -30.602086
-3.030544 -8.605093 -30.602086
-2.935810 -8.958646 -30.602086
-2.676991 -9.217465 -30.602086
-2.323438 -9.312200 -30.602086
-1.969884 -9.217465 -30.602086
-1.711065 -8.958646 -30.602086
-1.940754 -8.605093 -30.818859
-1.992024 -8.413751 -30.818859
-2.132096 -8.273679 -30.818859
-2.323438 -8.222410 -30.818859
-2.514779 -8.273679 -30.818859
-2.654851 -8.413751 -30.818859
-2.706121 -8.605093 -30.818859
-2.654851 -8.796435 -30.818859
-2.514779 -8.936507 -30.818859
-2.323438 -8.987776 -30.818859
-2.132096 -8.936507 -30.818859
-1.992024 -8.796435 -30.818859
-2.323438 -8.605093 -30.894979
1.031688 -14.369555 -27.807407
1.414371 -14.369555 -27.883528
1.363101 -14.178214 -27.883528
1.223030 -14.038142 -27.883528
1.031688 -13.986872 -27.883528
0.840346 -14.038142 -27.883528
0.700274 -14.178214 -27.883528
0.649004 -14.369555 -27.883528
0.700274 -14.560897 -27.883528
0.840346 -14.700969 -27.883528
1.031688 -14.752239 -27.883528
1.223030 -14.700969 -27.883528
1.363101 -14.560897 -27.883528
1.738795 -14.369555 -28.100301
1.644060 -14.016002 -28.100301
1.385241 -13.757183 -28.100301
1.031688 -13.662449 -28.100301
0.678134 -13.757183 -28.100301
0.419315 -14.016002 -28.100301
0.324581 -14.369555 -28.100301
0.419315 -14.723109 -28.100301
0.678134 -14.981928 -28.100301
1.031688 -15.076662 -28.100301
1.385241 -14.981928 -28.100301
1.644060 -14.723109 -28.100301
1.955567 -14.369555 -28.424724
1.831791 -13.907616 -28.424724
1.493628 -13.569452 -28.424724
1.031688 -13.445676 -28.424724
0.569748 -13.569452 -28.424724
0.231585 -13.907616 -28.424724
0.107808 -14.369555 -28.424724
0.231585 -14.831495 -28.424724
0.569748 -15.169659 -28.424724
1.031688 -15.293435 -28.424724
1.493628 -15.169659 -28.424724
1.831791 -14.831495 -28.424724
2.031688 -14.369555 -28.807407
1.897713 -13.869555 -28.807407
1.531688 -13.503530 -28.807407
1.031688 -13.369555 -28.807407
0.531688 -13.503530 -28.807407
0.165662 -13.869555 -28.807407
0.031688 -14.369555 -28.807407
0.165662 -14.869555 -28.807407
0.531688 -15.235581 -28.807407
1.031688 -15.369555 -28.807407
1.531688 -15.235581 -28.807407
1.897713 -14.869555 -28.807407
1.955567 -14.369555 -29.190091
1.831791 -13.907616 -29.190091
1.493628 -13.569452 -29.190091
1.031688 -13.445676 -29.190091
0.569748 -13.569452 -29.190091
0.231585 -13.907616 -29.190091
0.107808 -14.369555 -29.190091
0.231585 -14.831495 -29.190091
0.569748 -15.169659 -29.190091
1.031688 -15.293435 -29.190091
1.493628 -15.169659 -29.190091
1.831791 -14.831495 -29.190091
1.738795 -14.369555 -29.514514
1.644060 -14.016002 -29.514514
1.385241 -13.757183 -29.514514
1.031688 -13.662449 -29.514514
0.678134 -13.757183 -29.514514
0.419315 -14.016002 -29.514514
0.324581 -14.369555 -29.514514
0.419315 -14.723109 -29.514514
0.678134 -14.981928 -29.514514
1.031688 -15.076662 -29.514514
1.385241 -14.981928 -29.514514
1.644060 -14.723109 -29.514514
1.414371 -14.369555 -29.731287
1.363101 -14.178214 -29.731287
1.223030 -14.038142 -29.731287
1.031688 -13.986872 -29.731287
0.840346 -14.038142 -29.731287
0.700274 -14.178214 -29.731287
0.649004 -14.369555 -29.731287
0.700274 -14.560897 -29.731287
0.840346 -14.700969 -29.731287
1.031688 -14.752239 -29.731287
1.223030 -14.700969 -29.731287
1.363101 -14.560897 -29.731287
1.031688 -14.369555 -29.807407
-1.058351 -13.165995 -28.217381
-0.675668 -13.165995 -28.293501
-0.726938 -12.974653 -28.293501
-0.867010 -12.834581 -28.293501
-1.058351 -12.783311 -28.293501
-1.249693 -12.834581 -28.293501
-1.389765 -12.974653 -28.293501
-1.441035 -13.165995 -28.293501
-1.389765 -13.357336 -28.293501
-1.249693 -13.497408 -28.293501
-1.058351 -13.548678 -28.293501
-0.867010 -13.497408 -28.293501
-0.726938 -13.357336 -28.293501
-0.351245 -13.165995 -28.510274
-0.445979 -12.812441 -28.510274
-0.704798 -12.553622 -28.510274
-1.058351 -12.458888 -28.510274
-1.411905 -12.553622 -28.510274
-1.670724 -12.812441 -28.510274
-1.765458 -13.165995 -28.510274
-1.670724 -13.519548 -28.510274
-1.411905 -13.778367 -28.510274
-1.058351 -13.873101 -28.510274
-0.704798 -13.778367 -28.510274
-0.445979 -13.519548 -28.510274
-0.134472 -13.165995 -28.834697
-0.258248 -12.704055 -28.834697
-0.596412 -12.365891 -28.834697
-1.058351 -12.242115 -28.834697
-1.520291 -12.365891 -28.834697
-1.858455 -12.704055 -28.834697
-1.982231 -13.165995 -28.834697
-1.858455 -13.627934 -28.834697
-1.520291 -13.966098 -28.834697
-1.058351 -14.089874 -28.834697
-0.596412 -13.966098 -28.834697
-0.258248 -13.627934 -28.834697
-0.058351 -13.165995 -29.217381
-0.192326 -12.665995 -29.217381
-0.558351 -12.299969 -29.217381
-1.058351 -12.165995 -29.217381
-1.558351 -12.299969 -29.217381
-1.924377 -12.665995 -29.217381
-2.058351 -13.165995 -29.217381
-1.924377 -13.665995 -29.217381
-1.558351 -14.032020 -29.217381
-1.058351 -14.165995 -29.217381
-0.558351 -14.032020 -29.217381
-0.192326 -13.665995 -29.217381
-0.134472 -13.165995 -29.600064
-0.258248 -12.704055 -29.600064
-0.596412 -12.365891 -29.600064
-1.058351 -12.242115 -29.600064
-1.520291 -12.365891 -29.600064
-1.858455 -12.704055 -29.600064
-1.982231 -13.165995 -29.600064
-1.858455 -13.627934 -29.600064
-1.520291 -13.966098 -29.600064
-1.058351 -14.089874 -29.600064
-0.596412 -13.966098 -29.600064
-0.258248 -13.627934 -29.600064
-0.351245 -13.165995 -29.924487
-0.445979 -12.812441 -29.924487
-0.704798 -12.553622 -29.924487
-1.058351 -12.458888 -29.924487
-1.411905 -12.553622 -29.924487
-1.670724 -12.812441 -29.924487
-1.765458 -13.165995 -29.924487
-1.670724 -13.519548 -29.924487
-1.411905 -13.778367 -29.924487
-1.058351 -13.873101 -29.924487
-0.704798 -13.778367 -29.924487
-0.445979 -13.519548 -29.924487
-0.675668 -13.165995 -30.141260
-0.726938 -12.974653 -30.141260
-0.867010 -12.834581 -30.141260
-1.058351 -12.783311 -30.141260
-1.249693 -12.834581 -30.141260
-1.389765 -12.974653 -30.141260
-1.441035 -13.165995 -30.141260
-1.389765 -13.357336 -30.141260
-1.249693 -13.497408 -30.141260
-1.058351 -13.548678 -30.141260
-0.867010 -13.497408 -30.141260
-0.726938 -13.357336 -30.141260
-1.058351 -13.165995 -30.217381
-1.221219 -11.979750 -29.097025
-0.838535 -11.979750 -29.173145
-0.889805 -11.788408 -29.173145
-1.029877 -11.648336 -29.173145
-1.221219 -11.597066 -29.173145
-1.412561 -11.648336 -29.173145
-1.552632 -11.788408 -29.173145
-1.603902 -11.979750 -29.173145
-1.552632 -12.171091 -29.173145
-1.412561 -12.311163 -29.173145
-1.221219 -12.362433 -29.173145
-1.029877 -12.311163 -29.173145
-0.889805 -12.171091 -29.173145
-0.514112 -11.979750 -29.389918
-0.608846 -11.626196 -29.389918
-0.867665 -11.367377 -29.389918
-1.221219 -11.272643 -29.389918
-1.574772 -11.367377 -29.389918
-1.833591 -11.626196 -29.389918
-1.928326 -11.979750 -29.389918
-1.833591 -12.333303 -29.389918
-1.574772 -12.592122 -29.389918
-1.221219 -12.686856 -29.389918
-0.867665 -12.592122 -29.389918
-0.608846 -12.333303 -29.389918
-0.297339 -11.979750 -29.714341
-0.421116 -11.517810 -29.714341
-0.759279 -11.179647 -29.714341
-1.221219 -11.055870 -29.714341
-1.683159 -11.179647 -29.714341
-2.021322 -11.517810 -29.714341
-2.145098 -11.979750 -29.714341
-2.021322 -12.441689 -29.714341
-1.683159 -12.779853 -29.714341
-1.221219 -12.903629 -29.714341
-0.759279 -12.779853 -29.714341
-0.421116 -12.441689 -29.714341
-0.221219 -11.979750 -30.097025
-0.355193 -11.479750 -30.097025
-0.721219 -11.113724 -30.097025
-1.221219 -10.979750 -30.097025
-1.721219 -11.113724 -30.097025
-2.087244 -11.479750 -30.097025
-2.221219 -11.979750 -30.097025
-2.087244 -12.479750 -30.097025
-1.721219 -12.845775 -30.097025
-1.221219 -12.979750 -30.097025
-0.721219 -12.845775 -30.097025
-0.355193 -12.479750 -30.097025
-0.297339 -11.979750 -30.479708
-0.421116 -11.517810 -30.479708
-0.759279 -11.179647 -30.479708
-1.221219 -11.055870 -30.479708
-1.683159 -11.179647 -30.479708
-2.021322 -11.517810 -30.479708
-2.145098 -11.979750 -30.479708
-2.021322 -12.441689 -30.479708
-1.683159 -12.779853 -30.479708
-1.221219 -12.903629 -30.479708
-0.759279 -12.779853 -30.479708
-0.421116 -12.441689 -30.479708
-0.514112 -11.979750 -30.804132
-0.608846 -11.626196 -30.804132
-0.867665 -11.367377 -30.804132
-1.221219 -11.272643 -30.804132
-1.574772 -11.367377 -30.804132
-1.833591 -11.626196 -30.804132
-1.928326 -11.979750 -30.804132
-1.833591 -12.333303 -30.804132
-1.574772 -12.592122 -30.804132
-1.221219 -12.686856 -30.804132
-0.867665 -12.592122 -30.804132
-0.608846 -12.333303 -30.804132
-0.838535 -11.979750 -31.020904
-0.889805 -11.788408 -31.020904
-1.029877 -11.648336 -31.020904
-1.221219 -11.597066 -31.020904
-1.412561 -11.648336 -31.020904
-1.552632 -11.788408 -31.020904
-1.603902 -11.979750 -31.020904
-1.552632 -12.171091 -31.020904
-1.412561 -12.311163 -31.020904
-1.221219 -12.362433 -31.020904
-1.029877 -12.311163 -31.020904
-0.889805 -12.171091 -31.020904
-1.221219 -11.979750 -31.097025
-2.020796 -10.888462 -28.734585
-1.638113 -10.888462 -28.810705
-1.689383 -10.697120 -28.810705
-1.829455 -10.557048 -28.810705
-2.020796 -10.505779 -28.810705
-2.212138 -10.557048 -28.810705
-2.352210 -10.697120 -28.810705
-2.403480 -10.888462 -28.810705
-2.352210 -11.079804 -28.810705
-2.212138 -11.219876 -28.810705
-2.020796 -11.271145 -28.810705
-1.829455 -11.219876 -28.810705
-1.689383 -11.079804 -28.810705
-1.313690 -10.888462 -29.027478
-1.408424 -10.534909 -29.027478
-1.667243 -10.276090 -29.027478
-2.020796 -10.181355 -29.027478
-2.374350 -10.276090 -29.027478
-2.633169 -10.534909 -29.027478
-2.727903 -10.888462 -29.027478
-2.633169 -11.242015 -29.027478
-2.374350 -11.500835 -29.027478
-2.020796 -11.595569 -29.027478
-1.667243 -11.500835 -29.027478
-1.408424 -11.242015 -29.027478
-1.096917 -10.888462 -29.351901
-1.220693 -10.426522 -29.351901
-1.558857 -10.088359 -29.351901
-2.020796 -9.964583 -29.351901
-2.482736 -10.088359 -29.351901
-2.820899 -10.426522 -29.351901
-2.944676 -10.888462 -29.351901
-2.820899 -11.350402 -29.351901
-2.482736 -11.688565 -29.351901
-2.020796 -11.812342 -29.351901
-1.558857 -11.688565 -29.351901
-1.220693 -11.350402 -29.351901
-1.020796 -10.888462 -29.734585
-1.154771 -10.388462 -29.734585
-1.520796 -10.022437 -29.734585
-2.020796 -9.888462 -29.734585
-2.520796 -10.022437 -29.734585
-2.886822 -10.388462 -29.734585
-3.020796 -10.888462 -29.734585
-2.886822 -11.388462 -29.734585
-2.520796 -11.754487 -29.734585
-2.020796 -11.888462 -29.734585
-1.520796 -11.754487 -29.734585
-1.154771 -11.388462 -29.734585
-1.096917 -10.888462 -30.117268
-1.220693 -10.426522 -30.117268
-1.558857 -10.088359 -30.117268
-2.020796 -9.964583 -30.117268
-2.482736 -10.088359 -30.117268
-2.820899 -10.426522 -30.117268
-2.944676 -10.888462 -30.117268
-2.820899 -11.350402 -30.117268
-2.482736 -11.688565 -30.117268
-2.020796 -11.812342 -30.117268
-1.558857 -11.688565 -30.117268
-1.220693 -11.350402 -30.117268
-1.313690 -10.888462 -30.441692
-1.408424 -10.534909 -30.441692
-1.667243 -10.276090 -30.441692
-2.020796 -10.181355 -30.441692
-2.374350 -10.276090 -30.441692
-2.633169 -10.534909 -30.441692
-2.727903 -10.888462 -30.441692
-2.633169 -11.242015 -30.441692
-2.374350 -11.500835 -30.441692
-2.020796 -11.595569 -30.441692
-1.667243 -11.500835 -30.441692
-1.408424 -11.242015 -30.441692
-1.638113 -10.888462 -30.658464
-1.689383 -10.697120 -30.658464
-1.829455 -10.557048 -30.658464
-2.020796 -10.505779 -30.658464
-2.212138 -10.557048 -30.658464
-2.352210 -10.697120 -30.658464
-2.403480 -10.888462 -30.658464
-2.352210 -11.079804 -30.658464
-2.212138 -11.219876 -30.658464
-2.020796 -11.271145 -30.658464
-1.829455 -11.219876 -30.658464
-1.689383 -11.079804 -30.658464
-2.020796 -10.888462 -30.734585
-0.933818 16.632418 -26.772894
-0.551135 16.632418 -26.849014
-0.602405 16.823759 -26.849014
-0.742476 16.963831 -26.849014
-0.933818 17.015101 -26.849014
-1.125160 16.963831 -26.849014
-1.265232 16.823759 -26.849014
-1.316502 16.632418 -26.849014
-1.265232 16.441076 -26.849014
-1.125160 16.301004 -26.849014
-0.933818 16.249734 -26.849014
-0.742476 16.301004 -26.849014
-0.602405 16.441076 -26.849014
-0.226711 16.632418 -27.065787
-0.321446 16.985971 -27.065787
-0.580265 17.244790 -27.065787
-0.933818 17.339524 -27.065787
-1.287371 17.244790 -27.065787
-1.546191 16.985971 -27.065787
-1.640925 16.632418 -27.065787
-1.546191 16.278864 -27.065787
-1.287371 16.020045 -27.065787
-0.933818 15.925311 -27.065787
-0.580265 16.020045 -27.065787
-0.321446 16.278864 -27.065787
-0.009939 16.632418 -27.390210
-0.133715 17.094357 -27.390210
-0.471878 17.432521 -27.390210
-0.933818 17.556297 -27.390210
-1.395758 17.432521 -27.390210
-1.733921 17.094357 -27.390210
-1.857698 16.632418 -27.390210
-1.733921 16.170478 -27.390210
-1.395758 15.832315 -27.390210
-0.933818 15.708538 -27.390210
-0.471878 15.832315 -27.390210
-0.133715 16.170478 -27.390210
0.066182 16.632418 -27.772894
-0.067793 17.132418 -27.772894
-0.433818 17.498443 -27.772894
-0.933818 17.632418 -27.772894
-1.433818 17.498443 -27.772894
-1.799844 17.132418 -27.772894
-1.933818 16.632418 -27.772894
-1.799844 16.132418 -27.772894
-1.433818 15.766392 -27.772894
-0.933818 15.632418 -27.772894
-0.433818 15.766392 -27.772894
-0.067793 16.132418 -27.772894
-0.009939 16.632418 -28.155577
-0.133715 17.094357 -28.155577
-0.471878 17.432521 -28.155577
-0.933818 17.556297 -28.155577
-1.395758 17.432521 -28.155577
-1.733921 17.094357 -28.155577
-1.857698 16.632418 -28.155577
-1.733921 16.170478 -28.155577
-1.395758 15.832315 -28.155577
-0.933818 15.708538 -28.155577
-0.471878 15.832315 -28.155577
-0.133715 16.170478 -28.155577
-0.226711 16.632418 -28.480001
-0.321446 16.985971 -28.480001
-0.580265 17.244790 -28.480001
-0.933818 17.339524 -28.480001
-1.287371 17.244790 -28.480001
-1.546191 16.985971 -28.480001
-1.640925 16.632418 -28.480001
-1.546191 16.278864 -28.480001
-1.287371 16.020045 -28.480001
-0.933818 15.925311 -28.480001
-0.580265 16.020045 -28.480001
-0.321446 16.278864 -28.480001
-0.551135 16.632418 -28.696773
-0.602405 16.823759 -28.696773
-0.742476 16.963831 -28.696773
-0.933818 17.015101 -28.696773
-1.125160 16.963831 -28.696773
-1.265232 16.823759 -28.696773
-1.316502 16.632418 -28.696773
-1.265232 16.441076 -28.696773
-1.125160 16.301004 -28.696773
-0.933818 16.249734 -28.696773
-0.742476 16.301004 -28.696773
-0.602405 16.441076 -28.696773
-0.933818 16.632418 -28.772894
0.800880 17.174519 -26.459444
1.183564 17.174519 -26.535565
1.132294 17.365860 -26.535565
0.992222 17.505932 -26.535565
0.800880 17.557202 -26.535565
0.609538 17.505932 -26.535565
0.469467 17.365860 -26.535565
0.418197 17.174519 -26.535565
0.469467 16.983177 -26.535565
0.609538 16.843105 -26.535565
0.800880 16.791835 -26.535565
0.992222 16.843105 -26.535565
1.132294 16.983177 -26.535565
1.507987 17.174519 -26.752337
1.413253 17.528072 -26.752337
1.154434 17.786891 -26.752337
0.800880 17.881625 -26.752337
0.447327 17.786891 -26.752337
0.188508 17.528072 -26.752337
0.093773 17.174519 -26.752337
0.188508 16.820965 -26.752337
0.447327 16.562146 -26.752337
0.800880 16.467412 -26.752337
1.154434 16.562146 -26.752337
1.413253 16.820965 -26.752337
1.724760 17.174519 -27.076761
1.600983 17.636458 -27.076761
1.262820 17.974622 -27.076761
0.800880 18.098398 -27.076761
0.338940 17.974622 -27.076761
0.000777 17.636458 -27.076761
-0.122999 17.174519 -27.076761
0.000777 16.712579 -27.076761
0.338940 16.374415 -27.076761
0.800880 16.250639 -27.076761
1.262820 16.374415 -27.076761
1.600983 16.712579 -27.076761
1.800880 17.174519 -27.459444
1.666906 17.674519 -27.459444
1.300880 18.040544 -27.459444
0.800880 18.174519 -27.459444
0.300880 18.040544 -27.459444
-0.065145 17.674519 -27.459444
-0.199120 17.174519 -27.459444
-0.065145 16.674519 -27.459444
0.300880 16.308493 -27.459444
0.800880 16.174519 -27.459444
1.300880 16.308493 -27.459444
1.666906 16.674519 -27.459444
1.724760 17.174519 -27.842127
1.600983 17.636458 -27.842127
1.262820 17.974622 -27.842127
0.800880 18.098398 -27.842127
0.338940 17.974622 -27.842127
0.000777 17.636458 -27.842127
-0.122999 17.174519 -27.842127
0.000777 16.712579 -27.842127
0.338940 16.374415 -27.842127
0.800880 16.250639 -27.842127
1.262820 16.374415 -27.842127
1.600983 16.712579 -27.842127
1.507987 17.174519 -28.166551
1.413253 17.528072 -28.166551
1.154434 17.786891 -28.166551
0.800880 17.881625 -28.166551
0.447327 17.786891 -28.166551
0.188508 17.528072 -28.166551
0.093773 17.174519 -28.166551
0.188508 16.820965 -28.166551
0.447327 16.562146 -28.166551
0.800880 16.467412 -28.166551
1.154434 16.562146 -28.166551
1.413253 16.820965 -28.166551
1.183564 17.174519 -28.383324
1.132294 17.365860 -28.383324
0.992222 17.505932 -28.383324
0.800880 17.557202 -28.383324
0.609538 17.505932 -28.383324
0.469467 17.365860 -28.383324
0.418197 17.174519 -28.383324
0.469467 16.983177 -28.383324
0.609538 16.843105 -28.383324
0.800880 16.791835 -28.383324
0.992222 16.843105 -28.383324
1.132294 16.983177 -28.383324
0.800880 17.174519 -28.459444
2.157406 17.695892 -25.964781
2.540090 17.695892 -26.040901
2.488820 17.887234 -26.040901
2.348748 18.027306 -26.040901
2.157406 18.078576 -26.040901
1.966065 18.027306 -26.040901
1.825993 17.887234 -26.040901
1.774723 17.695892 -26.040901
1.825993 17.504551 -26.040901
1.966065 17.364479 -26.040901
2.157406 17.313209 -26.040901
2.348748 17.364479 -26.040901
2.488820 17.504551 -26.040901
2.864513 17.695892 -26.257674
2.769779 18.049446 -26.257674
2.510960 18.308265 -26.257674
2.157406 18.402999 -26.257674
1.803853 18.308265 -26.257674
1.545034 18.049446 -26.257674
1.450300 17.695892 -26.257674
1.545034 17.342339 -26.257674
1.803853 17.083520 -26.257674
2.157406 16.988786 -26.257674
2.510960 17.083520 -26.257674
2.769779 17.342339 -26.257674
3.081286 17.695892 -26.582097
2.957509 18.157832 -26.582097
2.619346 18.495995 -26.582097
2.157406 18.619772 -26.582097
1.695467 18.495995 -26.582097
1.357303 18.157832 -26.582097
1.233527 17.695892 -26.582097
1.357303 17.233953 -26.582097
1.695467 16.895789 -26.582097
2.157406 16.772013 -26.582097
2.619346 16.895789 -26.582097
2.957509 17.233953 -26.582097
3.157406 17.695892 -26.964781
3.023432 18.195892 -26.964781
2.657406 18.561918 -26.964781
2.157406 18.695892 -26.964781
1.657406 18.561918 -26.964781
1.291381 18.195892 -26.964781
1.157406 17.695892 -26.964781
1.291381 17.195892 -26.964781
1.657406 16.829867 -26.964781
2.157406 16.695892 -26.964781
2.657406 16.829867 -26.964781
3.023432 17.195892 -26.964781
3.081286 17.695892 -27.347464
2.957509 18.157832 -27.347464
2.619346 18.495995 -27.347464
2.157406 18.619772 -27.347464
1.695467 18.495995 -27.347464
1.357303 18.157832 -27.347464
1.233527 17.695892 -27.347464
1.357303 17.233953 -27.347464
1.695467 16.895789 -27.347464
2.157406 16.772013 -27.347464
2.619346 16.895789 -27.347464
2.957509 17.233953 -27.347464
2.864513 17.695892 -27.671888
2.769779 18.049446 -27.671888
2.510960 18.308265 -27.671888
2.157406 18.402999 -27.671888
1.803853 18.308265 -27.671888
1.545034 18.049446 -27.671888
1.450300 17.695892 -27.671888
1.545034 17.342339 -27.671888
1.803853 17.083520 -27.671888
2.157406 16.988786 -27.671888
2.510960 17.083520 -27.671888
2.769779 17.342339 -27.671888
2.540090 17.695892 -27.888660
2.488820 17.887234 -27.888660
2.348748 18.027306 -27.888660
2.157406 18.078576 -27.888660
1.966065 18.027306 -27.888660
1.825993 17.887234 -27.888660
1.774723 17.695892 -27.888660
1.825993 17.504551 -27.888660
1.966065 17.364479 -27.888660
2.157406 17.313209 -27.888660
2.348748 17.364479 -27.888660
2.488820 17.504551 -27.888660
2.157406 17.695892 -27.964781
4.071361 17.787544 -25.499050
4.454044 17.787544 -25.575171
4.402775 17.978886 -25.575171
4.262703 18.118958 -25.575171
4.071361 18.170228 -25.575171
3.880019 18.118958 -25.575171
3.739947 17.978886 -25.575171
3.688678 17.787544 -25.575171
3.739947 17.596203 -25.575171
3.880019 17.456131 -25.575171
4.071361 17.404861 -25.575171
4.262703 17.456131 -25.575171
4.402775 17.596203 -25.575171
4.778468 17.787544 -25.791943
4.683734 18.141098 -25.791943
4.424914 18.399917 -25.791943
4.071361 18.494651 -25.791943
3.717808 18.399917 -25.791943
3.458989 18.141098 -25.791943
3.364254 17.787544 -25.791943
3.458989 17.433991 -25.791943
3.717808 17.175172 -25.791943
4.071361 17.080437 -25.791943
4.424914 17.175172 -25.791943
4.683734 17.433991 -25.791943
4.995241 17.787544 -26.116367
4.871464 18.249484 -26.116367
4.533301 18.587647 -26.116367
4.071361 18.711424 -26.116367
3.609421 18.587647 -26.116367
3.271258 18.249484 -26.116367
3.147482 17.787544 -26.116367
3.271258 17.325604 -26.116367
3.609421 16.987441 -26.116367
4.071361 16.863665 -26.116367
4.533301 16.987441 -26.116367
4.871464 17.325604 -26.116367
5.071361 17.787544 -26.499050
4.937386 18.287544 -26.499050
4.571361 18.653570 -26.499050
4.071361 18.787544 -26.499050
3.571361 18.653570 -26.499050
3.205336 18.287544 -26.499050
3.071361 17.787544 -26.499050
3.205336 17.287544 -26.499050
3.571361 16.921519 -26.499050
4.071361 16.787544 -26.499050
4.571361 16.921519 -26.499050
4.937386 17.287544 -26.499050
4.995241 17.787544 -26.881734
4.871464 18.249484 -26.881734
4.533301 18.587647 -26.881734
4.071361 18.711424 -26.881734
3.609421 18.587647 -26.881734
3.271258 18.249484 -26.881734
3.147482 17.787544 -26.881734
3.271258 17.325604 -26.881734
3.609421 16.987441 -26.881734
4.071361 16.863665 -26.881734
4.533301 16.987441 -26.881734
4.871464 17.325604 -26.881734
4.778468 17.787544 -27.206157
4.683734 18.141098 -27.206157
4.424914 18.399917 -27.206157
4.071361 18.494651 -27.206157
3.717808 18.399917 -27.206157
3.458989 18.141098 -27.206157
3.364254 17.787544 -27.206157
3.458989 17.433991 -27.206157
3.717808 17.175172 -27.206157
4.071361 17.080437 -27.206157
4.424914 17.175172 -27.206157
4.683734 17.433991 -27.206157
4.454044 17.787544 -27.422930
4.402775 17.978886 -27.422930
4.262703 18.118958 -27.422930
4.071361 18.170228 -27.422930
3.880019 18.118958 -27.422930
3.739947 17.978886 -27.422930
3.688678 17.787544 -27.422930
3.739947 17.596203 -27.422930
3.880019 17.456131 -27.422930
4.071361 17.404861 -27.422930
4.262703 17.456131 -27.422930
4.402775 17.596203 -27.422930
4.071361 17.787544 -27.499050
5.512401 17.421179 -25.243807
5.895085 17.421179 -25.319927
5.843815 17.612521 -25.319927
5.703743 17.752592 -25.319927
5.512401 17.803862 -25.319927
5.321059 17.752592 -25.319927
5.180988 17.612521 -25.319927
5.129718 17.421179 -25.319927
5.180988 17.229837 -25.319927
5.321059 17.089765 -25.319927
5.512401 17.038495 -25.319927
5.703743 17.089765 -25.319927
5.843815 17.229837 -25.319927
6.219508 17.421179 -25.536700
6.124774 17.774732 -25.536700
5.865954 18.033551 -25.536700
5.512401 18.128286 -25.536700
5.158848 18.033551 -25.536700
4.900029 17.774732 -25.536700
4.805294 17.421179 -25.536700
4.900029 17.067625 -25.536700
5.158848 16.808806 -25.536700
5.512401 16.714072 -25.536700
5.865954 16.808806 -25.536700
6.124774 17.067625 -25.536700
6.436281 17.421179 -25.861123
6.312504 17.883119 -25.861123
5.974341 18.221282 -25.861123
5.512401 18.345058 -25.861123
5.050461 18.221282 -25.861123
4.712298 17.883119 -25.861123
4.588522 17.421179 -25.861123
4.712298 16.959239 -25.861123
5.050461 16.621076 -25.861123
5.512401 16.497299 -25.861123
5.974341 16.621076 -25.861123
6.312504 16.959239 -25.861123
6.512401 17.421179 -26.243807
6.378427 17.921179 -26.243807
6.012401 18.287204 -26.243807
5.512401 18.421179 -26.243807
5.012401 18.287204 -26.243807
4.646376 17.921179 -26.243807
4.512401 17.421179 -26.243807
4.646376 16.921179 -26.243807
5.012401 16.555153 -26.243807
5.512401 16.421179 -26.243807
6.012401 16.555153 -26.243807
6.378427 16.921179 -26.243807
6.436281 17.421179 -26.626490
6.312504 17.883119 -26.626490
5.974341 18.221282 -26.626490
5.512401 18.345058 -26.626490
5.050461 18.221282 -26.626490
4.712298 17.883119 -26.626490
4.588522 17.421179 -26.626490
4.712298 16.959239 -26.626490
5.050461 16.621076 -26.626490
5.512401 16.497299 -26.626490
5.974341 16.621076 -26.626490
6.312504 16.959239 -26.626490
6.219508 17.421179 -26.950914
6.124774 17.774732 -26.950914
5.865954 18.033551 -26.950914
5.512401 18.128286 -26.950914
5.158848 18.033551 -26.950914
4.900029 17.774732 -26.950914
4.805294 17.421179 -26.950914
4.900029 17.067625 -26.950914
5.158848 16.808806 -26.950914
5.512401 16.714072 -26.950914
5.865954 16.808806 -26.950914
6.124774 17.067625 -26.950914
5.895085 17.421179 -27.167686
5.843815 17.612521 -27.167686
5.703743 17.752592 -27.167686
5.512401 17.803862 -27.167686
5.321059 17.752592 -27.167686
5.180988 17.612521 -27.167686
5.129718 17.421179 -27.167686
5.180988 17.229837 -27.167686
5.321059 17.089765 -27.167686
5.512401 17.038495 -27.167686
5.703743 17.089765 -27.167686
5.843815 17.229837 -27.167686
5.512401 17.421179 -27.243807
6.884065 16.495378 -24.895733
7.266749 16.495378 -24.971853
7.215479 16.686720 -24.971853
7.075407 16.826792 -24.971853
6.884065 16.878062 -24.971853
6.692723 16.826792 -24.971853
6.552652 16.686720 -24.971853
6.501382 16.495378 -24.971853
6.552652 16.304037 -24.971853
6.692723 16.163965 -24.971853
6.884065 16.112695 -24.971853
7.075407 16.163965 -24.971853
7.215479 16.304037 -24.971853
7.591172 16.495378 -25.188626
7.496438 16.848932 -25.188626
7.237619 17.107751 -25.188626
6.884065 17.202485 -25.188626
6.530512 17.107751 -25.188626
6.271693 16.848932 -25.188626
6.176958 16.495378 -25.188626
6.271693 16.141825 -25.188626
6.530512 15.883006 -25.188626
6.884065 15.788272 -25.188626
7.237619 15.883006 -25.188626
7.496438 16.141825 -25.188626
7.807945 16.495378 -25.513049
7.684168 16.957318 -25.513049
7.346005 17.295482 -25.513049
6.884065 17.419258 -25.513049
6.422125 17.295482 -25.513049
6.083962 16.957318 -25.513049
5.960186 16.495378 -25.513049
6.083962 16.033439 -25.513049
6.422125 15.695275 -25.513049
6.884065 15.571499 -25.513049
7.346005 15.695275 -25.513049
7.684168 16.033439 -25.513049
7.884065 16.495378 -25.895733
7.750091 16.995378 -25.895733
7.384065 17.361404 -25.895733
6.884065 17.495378 -25.895733
6.384065 17.361404 -25.895733
6.018040 16.995378 -25.895733
5.884065 16.495378 -25.895733
6.018040 15.995378 -25.895733
6.384065 15.629353 -25.895733
6.884065 15.495378 -25.895733
7.384065 15.629353 -25.895733
7.750091 15.995378 -25.895733
7.807945 16.495378 -26.278416
7.684168 16.957318 -26.278416
7.346005 17.295482 -26.278416
6.884065 17.419258 -26.278416
6.422125 17.295482 -26.278416
6.083962 16.957318 -26.278416
5.960186 16.495378 -26.278416
6.083962 16.033439 -26.278416
6.422125 15.695275 -26.278416
6.884065 15.571499 -26.278416
7.346005 15.695275 -26.278416
7.684168 16.033439 -26.278416
7.591172 16.495378 -26.602840
7.496438 16.848932 -26.602840
7.237619 17.107751 -26.602840
6.884065 17.202485 -26.602840
6.530512 17.107751 -26.602840
6.271693 16.848932 -26.602840
6.176958 16.495378 -26.602840
6.271693 16.141825 -26.602840
6.530512 15.883006 -26.602840
6.884065 15.788272 -26.602840
7.237619 15.883006 -26.602840
7.496438 16.141825 -26.602840
7.266749 16.495378 -26.819612
7.215479 16.686720 -26.819612
7.075407 16.826792 -26.819612
6.884065 16.878062 -26.819612
6.692723 16.826792 -26.819612
6.552652 16.686720 -26.819612
6.501382 16.495378 -26.819612
6.552652 16.304037 -26.819612
6.692723 16.163965 -26.819612
6.884065 16.112695 -26.819612
7.075407 16.163965 -26.819612
7.215479 16.304037 -26.819612
6.884065 16.495378 -26.895733
8.019535 15.035925 -24.965876
8.402218 15.035925 -25.041996
8.350949 15.227267 -25.041996
8.210877 15.367338 -25.041996
8.019535 15.418608 -25.041996
7.828193 15.367338 -25.041996
7.688121 15.227267 -25.041996
7.636852 15.035925 -25.041996
7.688121 14.844583 -25.041996
7.828193 14.704511 -25.041996
8.019535 14.653241 -25.041996
8.210877 14.704511 -25.041996
8.350949 14.844583 -25.041996
8.726642 15.035925 -25.258769
8.631908 15.389478 -25.258769
8.373088 15.648297 -25.258769
8.019535 15.743032 -25.258769
7.665982 15.648297 -25.258769
7.407163 15.389478 -25.258769
7.312428 15.035925 -25.258769
7.407163 14.682372 -25.258769
7.665982 14.423552 -25.258769
8.019535 14.328818 -25.258769
8.373088 14.423552 -25.258769
8.631908 14.682372 -25.258769
8.943415 15.035925 -25.583192
8.819638 15.497865 -25.583192
8.481475 15.836028 -25.583192
8.019535 15.959804 -25.583192
7.557595 15.836028 -25.583192
7.219432 15.497865 -25.583192
7.095656 15.035925 -25.583192
7.219432 14.573985 -25.583192
7.557595 14.235822 -25.583192
8.019535 14.112045 -25.583192
8.481475 14.235822 -25.583192
8.819638 14.573985 -25.583192
9.019535 15.035925 -25.965876
8.885560 15.535925 -25.965876
8.519535 15.901950 -25.965876
8.019535 16.035925 -25.965876
7.519535 15.901950 -25.965876
7.153510 15.535925 -25.965876
7.019535 15.035925 -25.965876
7.153510 14.535925 -25.965876
7.519535 14.169900 -25.965876
8.019535 14.035925 -25.965876
8.519535 14.169900 -25.965876
8.885560 14.535925 -25.965876
8.943415 15.035925 -26.348559
8.819638 15.497865 -26.348559
8.481475 15.836028 -26.348559
8.019535 15.959804 -26.348559
7.557595 15.836028 -26.348559
7.219432 15.497865 -26.348559
7.095656 15.035925 -26.348559
7.219432 14.573985 -26.348559
7.557595 14.235822 -26.348559
8.019535 14.112045 -26.348559
8.481475 14.235822 -26.348559
8.819638 14.573985 -26.348559
8.726642 15.035925 -26.672982
8.631908 15.389478 -26.672982
8.373088 15.648297 -26.672982
8.019535 15.743032 -26.672982
7.665982 15.648297 -26.672982
7.407163 15.389478 -26.672982
7.312428 15.035925 -26.672982
7.407163 14.682372 -26.672982
7.665982 14.423552 -26.672982
8.019535 14.328818 -26.672982
8.373088 14.423552 -26.672982
8.631908 14.682372 -26.672982
8.402218 15.035925 -26.889755
8.350949 15.227267 -26.889755
8.210877 15.367338 -26.889755
8.019535 15.418608 -26.889755
7.828193 15.367338 -26.889755
7.688121 15.227267 -26.889755
7.636852 15.035925 -26.889755
7.688121 14.844583 -26.889755
7.828193 14.704511 -26.889755
8.019535 14.653241 -26.889755
8.210877 14.704511 -26.889755
8.350949 14.844583 -26.889755
8.019535 15.035925 -26.965876
8.793157 13.367490 -25.184908
9.175840 13.367490 -25.261028
9.124570 13.558832 -25.261028
8.984498 13.698903 -25.261028
8.793157 13.750173 -25.261028
8.601815 13.698903 -25.261028
8.461743 13.558832 -25.261028
8.410473 13.367490 -25.261028
8.461743 13.176148 -25.261028
8.601815 13.036076 -25.261028
8.793157 12.984806 -25.261028
8.984498 13.036076 -25.261028
9.124570 13.176148 -25.261028
9.500263 13.367490 -25.477801
9.405529 13.721043 -25.477801
9.146710 13.979862 -25.477801
8.793157 14.074597 -25.477801
8.439603 13.979862 -25.477801
8.180784 13.721043 -25.477801
8.086050 13.367490 -25.477801
8.180784 13.013936 -25.477801
8.439603 12.755117 -25.477801
8.793157 12.660383 -25.477801
9.146710 12.755117 -25.477801
9.405529 13.013936 -25.477801
9.717036 13.367490 -25.802224
9.593260 13.829430 -25.802224
9.255096 14.167593 -25.802224
8.793157 14.291369 -25.802224
8.331217 14.167593 -25.802224
7.993053 13.829430 -25.802224
7.869277 13.367490 -25.802224
7.993053 12.905550 -25.802224
8.331217 12.567387 -25.802224
8.793157 12.443610 -25.802224
9.255096 12.567387 -25.802224
9.593260 12.905550 -25.802224
9.793157 13.367490 -26.184908
9.659182 13.867490 -26.184908
9.293157 14.233515 -26.184908
8.793157 14.367490 -26.184908
8.293157 14.233515 -26.184908
7.927131 13.867490 -26.184908
7.793157 13.367490 -26.184908
7.927131 12.867490 -26.184908
8.293157 12.501464 -26.184908
8.793157 12.367490 -26.184908
9.293157 12.501464 -26.184908
9.659182 12.867490 -26.184908
9.717036 13.367490 -26.567591
9.593260 13.829430 -26.567591
9.255096 14.167593 -26.567591
8.793157 14.291369 -26.567591
8.331217 14.167593 -26.567591
7.993053 13.829430 -26.567591
7.869277 13.367490 -26.567591
7.993053 12.905550 -26.567591
8.331217 12.567387 -26.567591
8.793157 12.443610 -26.567591
9.255096 12.567387 -26.567591
9.593260 12.905550 -26.567591
9.500263 13.367490 -26.892015
9.405529 13.721043 -26.892015
9.146710 13.979862 -26.892015
8.793157 14.074597 -26.892015
8.439603 13.979862 -26.892015
8.180784 13.721043 -26.892015
8.086050 13.367490 -26.892015
8.180784 13.013936 -26.892015
8.439603 12.755117 -26.892015
8.793157 12.660383 -26.892015
9.146710 12.755117 -26.892015
9.405529 13.013936 -26.892015
9.175840 13.367490 -27.108787
9.124570 13.558832 -27.108787
8.984498 13.698903 -27.108787
8.793157 13.750173 -27.108787
8.601815 13.698903 -27.108787
8.461743 13.558832 -27.108787
8.410473 13.367490 -27.108787
8.461743 13.176148 -27.108787
8.601815 13.036076 -27.108787
8.793157 12.984806 -27.108787
8.984498 13.036076 -27.108787
9.124570 13.176148 -27.108787
8.793157 13.367490 -27.184908
9.903903 11.808514 -25.279390
10.286586 11.808514 -25.355511
10.235317 11.999855 -25.355511
10.095245 12.139927 -25.355511
9.903903 12.191197 -25.355511
9.712561 12.139927 -25.355511
9.572489 11.999855 -25.355511
9.521220 11.808514 -25.355511
9.572489 11.617172 -25.355511
9.712561 11.477100 -25.355511
9.903903 11.425830 -25.355511
10.095245 11.477100 -25.355511
10.235317 11.617172 -25.355511
10.611010 11.808514 -25.572284
10.516275 12.162067 -25.572284
10.257456 12.420886 -25.572284
9.903903 12.515620 -25.572284
9.550350 12.420886 -25.572284
9.291531 12.162067 -25.572284
9.196796 11.808514 -25.572284
9.291531 11.454960 -25.572284
9.550350 11.196141 -25.572284
9.903903 11.101407 -25.572284
10.257456 11.196141 -25.572284
10.516275 11.454960 -25.572284
10.827783 11.808514 -25.896707
10.704006 12.270453 -25.896707
10.365843 12.608617 -25.896707
9.903903 12.732393 -25.896707
9.441963 12.608617 -25.896707
9.103800 12.270453 -25.896707
8.980023 11.808514 -25.896707
9.103800 11.346574 -25.896707
9.441963 11.008410 -25.896707
9.903903 10.884634 -25.896707
10.365843 11.008410 -25.896707
10.704006 11.346574 -25.896707
10.903903 11.808514 -26.279390
10.769928 12.308514 -26.279390
10.403903 12.674539 -26.279390
9.903903 12.808514 -26.279390
9.403903 12.674539 -26.279390
9.037878 12.308514 -26.279390
8.903903 11.808514 -26.279390
9.037878 11.308514 -26.279390
9.403903 10.942488 -26.279390
9.903903 10.808514 -26.279390
10.403903 10.942488 -26.279390
10.769928 11.308514 -26.279390
10.827783 11.808514 -26.662074
10.704006 12.270453 -26.662074
10.365843 12.608617 -26.662074
9.903903 12.732393 -26.662074
9.441963 12.608617 -26.662074
9.103800 12.270453 -26.662074
8.980023 11.808514 -26.662074
9.103800 11.346574 -26.662074
9.441963 11.008410 -26.662074
9.903903 10.884634 -26.662074
10.365843 11.008410 -26.662074
10.704006 11.346574 -26.662074
10.611010 11.808514 -26.986497
10.516275 12.162067 -26.986497
10.257456 12.420886 -26.986497
9.903903 12.515620 -26.986497
9.550350 12.420886 -26.986497
9.291531 12.162067 -26.986497
9.196796 11.808514 -26.986497
9.291531 11.454960 -26.986497
9.550350 11.196141 -26.986497
9.903903 11.101407 -26.986497
10.257456 11.196141 -26.986497
10.516275 11.454960 -26.986497
10.286586 11.808514 -27.203270
10.235317 11.999855 -27.203270
10.095245 12.139927 -27.203270
9.903903 12.191197 -27.203270
9.712561 12.139927 -27.203270
9.572489 11.999855 -27.203270
9.521220 11.808514 -27.203270
9.572489 11.617172 -27.203270
9.712561 11.477100 -27.203270
9.903903 11.425830 -27.203270
10.095245 11.477100 -27.203270
10.235317 11.617172 -27.203270
9.903903 11.808514 -27.279390
10.902334 10.400046 -25.308355
11.285018 10.400046 -25.384476
11.233748 10.591388 -25.384476
11.093676 10.731460 -25.384476
10.902334 10.782730 -25.384476
10.710992 10.731460 -25.384476
10.570921 10.591388 -25.384476
10.519651 10.400046 -25.384476
10.570921 10.208705 -25.384476
10.710992 10.068633 -25.384476
10.902334 10.017363 -25.384476
11.093676 10.068633 -25.384476
11.233748 10.208705 -25.384476
11.609441 10.400046 -25.601249
11.514707 10.753600 -25.601249
11.255888 11.012419 -25.601249
10.902334 11.107153 -25.601249
10.548781 11.012419 -25.601249
10.289962 10.753600 -25.601249
10.195227 10.400046 -25.601249
10.289962 10.046493 -25.601249
10.548781 9.787674 -25.601249
10.902334 9.692940 -25.601249
11.255888 9.787674 -25.601249
11.514707 10.046493 -25.601249
11.826214 10.400046 -25.925672
11.702437 10.861986 -25.925672
11.364274 11.200149 -25.925672
10.902334 11.323926 -25.925672
10.440394 11.200149 -25.925672
10.102231 10.861986 -25.925672
9.978455 10.400046 -25.925672
10.102231 9.938107 -25.925672
10.440394 9.599943 -25.925672
10.902334 9.476167 -25.925672
11.364274 9.599943 -25.925672
11.702437 9.938107 -25.925672
11.902334 10.400046 -26.308355
11.768360 10.900046 -26.308355
11.402334 11.266072 -26.308355
10.902334 11.400046 -26.308355
10.402334 11.266072 -26.308355
10.036309 10.900046 -26.308355
9.902334 10.400046 -26.308355
10.036309 9.900046 -26.308355
10.402334 9.534021 -26.308355
10.902334 9.400046 -26.308355
11.402334 9.534021 -26.308355
11.768360 9.900046 -26.308355
11.826214 10.400046 -26.691039
11.702437 10.861986 -26.691039
11.364274 11.200149 -26.691039
10.902334 11.323926 -26.691039
10.440394 11.200149 -26.691039
10.102231 10.861986 -26.691039
9.978455 10.400046 -26.691039
10.102231 9.938107 -26.691039
10.440394 9.599943 -26.691039
10.902334 9.476167 -26.691039
11.364274 9.599943 -26.691039
11.702437 9.938107 -26.691039
11.609441 10.400046 -27.015462
11.514707 10.753600 -27.015462
11.255888 11.012419 -27.015462
10.902334 11.107153 -27.015462
10.548781 11.012419 -27.015462
10.289962 10.753600 -27.015462
10.195227 10.400046 -27.015462
10.289962 10.046493 -27.015462
10.548781 9.787674 -27.015462
10.902334 9.692940 -27.015462
11.255888 9.787674 -27.015462
11.514707 10.046493 -27.015462
11.285018 10.400046 -27.232235
11.233748 10.591388 -27.232235
11.093676 10.731460 -27.232235
10.902334 10.782730 -27.232235
10.710992 10.731460 -27.232235
10.570921 10.591388 -27.232235
10.519651 10.400046 -27.232235
10.570921 10.208705 -27.232235
10.710992 10.068633 -27.232235
10.902334 10.017363 -27.232235
11.093676 10.068633 -27.232235
11.233748 10.208705 -27.232235
10.902334 10.400046 -27.308355
11.457345 8.723886 -25.972893
11.840028 8.723886 -26.049013
11.788759 8.915227 -26.049013
11.648687 9.055299 -26.049013
11.457345 9.106569 -26.049013
11.266003 9.055299 -26.049013
11.125931 8.915227 -26.049013
11.074662 8.723886 -26.049013
11.125931 8.532544 -26.049013
11.266003 8.392472 -26.049013
11.457345 8.341202 -26.049013
11.648687 8.392472 -26.049013
11.788759 8.532544 -26.049013
12.164452 8.723886 -26.265786
12.069717 9.077439 -26.265786
11.810898 9.336258 -26.265786
11.457345 9.430992 -26.265786
11.103792 9.336258 -26.265786
10.844973 9.077439 -26.265786
10.750238 8.723886 -26.265786
10.844973 8.370332 -26.265786
11.103792 8.111513 -26.265786
11.457345 8.016779 -26.265786
11.810898 8.111513 -26.265786
12.069717 8.370332 -26.265786
12.381225 8.723886 -26.590209
12.257448 9.185825 -26.590209
11.919285 9.523989 -26.590209
11.457345 9.647765 -26.590209
10.995405 9.523989 -26.590209
10.657242 9.185825 -26.590209
10.533465 8.723886 -26.590209
10.657242 8.261946 -26.590209
10.995405 7.923782 -26.590209
11.457345 7.800006 -26.590209
11.919285 7.923782 -26.590209
12.257448 8.261946 -26.590209
12.457345 8.723886 -26.972893
12.323370 9.223886 -26.972893
11.957345 9.589911 -26.972893
11.457345 9.723886 -26.972893
10.957345 9.589911 -26.972893
10.591320 9.223886 -26.972893
10.457345 8.723886 -26.972893
10.591320 8.223886 -26.972893
10.957345 7.857860 -26.972893
11.457345 7.723886 -26.972893
11.957345 7.857860 -26.972893
12.323370 8.223886 -26.972893
12.381225 8.723886 -27.355576
12.257448 9.185825 -27.355576
11.919285 9.523989 -27.355576
11.457345 9.647765 -27.355576
10.995405 9.523989 -27.355576
10.657242 9.185825 -27.355576
10.533465 8.723886 -27.355576
10.657242 8.261946 -27.355576
10.995405 7.923782 -27.355576
11.457345 7.800006 -27.355576
11.919285 7.923782 -27.355576
12.257448 8.261946 -27.355576
12.164452 8.723886 -27.680000
12.069717 9.077439 -27.680000
11.810898 9.336258 -27.680000
11.457345 9.430992 -27.680000
11.103792 9.336258 -27.680000
10.844973 9.077439 -27.680000
10.750238 8.723886 -27.680000
10.844973 8.370332 -27.680000
11.103792 8.111513 -27.680000
11.457345 8.016779 -27.680000
11.810898 8.111513 -27.680000
12.069717 8.370332 -27.680000
11.840028 8.723886 -27.896772
11.788759 8.915227 -27.896772
11.648687 9.055299 -27.896772
11.457345 9.106569 -27.896772
11.266003 9.055299 -27.896772
11.125931 8.915227 -27.896772
11.074662 8.723886 -27.896772
11.125931 8.532544 -27.896772
11.266003 8.392472 -27.896772
11.457345 8.341202 -27.896772
11.648687 8.392472 -27.896772
11.788759 8.532544 -27.896772
11.457345 8.723886 -27.972893
10.869367 6.704042 -27.064425
11.252050 6.704042 -27.140545
11.200780 6.895384 -27.140545
11.060708 7.035456 -27.140545
10.869367 7.086726 -27.140545
10.678025 7.035456 -27.140545
10.537953 6.895384 -27.140545
10.486683 6.704042 -27.140545
10.537953 6.512701 -27.140545
10.678025 6.372629 -27.140545
10.869367 6.321359 -27.140545
11.060708 6.372629 -27.140545
11.200780 6.512701 -27.140545
11.576473 6.704042 -27.357318
11.481739 7.057596 -27.357318
11.222920 7.316415 -27.357318
10.869367 7.411149 -27.357318
10.515813 7.316415 -27.357318
10.256994 7.057596 -27.357318
10.162260 6.704042 -27.357318
10.256994 6.350489 -27.357318
10.515813 6.091670 -27.357318
10.869367 5.996936 -27.357318
11.222920 6.091670 -27.357318
11.481739 6.350489 -27.357318
11.793246 6.704042 -27.681741
11.669470 7.165982 -27.681741
11.331306 7.504146 -27.681741
10.869367 7.627922 -27.681741
10.407427 7.504146 -27.681741
10.069264 7.165982 -27.681741
9.945487 6.704042 -27.681741
10.069264 6.242103 -27.681741
10.407427 5.903939 -27.681741
10.869367 5.780163 -27.681741
11.331306 5.903939 -27.681741
11.669470 6.242103 -27.681741
11.869367 6.704042 -28.064425
11.735392 7.204042 -28.064425
11.369367 7.570068 -28.064425
10.869367 7.704042 -28.064425
10.369367 7.570068 -28.064425
10.003341 7.204042 -28.064425
9.869367 6.704042 -28.064425
10.003341 6.204042 -28.064425
10.369367 5.838017 -28.064425
10.869367 5.704042 -28.064425
11.369367 5.838017 -28.064425
11.735392 6.204042 -28.064425
11.793246 6.704042 -28.447108
11.669470 7.165982 -28.447108
11.331306 7.504146 -28.447108
10.869367 7.627922 -28.447108
10.407427 7.504146 -28.447108
10.069264 7.165982 -28.447108
9.945487 6.704042 -28.447108
10.069264 6.242103 -28.447108
10.407427 5.903939 -28.447108
10.869367 5.780163 -28.447108
11.331306 5.903939 -28.447108
11.669470 6.242103 -28.447108
11.576473 6.704042 -28.771531
11.481739 7.057596 -28.771531
11.222920 7.316415 -28.771531
10.869367 7.411149 -28.771531
10.515813 7.316415 -28.771531
10.256994 7.057596 -28.771531
10.162260 6.704042 -28.771531
10.256994 6.350489 -28.771531
10.515813 6.091670 -28.771531
10.869367 5.996936 -28.771531
11.222920 6.091670 -28.771531
11.481739 6.350489 -28.771531
11.252050 6.704042 -28.988304
11.200780 6.895384 -28.988304
11.060708 7.035456 -28.988304
10.869367 7.086726 -28.988304
10.678025 7.035456 -28.988304
10.537953 6.895384 -28.988304
10.486683 6.704042 -28.988304
10.537953 6.512701 -28.988304
10.678025 6.372629 -28.988304
10.869367 6.321359 -28.988304
11.060708 6.372629 -28.988304
11.200780 6.512701 -28.988304
10.869367 6.704042 -29.064425
9.352318 5.430880 -27.928307
9.735001 5.430880 -28.004427
9.683731 5.622222 -28.004427
9.543660 5.762294 -28.004427
9.352318 5.813564 -28.004427
9.160976 5.762294 -28.004427
9.020904 5.622222 -28.004427
8.969634 5.430880 -28.004427
9.020904 5.239538 -28.004427
9.160976 5.099466 -28.004427
9.352318 5.048197 -28.004427
9.543660 5.099466 -28.004427
9.683731 5.239538 -28.004427
10.059425 5.430880 -28.221200
9.964690 5.784433 -28.221200
9.705871 6.043253 -28.221200
9.352318 6.137987 -28.221200
8.998764 6.043253 -28.221200
8.739945 5.784433 -28.221200
8.645211 5.430880 -28.221200
8.739945 5.077327 -28.221200
8.998764 4.818508 -28.221200
9.352318 4.723773 -28.221200
9.705871 4.818508 -28.221200
9.964690 5.077327 -28.221200
10.276197 5.430880 -28.545623
10.152421 5.892820 -28.545623
9.814258 6.230983 -28.545623
9.352318 6.354760 -28.545623
8.890378 6.230983 -28.545623
8.552215 5.892820 -28.545623
8.428438 5.430880 -28.545623
8.552215 4.968940 -28.545623
8.890378 4.630777 -28.545623
9.352318 4.507001 -28.545623
9.814258 4.630777 -28.545623
10.152421 4.968940 -28.545623
10.352318 5.430880 -28.928307
10.218343 5.930880 -28.928307
9.852318 6.296905 -28.928307
9.352318 6.430880 -28.928307
8.852318 6.296905 -28.928307
8.486292 5.930880 -28.928307
8.352318 5.430880 -28.928307
8.486292 4.930880 -28.928307
8.852318 4.564855 -28.928307
9.352318 4.430880 -28.928307
9.852318 4.564855 -28.928307
10.218343 4.930880 -28.928307
10.276197 5.430880 -29.310990
10.152421 5.892820 -29.310990
9.814258 6.230983 -29.310990
9.352318 6.354760 -29.310990
8.890378 6.230983 -29.310990
8.552215 5.892820 -29.310990
8.428438 5.430880 -29.310990
8.552215 4.968940 -29.310990
8.890378 4.630777 -29.310990
9.352318 4.507001 -29.310990
9.814258 4.630777 -29.310990
10.152421 4.968940 -29.310990
10.059425 5.430880 -29.635413
9.964690 5.784433 -29.635413
9.705871 6.043253 -29.635413
9.352318 6.137987 -29.635413
8.998764 6.043253 -29.635413
8.739945 5.784433 -29.635413
8.645211 5.430880 -29.635413
8.739945 5.077327 -29.635413
8.998764 4.818508 -29.635413
9.352318 4.723773 -29.635413
9.705871 4.818508 -29.635413
9.964690 5.077327 -29.635413
9.735001 5.430880 -29.852186
9.683731 5.622222 -29.852186
9.543660 5.762294 -29.852186
9.352318 5.813564 -29.852186
9.160976 5.762294 -29.852186
9.020904 5.622222 -29.852186
8.969634 5.430880 -29.852186
9.020904 5.239538 -29.852186
9.160976 5.099466 -29.852186
9.352318 5.048197 -29.852186
9.543660 5.099466 -29.852186
9.683731 5.239538 -29.852186
9.352318 5.430880 -29.928307
7.403781 4.514600 -29.265432
7.786465 4.514600 -29.341553
7.735195 4.705942 -29.341553
7.595123 4.846014 -29.341553
7.403781 4.897284 -29.341553
7.212440 4.846014 -29.341553
7.072368 4.705942 -29.341553
7.021098 4.514600 -29.341553
7.072368 4.323259 -29.341553
7.212440 4.183187 -29.341553
7.403781 4.131917 -29.341553
7.595123 4.183187 -29.341553
7.735195 4.323259 -29.341553
8.110888 4.514600 -29.558326
8.016154 4.868154 -29.558326
7.757335 5.126973 -29.558326
7.403781 5.221707 -29.558326
7.050228 5.126973 -29.558326
6.791409 4.868154 -29.558326
6.696675 4.514600 -29.558326
6.791409 4.161047 -29.558326
7.050228 3.902228 -29.558326
7.403781 3.807493 -29.558326
7.757335 3.902228 -29.558326
8.016154 4.161047 -29.558326
8.327661 4.514600 -29.882749
8.203885 4.976540 -29.882749
7.865721 5.314703 -29.882749
7.403781 5.438480 -29.882749
6.941842 5.314703 -29.882749
6.603678 4.976540 -29.882749
6.479902 4.514600 -29.882749
6.603678 4.052661 -29.882749
6.941842 3.714497 -29.882749
7.403781 3.590721 -29.882749
7.865721 3.714497 -29.882749
8.203885 4.052661 -29.882749
8.403781 4.514600 -30.265432
8.269807 5.014600 -30.265432
7.903781 5.380626 -30.265432
7.403781 5.514600 -30.265432
6.903781 5.380626 -30.265432
6.537756 5.014600 -30.265432
6.403781 4.514600 -30.265432
6.537756 4.014600 -30.265432
6.903781 3.648575 -30.265432
7.403781 3.514600 -30.265432
7.903781 3.648575 -30.265432
8.269807 4.014600 -30.265432
8.327661 4.514600 -30.648116
8.203885 4.976540 -30.648116
7.865721 5.314703 -30.648116
7.403781 5.438480 -30.648116
6.941842 5.314703 -30.648116
6.603678 4.976540 -30.648116
6.479902 4.514600 -30.648116
6.603678 4.052661 -30.648116
6.941842 3.714497 -30.648116
7.403781 3.590721 -30.648116
7.865721 3.714497 -30.648116
8.203885 4.052661 -30.648116
8.110888 4.514600 -30.972539
8.016154 4.868154 -30.972539
7.757335 5.126973 -30.972539
7.403781 5.221707 -30.972539
7.050228 5.126973 -30.972539
6.791409 4.868154 -30.972539
6.696675 4.514600 -30.972539
6.791409 4.161047 -30.972539
7.050228 3.902228 -30.972539
7.403781 3.807493 -30.972539
7.757335 3.902228 -30.972539
8.016154 4.161047 -30.972539
7.786465 4.514600 -31.189312
7.735195 4.705942 -31.189312
7.595123 4.846014 -31.189312
7.403781 4.897284 -31.189312
7.212440 4.846014 -31.189312
7.072368 4.705942 -31.189312
7.021098 4.514600 -31.189312
7.072368 4.323259 -31.189312
7.212440 4.183187 -31.189312
7.403781 4.131917 -31.189312
7.595123 4.183187 -31.189312
7.735195 4.323259 -31.189312
7.403781 4.514600 -31.265432
5.828916 3.350209 -30.741144
6.211600 3.350209 -30.817265
6.160330 3.541551 -30.817265
6.020258 3.681623 -30.817265
5.828916 3.732892 -30.817265
5.637574 3.681623 -30.817265
5.497502 3.541551 -30.817265
5.446233 3.350209 -30.817265
5.497502 3.158867 -30.817265
5.637574 3.018795 -30.817265
5.828916 2.967526 -30.817265
6.020258 3.018795 -30.817265
6.160330 3.158867 -30.817265
6.536023 3.350209 -31.034037
6.441289 3.703762 -31.034037
6.182469 3.962581 -31.034037
5.828916 4.057316 -31.034037
5.475363 3.962581 -31.034037
5.216544 3.703762 -31.034037
5.121809 3.350209 -31.034037
5.216544 2.996656 -31.034037
5.475363 2.737837 -31.034037
5.828916 2.643102 -31.034037
6.182469 2.737837 -31.034037
6.441289 2.996656 -31.034037
6.752796 3.350209 -31.358461
6.629019 3.812149 -31.358461
6.290856 4.150312 -31.358461
5.828916 4.274089 -31.358461
5.366976 4.150312 -31.358461
5.028813 3.812149 -31.358461
4.905037 3.350209 -31.358461
5.028813 2.888269 -31.358461
5.366976 2.550106 -31.358461
5.828916 2.426329 -31.358461
6.290856 2.550106 -31.358461
6.629019 2.888269 -31.358461
6.828916 3.350209 -31.741144
6.694941 3.850209 -31.741144
6.328916 4.216234 -31.741144
5.828916 4.350209 -31.741144
5.328916 4.216234 -31.741144
4.962891 3.850209 -31.741144
4.828916 3.350209 -31.741144
4.962891 2.850209 -31.741144
5.328916 2.484184 -31.741144
5.828916 2.350209 -31.741144
6.328916 2.484184 -31.741144
6.694941 2.850209 -31.741144
6.752796 3.350209 -32.123828
6.629019 3.812149 -32.123828
6.290856 4.150312 -32.123828
5.828916 4.274089 -32.123828
5.366976 4.150312 -32.123828
5.028813 3.812149 -32.123828
4.905037 3.350209 -32.123828
5.028813 2.888269 -32.123828
5.366976 2.550106 -32.123828
5.828916 2.426329 -32.123828
6.290856 2.550106 -32.123828
6.629019 2.888269 -32.123828
6.536023 3.350209 -32.448251
6.441289 3.703762 -32.448251
6.182469 3.962581 -32.448251
5.828916 4.057316 -32.448251
5.475363 3.962581 -32.448251
5.216544 3.703762 -32.448251
5.121809 3.350209 -32.448251
5.216544 2.996656 -32.448251
5.475363 2.737837 -32.448251
5.828916 2.643102 -32.448251
6.182469 2.737837 -32.448251
6.441289 2.996656 -32.448251
6.211600 3.350209 -32.665024
6.160330 3.541551 -32.665024
6.020258 3.681623 -32.665024
5.828916 3.732892 -32.665024
5.637574 3.681623 -32.665024
5.497502 3.541551 -32.665024
5.446233 3.350209 -32.665024
5.497502 3.158867 -32.665024
5.637574 3.018795 -32.665024
5.828916 2.967526 -32.665024
6.020258 3.018795 -32.665024
6.160330 3.158867 -32.665024
5.828916 3.350209 -32.741144
4.333853 3.011238 -30.457977
4.716537 3.011238 -30.534098
4.665267 3.202580 -30.534098
4.525195 3.342652 -30.534098
4.333853 3.393922 -30.534098
4.142512 3.342652 -30.534098
4.002440 3.202580 -30.534098
3.951170 3.011238 -30.534098
4.002440 2.819897 -30.534098
4.142512 2.679825 -30.534098
4.333853 2.628555 -30.534098
4.525195 2.679825 -30.534098
4.665267 2.819897 -30.534098
5.040960 3.011238 -30.750871
4.946226 3.364792 -30.750871
4.687407 3.623611 -30.750871
4.333853 3.718345 -30.750871
3.980300 3.623611 -30.750871
3.721481 3.364792 -30.750871
3.626746 3.011238 -30.750871
3.721481 2.657685 -30.750871
3.980300 2.398866 -30.750871
4.333853 2.304132 -30.750871
4.687407 2.398866 -30.750871
4.946226 2.657685 -30.750871
5.257733 3.011238 -31.075294
5.133956 3.473178 -31.075294
4.795793 3.811341 -31.075294
4.333853 3.935118 -31.075294
3.871913 3.811341 -31.075294
3.533750 3.473178 -31.075294
3.409974 3.011238 -31.075294
3.533750 2.549299 -31.075294
3.871913 2.211135 -31.075294
4.333853 2.087359 -31.075294
4.795793 2.211135 -31.075294
5.133956 2.549299 -31.075294
5.333853 3.011238 -31.457977
5.199879 3.511238 -31.457977
4.833853 3.877264 -31.457977
4.333853 4.011238 -31.457977
3.833853 3.877264 -31.457977
3.467828 3.511238 -31.457977
3.333853 3.011238 -31.457977
3.467828 2.511238 -31.457977
3.833853 2.145213 -31.457977
4.333853 2.011238 -31.457977
4.833853 2.145213 -31.457977
5.199879 2.511238 -31.457977
5.257733 3.011238 -31.840661
5.133956 3.473178 -31.840661
4.795793 3.811341 -31.840661
4.333853 3.935118 -31.840661
3.871913 3.811341 -31.840661
3.533750 3.473178 -31.840661
3.409974 3.011238 -31.840661
3.533750 2.549299 -31.840661
3.871913 2.211135 -31.840661
4.333853 2.087359 -31.840661
4.795793 2.211135 -31.840661
5.133956 2.549299 -31.840661
5.040960 3.011238 -32.165084
4.946226 3.364792 -32.165084
4.687407 3.623611 -32.165084
4.333853 3.718345 -32.165084
3.980300 3.623611 -32.165084
3.721481 3.364792 -32.165084
3.626746 3.011238 -32.165084
3.721481 2.657685 -32.165084
3.980300 2.398866 -32.165084
4.333853 2.304132 -32.165084
4.687407 2.398866 -32.165084
4.946226 2.657685 -32.165084
4.716537 3.011238 -32.381857
4.665267 3.202580 -32.381857
4.525195 3.342652 -32.381857
4.333853 3.393922 -32.381857
4.142512 3.342652 -32.381857
4.002440 3.202580 -32.381857
3.951170 3.011238 -32.381857
4.002440 2.819897 -32.381857
4.142512 2.679825 -32.381857
4.333853 2.628555 -32.381857
4.525195 2.679825 -32.381857
4.665267 2.819897 -32.381857
4.333853 3.011238 -32.457977
2.581397 1.960470 -29.821129
2.964080 1.960470 -29.897249
2.912810 2.151812 -29.897249
2.772738 2.291884 -29.897249
2.581397 2.343154 -29.897249
2.390055 2.291884 -29.897249
2.249983 2.151812 -29.897249
2.198713 1.960470 -29.897249
2.249983 1.769129 -29.897249
2.390055 1.629057 -29.897249
2.581397 1.577787 -29.897249
2.772738 1.629057 -29.897249
2.912810 1.769129 -29.897249
3.288503 1.960470 -30.114022
3.193769 2.314024 -30.114022
2.934950 2.572843 -30.114022
2.581397 2.667577 -30.114022
2.227843 2.572843 -30.114022
1.969024 2.314024 -30.114022
1.874290 1.960470 -30.114022
1.969024 1.606917 -30.114022
2.227843 1.348098 -30.114022
2.581397 1.253364 -30.114022
2.934950 1.348098 -30.114022
3.193769 1.606917 -30.114022
3.505276 1.960470 -30.438445
3.381500 2.422410 -30.438445
3.043336 2.760574 -30.438445
2.581397 2.884350 -30.438445
2.119457 2.760574 -30.438445
1.781293 2.422410 -30.438445
1.657517 1.960470 -30.438445
1.781293 1.498531 -30.438445
2.119457 1.160367 -30.438445
2.581397 1.036591 -30.438445
3.043336 1.160367 -30.438445
3.381500 1.498531 -30.438445
3.581397 1.960470 -30.821129
3.447422 2.460470 -30.821129
3.081397 2.826496 -30.821129
2.581397 2.960470 -30.821129
2.081397 2.826496 -30.821129
1.715371 2.460470 -30.821129
1.581397 1.960470 -30.821129
1.715371 1.460470 -30.821129
2.081397 1.094445 -30.821129
2.581397 0.960470 -30.821129
3.081397 1.094445 -30.821129
3.447422 1.460470 -30.821129
3.505276 1.960470 -31.203812
3.381500 2.422410 -31.203812
3.043336 2.760574 -31.203812
2.581397 2.884350 -31.203812
2.119457 2.760574 -31.203812
1.781293 2.422410 -31.203812
1.657517 1.960470 -31.203812
1.781293 1.498531 -31.203812
2.119457 1.160367 -31.203812
2.581397 1.036591 -31.203812
3.043336 1.160367 -31.203812
3.381500 1.498531 -31.203812
3.288503 1.960470 -31.528236
3.193769 2.314024 -31.528236
2.934950 2.572843 -31.528236
2.581397 2.667577 -31.528236
2.227843 2.572843 -31.528236
1.969024 2.314024 -31.528236
1.874290 1.960470 -31.528236
1.969024 1.606917 -31.528236
2.227843 1.348098 -31.528236
2.581397 1.253364 -31.528236
2.934950 1.348098 -31.528236
3.193769 1.606917 -31.528236
2.964080 1.960470 -31.745008
2.912810 2.151812 -31.745008
2.772738 2.291884 -31.745008
2.581397 2.343154 -31.745008
2.390055 2.291884 -31.745008
2.249983 2.151812 -31.745008
2.198713 1.960470 -31.745008
2.249983 1.769129 -31.745008
2.390055 1.629057 -31.745008
2.581397 1.577787 -31.745008
2.772738 1.629057 -31.745008
2.912810 1.769129 -31.745008
2.581397 1.960470 -31.821129
-2.763525 16.093733 -27.141981
-2.380842 16.093733 -27.218102
-2.432112 16.285075 -27.218102
-2.572184 16.425146 -27.218102
-2.763525 16.476416 -27.218102
-2.954867 16.425146 -27.218102
-3.094939 16.285075 -27.218102
-3.146209 16.093733 -27.218102
-3.094939 15.902391 -27.218102
-2.954867 15.762319 -27.218102
-2.763525 15.711049 -27.218102
-2.572184 15.762319 -27.218102
-2.432112 15.902391 -27.218102
-2.056418 16.093733 -27.434874
-2.151153 16.447286 -27.434874
-2.409972 16.706105 -27.434874
-2.763525 16.800840 -27.434874
-3.117079 16.706105 -27.434874
-3.375898 16.447286 -27.434874
-3.470632 16.093733 -27.434874
-3.375898 15.740179 -27.434874
-3.117079 15.481360 -27.434874
-2.763525 15.386626 -27.434874
-2.409972 15.481360 -27.434874
-2.151153 15.740179 -27.434874
-1.839646 16.093733 -27.759298
-1.963422 16.555673 -27.759298
-2.301585 16.893836 -27.759298
-2.763525 17.017612 -27.759298
-3.225465 16.893836 -27.759298
-3.563628 16.555673 -27.759298
-3.687405 16.093733 -27.759298
-3.563628 15.631793 -27.759298
-3.225465 15.293630 -27.759298
-2.763525 15.169853 -27.759298
-2.301585 15.293630 -27.759298
-1.963422 15.631793 -27.759298
-1.763525 16.093733 -28.141981
-1.897500 16.593733 -28.141981
-2.263525 16.959758 -28.141981
-2.763525 17.093733 -28.141981
-3.263525 16.959758 -28.141981
-3.629551 16.593733 -28.141981
-3.763525 16.093733 -28.141981
-3.629551 15.593733 -28.141981
-3.263525 15.227707 -28.141981
-2.763525 15.093733 -28.141981
-2.263525 15.227707 -28.141981
-1.897500 15.593733 -28.141981
-1.839646 16.093733 -28.524665
-1.963422 16.555673 -28.524665
-2.301585 16.893836 -28.524665
-2.763525 17.017612 -28.524665
-3.225465 16.893836 -28.524665
-3.563628 16.555673 -28.524665
-3.687405 16.093733 -28.524665
-3.563628 15.631793 -28.524665
-3.225465 15.293630 -28.524665
-2.763525 15.169853 -28.524665
-2.301585 15.293630 -28.524665
-1.963422 15.631793 -28.524665
-2.056418 16.093733 -28.849088
-2.151153 16.447286 -28.849088
-2.409972 16.706105 -28.849088
-2.763525 16.800840 -28.849088
-3.117079 16.706105 -28.849088
-3.375898 16.447286 -28.849088
-3.470632 16.093733 -28.849088
-3.375898 15.740179 -28.849088
-3.117079 15.481360 -28.849088
-2.763525 15.386626 -28.849088
-2.409972 15.481360 -28.849088
-2.151153 15.740179 -28.849088
-2.380842 16.093733 -29.065861
-2.432112 16.285075 -29.065861
-2.572184 16.425146 -29.065861
-2.763525 16.476416 -29.065861
-2.954867 16.425146 -29.065861
-3.094939 16.285075 -29.065861
-3.146209 16.093733 -29.065861
-3.094939 15.902391 -29.065861
-2.954867 15.762319 -29.065861
-2.763525 15.711049 -29.065861
-2.572184 15.762319 -29.065861
-2.432112 15.902391 -29.065861
-2.763525 16.093733 -29.141981
-3.635007 14.629272 -27.492483
-3.252324 14.629272 -27.568604
-3.303594 14.820614 -27.568604
-3.443665 14.960686 -27.568604
-3.635007 15.011956 -27.568604
-3.826349 14.960686 -27.568604
-3.966421 14.820614 -27.568604
-4.017691 14.629272 -27.568604
-3.966421 14.437931 -27.568604
-3.826349 14.297859 -27.568604
-3.635007 14.246589 -27.568604
-3.443665 14.297859 -27.568604
-3.303594 14.437931 -27.568604
-2.927900 14.629272 -27.785376
-3.022635 14.982826 -27.785376
-3.281454 15.241645 -27.785376
-3.635007 15.336379 -27.785376
-3.988561 15.241645 -27.785376
-4.247380 14.982826 -27.785376
-4.342114 14.629272 -27.785376
-4.247380 14.275719 -27.785376
-3.988561 14.016900 -27.785376
-3.635007 13.922166 -27.785376
-3.281454 14.016900 -27.785376
-3.022635 14.275719 -27.785376
-2.711128 14.629272 -28.109800
-2.834904 15.091212 -28.109800
-3.173067 15.429376 -28.109800
-3.635007 15.553152 -28.109800
-4.096947 15.429376 -28.109800
-4.435110 15.091212 -28.109800
-4.558887 14.629272 -28.109800
-4.435110 14.167333 -28.109800
-4.096947 13.829169 -28.109800
-3.635007 13.705393 -28.109800
-3.173067 13.829169 -28.109800
-2.834904 14.167333 -28.109800
-2.635007 14.629272 -28.492483
-2.768982 15.129272 -28.492483
-3.135007 15.495298 -28.492483
-3.635007 15.629272 -28.492483
-4.135007 15.495298 -28.492483
-4.501033 15.129272 -28.492483
-4.635007 14.629272 -28.492483
-4.501033 14.129272 -28.492483
-4.135007 13.763247 -28.492483
-3.635007 13.629272 -28.492483
-3.135007 13.763247 -28.492483
-2.768982 14.129272 -28.492483
-2.711128 14.629272 -28.875167
-2.834904 15.091212 -28.875167
-3.173067 15.429376 -28.875167
-3.635007 15.553152 -28.875167
-4.096947 15.429376 -28.875167
-4.435110 15.091212 -28.875167
-4.558887 14.629272 -28.875167
-4.435110 14.167333 -28.875167
-4.096947 13.829169 -28.875167
-3.635007 13.705393 -28.875167
-3.173067 13.829169 -28.875167
-2.834904 14.167333 -28.875167
-2.927900 14.629272 -29.199590
-3.022635 14.982826 -29.199590
-3.281454 15.241645 -29.199590
-3.635007 15.336379 -29.199590
-3.988561 15.241645 -29.199590
-4.247380 14.982826 -29.199590
-4.342114 14.629272 -29.199590
-4.247380 14.275719 -29.199590
-3.988561 14.016900 -29.199590
-3.635007 13.922166 -29.199590
-3.281454 14.016900 -29.199590
-3.022635 14.275719 -29.199590
-3.252324 14.629272 -29.416363
-3.303594 14.820614 -29.416363
-3.443665 14.960686 -29.416363
-3.635007 15.011956 -29.416363
-3.826349 14.960686 -29.416363
-3.966421 14.820614 -29.416363
-4.017691 14.629272 -29.416363
-3.966421 14.437931 -29.416363
-3.826349 14.297859 -29.416363
-3.635007 14.246589 -29.416363
-3.443665 14.297859 -29.416363
-3.303594 14.437931 -29.416363
-3.635007 14.629272 -29.492483
-5.262158 13.617073 -27.851639
-4.879474 13.617073 -27.927759
-4.930744 13.808415 -27.927759
-5.070816 13.948487 -27.927759
-5.262158 13.999756 -27.927759
-5.453500 13.948487 -27.927759
-5.593571 13.808415 -27.927759
-5.644841 13.617073 -27.927759
-5.593571 13.425731 -27.927759
-5.453500 13.285659 -27.927759
-5.262158 13.234390 -27.927759
-5.070816 13.285659 -27.927759
-4.930744 13.425731 -27.927759
-4.555051 13.617073 -28.144532
-4.649785 13.970626 -28.144532
-4.908605 14.229445 -28.144532
-5.262158 14.324180 -28.144532
-5.615711 14.229445 -28.144532
-5.874530 13.970626 -28.144532
-5.969265 13.617073 -28.144532
-5.874530 13.263520 -28.144532
-5.615711 13.004701 -28.144532
-5.262158 12.909966 -28.144532
-4.908605 13.004701 -28.144532
-4.649785 13.263520 -28.144532
-4.338278 13.617073 -28.468955
-4.462055 14.079013 -28.468955
-4.800218 14.417176 -28.468955
-5.262158 14.540953 -28.468955
-5.724098 14.417176 -28.468955
-6.062261 14.079013 -28.468955
-6.186037 13.617073 -28.468955
-6.062261 13.155133 -28.468955
-5.724098 12.816970 -28.468955
-5.262158 12.693194 -28.468955
-4.800218 12.816970 -28.468955
-4.462055 13.155133 -28.468955
-4.262158 13.617073 -28.851639
-4.396133 14.117073 -28.851639
-4.762158 14.483098 -28.851639
-5.262158 14.617073 -28.851639
-5.762158 14.483098 -28.851639
-6.128183 14.117073 -28.851639
-6.262158 13.617073 -28.851639
-6.128183 13.117073 -28.851639
-5.762158 12.751048 -28.851639
-5.262158 12.617073 -28.851639
-4.762158 12.751048 -28.851639
-4.396133 13.117073 -28.851639
-4.338278 13.617073 -29.234322
-4.462055 14.079013 -29.234322
-4.800218 14.417176 -29.234322
-5.262158 14.540953 -29.234322
-5.724098 14.417176 -29.234322
-6.062261 14.079013 -29.234322
-6.186037 13.617073 -29.234322
-6.062261 13.155133 -29.234322
-5.724098 12.816970 -29.234322
-5.262158 12.693194 -29.234322
-4.800218 12.816970 -29.234322
-4.462055 13.155133 -29.234322
-4.555051 13.617073 -29.558746
-4.649785 13.970626 -29.558746
-4.908605 14.229445 -29.558746
-5.262158 14.324180 -29.558746
-5.615711 14.229445 -29.558746
-5.874530 13.970626 -29.558746
-5.969265 13.617073 -29.558746
-5.874530 13.263520 -29.558746
-5.615711 13.004701 -29.558746
-5.262158 12.909966 -29.558746
-4.908605 13.004701 -29.558746
-4.649785 13.263520 -29.558746
-4.879474 13.617073 -29.775518
-4.930744 13.808415 -29.775518
-5.070816 13.948487 -29.775518
-5.262158 13.999756 -29.775518
-5.453500 13.948487 -29.775518
-5.593571 13.808415 -29.775518
-5.644841 13.617073 -29.775518
-5.593571 13.425731 -29.775518
-5.453500 13.285659 -29.775518
-5.262158 13.234390 -29.775518
-5.070816 13.285659 -29.775518
-4.930744 13.425731 -29.775518
-5.262158 13.617073 -29.851639
0.410162 2.693514 -27.922703
0.792845 2.693514 -27.998823
0.741575 2.884856 -27.998823
0.601503 3.024928 -27.998823
0.410162 3.076198 -27.998823
0.218820 3.024928 -27.998823
0.078748 2.884856 -27.998823
0.027478 2.693514 -27.998823
0.078748 2.502172 -27.998823
0.218820 2.362101 -27.998823
0.410162 2.310831 -27.998823
0.601503 2.362101 -27.998823
0.741575 2.502172 -27.998823
1.117268 2.693514 -28.215596
1.022534 3.047067 -28.215596
0.763715 3.305887 -28.215596
0.410162 3.400621 -28.215596
0.056608 3.305887 -28.215596
-0.202211 3.047067 -28.215596
-0.296945 2.693514 -28.215596
-0.202211 2.339961 -28.215596
0.056608 2.081142 -28.215596
0.410162 1.986407 -28.215596
0.763715 2.081142 -28.215596
1.022534 2.339961 -28.215596
1.334041 2.693514 -28.540019
1.210265 3.155454 -28.540019
0.872101 3.493617 -28.540019
0.410162 3.617394 -28.540019
-0.051778 3.493617 -28.540019
-0.389942 3.155454 -28.540019
-0.513718 2.693514 -28.540019
-0.389942 2.231574 -28.540019
-0.051778 1.893411 -28.540019
0.410162 1.769635 -28.540019
0.872101 1.893411 -28.540019
1.210265 2.231574 -28.540019
1.410162 2.693514 -28.922703
1.276187 3.193514 -28.922703
0.910162 3.559540 -28.922703
0.410162 3.693514 -28.922703
-0.089838 3.559540 -28.922703
-0.455864 3.193514 -28.922703
-0.589838 2.693514 -28.922703
-0.455864 2.193514 -28.922703
-0.089838 1.827489 -28.922703
0.410162 1.693514 -28.922703
0.910162 1.827489 -28.922703
1.276187 2.193514 -28.922703
1.334041 2.693514 -29.305386
1.210265 3.155454 -29.305386
0.872101 3.493617 -29.305386
0.410162 3.617394 -29.305386
-0.051778 3.493617 -29.305386
-0.389942 3.155454 -29.305386
-0.513718 2.693514 -29.305386
-0.389942 2.231574 -29.305386
-0.051778 1.893411 -29.305386
0.410162 1.769635 -29.305386
0.872101 1.893411 -29.305386
1.210265 2.231574 -29.305386
1.117268 2.693514 -29.629810
1.022534 3.047067 -29.629810
0.763715 3.305887 -29.629810
0.410162 3.400621 -29.629810
0.056608 3.305887 -29.629810
-0.202211 3.047067 -29.629810
-0.296945 2.693514 -29.629810
-0.202211 2.339961 -29.629810
0.056608 2.081142 -29.629810
0.410162 1.986407 -29.629810
0.763715 2.081142 -29.629810
1.022534 2.339961 -29.629810
0.792845 2.693514 -29.846582
0.741575 2.884856 -29.846582
0.601503 3.024928 -29.846582
0.410162 3.076198 -29.846582
0.218820 3.024928 -29.846582
0.078748 2.884856 -29.846582
0.027478 2.693514 -29.846582
0.078748 2.502172 -29.846582
0.218820 2.362101 -29.846582
0.410162 2.310831 -29.846582
0.601503 2.362101 -29.846582
0.741575 2.502172 -29.846582
0.410162 2.693514 -29.922703
-1.496244 2.340241 -26.574253
-1.113561 2.340241 -26.650374
-1.164830 2.531583 -26.650374
-1.304902 2.671655 -26.650374
-1.496244 2.722925 -26.650374
-1.687586 2.671655 -26.650374
-1.827658 2.531583 -26.650374
-1.878928 2.340241 -26.650374
-1.827658 2.148900 -26.650374
-1.687586 2.008828 -26.650374
-1.496244 1.957558 -26.650374
-1.304902 2.008828 -26.650374
-1.164830 2.148900 -26.650374
-0.789137 2.340241 -26.867146
-0.883872 2.693795 -26.867146
-1.142691 2.952614 -26.867146
-1.496244 3.047348 -26.867146
-1.849797 2.952614 -26.867146
-2.108617 2.693795 -26.867146
-2.203351 2.340241 -26.867146
-2.108617 1.986688 -26.867146
-1.849797 1.727869 -26.867146
-1.496244 1.633135 -26.867146
-1.142691 1.727869 -26.867146
-0.883872 1.986688 -26.867146
-0.572365 2.340241 -27.191570
-0.696141 2.802181 -27.191570
-1.034304 3.140345 -27.191570
-1.496244 3.264121 -27.191570
-1.958184 3.140345 -27.191570
-2.296347 2.802181 -27.191570
-2.420124 2.340241 -27.191570
-2.296347 1.878302 -27.191570
-1.958184 1.540138 -27.191570
-1.496244 1.416362 -27.191570
-1.034304 1.540138 -27.191570
-0.696141 1.878302 -27.191570
-0.496244 2.340241 -27.574253
-0.630219 2.840241 -27.574253
-0.996244 3.206267 -27.574253
-1.496244 3.340241 -27.574253
-1.996244 3.206267 -27.574253
-2.362269 2.840241 -27.574253
-2.496244 2.340241 -27.574253
-2.362269 1.840241 -27.574253
-1.996244 1.474216 -27.574253
-1.496244 1.340241 -27.574253
-0.996244 1.474216 -27.574253
-0.630219 1.840241 -27.574253
-0.572365 2.340241 -27.956937
-0.696141 2.802181 -27.956937
-1.034304 3.140345 -27.956937
-1.496244 3.264121 -27.956937
-1.958184 3.140345 -27.956937
-2.296347 2.802181 -27.956937
-2.420124 2.340241 -27.956937
-2.296347 1.878302 -27.956937
-1.958184 1.540138 -27.956937
-1.496244 1.416362 -27.956937
-1.034304 1.540138 -27.956937
-0.696141 1.878302 -27.956937
-0.789137 2.340241 -28.281360
-0.883872 2.693795 -28.281360
-1.142691 2.952614 -28.281360
-1.496244 3.047348 -28.281360
-1.849797 2.952614 -28.281360
-2.108617 2.693795 -28.281360
-2.203351 2.340241 -28.281360
-2.108617 1.986688 -28.281360
-1.849797 1.727869 -28.281360
-1.496244 1.633135 -28.281360
-1.142691 1.727869 -28.281360
-0.883872 1.986688 -28.281360
-1.113561 2.340241 -28.498133
-1.164830 2.531583 -28.498133
-1.304902 2.671655 -28.498133
-1.496244 2.722925 -28.498133
-1.687586 2.671655 -28.498133
-1.827658 2.531583 -28.498133
-1.878928 2.340241 -28.498133
-1.827658 2.148900 -28.498133
-1.687586 2.008828 -28.498133
-1.496244 1.957558 -28.498133
-1.304902 2.008828 -28.498133
-1.164830 2.148900 -28.498133
-1.496244 2.340241 -28.574253
-3.246626 1.970445 -26.643648
-2.863942 1.970445 -26.719769
-2.915212 2.161787 -26.719769
-3.055284 2.301859 -26.719769
-3.246626 2.353129 -26.719769
-3.437967 2.301859 -26.719769
-3.578039 2.161787 -26.719769
-3.629309 1.970445 -26.719769
-3.578039 1.779104 -26.719769
-3.437967 1.639032 -26.719769
-3.246626 1.587762 -26.719769
-3.055284 1.639032 -26.719769
-2.915212 1.779104 -26.719769
-2.539519 1.970445 -26.936541
-2.634253 2.323999 -26.936541
-2.893072 2.582818 -26.936541
-3.246626 2.677552 -26.936541
-3.600179 2.582818 -26.936541
-3.858998 2.323999 -26.936541
-3.953732 1.970445 -26.936541
-3.858998 1.616892 -26.936541
-3.600179 1.358073 -26.936541
-3.246626 1.263339 -26.936541
-2.893072 1.358073 -26.936541
-2.634253 1.616892 -26.936541
-2.322746 1.970445 -27.260965
-2.446523 2.432385 -27.260965
-2.784686 2.770549 -27.260965
-3.246626 2.894325 -27.260965
-3.708565 2.770549 -27.260965
-4.046729 2.432385 -27.260965
-4.170505 1.970445 -27.260965
-4.046729 1.508506 -27.260965
-3.708565 1.170342 -27.260965
-3.246626 1.046566 -27.260965
-2.784686 1.170342 -27.260965
-2.446523 1.508506 -27.260965
-2.246626 1.970445 -27.643648
-2.380600 2.470445 -27.643648
-2.746626 2.836471 -27.643648
-3.246626 2.970445 -27.643648
-3.746626 2.836471 -27.643648
-4.112651 2.470445 -27.643648
-4.246626 1.970445 -27.643648
-4.112651 1.470445 -27.643648
-3.746626 1.104420 -27.643648
-3.246626 0.970445 -27.643648
-2.746626 1.104420 -27.643648
-2.380600 1.470445 -27.643648
-2.322746 1.970445 -28.026332
-2.446523 2.432385 -28.026332
-2.784686 2.770549 -28.026332
-3.246626 2.894325 -28.026332
-3.708565 2.770549 -28.026332
-4.046729 2.432385 -28.026332
-4.170505 1.970445 -28.026332
-4.046729 1.508506 -28.026332
-3.708565 1.170342 -28.026332
-3.246626 1.046566 -28.026332
-2.784686 1.170342 -28.026332
-2.446523 1.508506 -28.026332
-2.539519 1.970445 -28.350755
-2.634253 2.323999 -28.350755
-2.893072 2.582818 -28.350755
-3.246626 2.677552 -28.350755
-3.600179 2.582818 -28.350755
-3.858998 2.323999 -28.350755
-3.953732 1.970445 -28.350755
-3.858998 1.616892 -28.350755
-3.600179 1.358073 -28.350755
-3.246626 1.263339 -28.350755
-2.893072 1.358073 -28.350755
-2.634253 1.616892 -28.350755
-2.863942 1.970445 -28.567528
-2.915212 2.161787 -28.567528
-3.055284 2.301859 -28.567528
-3.246626 2.353129 -28.567528
-3.437967 2.301859 -28.567528
-3.578039 2.161787 -28.567528
-3.629309 1.970445 -28.567528
-3.578039 1.779104 -28.567528
-3.437967 1.639032 -28.567528
-3.246626 1.587762 -28.567528
-3.055284 1.639032 -28.567528
-2.915212 1.779104 -28.567528
-3.246626 1.970445 -28.643648
-4.557740 0.624184 -27.024776
-4.175057 0.624184 -27.100897
-4.226327 0.815525 -27.100897
-4.366398 0.955597 -27.100897
-4.557740 1.006867 -27.100897
-4.749082 0.955597 -27.100897
-4.889154 0.815525 -27.100897
-4.940424 0.624184 -27.100897
-4.889154 0.432842 -27.100897
-4.749082 0.292770 -27.100897
-4.557740 0.241500 -27.100897
-4.366398 0.292770 -27.100897
-4.226327 0.432842 -27.100897
-3.850633 0.624184 -27.317670
-3.945368 0.977737 -27.317670
-4.204187 1.236556 -27.317670
-4.557740 1.331290 -27.317670
-4.911294 1.236556 -27.317670
-5.170113 0.977737 -27.317670
-5.264847 0.624184 -27.317670
-5.170113 0.270630 -27.317670
-4.911294 0.011811 -27.317670
-4.557740 -0.082923 -27.317670
-4.204187 0.011811 -27.317670
-3.945368 0.270630 -27.317670
-3.633861 0.624184 -27.642093
-3.757637 1.086123 -27.642093
-4.095800 1.424287 -27.642093
-4.557740 1.548063 -27.642093
-5.019680 1.424287 -27.642093
-5.357843 1.086123 -27.642093
-5.481620 0.624184 -27.642093
-5.357843 0.162244 -27.642093
-5.019680 -0.175920 -27.642093
-4.557740 -0.299696 -27.642093
-4.095800 -0.175920 -27.642093
-3.757637 0.162244 -27.642093
-3.557740 0.624184 -28.024776
-3.691715 1.124184 -28.024776
-4.057740 1.490209 -28.024776
-4.557740 1.624184 -28.024776
-5.057740 1.490209 -28.024776
-5.423766 1.124184 -28.024776
-5.557740 0.624184 -28.024776
-5.423766 0.124184 -28.024776
-5.057740 -0.241842 -28.024776
-4.557740 -0.375816 -28.024776
-4.057740 -0.241842 -28.024776
-3.691715 0.124184 -28.024776
-3.633861 0.624184 -28.407460
-3.757637 1.086123 -28.407460
-4.095800 1.424287 -28.407460
-4.557740 1.548063 -28.407460
-5.019680 1.424287 -28.407460
-5.357843 1.086123 -28.407460
-5.481620 0.624184 -28.407460
-5.357843 0.162244 -28.407460
-5.019680 -0.175920 -28.407460
-4.557740 -0.299696 -28.407460
-4.095800 -0.175920 -28.407460
-3.757637 0.162244 -28.407460
-3.850633 0.624184 -28.731883
-3.945368 0.977737 -28.731883
-4.204187 1.236556 -28.731883
-4.557740 1.331290 -28.731883
-4.911294 1.236556 -28.731883
-5.170113 0.977737 -28.731883
-5.264847 0.624184 -28.731883
-5.170113 0.270630 -28.731883
-4.911294 0.011811 -28.731883
-4.557740 -0.082923 -28.731883
-4.204187 0.011811 -28.731883
-3.945368 0.270630 -28.731883
-4.175057 0.624184 -28.948656
-4.226327 0.815525 -28.948656
-4.366398 0.955597 -28.948656
-4.557740 1.006867 -28.948656
-4.749082 0.955597 -28.948656
-4.889154 0.815525 -28.948656
-4.940424 0.624184 -28.948656
-4.889154 0.432842 -28.948656
-4.749082 0.292770 -28.948656
-4.557740 0.241500 -28.948656
-4.366398 0.292770 -28.948656
-4.226327 0.432842 -28.948656
-4.557740 0.624184 -29.024776
-6.136250 0.361533 -26.810776
-5.753567 0.361533 -26.886896
-5.804836 0.552875 -26.886896
-5.944908 0.692947 -26.886896
-6.136250 0.744216 -26.886896
-6.327592 0.692947 -26.886896
-6.467664 0.552875 -26.886896
-6.518933 0.361533 -26.886896
-6.467664 0.170191 -26.886896
-6.327592 0.030119 -26.886896
-6.136250 -0.021150 -26.886896
-5.944908 0.030119 -26.886896
-5.804836 0.170191 -26.886896
-5.429143 0.361533 -27.103669
-5.523878 0.715086 -27.103669
-5.782697 0.973905 -27.103669
-6.136250 1.068640 -27.103669
-6.489803 0.973905 -27.103669
-6.748622 0.715086 -27.103669
-6.843357 0.361533 -27.103669
-6.748622 0.007980 -27.103669
-6.489803 -0.250839 -27.103669
-6.136250 -0.345574 -27.103669
-5.782697 -0.250839 -27.103669
-5.523878 0.007980 -27.103669
-5.212370 0.361533 -27.428092
-5.336147 0.823473 -27.428092
-5.674310 1.161636 -27.428092
-6.136250 1.285413 -27.428092
-6.598190 1.161636 -27.428092
-6.936353 0.823473 -27.428092
-7.060130 0.361533 -27.428092
-6.936353 -0.100407 -27.428092
-6.598190 -0.438570 -27.428092
-6.136250 -0.562347 -27.428092
-5.674310 -0.438570 -27.428092
-5.336147 -0.100407 -27.428092
-5.136250 0.361533 -27.810776
-5.270225 0.861533 -27.810776
-5.636250 1.227558 -27.810776
-6.136250 1.361533 -27.810776
-6.636250 1.227558 -27.810776
-7.002275 0.861533 -27.810776
-7.136250 0.361533 -27.810776
-7.002275 -0.138467 -27.810776
-6.636250 -0.504492 -27.810776
-6.136250 -0.638467 -27.810776
-5.636250 -0.504492 -27.810776
-5.270225 -0.138467 -27.810776
-5.212370 0.361533 -28.193459
-5.336147 0.823473 -28.193459
-5.674310 1.161636 -28.193459
-6.136250 1.285413 -28.193459
-6.598190 1.161636 -28.193459
-6.936353 0.823473 -28.193459
-7.060130 0.361533 -28.193459
-6.936353 -0.100407 -28.193459
-6.598190 -0.438570 -28.193459
-6.136250 -0.562347 -28.193459
-5.674310 -0.438570 -28.193459
-5.336147 -0.100407 -28.193459
-5.429143 0.361533 -28.517883
-5.523878 0.715086 -28.517883
-5.782697 0.973905 -28.517883
-6.136250 1.068640 -28.517883
-6.489803 0.973905 -28.517883
-6.748622 0.715086 -28.517883
-6.843357 0.361533 -28.517883
-6.748622 0.007980 -28.517883
-6.489803 -0.250839 -28.517883
-6.136250 -0.345574 -28.517883
-5.782697 -0.250839 -28.517883
-5.523878 0.007980 -28.517883
-5.753567 0.361533 -28.734655
-5.804836 0.552875 -28.734655
-5.944908 0.692947 -28.734655
-6.136250 0.744216 -28.734655
-6.327592 0.692947 -28.734655
-6.467664 0.552875 -28.734655
-6.518933 0.361533 -28.734655
-6.467664 0.170191 -28.734655
-6.327592 0.030119 -28.734655
-6.136250 -0.021150 -28.734655
-5.944908 0.030119 -28.734655
-5.804836 0.170191 -28.734655
-6.136250 0.361533 -28.810776
8.557394 4.541137 -28.636658
8.940077 4.541137 -28.712778
8.888808 4.732479 -28.712778
8.748736 4.872551 -28.712778
8.557394 4.923821 -28.712778
8.366052 4.872551 -28.712778
8.225980 4.732479 -28.712778
8.174711 4.541137 -28.712778
8.225980 4.349796 -28.712778
8.366052 4.209724 -28.712778
8.557394 4.158454 -28.712778
8.748736 4.209724 -28.712778
8.888808 4.349796 -28.712778
9.264501 4.541137 -28.929551
9.169766 4.894691 -28.929551
8.910947 5.153510 -28.929551
8.557394 5.248244 -28.929551
8.203841 5.153510 -28.929551
7.945022 4.894691 -28.929551
7.850287 4.541137 -28.929551
7.945022 4.187584 -28.929551
8.203841 3.928765 -28.929551
8.557394 3.834030 -28.929551
8.910947 3.928765 -28.929551
9.169766 4.187584 -28.929551
9.481274 4.541137 -29.253974
9.357497 5.003077 -29.253974
9.019334 5.341240 -29.253974
8.557394 5.465017 -29.253974
8.095454 5.341240 -29.253974
7.757291 5.003077 -29.253974
7.633514 4.541137 -29.253974
7.757291 4.079197 -29.253974
8.095454 3.741034 -29.253974
8.557394 3.617258 -29.253974
9.019334 3.741034 -29.253974
9.357497 4.079197 -29.253974
9.557394 4.541137 -29.636658
9.423419 5.041137 -29.636658
9.057394 5.407163 -29.636658
8.557394 5.541137 -29.636658
8.057394 5.407163 -29.636658
7.691369 5.041137 -29.636658
7.557394 4.541137 -29.636658
7.691369 4.041137 -29.636658
8.057394 3.675112 -29.636658
8.557394 3.541137 -29.636658
9.057394 3.675112 -29.636658
9.423419 4.041137 -29.636658
9.481274 4.541137 -30.019341
9.357497 5.003077 -30.019341
9.019334 5.341240 -30.019341
8.557394 5.465017 -30.019341
8.095454 5.341240 -30.019341
7.757291 5.003077 -30.019341
7.633514 4.541137 -30.019341
7.757291 4.079197 -30.019341
8.095454 3.741034 -30.019341
8.557394 3.617258 -30.019341
9.019334 3.741034 -30.019341
9.357497 4.079197 -30.019341
9.264501 4.541137 -30.343764
9.169766 4.894691 -30.343764
8.910947 5.153510 -30.343764
8.557394 5.248244 -30.343764
8.203841 5.153510 -30.343764
7.945022 4.894691 -30.343764
7.850287 4.541137 -30.343764
7.945022 4.187584 -30.343764
8.203841 3.928765 -30.343764
8.557394 3.834030 -30.343764
8.910947 3.928765 -30.343764
9.169766 4.187584 -30.343764
8.940077 4.541137 -30.560537
8.888808 4.732479 -30.560537
8.748736 4.872551 -30.560537
8.557394 4.923821 -30.560537
8.366052 4.872551 -30.560537
8.225980 4.732479 -30.560537
8.174711 4.541137 -30.560537
8.225980 4.349796 -30.560537
8.366052 4.209724 -30.560537
8.557394 4.158454 -30.560537
8.748736 4.209724 -30.560537
8.888808 4.349796 -30.560537
8.557394 4.541137 -30.636658
6.709799 3.703047 -30.220980
7.092482 3.703047 -30.297100
7.041212 3.894389 -30.297100
6.901141 4.034461 -30.297100
6.709799 4.085731 -30.297100
6.518457 4.034461 -30.297100
6.378385 3.894389 -30.297100
6.327115 3.703047 -30.297100
6.378385 3.511706 -30.297100
6.518457 3.371634 -30.297100
6.709799 3.320364 -30.297100
6.901141 3.371634 -30.297100
7.041212 3.511706 -30.297100
7.416906 3.703047 -30.513873
7.322171 4.056601 -30.513873
7.063352 4.315420 -30.513873
6.709799 4.410154 -30.513873
6.356245 4.315420 -30.513873
6.097426 4.056601 -30.513873
6.002692 3.703047 -30.513873
6.097426 3.349494 -30.513873
6.356245 3.090675 -30.513873
6.709799 2.995940 -30.513873
7.063352 3.090675 -30.513873
7.322171 3.349494 -30.513873
7.633678 3.703047 -30.838296
7.509902 4.164987 -30.838296
7.171739 4.503150 -30.838296
6.709799 4.626927 -30.838296
6.247859 4.503150 -30.838296
5.909696 4.164987 -30.838296
5.785919 3.703047 -30.838296
5.909696 3.241108 -30.838296
6.247859 2.902944 -30.838296
6.709799 2.779168 -30.838296
7.171739 2.902944 -30.838296
7.509902 3.241108 -30.838296
7.709799 3.703047 -31.220980
7.575824 4.203047 -31.220980
7.209799 4.569073 -31.220980
6.709799 4.703047 -31.220980
6.209799 4.569073 -31.220980
5.843773 4.203047 -31.220980
5.709799 3.703047 -31.220980
5.843773 3.203047 -31.220980
6.209799 2.837022 -31.220980
6.709799 2.703047 -31.220980
7.209799 2.837022 -31.220980
7.575824 3.203047 -31.220980
7.633678 3.703047 -31.603663
7.509902 4.164987 -31.603663
7.171739 4.503150 -31.603663
6.709799 4.626927 -31.603663
6.247859 4.503150 -31.603663
5.909696 4.164987 -31.603663
5.785919 3.703047 -31.603663
5.909696 3.241108 -31.603663
6.247859 2.902944 -31.603663
6.709799 2.779168 -31.603663
7.171739 2.902944 -31.603663
7.509902 3.241108 -31.603663
7.416906 3.703047 -31.928086
7.322171 4.056601 -31.928086
7.063352 4.315420 -31.928086
6.709799 4.410154 -31.928086
6.356245 4.315420 -31.928086
6.097426 4.056601 -31.928086
6.002692 3.703047 -31.928086
6.097426 3.349494 -31.928086
6.356245 3.090675 -31.928086
6.709799 2.995940 -31.928086
7.063352 3.090675 -31.928086
7.322171 3.349494 -31.928086
7.092482 3.703047 -32.144859
7.041212 3.894389 -32.144859
6.901141 4.034461 -32.144859
6.709799 4.085731 -32.144859
6.518457 4.034461 -32.144859
6.378385 3.894389 -32.144859
6.327115 3.703047 -32.144859
6.378385 3.511706 -32.144859
6.518457 3.371634 -32.144859
6.709799 3.320364 -32.144859
6.901141 3.371634 -32.144859
7.041212 3.511706 -32.144859
6.709799 3.703047 -32.220980
-6.690098 12.756678 -28.104860
-6.307415 12.756678 -28.180981
-6.358685 12.948019 -28.180981
-6.498757 13.088091 -28.180981
-6.690098 13.139361 -28.180981
-6.881440 13.088091 -28.180981
-7.021512 12.948019 -28.180981
-7.072782 12.756678 -28.180981
-7.021512 12.565336 -28.180981
-6.881440 12.425264 -28.180981
-6.690098 12.373994 -28.180981
-6.498757 12.425264 -28.180981
-6.358685 12.565336 -28.180981
-5.982992 12.756678 -28.397754
-6.077726 13.110231 -28.397754
-6.336545 13.369050 -28.397754
-6.690098 13.463784 -28.397754
-7.043652 13.369050 -28.397754
-7.302471 13.110231 -28.397754
-7.397205 12.756678 -28.397754
-7.302471 12.403124 -28.397754
-7.043652 12.144305 -28.397754
-6.690098 12.049571 -28.397754
-6.336545 12.144305 -28.397754
-6.077726 12.403124 -28.397754
-5.766219 12.756678 -28.722177
-5.889995 13.218617 -28.722177
-6.228159 13.556781 -28.722177
-6.690098 13.680557 -28.722177
-7.152038 13.556781 -28.722177
-7.490201 13.218617 -28.722177
-7.613978 12.756678 -28.722177
-7.490201 12.294738 -28.722177
-7.152038 11.956574 -28.722177
-6.690098 11.832798 -28.722177
-6.228159 11.956574 -28.722177
-5.889995 12.294738 -28.722177
-5.690098 12.756678 -29.104860
-5.824073 13.256678 -29.104860
-6.190098 13.622703 -29.104860
-6.690098 13.756678 -29.104860
-7.190098 13.622703 -29.104860
-7.556124 13.256678 -29.104860
-7.690098 12.756678 -29.104860
-7.556124 12.256678 -29.104860
-7.190098 11.890652 -29.104860
-6.690098 11.756678 -29.104860
-6.190098 11.890652 -29.104860
-5.824073 12.256678 -29.104860
-5.766219 12.756678 -29.487544
-5.889995 13.218617 -29.487544
-6.228159 13.556781 -29.487544
-6.690098 13.680557 -29.487544
-7.152038 13.556781 -29.487544
-7.490201 13.218617 -29.487544
-7.613978 12.756678 -29.487544
-7.490201 12.294738 -29.487544
-7.152038 11.956574 -29.487544
-6.690098 11.832798 -29.487544
-6.228159 11.956574 -29.487544
-5.889995 12.294738 -29.487544
-5.982992 12.756678 -29.811967
-6.077726 13.110231 -29.811967
-6.336545 13.369050 -29.811967
-6.690098 13.463784 -29.811967
-7.043652 13.369050 -29.811967
-7.302471 13.110231 -29.811967
-7.397205 12.756678 -29.811967
-7.302471 12.403124 -29.811967
-7.043652 12.144305 -29.811967
-6.690098 12.049571 -29.811967
-6.336545 12.144305 -29.811967
-6.077726 12.403124 -29.811967
-6.307415 12.756678 -30.028740
-6.358685 12.948019 -30.028740
-6.498757 13.088091 -30.028740
-6.690098 13.139361 -30.028740
-6.881440 13.088091 -30.028740
-7.021512 12.948019 -30.028740
-7.072782 12.756678 -30.028740
-7.021512 12.565336 -30.028740
-6.881440 12.425264 -30.028740
-6.690098 12.373994 -30.028740
-6.498757 12.425264 -30.028740
-6.358685 12.565336 -30.028740
-6.690098 12.756678 -30.104860
-7.564783 12.071521 -27.299652
-7.182099 12.071521 -27.375773
-7.233369 12.262863 -27.375773
-7.373441 12.402934 -27.375773
-7.564783 12.454204 -27.375773
-7.756124 12.402934 -27.375773
-7.896196 12.262863 -27.375773
-7.947466 12.071521 -27.375773
-7.896196 11.880179 -27.375773
-7.756124 11.740107 -27.375773
-7.564783 11.688837 -27.375773
-7.373441 11.740107 -27.375773
-7.233369 11.880179 -27.375773
-6.857676 12.071521 -27.592545
-6.952410 12.425074 -27.592545
-7.211229 12.683893 -27.592545
-7.564783 12.778628 -27.592545
-7.918336 12.683893 -27.592545
-8.177155 12.425074 -27.592545
-8.271889 12.071521 -27.592545
-8.177155 11.717967 -27.592545
-7.918336 11.459148 -27.592545
-7.564783 11.364414 -27.592545
-7.211229 11.459148 -27.592545
-6.952410 11.717967 -27.592545
-6.640903 12.071521 -27.916969
-6.764679 12.533461 -27.916969
-7.102843 12.871624 -27.916969
-7.564783 12.995400 -27.916969
-8.026722 12.871624 -27.916969
-8.364886 12.533461 -27.916969
-8.488662 12.071521 -27.916969
-8.364886 11.609581 -27.916969
-8.026722 11.271418 -27.916969
-7.564783 11.147641 -27.916969
-7.102843 11.271418 -27.916969
-6.764679 11.609581 -27.916969
-6.564783 12.071521 -28.299652
-6.698757 12.571521 -28.299652
-7.064783 12.937546 -28.299652
-7.564783 13.071521 -28.299652
-8.064783 12.937546 -28.299652
-8.430808 12.571521 -28.299652
-8.564783 12.071521 -28.299652
-8.430808 11.571521 -28.299652
-8.064783 11.205495 -28.299652
-7.564783 11.071521 -28.299652
-7.064783 11.205495 -28.299652
-6.698757 11.571521 -28.299652
-6.640903 12.071521 -28.682336
-6.764679 12.533461 -28.682336
-7.102843 12.871624 -28.682336
-7.564783 12.995400 -28.682336
-8.026722 12.871624 -28.682336
-8.364886 12.533461 -28.682336
-8.488662 12.071521 -28.682336
-8.364886 11.609581 -28.682336
-8.026722 11.271418 -28.682336
-7.564783 11.147641 -28.682336
-7.102843 11.271418 -28.682336
-6.764679 11.609581 -28.682336
-6.857676 12.071521 -29.006759
-6.952410 12.425074 -29.006759
-7.211229 12.683893 -29.006759
-7.564783 12.778628 -29.006759
-7.918336 12.683893 -29.006759
-8.177155 12.425074 -29.006759
-8.271889 12.071521 -29.006759
-8.177155 11.717967 -29.006759
-7.918336 11.459148 -29.006759
-7.564783 11.364414 -29.006759
-7.211229 11.459148 -29.006759
-6.952410 11.717967 -29.006759
-7.182099 12.071521 -29.223532
-7.233369 12.262863 -29.223532
-7.373441 12.402934 -29.223532
-7.564783 12.454204 -29.223532
-7.756124 12.402934 -29.223532
-7.896196 12.262863 -29.223532
-7.947466 12.071521 -29.223532
-7.896196 11.880179 -29.223532
-7.756124 11.740107 -29.223532
-7.564783 11.688837 -29.223532
-7.373441 11.740107 -29.223532
-7.233369 11.880179 -29.223532
-7.564783 12.071521 -29.299652
-8.784475 11.103631 -26.750864
-8.401792 11.103631 -26.826984
-8.453062 11.294973 -26.826984
-8.593134 11.435045 -26.826984
-8.784475 11.486314 -26.826984
-8.975817 11.435045 -26.826984
-9.115889 11.294973 -26.826984
-9.167159 11.103631 -26.826984
-9.115889 10.912289 -26.826984
-8.975817 10.772217 -26.826984
-8.784475 10.720948 -26.826984
-8.593134 10.772217 -26.826984
-8.453062 10.912289 -26.826984
-8.077369 11.103631 -27.043757
-8.172103 11.457184 -27.043757
-8.430922 11.716003 -27.043757
-8.784475 11.810738 -27.043757
-9.138029 11.716003 -27.043757
-9.396848 11.457184 -27.043757
-9.491582 11.103631 -27.043757
-9.396848 10.750078 -27.043757
-9.138029 10.491259 -27.043757
-8.784475 10.396524 -27.043757
-8.430922 10.491259 -27.043757
-8.172103 10.750078 -27.043757
-7.860596 11.103631 -27.368181
-7.984372 11.565571 -27.368181
-8.322536 11.903734 -27.368181
-8.784475 12.027511 -27.368181
-9.246415 11.903734 -27.368181
-9.584578 11.565571 -27.368181
-9.708355 11.103631 -27.368181
-9.584578 10.641691 -27.368181
-9.246415 10.303528 -27.368181
-8.784475 10.179751 -27.368181
-8.322536 10.303528 -27.368181
-7.984372 10.641691 -27.368181
-7.784475 11.103631 -27.750864
-7.918450 11.603631 -27.750864
-8.284475 11.969656 -27.750864
-8.784475 12.103631 -27.750864
-9.284475 11.969656 -27.750864
-9.650501 11.603631 -27.750864
-9.784475 11.103631 -27.750864
-9.650501 10.603631 -27.750864
-9.284475 10.237606 -27.750864
-8.784475 10.103631 -27.750864
-8.284475 10.237606 -27.750864
-7.918450 10.603631 -27.750864
-7.860596 11.103631 -28.133547
-7.984372 11.565571 -28.133547
-8.322536 11.903734 -28.133547
-8.784475 12.027511 -28.133547
-9.246415 11.903734 -28.133547
-9.584578 11.565571 -28.133547
-9.708355 11.103631 -28.133547
-9.584578 10.641691 -28.133547
-9.246415 10.303528 -28.133547
-8.784475 10.179751 -28.133547
-8.322536 10.303528 -28.133547
-7.984372 10.641691 -28.133547
-8.077369 11.103631 -28.457971
-8.172103 11.457184 -28.457971
-8.430922 11.716003 -28.457971
-8.784475 11.810738 -28.457971
-9.138029 11.716003 -28.457971
-9.396848 11.457184 -28.457971
-9.491582 11.103631 -28.457971
-9.396848 10.750078 -28.457971
-9.138029 10.491259 -28.457971
-8.784475 10.396524 -28.457971
-8.430922 10.491259 -28.457971
-8.172103 10.750078 -28.457971
-8.401792 11.103631 -28.674744
-8.453062 11.294973 -28.674744
-8.593134 11.435045 -28.674744
-8.784475 11.486314 -28.674744
-8.975817 11.435045 -28.674744
-9.115889 11.294973 -28.674744
-9.167159 11.103631 -28.674744
-9.115889 10.912289 -28.674744
-8.975817 10.772217 -28.674744
-8.784475 10.720948 -28.674744
-8.593134 10.772217 -28.674744
-8.453062 10.912289 -28.674744
-8.784475 11.103631 -28.750864
-9.404904 9.786252 -26.905573
-9.022221 9.786252 -26.981693
-9.073491 9.977594 -26.981693
-9.213563 10.117666 -26.981693
-9.404904 10.168935 -26.981693
-9.596246 10.117666 -26.981693
-9.736318 9.977594 -26.981693
-9.787588 9.786252 -26.981693
-9.736318 9.594910 -26.981693
-9.596246 9.454838 -26.981693
-9.404904 9.403569 -26.981693
-9.213563 9.454838 -26.981693
-9.073491 9.594910 -26.981693
-8.697798 9.786252 -27.198466
-8.792532 10.139805 -27.198466
-9.051351 10.398624 -27.198466
-9.404904 10.493359 -27.198466
-9.758458 10.398624 -27.198466
-10.017277 10.139805 -27.198466
-10.112011 9.786252 -27.198466
-10.017277 9.432699 -27.198466
-9.758458 9.173880 -27.198466
-9.404904 9.079145 -27.198466
-9.051351 9.173880 -27.198466
-8.792532 9.432699 -27.198466
-8.481025 9.786252 -27.522889
-8.604801 10.248192 -27.522889
-8.942965 10.586355 -27.522889
-9.404904 10.710132 -27.522889
-9.866844 10.586355 -27.522889
-10.205008 10.248192 -27.522889
-10.328784 9.786252 -27.522889
-10.205008 9.324312 -27.522889
-9.866844 8.986149 -27.522889
-9.404904 8.862372 -27.522889
-8.942965 8.986149 -27.522889
-8.604801 9.324312 -27.522889
-8.404904 9.786252 -27.905573
-8.538879 10.286252 -27.905573
-8.904904 10.652277 -27.905573
-9.404904 10.786252 -27.905573
-9.904904 10.652277 -27.905573
-10.270930 10.286252 -27.905573
-10.404904 9.786252 -27.905573
-10.270930 9.286252 -27.905573
-9.904904 8.920227 -27.905573
-9.404904 8.786252 -27.905573
-8.904904 8.920227 -27.905573
-8.538879 9.286252 -27.905573
-8.481025 9.786252 -28.288256
-8.604801 10.248192 -28.288256
-8.942965 10.586355 -28.288256
-9.404904 10.710132 -28.288256
-9.866844 10.586355 -28.288256
-10.205008 10.248192 -28.288256
-10.328784 9.786252 -28.288256
-10.205008 9.324312 -28.288256
-9.866844 8.986149 -28.288256
-9.404904 8.862372 -28.288256
-8.942965 8.986149 -28.288256
-8.604801 9.324312 -28.288256
-8.697798 9.786252 -28.612680
-8.792532 10.139805 -28.612680
-9.051351 10.398624 -28.612680
-9.404904 10.493359 -28.612680
-9.758458 10.398624 -28.612680
-10.017277 10.139805 -28.612680
-10.112011 9.786252 -28.612680
-10.017277 9.432699 -28.612680
-9.758458 9.173880 -28.612680
-9.404904 9.079145 -28.612680
-9.051351 9.173880 -28.612680
-8.792532 9.432699 -28.612680
-9.022221 9.786252 -28.829452
-9.073491 9.977594 -28.829452
-9.213563 10.117666 -28.829452
-9.404904 10.168935 -28.829452
-9.596246 10.117666 -28.829452
-9.736318 9.977594 -28.829452
-9.787588 9.786252 -28.829452
-9.736318 9.594910 -28.829452
-9.596246 9.454838 -28.829452
-9.404904 9.403569 -28.829452
-9.213563 9.454838 -28.829452
-9.073491 9.594910 -28.829452
-9.404904 9.786252 -28.905573
-9.933083 8.295938 -26.946264
-9.550399 8.295938 -27.022385
-9.601669 8.487279 -27.022385
-9.741741 8.627351 -27.022385
-9.933083 8.678621 -27.022385
-10.124424 8.627351 -27.022385
-10.264496 8.487279 -27.022385
-10.315766 8.295938 -27.022385
-10.264496 8.104596 -27.022385
-10.124424 7.964524 -27.022385
-9.933083 7.913254 -27.022385
-9.741741 7.964524 -27.022385
-9.601669 8.104596 -27.022385
-9.225976 8.295938 -27.239157
-9.320710 8.649491 -27.239157
-9.579529 8.908310 -27.239157
-9.933083 9.003044 -27.239157
-10.286636 8.908310 -27.239157
-10.545455 8.649491 -27.239157
-10.640189 8.295938 -27.239157
-10.545455 7.942384 -27.239157
-10.286636 7.683565 -27.239157
-9.933083 7.588831 -27.239157
-9.579529 7.683565 -27.239157
-9.320710 7.942384 -27.239157
-9.009203 8.295938 -27.563581
-9.132979 8.757877 -27.563581
-9.471143 9.096041 -27.563581
-9.933083 9.219817 -27.563581
-10.395022 9.096041 -27.563581
-10.733186 8.757877 -27.563581
-10.856962 8.295938 -27.563581
-10.733186 7.833998 -27.563581
-10.395022 7.495834 -27.563581
-9.933083 7.372058 -27.563581
-9.471143 7.495834 -27.563581
-9.132979 7.833998 -27.563581
-8.933083 8.295938 -27.946264
-9.067057 8.795938 -27.946264
-9.433083 9.161963 -27.946264
-9.933083 9.295938 -27.946264
-10.433083 9.161963 -27.946264
-10.799108 8.795938 -27.946264
-10.933083 8.295938 -27.946264
-10.799108 7.795938 -27.946264
-10.433083 7.429912 -27.946264
-9.933083 7.295938 -27.946264
-9.433083 7.429912 -27.946264
-9.067057 7.795938 -27.946264
-9.009203 8.295938 -28.328948
-9.132979 8.757877 -28.328948
-9.471143 9.096041 -28.328948
-9.933083 9.219817 -28.328948
-10.395022 9.096041 -28.328948
-10.733186 8.757877 -28.328948
-10.856962 8.295938 -28.328948
-10.733186 7.833998 -28.328948
-10.395022 7.495834 -28.328948
-9.933083 7.372058 -28.328948
-9.471143 7.495834 -28.328948
-9.132979 7.833998 -28.328948
-9.225976 8.295938 -28.653371
-9.320710 8.649491 -28.653371
-9.579529 8.908310 -28.653371
-9.933083 9.003044 -28.653371
-10.286636 8.908310 -28.653371
-10.545455 8.649491 -28.653371
-10.640189 8.295938 -28.653371
-10.545455 7.942384 -28.653371
-10.286636 7.683565 -28.653371
-9.933083 7.588831 -28.653371
-9.579529 7.683565 -28.653371
-9.320710 7.942384 -28.653371
-9.550399 8.295938 -28.870144
-9.601669 8.487279 -28.870144
-9.741741 8.627351 -28.870144
-9.933083 8.678621 -28.870144
-10.124424 8.627351 -28.870144
-10.264496 8.487279 -28.870144
-10.315766 8.295938 -28.870144
-10.264496 8.104596 -28.870144
-10.124424 7.964524 -28.870144
-9.933083 7.913254 -28.870144
-9.741741 7.964524 -28.870144
-9.601669 8.104596 -28.870144
-9.933083 8.295938 -28.946264
-10.108999 7.163552 -26.918995
-9.726316 7.163552 -26.995115
-9.777586 7.354894 -26.995115
-9.917658 7.494966 -26.995115
-10.108999 7.546236 -26.995115
-10.300341 7.494966 -26.995115
-10.440413 7.354894 -26.995115
-10.491683 7.163552 -26.995115
-10.440413 6.972211 -26.995115
-10.300341 6.832139 -26.995115
-10.108999 6.780869 -26.995115
-9.917658 6.832139 -26.995115
-9.777586 6.972211 -26.995115
-9.401892 7.163552 -27.211888
-9.496627 7.517106 -27.211888
-9.755446 7.775925 -27.211888
-10.108999 7.870659 -27.211888
-10.462553 7.775925 -27.211888
-10.721372 7.517106 -27.211888
-10.816106 7.163552 -27.211888
-10.721372 6.809999 -27.211888
-10.462553 6.551180 -27.211888
-10.108999 6.456446 -27.211888
-9.755446 6.551180 -27.211888
-9.496627 6.809999 -27.211888
-9.185120 7.163552 -27.536311
-9.308896 7.625492 -27.536311
-9.647059 7.963655 -27.536311
-10.108999 8.087432 -27.536311
-10.570939 7.963655 -27.536311
-10.909102 7.625492 -27.536311
-11.032879 7.163552 -27.536311
-10.909102 6.701613 -27.536311
-10.570939 6.363449 -27.536311
-10.108999 6.239673 -27.536311
-9.647059 6.363449 -27.536311
-9.308896 6.701613 -27.536311
-9.108999 7.163552 -27.918995
-9.242974 7.663552 -27.918995
-9.608999 8.029578 -27.918995
-10.108999 8.163552 -27.918995
-10.608999 8.029578 -27.918995
-10.975025 7.663552 -27.918995
-11.108999 7.163552 -27.918995
-10.975025 6.663552 -27.918995
-10.608999 6.297527 -27.918995
-10.108999 6.163552 -27.918995
-9.608999 6.297527 -27.918995
-9.242974 6.663552 -27.918995
-9.185120 7.163552 -28.301678
-9.308896 7.625492 -28.301678
-9.647059 7.963655 -28.301678
-10.108999 8.087432 -28.301678
-10.570939 7.963655 -28.301678
-10.909102 7.625492 -28.301678
-11.032879 7.163552 -28.301678
-10.909102 6.701613 -28.301678
-10.570939 6.363449 -28.301678
-10.108999 6.239673 -28.301678
-9.647059 6.363449 -28.301678
-9.308896 6.701613 -28.301678
-9.401892 7.163552 -28.626102
-9.496627 7.517106 -28.626102
-9.755446 7.775925 -28.626102
-10.108999 7.870659 -28.626102
-10.462553 7.775925 -28.626102
-10.721372 7.517106 -28.626102
-10.816106 7.163552 -28.626102
-10.721372 6.809999 -28.626102
-10.462553 6.551180 -28.626102
-10.108999 6.456446 -28.626102
-9.755446 6.551180 -28.626102
-9.496627 6.809999 -28.626102
-9.726316 7.163552 -28.842874
-9.777586 7.354894 -28.842874
-9.917658 7.494966 -28.842874
-10.108999 7.546236 -28.842874
-10.300341 7.494966 -28.842874
-10.440413 7.354894 -28.842874
-10.491683 7.163552 -28.842874
-10.440413 6.972211 -28.842874
-10.300341 6.832139 -28.842874
-10.108999 6.780869 -28.842874
-9.917658 6.832139 -28.842874
-9.777586 6.972211 -28.842874
-10.108999 7.163552 -28.918995
-9.860799 5.994211 -26.839012
-9.478115 5.994211 -26.915133
-9.529385 6.185553 -26.915133
-9.669457 6.325625 -26.915133
-9.860799 6.376895 -26.915133
-10.052141 6.325625 -26.915133
-10.192212 6.185553 -26.915133
-10.243482 5.994211 -26.915133
-10.192212 5.802869 -26.915133
-10.052141 5.662798 -26.915133
-9.860799 5.611528 -26.915133
-9.669457 5.662798 -26.915133
-9.529385 5.802869 -26.915133
-9.153692 5.994211 -27.131905
-9.248426 6.347765 -27.131905
-9.507245 6.606584 -27.131905
-9.860799 6.701318 -27.131905
-10.214352 6.606584 -27.131905
-10.473171 6.347765 -27.131905
-10.567906 5.994211 -27.131905
-10.473171 5.640658 -27.131905
-10.214352 5.381839 -27.131905
-9.860799 5.287104 -27.131905
-9.507245 5.381839 -27.131905
-9.248426 5.640658 -27.131905
-8.936919 5.994211 -27.456329
-9.060696 6.456151 -27.456329
-9.398859 6.794314 -27.456329
-9.860799 6.918091 -27.456329
-10.322739 6.794314 -27.456329
-10.660902 6.456151 -27.456329
-10.784678 5.994211 -27.456329
-10.660902 5.532271 -27.456329
-10.322739 5.194108 -27.456329
-9.860799 5.070332 -27.456329
-9.398859 5.194108 -27.456329
-9.060696 5.532271 -27.456329
-8.860799 5.994211 -27.839012
-8.994773 6.494211 -27.839012
-9.360799 6.860237 -27.839012
-9.860799 6.994211 -27.839012
-10.360799 6.860237 -27.839012
-10.726824 6.494211 -27.839012
-10.860799 5.994211 -27.839012
-10.726824 5.494211 -27.839012
-10.360799 5.128186 -27.839012
-9.860799 4.994211 -27.839012
-9.360799 5.128186 -27.839012
-8.994773 5.494211 -27.839012
-8.936919 5.994211 -28.221696
-9.060696 6.456151 -28.221696
-9.398859 6.794314 -28.221696
-9.860799 6.918091 -28.221696
-10.322739 6.794314 -28.221696
-10.660902 6.456151 -28.221696
-10.784678 5.994211 -28.221696
-10.660902 5.532271 -28.221696
-10.322739 5.194108 -28.221696
-9.860799 5.070332 -28.221696
-9.398859 5.194108 -28.221696
-9.060696 5.532271 -28.221696
-9.153692 5.994211 -28.546119
-9.248426 6.347765 -28.546119
-9.507245 6.606584 -28.546119
-9.860799 6.701318 -28.546119
-10.214352 6.606584 -28.546119
-10.473171 6.347765 -28.546119
-10.567906 5.994211 -28.546119
-10.473171 5.640658 -28.546119
-10.214352 5.381839 -28.546119
-9.860799 5.287104 -28.546119
-9.507245 5.381839 -28.546119
-9.248426 5.640658 -28.546119
-9.478115 5.994211 -28.762892
-9.529385 6.185553 -28.762892
-9.669457 6.325625 -28.762892
-9.860799 6.376895 -28.762892
-10.052141 6.325625 -28.762892
-10.192212 6.185553 -28.762892
-10.243482 5.994211 -28.762892
-10.192212 5.802869 -28.762892
-10.052141 5.662798 -28.762892
-9.860799 5.611528 -28.762892
-9.669457 5.662798 -28.762892
-9.529385 5.802869 -28.762892
-9.860799 5.994211 -28.839012
-9.482160 4.847300 -26.758680
-9.099476 4.847300 -26.834801
-9.150746 5.038642 -26.834801
-9.290818 5.178714 -26.834801
-9.482160 5.229983 -26.834801
-9.673501 5.178714 -26.834801
-9.813573 5.038642 -26.834801
-9.864843 4.847300 -26.834801
-9.813573 4.655958 -26.834801
-9.673501 4.515886 -26.834801
-9.482160 4.464617 -26.834801
-9.290818 4.515886 -26.834801
-9.150746 4.655958 -26.834801
-8.775053 4.847300 -27.051574
-8.869787 5.200853 -27.051574
-9.128606 5.459672 -27.051574
-9.482160 5.554407 -27.051574
-9.835713 5.459672 -27.051574
-10.094532 5.200853 -27.051574
-10.189266 4.847300 -27.051574
-10.094532 4.493747 -27.051574
-9.835713 4.234928 -27.051574
-9.482160 4.140193 -27.051574
-9.128606 4.234928 -27.051574
-8.869787 4.493747 -27.051574
-8.558280 4.847300 -27.375997
-8.682056 5.309240 -27.375997
-9.020220 5.647403 -27.375997
-9.482160 5.771180 -27.375997
-9.944099 5.647403 -27.375997
-10.282263 5.309240 -27.375997
-10.406039 4.847300 -27.375997
-10.282263 4.385360 -27.375997
-9.944099 4.047197 -27.375997
-9.482160 3.923421 -27.375997
-9.020220 4.047197 -27.375997
-8.682056 4.385360 -27.375997
-8.482160 4.847300 -27.758680
-8.616134 5.347300 -27.758680
-8.982160 5.713325 -27.758680
-9.482160 5.847300 -27.758680
-9.982160 5.713325 -27.758680
-10.348185 5.347300 -27.758680
-10.482160 4.847300 -27.758680
-10.348185 4.347300 -27.758680
-9.982160 3.981275 -27.758680
-9.482160 3.847300 -27.758680
-8.982160 3.981275 -27.758680
-8.616134 4.347300 -27.758680
-8.558280 4.847300 -28.141364
-8.682056 5.309240 -28.141364
-9.020220 5.647403 -28.141364
-9.482160 5.771180 -28.141364
-9.944099 5.647403 -28.141364
-10.282263 5.309240 -28.141364
-10.406039 4.847300 -28.141364
-10.282263 4.385360 -28.141364
-9.944099 4.047197 -28.141364
-9.482160 3.923421 -28.141364
-9.020220 4.047197 -28.141364
-8.682056 4.385360 -28.141364
-8.775053 4.847300 -28.465787
-8.869787 5.200853 -28.465787
-9.128606 5.459672 -28.465787
-9.482160 5.554407 -28.465787
-9.835713 5.459672 -28.465787
-10.094532 5.200853 -28.465787
-10.189266 4.847300 -28.465787
-10.094532 4.493747 -28.465787
-9.835713 4.234928 -28.465787
-9.482160 4.140193 -28.465787
-9.128606 4.234928 -28.465787
-8.869787 4.493747 -28.465787
-9.099476 4.847300 -28.682560
-9.150746 5.038642 -28.682560
-9.290818 5.178714 -28.682560
-9.482160 5.229983 -28.682560
-9.673501 5.178714 -28.682560
-9.813573 5.038642 -28.682560
-9.864843 4.847300 -28.682560
-9.813573 4.655958 -28.682560
-9.673501 4.515886 -28.682560
-9.482160 4.464617 -28.682560
-9.290818 4.515886 -28.682560
-9.150746 4.655958 -28.682560
-9.482160 4.847300 -28.758680
-9.070084 3.531512 -26.461927
-8.687400 3.531512 -26.538048
-8.738670 3.722854 -26.538048
-8.878742 3.862926 -26.538048
-9.070084 3.914196 -26.538048
-9.261425 3.862926 -26.538048
-9.401497 3.722854 -26.538048
-9.452767 3.531512 -26.538048
-9.401497 3.340171 -26.538048
-9.261425 3.200099 -26.538048
-9.070084 3.148829 -26.538048
-8.878742 3.200099 -26.538048
-8.738670 3.340171 -26.538048
-8.362977 3.531512 -26.754821
-8.457711 3.885066 -26.754821
-8.716530 4.143885 -26.754821
-9.070084 4.238619 -26.754821
-9.423637 4.143885 -26.754821
-9.682456 3.885066 -26.754821
-9.777190 3.531512 -26.754821
-9.682456 3.177959 -26.754821
-9.423637 2.919140 -26.754821
-9.070084 2.824405 -26.754821
-8.716530 2.919140 -26.754821
-8.457711 3.177959 -26.754821
-8.146204 3.531512 -27.079244
-8.269980 3.993452 -27.079244
-8.608144 4.331615 -27.079244
-9.070084 4.455392 -27.079244
-9.532023 4.331615 -27.079244
-9.870187 3.993452 -27.079244
-9.993963 3.531512 -27.079244
-9.870187 3.069572 -27.079244
-9.532023 2.731409 -27.079244
-9.070084 2.607633 -27.079244
-8.608144 2.731409 -27.079244
-8.269980 3.069572 -27.079244
-8.070084 3.531512 -27.461927
-8.204058 4.031512 -27.461927
-8.570084 4.397538 -27.461927
-9.070084 4.531512 -27.461927
-9.570084 4.397538 -27.461927
-9.936109 4.031512 -27.461927
-10.070084 3.531512 -27.461927
-9.936109 3.031512 -27.461927
-9.570084 2.665487 -27.461927
-9.070084 2.531512 -27.461927
-8.570084 2.665487 -27.461927
-8.204058 3.031512 -27.461927
-8.146204 3.531512 -27.844611
-8.269980 3.993452 -27.844611
-8.608144 4.331615 -27.844611
-9.070084 4.455392 -27.844611
-9.532023 4.331615 -27.844611
-9.870187 3.993452 -27.844611
-9.993963 3.531512 -27.844611
-9.870187 3.069572 -27.844611
-9.532023 2.731409 -27.844611
-9.070084 2.607633 -27.844611
-8.608144 2.731409 -27.844611
-8.269980 3.069572 -27.844611
-8.362977 3.531512 -28.169034
-8.457711 3.885066 -28.169034
-8.716530 4.143885 -28.169034
-9.070084 4.238619 -28.169034
-9.423637 4.143885 -28.169034
-9.682456 3.885066 -28.169034
-9.777190 3.531512 -28.169034
-9.682456 3.177959 -28.169034
-9.423637 2.919140 -28.169034
-9.070084 2.824405 -28.169034
-8.716530 2.919140 -28.169034
-8.457711 3.177959 -28.169034
-8.687400 3.531512 -28.385807
-8.738670 3.722854 -28.385807
-8.878742 3.862926 -28.385807
-9.070084 3.914196 -28.385807
-9.261425 3.862926 -28.385807
-9.401497 3.722854 -28.385807
-9.452767 3.531512 -28.385807
-9.401497 3.340171 -28.385807
-9.261425 3.200099 -28.385807
-9.070084 3.148829 -28.385807
-8.878742 3.200099 -28.385807
-8.738670 3.340171 -28.385807
-9.070084 3.531512 -28.461927
-8.696764 2.366228 -26.257647
-8.314081 2.366228 -26.333767
-8.365350 2.557570 -26.333767
-8.505422 2.697642 -26.333767
-8.696764 2.748912 -26.333767
-8.888106 2.697642 -26.333767
-9.028178 2.557570 -26.333767
-9.079447 2.366228 -26.333767
-9.028178 2.174887 -26.333767
-8.888106 2.034815 -26.333767
-8.696764 1.983545 -26.333767
-8.505422 2.034815 -26.333767
-8.365350 2.174887 -26.333767
-7.989657 2.366228 -26.550540
-8.084392 2.719782 -26.550540
-8.343211 2.978601 -26.550540
-8.696764 3.073335 -26.550540
-9.050317 2.978601 -26.550540
-9.309136 2.719782 -26.550540
-9.403871 2.366228 -26.550540
-9.309136 2.012675 -26.550540
-9.050317 1.753856 -26.550540
-8.696764 1.659122 -26.550540
-8.343211 1.753856 -26.550540
-8.084392 2.012675 -26.550540
-7.772884 2.366228 -26.874963
-7.896661 2.828168 -26.874963
-8.234824 3.166331 -26.874963
-8.696764 3.290108 -26.874963
-9.158704 3.166331 -26.874963
-9.496867 2.828168 -26.874963
-9.620644 2.366228 -26.874963
-9.496867 1.904289 -26.874963
-9.158704 1.566125 -26.874963
-8.696764 1.442349 -26.874963
-8.234824 1.566125 -26.874963
-7.896661 1.904289 -26.874963
-7.696764 2.366228 -27.257647
-7.830739 2.866228 -27.257647
-8.196764 3.232254 -27.257647
-8.696764 3.366228 -27.257647
-9.196764 3.232254 -27.257647
-9.562789 2.866228 -27.257647
-9.696764 2.366228 -27.257647
-9.562789 1.866228 -27.257647
-9.196764 1.500203 -27.257647
-8.696764 1.366228 -27.257647
-8.196764 1.500203 -27.257647
-7.830739 1.866228 -27.257647
-7.772884 2.366228 -27.640330
-7.896661 2.828168 -27.640330
-8.234824 3.166331 -27.640330
-8.696764 3.290108 -27.640330
-9.158704 3.166331 -27.640330
-9.496867 2.828168 -27.640330
-9.620644 2.366228 -27.640330
-9.496867 1.904289 -27.640330
-9.158704 1.566125 -27.640330
-8.696764 1.442349 -27.640330
-8.234824 1.566125 -27.640330
-7.896661 1.904289 -27.640330
-7.989657 2.366228 -27.964753
-8.084392 2.719782 -27.964753
-8.343211 2.978601 -27.964753
-8.696764 3.073335 -27.964753
-9.050317 2.978601 -27.964753
-9.309136 2.719782 -27.964753
-9.403871 2.366228 -27.964753
-9.309136 2.012675 -27.964753
-9.050317 1.753856 -27.964753
-8.696764 1.659122 -27.964753
-8.343211 1.753856 -27.964753
-8.084392 2.012675 -27.964753
-8.314081 2.366228 -28.181526
-8.365350 2.557570 -28.181526
-8.505422 2.697642 -28.181526
-8.696764 2.748912 -28.181526
-8.888106 2.697642 -28.181526
-9.028178 2.557570 -28.181526
-9.079447 2.366228 -28.181526
-9.028178 2.174887 -28.181526
-8.888106 2.034815 -28.181526
-8.696764 1.983545 -28.181526
-8.505422 2.034815 -28.181526
-8.365350 2.174887 -28.181526
-8.696764 2.366228 -28.257647
-8.049648 1.114928 -26.138142
-7.666965 1.114928 -26.214262
-7.718235 1.306270 -26.214262
-7.858307 1.446342 -26.214262
-8.049648 1.497612 -26.214262
-8.240990 1.446342 -26.214262
-8.381062 1.306270 -26.214262
-8.432332 1.114928 -26.214262
-8.381062 0.923587 -26.214262
-8.240990 0.783515 -26.214262
-8.049648 0.732245 -26.214262
-7.858307 0.783515 -26.214262
-7.718235 0.923587 -26.214262
-7.342542 1.114928 -26.431035
-7.437276 1.468482 -26.431035
-7.696095 1.727301 -26.431035
-8.049648 1.822035 -26.431035
-8.403202 1.727301 -26.431035
-8.662021 1.468482 -26.431035
-8.756755 1.114928 -26.431035
-8.662021 0.761375 -26.431035
-8.403202 0.502556 -26.431035
-8.049648 0.407821 -26.431035
-7.696095 0.502556 -26.431035
-7.437276 0.761375 -26.431035
-7.125769 1.114928 -26.755458
-7.249545 1.576868 -26.755458
-7.587709 1.915031 -26.755458
-8.049648 2.038808 -26.755458
-8.511588 1.915031 -26.755458
-8.849751 1.576868 -26.755458
-8.973528 1.114928 -26.755458
-8.849751 0.652988 -26.755458
-8.511588 0.314825 -26.755458
-8.049648 0.191049 -26.755458
-7.587709 0.314825 -26.755458
-7.249545 0.652988 -26.755458
-7.049648 1.114928 -27.138142
-7.183623 1.614928 -27.138142
-7.549648 1.980954 -27.138142
-8.049648 2.114928 -27.138142
-8.549648 1.980954 -27.138142
-8.915674 1.614928 -27.138142
-9.049648 1.114928 -27.138142
-8.915674 0.614928 -27.138142
-8.549648 0.248903 -27.138142
-8.049648 0.114928 -27.138142
-7.549648 0.248903 -27.138142
-7.183623 0.614928 -27.138142
-7.125769 1.114928 -27.520825
-7.249545 1.576868 -27.520825
-7.587709 1.915031 -27.520825
-8.049648 2.038808 -27.520825
-8.511588 1.915031 -27.520825
-8.849751 1.576868 -27.520825
-8.973528 1.114928 -27.520825
-8.849751 0.652988 -27.520825
-8.511588 0.314825 -27.520825
-8.049648 0.191049 -27.520825
-7.587709 0.314825 -27.520825
-7.249545 0.652988 -27.520825
-7.342542 1.114928 -27.845248
-7.437276 1.468482 -27.845248
-7.696095 1.727301 -27.845248
-8.049648 1.822035 -27.845248
-8.403202 1.727301 -27.845248
-8.662021 1.468482 -27.845248
-8.756755 1.114928 -27.845248
-8.662021 0.761375 -27.845248
-8.403202 0.502556 -27.845248
-8.049648 0.407821 -27.845248
-7.696095 0.502556 -27.845248
-7.437276 0.761375 -27.845248
-7.666965 1.114928 -28.062021
-7.718235 1.306270 -28.062021
-7.858307 1.446342 -28.062021
-8.049648 1.497612 -28.062021
-8.240990 1.446342 -28.062021
-8.381062 1.306270 -28.062021
-8.432332 1.114928 -28.062021
-8.381062 0.923587 -28.062021
-8.240990 0.783515 -28.062021
-8.049648 0.732245 -28.062021
-7.858307 0.783515 -28.062021
-7.718235 0.923587 -28.062021
-8.049648 1.114928 -28.138142
-7.798862 -0.381615 -26.101271
-7.416178 -0.381615 -26.177391
-7.467448 -0.190273 -26.177391
-7.607520 -0.050201 -26.177391
-7.798862 0.001069 -26.177391
-7.990203 -0.050201 -26.177391
-8.130275 -0.190273 -26.177391
-8.181545 -0.381615 -26.177391
-8.130275 -0.572956 -26.177391
-7.990203 -0.713028 -26.177391
-7.798862 -0.764298 -26.177391
-7.607520 -0.713028 -26.177391
-7.467448 -0.572956 -26.177391
-7.091755 -0.381615 -26.394164
-7.186489 -0.028061 -26.394164
-7.445308 0.230758 -26.394164
-7.798862 0.325492 -26.394164
-8.152415 0.230758 -26.394164
-8.411234 -0.028061 -26.394164
-8.505968 -0.381615 -26.394164
-8.411234 -0.735168 -26.394164
-8.152415 -0.993987 -26.394164
-7.798862 -1.088721 -26.394164
-7.445308 -0.993987 -26.394164
-7.186489 -0.735168 -26.394164
-6.874982 -0.381615 -26.718587
-6.998758 0.080325 -26.718587
-7.336922 0.418489 -26.718587
-7.798862 0.542265 -26.718587
-8.260801 0.418489 -26.718587
-8.598965 0.080325 -26.718587
-8.722741 -0.381615 -26.718587
-8.598965 -0.843554 -26.718587
-8.260801 -1.181718 -26.718587
-7.798862 -1.305494 -26.718587
-7.336922 -1.181718 -26.718587
-6.998758 -0.843554 -26.718587
-6.798862 -0.381615 -27.101271
-6.932836 0.118385 -27.101271
-7.298862 0.484411 -27.101271
-7.798862 0.618385 -27.101271
-8.298862 0.484411 -27.101271
-8.664887 0.118385 -27.101271
-8.798862 -0.381615 -27.101271
-8.664887 -0.881615 -27.101271
-8.298862 -1.247640 -27.101271
-7.798862 -1.381615 -27.101271
-7.298862 -1.247640 -27.101271
-6.932836 -0.881615 -27.101271
-6.874982 -0.381615 -27.483954
-6.998758 0.080325 -27.483954
-7.336922 0.418489 -27.483954
-7.798862 0.542265 -27.483954
-8.260801 0.418489 -27.483954
-8.598965 0.080325 -27.483954
-8.722741 -0.381615 -27.483954
-8.598965 -0.843554 -27.483954
-8.260801 -1.181718 -27.483954
-7.798862 -1.305494 -27.483954
-7.336922 -1.181718 -27.483954
-6.998758 -0.843554 -27.483954
-7.091755 -0.381615 -27.808377
-7.186489 -0.028061 -27.808377
-7.445308 0.230758 -27.808377
-7.798862 0.325492 -27.808377
-8.152415 0.230758 -27.808377
-8.411234 -0.028061 -27.808377
-8.505968 -0.381615 -27.808377
-8.411234 -0.735168 -27.808377
-8.152415 -0.993987 -27.808377
-7.798862 -1.088721 -27.808377
-7.445308 -0.993987 -27.808377
-7.186489 -0.735168 -27.808377
-7.416178 -0.381615 -28.025150
-7.467448 -0.190273 -28.025150
-7.607520 -0.050201 -28.025150
-7.798862 0.001069 -28.025150
-7.990203 -0.050201 -28.025150
-8.130275 -0.190273 -28.025150
-8.181545 -0.381615 -28.025150
-8.130275 -0.572956 -28.025150
-7.990203 -0.713028 -28.025150
-7.798862 -0.764298 -28.025150
-7.607520 -0.713028 -28.025150
-7.467448 -0.572956 -28.025150
-7.798862 -0.381615 -28.101271
-7.555054 -1.836866 -26.357128
-7.172371 -1.836866 -26.433249
-7.223641 -1.645525 -26.433249
-7.363712 -1.505453 -26.433249
-7.555054 -1.454183 -26.433249
-7.746396 -1.505453 -26.433249
-7.886468 -1.645525 -26.433249
-7.937738 -1.836866 -26.433249
-7.886468 -2.028208 -26.433249
-7.746396 -2.168280 -26.433249
-7.555054 -2.219550 -26.433249
-7.363712 -2.168280 -26.433249
-7.223641 -2.028208 -26.433249
-6.847947 -1.836866 -26.650021
-6.942682 -1.483313 -26.650021
-7.201501 -1.224494 -26.650021
-7.555054 -1.129760 -26.650021
-7.908608 -1.224494 -26.650021
-8.167427 -1.483313 -26.650021
-8.262161 -1.836866 -26.650021
-8.167427 -2.190420 -26.650021
-7.908608 -2.449239 -26.650021
-7.555054 -2.543973 -26.650021
-7.201501 -2.449239 -26.650021
-6.942682 -2.190420 -26.650021
-6.631175 -1.836866 -26.974445
-6.754951 -1.374927 -26.974445
-7.093114 -1.036763 -26.974445
-7.555054 -0.912987 -26.974445
-8.016994 -1.036763 -26.974445
-8.355157 -1.374927 -26.974445
-8.478934 -1.836866 -26.974445
-8.355157 -2.298806 -26.974445
-8.016994 -2.636970 -26.974445
-7.555054 -2.760746 -26.974445
-7.093114 -2.636970 -26.974445
-6.754951 -2.298806 -26.974445
-6.555054 -1.836866 -27.357128
-6.689029 -1.336866 -27.357128
-7.055054 -0.970841 -27.357128
-7.555054 -0.836866 -27.357128
-8.055054 -0.970841 -27.357128
-8.421080 -1.336866 -27.357128
-8.555054 -1.836866 -27.357128
-8.421080 -2.336866 -27.357128
-8.055054 -2.702892 -27.357128
-7.555054 -2.836866 -27.357128
-7.055054 -2.702892 -27.357128
-6.689029 -2.336866 -27.357128
-6.631175 -1.836866 -27.739812
-6.754951 -1.374927 -27.739812
-7.093114 -1.036763 -27.739812
-7.555054 -0.912987 -27.739812
-8.016994 -1.036763 -27.739812
-8.355157 -1.374927 -27.739812
-8.478934 -1.836866 -27.739812
-8.355157 -2.298806 -27.739812
-8.016994 -2.636970 -27.739812
-7.555054 -2.760746 -27.739812
-7.093114 -2.636970 -27.739812
-6.754951 -2.298806 -27.739812
-6.847947 -1.836866 -28.064235
-6.942682 -1.483313 -28.064235
-7.201501 -1.224494 -28.064235
-7.555054 -1.129760 -28.064235
-7.908608 -1.224494 -28.064235
-8.167427 -1.483313 -28.064235
-8.262161 -1.836866 -28.064235
-8.167427 -2.190420 -28.064235
-7.908608 -2.449239 -28.064235
-7.555054 -2.543973 -28.064235
-7.201501 -2.449239 -28.064235
-6.942682 -2.190420 -28.064235
-7.172371 -1.836866 -28.281008
-7.223641 -1.645525 -28.281008
-7.363712 -1.505453 -28.281008
-7.555054 -1.454183 -28.281008
-7.746396 -1.505453 -28.281008
-7.886468 -1.645525 -28.281008
-7.937738 -1.836866 -28.281008
-7.886468 -2.028208 -28.281008
-7.746396 -2.168280 -28.281008
-7.555054 -2.219550 -28.281008
-7.363712 -2.168280 -28.281008
-7.223641 -2.028208 -28.281008
-7.555054 -1.836866 -28.357128
-7.077536 -2.884000 -26.591869
-6.694852 -2.884000 -26.667990
-6.746122 -2.692658 -26.667990
-6.886194 -2.552586 -26.667990
-7.077536 -2.501316 -26.667990
-7.268877 -2.552586 -26.667990
-7.408949 -2.692658 -26.667990
-7.460219 -2.884000 -26.667990
-7.408949 -3.075342 -26.667990
-7.268877 -3.215413 -26.667990
-7.077536 -3.266683 -26.667990
-6.886194 -3.215413 -26.667990
-6.746122 -3.075342 -26.667990
-6.370429 -2.884000 -26.884763
-6.465163 -2.530446 -26.884763
-6.723982 -2.271627 -26.884763
-7.077536 -2.176893 -26.884763
-7.431089 -2.271627 -26.884763
-7.689908 -2.530446 -26.884763
-7.784642 -2.884000 -26.884763
-7.689908 -3.237553 -26.884763
-7.431089 -3.496372 -26.884763
-7.077536 -3.591107 -26.884763
-6.723982 -3.496372 -26.884763
-6.465163 -3.237553 -26.884763
-6.153656 -2.884000 -27.209186
-6.277432 -2.422060 -27.209186
-6.615596 -2.083897 -27.209186
-7.077536 -1.960120 -27.209186
-7.539475 -2.083897 -27.209186
-7.877639 -2.422060 -27.209186
-8.001415 -2.884000 -27.209186
-7.877639 -3.345940 -27.209186
-7.539475 -3.684103 -27.209186
-7.077536 -3.807879 -27.209186
-6.615596 -3.684103 -27.209186
-6.277432 -3.345940 -27.209186
-6.077536 -2.884000 -27.591869
-6.211510 -2.384000 -27.591869
-6.577536 -2.017974 -27.591869
-7.077536 -1.884000 -27.591869
-7.577536 -2.017974 -27.591869
-7.943561 -2.384000 -27.591869
-8.077536 -2.884000 -27.591869
-7.943561 -3.384000 -27.591869
-7.577536 -3.750025 -27.591869
-7.077536 -3.884000 -27.591869
-6.577536 -3.750025 -27.591869
-6.211510 -3.384000 -27.591869
-6.153656 -2.884000 -27.974553
-6.277432 -2.422060 -27.974553
-6.615596 -2.083897 -27.974553
-7.077536 -1.960120 -27.974553
-7.539475 -2.083897 -27.974553
-7.877639 -2.422060 -27.974553
-8.001415 -2.884000 -27.974553
-7.877639 -3.345940 -27.974553
-7.539475 -3.684103 -27.974553
-7.077536 -3.807879 -27.974553
-6.615596 -3.684103 -27.974553
-6.277432 -3.345940 -27.974553
-6.370429 -2.884000 -28.298976
-6.465163 -2.530446 -28.298976
-6.723982 -2.271627 -28.298976
-7.077536 -2.176893 -28.298976
-7.431089 -2.271627 -28.298976
-7.689908 -2.530446 -28.298976
-7.784642 -2.884000 -28.298976
-7.689908 -3.237553 -28.298976
-7.431089 -3.496372 -28.298976
-7.077536 -3.591107 -28.298976
-6.723982 -3.496372 -28.298976
-6.465163 -3.237553 -28.298976
-6.694852 -2.884000 -28.515749
-6.746122 -2.692658 -28.515749
-6.886194 -2.552586 -28.515749
-7.077536 -2.501316 -28.515749
-7.268877 -2.552586 -28.515749
-7.408949 -2.692658 -28.515749
-7.460219 -2.884000 -28.515749
-7.408949 -3.075342 -28.515749
-7.268877 -3.215413 -28.515749
-7.077536 -3.266683 -28.515749
-6.886194 -3.215413 -28.515749
-6.746122 -3.075342 -28.515749
-7.077536 -2.884000 -28.591869
-6.719199 -3.920508 -27.009800
-6.336515 -3.920508 -27.085920
-6.387785 -3.729166 -27.085920
-6.527857 -3.589094 -27.085920
-6.719199 -3.537824 -27.085920
-6.910540 -3.589094 -27.085920
-7.050612 -3.729166 -27.085920
-7.101882 -3.920508 -27.085920
-7.050612 -4.111849 -27.085920
-6.910540 -4.251921 -27.085920
-6.719199 -4.303191 -27.085920
-6.527857 -4.251921 -27.085920
-6.387785 -4.111849 -27.085920
-6.012092 -3.920508 -27.302693
-6.106826 -3.566954 -27.302693
-6.365645 -3.308135 -27.302693
-6.719199 -3.213401 -27.302693
-7.072752 -3.308135 -27.302693
-7.331571 -3.566954 -27.302693
-7.426305 -3.920508 -27.302693
-7.331571 -4.274061 -27.302693
-7.072752 -4.532880 -27.302693
-6.719199 -4.627614 -27.302693
-6.365645 -4.532880 -27.302693
-6.106826 -4.274061 -27.302693
-5.795319 -3.920508 -27.627117
-5.919096 -3.458568 -27.627117
-6.257259 -3.120405 -27.627117
-6.719199 -2.996628 -27.627117
-7.181138 -3.120405 -27.627117
-7.519302 -3.458568 -27.627117
-7.643078 -3.920508 -27.627117
-7.519302 -4.382447 -27.627117
-7.181138 -4.720611 -27.627117
-6.719199 -4.844387 -27.627117
-6.257259 -4.720611 -27.627117
-5.919096 -4.382447 -27.627117
-5.719199 -3.920508 -28.009800
-5.853173 -3.420508 -28.009800
-6.219199 -3.054482 -28.009800
-6.719199 -2.920508 -28.009800
-7.219199 -3.054482 -28.009800
-7.585224 -3.420508 -28.009800
-7.719199 -3.920508 -28.009800
-7.585224 -4.420508 -28.009800
-7.219199 -4.786533 -28.009800
-6.719199 -4.920508 -28.009800
-6.219199 -4.786533 -28.009800
-5.853173 -4.420508 -28.009800
-5.795319 -3.920508 -28.392483
-5.919096 -3.458568 -28.392483
-6.257259 -3.120405 -28.392483
-6.719199 -2.996628 -28.392483
-7.181138 -3.120405 -28.392483
-7.519302 -3.458568 -28.392483
-7.643078 -3.920508 -28.392483
-7.519302 -4.382447 -28.392483
-7.181138 -4.720611 -28.392483
-6.719199 -4.844387 -28.392483
-6.257259 -4.720611 -28.392483
-5.919096 -4.382447 -28.392483
-6.012092 -3.920508 -28.716907
-6.106826 -3.566954 -28.716907
-6.365645 -3.308135 -28.716907
-6.719199 -3.213401 -28.716907
-7.072752 -3.308135 -28.716907
-7.331571 -3.566954 -28.716907
-7.426305 -3.920508 -28.716907
-7.331571 -4.274061 -28.716907
-7.072752 -4.532880 -28.716907
-6.719199 -4.627614 -28.716907
-6.365645 -4.532880 -28.716907
-6.106826 -4.274061 -28.716907
-6.336515 -3.920508 -28.933679
-6.387785 -3.729166 -28.933679
-6.527857 -3.589094 -28.933679
-6.719199 -3.537824 -28.933679
-6.910540 -3.589094 -28.933679
-7.050612 -3.729166 -28.933679
-7.101882 -3.920508 -28.933679
-7.050612 -4.111849 -28.933679
-6.910540 -4.251921 -28.933679
-6.719199 -4.303191 -28.933679
-6.527857 -4.251921 -28.933679
-6.387785 -4.111849 -28.933679
-6.719199 -3.920508 -29.009800
-6.512547 -5.203693 -27.432356
-6.129864 -5.203693 -27.508476
-6.181134 -5.012352 -27.508476
-6.321206 -4.872280 -27.508476
-6.512547 -4.821010 -27.508476
-6.703889 -4.872280 -27.508476
-6.843961 -5.012352 -27.508476
-6.895231 -5.203693 -27.508476
-6.843961 -5.395035 -27.508476
-6.703889 -5.535107 -27.508476
-6.512547 -5.586377 -27.508476
-6.321206 -5.535107 -27.508476
-6.181134 -5.395035 -27.508476
-5.805441 -5.203693 -27.725249
-5.900175 -4.850140 -27.725249
-6.158994 -4.591321 -27.725249
-6.512547 -4.496587 -27.725249
-6.866101 -4.591321 -27.725249
-7.124920 -4.850140 -27.725249
-7.219654 -5.203693 -27.725249
-7.124920 -5.557247 -27.725249
-6.866101 -5.816066 -27.725249
-6.512547 -5.910800 -27.725249
-6.158994 -5.816066 -27.725249
-5.900175 -5.557247 -27.725249
-5.588668 -5.203693 -28.049672
-5.712444 -4.741754 -28.049672
-6.050608 -4.403590 -28.049672
-6.512547 -4.279814 -28.049672
-6.974487 -4.403590 -28.049672
-7.312651 -4.741754 -28.049672
-7.436427 -5.203693 -28.049672
-7.312651 -5.665633 -28.049672
-6.974487 -6.003797 -28.049672
-6.512547 -6.127573 -28.049672
-6.050608 -6.003797 -28.049672
-5.712444 -5.665633 -28.049672
-5.512547 -5.203693 -28.432356
-5.646522 -4.703693 -28.432356
-6.012547 -4.337668 -28.432356
-6.512547 -4.203693 -28.432356
-7.012547 -4.337668 -28.432356
-7.378573 -4.703693 -28.432356
-7.512547 -5.203693 -28.432356
-7.378573 -5.703693 -28.432356
-7.012547 -6.069719 -28.432356
-6.512547 -6.203693 -28.432356
-6.012547 -6.069719 -28.432356
-5.646522 -5.703693 -28.432356
-5.588668 -5.203693 -28.815039
-5.712444 -4.741754 -28.815039
-6.050608 -4.403590 -28.815039
-6.512547 -4.279814 -28.815039
-6.974487 -4.403590 -28.815039
-7.312651 -4.741754 -28.815039
-7.436427 -5.203693 -28.815039
-7.312651 -5.665633 -28.815039
-6.974487 -6.003797 -28.815039
-6.512547 -6.127573 -28.815039
-6.050608 -6.003797 -28.815039
-5.712444 -5.665633 -28.815039
-5.805441 -5.203693 -29.139463
-5.900175 -4.850140 -29.139463
-6.158994 -4.591321 -29.139463
-6.512547 -4.496587 -29.139463
-6.866101 -4.591321 -29.139463
-7.124920 -4.850140 -29.139463
-7.219654 -5.203693 -29.139463
-7.124920 -5.557247 -29.139463
-6.866101 -5.816066 -29.139463
-6.512547 -5.910800 -29.139463
-6.158994 -5.816066 -29.139463
-5.900175 -5.557247 -29.139463
-6.129864 -5.203693 -29.356235
-6.181134 -5.012352 -29.356235
-6.321206 -4.872280 -29.356235
-6.512547 -4.821010 -29.356235
-6.703889 -4.872280 -29.356235
-6.843961 -5.012352 -29.356235
-6.895231 -5.203693 -29.356235
-6.843961 -5.395035 -29.356235
-6.703889 -5.535107 -29.356235
-6.512547 -5.586377 -29.356235
-6.321206 -5.535107 -29.356235
-6.181134 -5.395035 -29.356235
-6.512547 -5.203693 -29.432356
-5.974666 -6.400439 -27.593822
-5.591982 -6.400439 -27.669943
-5.643252 -6.209098 -27.669943
-5.783324 -6.069026 -27.669943
-5.974666 -6.017756 -27.669943
-6.166007 -6.069026 -27.669943
-6.306079 -6.209098 -27.669943
-6.357349 -6.400439 -27.669943
-6.306079 -6.591781 -27.669943
-6.166007 -6.731853 -27.669943
-5.974666 -6.783123 -27.669943
-5.783324 -6.731853 -27.669943
-5.643252 -6.591781 -27.669943
-5.267559 -6.400439 -27.886716
-5.362293 -6.046886 -27.886716
-5.621112 -5.788067 -27.886716
-5.974666 -5.693332 -27.886716
-6.328219 -5.788067 -27.886716
-6.587038 -6.046886 -27.886716
-6.681772 -6.400439 -27.886716
-6.587038 -6.753993 -27.886716
-6.328219 -7.012812 -27.886716
-5.974666 -7.107546 -27.886716
-5.621112 -7.012812 -27.886716
-5.362293 -6.753993 -27.886716
-5.050786 -6.400439 -28.211139
-5.174562 -5.938499 -28.211139
-5.512726 -5.600336 -28.211139
-5.974666 -5.476560 -28.211139
-6.436605 -5.600336 -28.211139
-6.774769 -5.938499 -28.211139
-6.898545 -6.400439 -28.211139
-6.774769 -6.862379 -28.211139
-6.436605 -7.200542 -28.211139
-5.974666 -7.324319 -28.211139
-5.512726 -7.200542 -28.211139
-5.174562 -6.862379 -28.211139
-4.974666 -6.400439 -28.593822
-5.108640 -5.900439 -28.593822
-5.474666 -5.534414 -28.593822
-5.974666 -5.400439 -28.593822
-6.474666 -5.534414 -28.593822
-6.840691 -5.900439 -28.593822
-6.974666 -6.400439 -28.593822
-6.840691 -6.900439 -28.593822
-6.474666 -7.266465 -28.593822
-5.974666 -7.400439 -28.593822
-5.474666 -7.266465 -28.593822
-5.108640 -6.900439 -28.593822
-5.050786 -6.400439 -28.976506
-5.174562 -5.938499 -28.976506
-5.512726 -5.600336 -28.976506
-5.974666 -5.476560 -28.976506
-6.436605 -5.600336 -28.976506
-6.774769 -5.938499 -28.976506
-6.898545 -6.400439 -28.976506
-6.774769 -6.862379 -28.976506
-6.436605 -7.200542 -28.976506
-5.974666 -7.324319 -28.976506
-5.512726 -7.200542 -28.976506
-5.174562 -6.862379 -28.976506
-5.267559 -6.400439 -29.300929
-5.362293 -6.046886 -29.300929
-5.621112 -5.788067 -29.300929
-5.974666 -5.693332 -29.300929
-6.328219 -5.788067 -29.300929
-6.587038 -6.046886 -29.300929
-6.681772 -6.400439 -29.300929
-6.587038 -6.753993 -29.300929
-6.328219 -7.012812 -29.300929
-5.974666 -7.107546 -29.300929
-5.621112 -7.012812 -29.300929
-5.362293 -6.753993 -29.300929
-5.591982 -6.400439 -29.517702
-5.643252 -6.209098 -29.517702
-5.783324 -6.069026 -29.517702
-5.974666 -6.017756 -29.517702
-6.166007 -6.069026 -29.517702
-6.306079 -6.209098 -29.517702
-6.357349 -6.400439 -29.517702
-6.306079 -6.591781 -29.517702
-6.166007 -6.731853 -29.517702
-5.974666 -6.783123 -29.517702
-5.783324 -6.731853 -29.517702
-5.643252 -6.591781 -29.517702
-5.974666 -6.400439 -29.593822
-5.597047 -7.429261 -27.553799
-5.214364 -7.429261 -27.629919
-5.265634 -7.237919 -27.629919
-5.405706 -7.097847 -27.629919
-5.597047 -7.046577 -27.629919
-5.788389 -7.097847 -27.629919
-5.928461 -7.237919 -27.629919
-5.979731 -7.429261 -27.629919
-5.928461 -7.620602 -27.629919
-5.788389 -7.760674 -27.629919
-5.597047 -7.811944 -27.629919
-5.405706 -7.760674 -27.629919
-5.265634 -7.620602 -27.629919
-4.889941 -7.429261 -27.846692
-4.984675 -7.075707 -27.846692
-5.243494 -6.816888 -27.846692
-5.597047 -6.722154 -27.846692
-5.950601 -6.816888 -27.846692
-6.209420 -7.075707 -27.846692
-6.304154 -7.429261 -27.846692
-6.209420 -7.782814 -27.846692
-5.950601 -8.041633 -27.846692
-5.597047 -8.136368 -27.846692
-5.243494 -8.041633 -27.846692
-4.984675 -7.782814 -27.846692
-4.673168 -7.429261 -28.171115
-4.796944 -6.967321 -28.171115
-5.135108 -6.629158 -28.171115
-5.597047 -6.505381 -28.171115
-6.058987 -6.629158 -28.171115
-6.397150 -6.967321 -28.171115
-6.520927 -7.429261 -28.171115
-6.397150 -7.891200 -28.171115
-6.058987 -8.229364 -28.171115
-5.597047 -8.353140 -28.171115
-5.135108 -8.229364 -28.171115
-4.796944 -7.891200 -28.171115
-4.597047 -7.429261 -28.553799
-4.731022 -6.929261 -28.553799
-5.097047 -6.563235 -28.553799
-5.597047 -6.429261 -28.553799
-6.097047 -6.563235 -28.553799
-6.463073 -6.929261 -28.553799
-6.597047 -7.429261 -28.553799
-6.463073 -7.929261 -28.553799
-6.097047 -8.295286 -28.553799
-5.597047 -8.429261 -28.553799
-5.097047 -8.295286 -28.553799
-4.731022 -7.929261 -28.553799
-4.673168 -7.429261 -28.936482
-4.796944 -6.967321 -28.936482
-5.135108 -6.629158 -28.936482
-5.597047 -6.505381 -28.936482
-6.058987 -6.629158 -28.936482
-6.397150 -6.967321 -28.936482
-6.520927 -7.429261 -28.936482
-6.397150 -7.891200 -28.936482
-6.058987 -8.229364 -28.936482
-5.597047 -8.353140 -28.936482
-5.135108 -8.229364 -28.936482
-4.796944 -7.891200 -28.936482
-4.889941 -7.429261 -29.260905
-4.984675 -7.075707 -29.260905
-5.243494 -6.816888 -29.260905
-5.597047 -6.722154 -29.260905
-5.950601 -6.816888 -29.260905
-6.209420 -7.075707 -29.260905
-6.304154 -7.429261 -29.260905
-6.209420 -7.782814 -29.260905
-5.950601 -8.041633 -29.260905
-5.597047 -8.136368 -29.260905
-5.243494 -8.041633 -29.260905
-4.984675 -7.782814 -29.260905
-5.214364 -7.429261 -29.477678
-5.265634 -7.237919 -29.477678
-5.405706 -7.097847 -29.477678
-5.597047 -7.046577 -29.477678
-5.788389 -7.097847 -29.477678
-5.928461 -7.237919 -29.477678
-5.979731 -7.429261 -29.477678
-5.928461 -7.620602 -29.477678
-5.788389 -7.760674 -29.477678
-5.597047 -7.811944 -29.477678
-5.405706 -7.760674 -29.477678
-5.265634 -7.620602 -29.477678
-5.597047 -7.429261 -29.553799
-5.045487 -8.640325 -27.592474
-4.662803 -8.640325 -27.668594
-4.714073 -8.448983 -27.668594
-4.854145 -8.308911 -27.668594
-5.045487 -8.257641 -27.668594
-5.236829 -8.308911 -27.668594
-5.376901 -8.448983 -27.668594
-5.428170 -8.640325 -27.668594
-5.376901 -8.831666 -27.668594
-5.236829 -8.971738 -27.668594
-5.045487 -9.023008 -27.668594
-4.854145 -8.971738 -27.668594
-4.714073 -8.831666 -27.668594
-4.338380 -8.640325 -27.885367
-4.433114 -8.286771 -27.885367
-4.691934 -8.027952 -27.885367
-5.045487 -7.933218 -27.885367
-5.399040 -8.027952 -27.885367
-5.657859 -8.286771 -27.885367
-5.752594 -8.640325 -27.885367
-5.657859 -8.993878 -27.885367
-5.399040 -9.252697 -27.885367
-5.045487 -9.347431 -27.885367
-4.691934 -9.252697 -27.885367
-4.433114 -8.993878 -27.885367
-4.121607 -8.640325 -28.209791
-4.245384 -8.178385 -28.209791
-4.583547 -7.840221 -28.209791
-5.045487 -7.716445 -28.209791
-5.507427 -7.840221 -28.209791
-5.845590 -8.178385 -28.209791
-5.969366 -8.640325 -28.209791
-5.845590 -9.102264 -28.209791
-5.507427 -9.440428 -28.209791
-5.045487 -9.564204 -28.209791
-4.583547 -9.440428 -28.209791
-4.245384 -9.102264 -28.209791
-4.045487 -8.640325 -28.592474
-4.179462 -8.140325 -28.592474
-4.545487 -7.774299 -28.592474
-5.045487 -7.640325 -28.592474
-5.545487 -7.774299 -28.592474
-5.911512 -8.140325 -28.592474
-6.045487 -8.640325 -28.592474
-5.911512 -9.140325 -28.592474
-5.545487 -9.506350 -28.592474
-5.045487 -9.640325 -28.592474
-4.545487 -9.506350 -28.592474
-4.179462 -9.140325 -28.592474
-4.121607 -8.640325 -28.975157
-4.245384 -8.178385 -28.975157
-4.583547 -7.840221 -28.975157
-5.045487 -7.716445 -28.975157
-5.507427 -7.840221 -28.975157
-5.845590 -8.178385 -28.975157
-5.969366 -8.640325 -28.975157
-5.845590 -9.102264 -28.975157
-5.507427 -9.440428 -28.975157
-5.045487 -9.564204 -28.975157
-4.583547 -9.440428 -28.975157
-4.245384 -9.102264 -28.975157
-4.338380 -8.640325 -29.299581
-4.433114 -8.286771 -29.299581
-4.691934 -8.027952 -29.299581
-5.045487 -7.933218 -29.299581
-5.399040 -8.027952 -29.299581
-5.657859 -8.286771 -29.299581
-5.752594 -8.640325 -29.299581
-5.657859 -8.993878 -29.299581
-5.399040 -9.252697 -29.299581
-5.045487 -9.347431 -29.299581
-4.691934 -9.252697 -29.299581
-4.433114 -8.993878 -29.299581
-4.662803 -8.640325 -29.516354
-4.714073 -8.448983 -29.516354
-4.854145 -8.308911 -29.516354
-5.045487 -8.257641 -29.516354
-5.236829 -8.308911 -29.516354
-5.376901 -8.448983 -29.516354
-5.428170 -8.640325 -29.516354
-5.376901 -8.831666 -29.516354
-5.236829 -8.971738 -29.516354
-5.045487 -9.023008 -29.516354
-4.854145 -8.971738 -29.516354
-4.714073 -8.831666 -29.516354
-5.045487 -8.640325 -29.592474
-4.872583 -9.689099 -27.450489
-4.489899 -9.689099 -27.526610
-4.541169 -9.497758 -27.526610
-4.681241 -9.357686 -27.526610
-4.872583 -9.306416 -27.526610
-5.063925 -9.357686 -27.526610
-5.203996 -9.497758 -27.526610
-5.255266 -9.689099 -27.526610
-5.203996 -9.880441 -27.526610
-5.063925 -10.020513 -27.526610
-4.872583 -10.071783 -27.526610
-4.681241 -10.020513 -27.526610
-4.541169 -9.880441 -27.526610
-4.165476 -9.689099 -27.743382
-4.260210 -9.335546 -27.743382
-4.519030 -9.076727 -27.743382
-4.872583 -8.981993 -27.743382
-5.226136 -9.076727 -27.743382
-5.484955 -9.335546 -27.743382
-5.579690 -9.689099 -27.743382
-5.484955 -10.042653 -27.743382
-5.226136 -10.301472 -27.743382
-4.872583 -10.396206 -27.743382
-4.519030 -10.301472 -27.743382
-4.260210 -10.042653 -27.743382
-3.948703 -9.689099 -28.067806
-4.072480 -9.227160 -28.067806
-4.410643 -8.888996 -28.067806
-4.872583 -8.765220 -28.067806
-5.334523 -8.888996 -28.067806
-5.672686 -9.227160 -28.067806
-5.796462 -9.689099 -28.067806
-5.672686 -10.151039 -28.067806
-5.334523 -10.489202 -28.067806
-4.872583 -10.612979 -28.067806
-4.410643 -10.489202 -28.067806
-4.072480 -10.151039 -28.067806
-3.872583 -9.689099 -28.450489
-4.006558 -9.189099 -28.450489
-4.372583 -8.823074 -28.450489
-4.872583 -8.689099 -28.450489
-5.372583 -8.823074 -28.450489
-5.738608 -9.189099 -28.450489
-5.872583 -9.689099 -28.450489
-5.738608 -10.189099 -28.450489
-5.372583 -10.555125 -28.450489
-4.872583 -10.689099 -28.450489
-4.372583 -10.555125 -28.450489
-4.006558 -10.189099 -28.450489
-3.948703 -9.689099 -28.833172
-4.072480 -9.227160 -28.833172
-4.410643 -8.888996 -28.833172
-4.872583 -8.765220 -28.833172
-5.334523 -8.888996 -28.833172
-5.672686 -9.227160 -28.833172
-5.796462 -9.689099 -28.833172
-5.672686 -10.151039 -28.833172
-5.334523 -10.489202 -28.833172
-4.872583 -10.612979 -28.833172
-4.410643 -10.489202 -28.833172
-4.072480 -10.151039 -28.833172
-4.165476 -9.689099 -29.157596
-4.260210 -9.335546 -29.157596
-4.519030 -9.076727 -29.157596
-4.872583 -8.981993 -29.157596
-5.226136 -9.076727 -29.157596
-5.484955 -9.335546 -29.157596
-5.579690 -9.689099 -29.157596
-5.484955 -10.042653 -29.157596
-5.226136 -10.301472 -29.157596
-4.872583 -10.396206 -29.157596
-4.519030 -10.301472 -29.157596
-4.260210 -10.042653 -29.157596
-4.489899 -9.689099 -29.374369
-4.541169 -9.497758 -29.374369
-4.681241 -9.357686 -29.374369
-4.872583 -9.306416 -29.374369
-5.063925 -9.357686 -29.374369
-5.203996 -9.497758 -29.374369
-5.255266 -9.689099 -29.374369
-5.203996 -9.880441 -29.374369
-5.063925 -10.020513 -29.374369
-4.872583 -10.071783 -29.374369
-4.681241 -10.020513 -29.374369
-4.541169 -9.880441 -29.374369
-4.872583 -9.689099 -29.450489
-4.361495 -10.828236 -27.197084
-3.978812 -10.828236 -27.273205
-4.030081 -10.636894 -27.273205
-4.170153 -10.496822 -27.273205
-4.361495 -10.445552 -27.273205
-4.552837 -10.496822 -27.273205
-4.692909 -10.636894 -27.273205
-4.744178 -10.828236 -27.273205
-4.692909 -11.019577 -27.273205
-4.552837 -11.159649 -27.273205
-4.361495 -11.210919 -27.273205
-4.170153 -11.159649 -27.273205
-4.030081 -11.019577 -27.273205
-3.654388 -10.828236 -27.489978
-3.749123 -10.474682 -27.489978
-4.007942 -10.215863 -27.489978
-4.361495 -10.121129 -27.489978
-4.715048 -10.215863 -27.489978
-4.973867 -10.474682 -27.489978
-5.068602 -10.828236 -27.489978
-4.973867 -11.181789 -27.489978
-4.715048 -11.440608 -27.489978
-4.361495 -11.535342 -27.489978
-4.007942 -11.440608 -27.489978
-3.749123 -11.181789 -27.489978
-3.437615 -10.828236 -27.814401
-3.561392 -10.366296 -27.814401
-3.899555 -10.028132 -27.814401
-4.361495 -9.904356 -27.814401
-4.823435 -10.028132 -27.814401
-5.161598 -10.366296 -27.814401
-5.285375 -10.828236 -27.814401
-5.161598 -11.290175 -27.814401
-4.823435 -11.628339 -27.814401
-4.361495 -11.752115 -27.814401
-3.899555 -11.628339 -27.814401
-3.561392 -11.290175 -27.814401
-3.361495 -10.828236 -28.197084
-3.495470 -10.328236 -28.197084
-3.861495 -9.962210 -28.197084
-4.361495 -9.828236 -28.197084
-4.861495 -9.962210 -28.197084
-5.227520 -10.328236 -28.197084
-5.361495 -10.828236 -28.197084
-5.227520 -11.328236 -28.197084
-4.861495 -11.694261 -28.197084
-4.361495 -11.828236 -28.197084
-3.861495 -11.694261 -28.197084
-3.495470 -11.328236 -28.197084
-3.437615 -10.828236 -28.579768
-3.561392 -10.366296 -28.579768
-3.899555 -10.028132 -28.579768
-4.361495 -9.904356 -28.579768
-4.823435 -10.028132 -28.579768
-5.161598 -10.366296 -28.579768
-5.285375 -10.828236 -28.579768
-5.161598 -11.290175 -28.579768
-4.823435 -11.628339 -28.579768
-4.361495 -11.752115 -28.579768
-3.899555 -11.628339 -28.579768
-3.561392 -11.290175 -28.579768
-3.654388 -10.828236 -28.904191
-3.749123 -10.474682 -28.904191
-4.007942 -10.215863 -28.904191
-4.361495 -10.121129 -28.904191
-4.715048 -10.215863 -28.904191
-4.973867 -10.474682 -28.904191
-5.068602 -10.828236 -28.904191
-4.973867 -11.181789 -28.904191
-4.715048 -11.440608 -28.904191
-4.361495 -11.535342 -28.904191
-4.007942 -11.440608 -28.904191
-3.749123 -11.181789 -28.904191
-3.978812 -10.828236 -29.120964
-4.030081 -10.636894 -29.120964
-4.170153 -10.496822 -29.120964
-4.361495 -10.445552 -29.120964
-4.552837 -10.496822 -29.120964
-4.692909 -10.636894 -29.120964
-4.744178 -10.828236 -29.120964
-4.692909 -11.019577 -29.120964
-4.552837 -11.159649 -29.120964
-4.361495 -11.210919 -29.120964
-4.170153 -11.159649 -29.120964
-4.030081 -11.019577 -29.120964
-4.361495 -10.828236 -29.197084
-3.791667 -11.726037 -27.124779
-3.408983 -11.726037 -27.200899
-3.460253 -11.534695 -27.200899
-3.600325 -11.394623 -27.200899
-3.791667 -11.343354 -27.200899
-3.983008 -11.394623 -27.200899
-4.123080 -11.534695 -27.200899
-4.174350 -11.726037 -27.200899
-4.123080 -11.917379 -27.200899
-3.983008 -12.057451 -27.200899
-3.791667 -12.108720 -27.200899
-3.600325 -12.057451 -27.200899
-3.460253 -11.917379 -27.200899
-3.084560 -11.726037 -27.417672
-3.179294 -11.372484 -27.417672
-3.438113 -11.113665 -27.417672
-3.791667 -11.018930 -27.417672
-4.145220 -11.113665 -27.417672
-4.404039 -11.372484 -27.417672
-4.498774 -11.726037 -27.417672
-4.404039 -12.079590 -27.417672
-4.145220 -12.338409 -27.417672
-3.791667 -12.433144 -27.417672
-3.438113 -12.338409 -27.417672
-3.179294 -12.079590 -27.417672
-2.867787 -11.726037 -27.742095
-2.991564 -11.264097 -27.742095
-3.329727 -10.925934 -27.742095
-3.791667 -10.802157 -27.742095
-4.253607 -10.925934 -27.742095
-4.591770 -11.264097 -27.742095
-4.715546 -11.726037 -27.742095
-4.591770 -12.187977 -27.742095
-4.253607 -12.526140 -27.742095
-3.791667 -12.649917 -27.742095
-3.329727 -12.526140 -27.742095
-2.991564 -12.187977 -27.742095
-2.791667 -11.726037 -28.124779
-2.925641 -11.226037 -28.124779
-3.291667 -10.860012 -28.124779
-3.791667 -10.726037 -28.124779
-4.291667 -10.860012 -28.124779
-4.657692 -11.226037 -28.124779
-4.791667 -11.726037 -28.124779
-4.657692 -12.226037 -28.124779
-4.291667 -12.592062 -28.124779
-3.791667 -12.726037 -28.124779
-3.291667 -12.592062 -28.124779
-2.925641 -12.226037 -28.124779
-2.867787 -11.726037 -28.507462
-2.991564 -11.264097 -28.507462
-3.329727 -10.925934 -28.507462
-3.791667 -10.802157 -28.507462
-4.253607 -10.925934 -28.507462
-4.591770 -11.264097 -28.507462
-4.715546 -11.726037 -28.507462
-4.591770 -12.187977 -28.507462
-4.253607 -12.526140 -28.507462
-3.791667 -12.649917 -28.507462
-3.329727 -12.526140 -28.507462
-2.991564 -12.187977 -28.507462
-3.084560 -11.726037 -28.831886
-3.179294 -11.372484 -28.831886
-3.438113 -11.113665 -28.831886
-3.791667 -11.018930 -28.831886
-4.145220 -11.113665 -28.831886
-4.404039 -11.372484 -28.831886
-4.498774 -11.726037 -28.831886
-4.404039 -12.079590 -28.831886
-4.145220 -12.338409 -28.831886
-3.791667 -12.433144 -28.831886
-3.438113 -12.338409 -28.831886
-3.179294 -12.079590 -28.831886
-3.408983 -11.726037 -29.048658
-3.460253 -11.534695 -29.048658
-3.600325 -11.394623 -29.048658
-3.791667 -11.343354 -29.048658
-3.983008 -11.394623 -29.048658
-4.123080 -11.534695 -29.048658
-4.174350 -11.726037 -29.048658
-4.123080 -11.917379 -29.048658
-3.983008 -12.057451 -29.048658
-3.791667 -12.108720 -29.048658
-3.600325 -12.057451 -29.048658
-3.460253 -11.917379 -29.048658
-3.791667 -11.726037 -29.124779
-2.943136 -12.561937 -26.962265
-2.560453 -12.561937 -27.038385
-2.611723 -12.370596 -27.038385
-2.751794 -12.230524 -27.038385
-2.943136 -12.179254 -27.038385
-3.134478 -12.230524 -27.038385
-3.274550 -12.370596 -27.038385
-3.325820 -12.561937 -27.038385
-3.274550 -12.753279 -27.038385
-3.134478 -12.893351 -27.038385
-2.943136 -12.944621 -27.038385
-2.751794 -12.893351 -27.038385
-2.611723 -12.753279 -27.038385
-2.236029 -12.561937 -27.255158
-2.330764 -12.208384 -27.255158
-2.589583 -11.949565 -27.255158
-2.943136 -11.854831 -27.255158
-3.296690 -11.949565 -27.255158
-3.555509 -12.208384 -27.255158
-3.650243 -12.561937 -27.255158
-3.555509 -12.915491 -27.255158
-3.296690 -13.174310 -27.255158
-2.943136 -13.269044 -27.255158
-2.589583 -13.174310 -27.255158
-2.330764 -12.915491 -27.255158
-2.019257 -12.561937 -27.579582
-2.143033 -12.099998 -27.579582
-2.481196 -11.761834 -27.579582
-2.943136 -11.638058 -27.579582
-3.405076 -11.761834 -27.579582
-3.743239 -12.099998 -27.579582
-3.867016 -12.561937 -27.579582
-3.743239 -13.023877 -27.579582
-3.405076 -13.362040 -27.579582
-2.943136 -13.485817 -27.579582
-2.481196 -13.362040 -27.579582
-2.143033 -13.023877 -27.579582
-1.943136 -12.561937 -27.962265
-2.077111 -12.061937 -27.962265
-2.443136 -11.695912 -27.962265
-2.943136 -11.561937 -27.962265
-3.443136 -11.695912 -27.962265
-3.809162 -12.061937 -27.962265
-3.943136 -12.561937 -27.962265
-3.809162 -13.061937 -27.962265
-3.443136 -13.427963 -27.962265
-2.943136 -13.561937 -27.962265
-2.443136 -13.427963 -27.962265
-2.077111 -13.061937 -27.962265
-2.019257 -12.561937 -28.344948
-2.143033 -12.099998 -28.344948
-2.481196 -11.761834 -28.344948
-2.943136 -11.638058 -28.344948
-3.405076 -11.761834 -28.344948
-3.743239 -12.099998 -28.344948
-3.867016 -12.561937 -28.344948
-3.743239 -13.023877 -28.344948
-3.405076 -13.362040 -28.344948
-2.943136 -13.485817 -28.344948
-2.481196 -13.362040 -28.344948
-2.143033 -13.023877 -28.344948
-2.236029 -12.561937 -28.669372
-2.330764 -12.208384 -28.669372
-2.589583 -11.949565 -28.669372
-2.943136 -11.854831 -28.669372
-3.296690 -11.949565 -28.669372
-3.555509 -12.208384 -28.669372
-3.650243 -12.561937 -28.669372
-3.555509 -12.915491 -28.669372
-3.296690 -13.174310 -28.669372
-2.943136 -13.269044 -28.669372
-2.589583 -13.174310 -28.669372
-2.330764 -12.915491 -28.669372
-2.560453 -12.561937 -28.886145
-2.611723 -12.370596 -28.886145
-2.751794 -12.230524 -28.886145
-2.943136 -12.179254 -28.886145
-3.134478 -12.230524 -28.886145
-3.274550 -12.370596 -28.886145
-3.325820 -12.561937 -28.886145
-3.274550 -12.753279 -28.886145
-3.134478 -12.893351 -28.886145
-2.943136 -12.944621 -28.886145
-2.751794 -12.893351 -28.886145
-2.611723 -12.753279 -28.886145
-2.943136 -12.561937 -28.962265
-2.262591 -13.016135 -27.018707
-1.879908 -13.016135 -27.094828
-1.931178 -12.824793 -27.094828
-2.071250 -12.684722 -27.094828
-2.262591 -12.633452 -27.094828
-2.453933 -12.684722 -27.094828
-2.594005 -12.824793 -27.094828
-2.645275 -13.016135 -27.094828
-2.594005 -13.207477 -27.094828
-2.453933 -13.347549 -27.094828
-2.262591 -13.398819 -27.094828
-2.071250 -13.347549 -27.094828
-1.931178 -13.207477 -27.094828
-1.555485 -13.016135 -27.311600
-1.650219 -12.662582 -27.311600
-1.909038 -12.403763 -27.311600
-2.262591 -12.309028 -27.311600
-2.616145 -12.403763 -27.311600
-2.874964 -12.662582 -27.311600
-2.969698 -13.016135 -27.311600
-2.874964 -13.369689 -27.311600
-2.616145 -13.628508 -27.311600
-2.262591 -13.723242 -27.311600
-1.909038 -13.628508 -27.311600
-1.650219 -13.369689 -27.311600
-1.338712 -13.016135 -27.636024
-1.462488 -12.554195 -27.636024
-1.800652 -12.216032 -27.636024
-2.262591 -12.092256 -27.636024
-2.724531 -12.216032 -27.636024
-3.062695 -12.554195 -27.636024
-3.186471 -13.016135 -27.636024
-3.062695 -13.478075 -27.636024
-2.724531 -13.816238 -27.636024
-2.262591 -13.940015 -27.636024
-1.800652 -13.816238 -27.636024
-1.462488 -13.478075 -27.636024
-1.262591 -13.016135 -28.018707
-1.396566 -12.516135 -28.018707
-1.762591 -12.150110 -28.018707
-2.262591 -12.016135 -28.018707
-2.762591 -12.150110 -28.018707
-3.128617 -12.516135 -28.018707
-3.262591 -13.016135 -28.018707
-3.128617 -13.516135 -28.018707
-2.762591 -13.882161 -28.018707
-2.262591 -14.016135 -28.018707
-1.762591 -13.882161 -28.018707
-1.396566 -13.516135 -28.018707
-1.338712 -13.016135 -28.401391
-1.462488 -12.554195 -28.401391
-1.800652 -12.216032 -28.401391
-2.262591 -12.092256 -28.401391
-2.724531 -12.216032 -28.401391
-3.062695 -12.554195 -28.401391
-3.186471 -13.016135 -28.401391
-3.062695 -13.478075 -28.401391
-2.724531 -13.816238 -28.401391
-2.262591 -13.940015 -28.401391
-1.800652 -13.816238 -28.401391
-1.462488 -13.478075 -28.401391
-1.555485 -13.016135 -28.725814
-1.650219 -12.662582 -28.725814
-1.909038 -12.403763 -28.725814
-2.262591 -12.309028 -28.725814
-2.616145 -12.403763 -28.725814
-2.874964 -12.662582 -28.725814
-2.969698 -13.016135 -28.725814
-2.874964 -13.369689 -28.725814
-2.616145 -13.628508 -28.725814
-2.262591 -13.723242 -28.725814
-1.909038 -13.628508 -28.725814
-1.650219 -13.369689 -28.725814
-1.879908 -13.016135 -28.942587
-1.931178 -12.824793 -28.942587
-2.071250 -12.684722 -28.942587
-2.262591 -12.633452 -28.942587
-2.453933 -12.684722 -28.942587
-2.594005 -12.824793 -28.942587
-2.645275 -13.016135 -28.942587
-2.594005 -13.207477 -28.942587
-2.453933 -13.347549 -28.942587
-2.262591 -13.398819 -28.942587
-2.071250 -13.347549 -28.942587
-1.931178 -13.207477 -28.942587
-2.262591 -13.016135 -29.018707
-7.194539 0.269951 -26.346527
-6.811855 0.269951 -26.422648
-6.863125 0.461292 -26.422648
-7.003197 0.601364 -26.422648
-7.194539 0.652634 -26.422648
-7.385880 0.601364 -26.422648
-7.525952 0.461292 -26.422648
-7.577222 0.269951 -26.422648
-7.525952 0.078609 -26.422648
-7.385880 -0.061463 -26.422648
-7.194539 -0.112733 -26.422648
-7.003197 -0.061463 -26.422648
-6.863125 0.078609 -26.422648
-6.487432 0.269951 -26.639420
-6.582166 0.623504 -26.639420
-6.840985 0.882323 -26.639420
-7.194539 0.977057 -26.639420
-7.548092 0.882323 -26.639420
-7.806911 0.623504 -26.639420
-7.901645 0.269951 -26.639420
-7.806911 -0.083603 -26.639420
-7.548092 -0.342422 -26.639420
-7.194539 -0.437156 -26.639420
-6.840985 -0.342422 -26.639420
-6.582166 -0.083603 -26.639420
-6.270659 0.269951 -26.963844
-6.394435 0.731890 -26.963844
-6.732599 1.070054 -26.963844
-7.194539 1.193830 -26.963844
-7.656478 1.070054 -26.963844
-7.994642 0.731890 -26.963844
-8.118418 0.269951 -26.963844
-7.994642 -0.191989 -26.963844
-7.656478 -0.530153 -26.963844
-7.194539 -0.653929 -26.963844
-6.732599 -0.530153 -26.963844
-6.394435 -0.191989 -26.963844
-6.194539 0.269951 -27.346527
-6.328513 0.769951 -27.346527
-6.694539 1.135976 -27.346527
-7.194539 1.269951 -27.346527
-7.694539 1.135976 -27.346527
-8.060564 0.769951 -27.346527
-8.194539 0.269951 -27.346527
-8.060564 -0.230049 -27.346527
-7.694539 -0.596075 -27.346527
-7.194539 -0.730049 -27.346527
-6.694539 -0.596075 -27.346527
-6.328513 -0.230049 -27.346527
-6.270659 0.269951 -27.729211
-6.394435 0.731890 -27.729211
-6.732599 1.070054 -27.729211
-7.194539 1.193830 -27.729211
-7.656478 1.070054 -27.729211
-7.994642 0.731890 -27.729211
-8.118418 0.269951 -27.729211
-7.994642 -0.191989 -27.729211
-7.656478 -0.530153 -27.729211
-7.194539 -0.653929 -27.729211
-6.732599 -0.530153 -27.729211
-6.394435 -0.191989 -27.729211
-6.487432 0.269951 -28.053634
-6.582166 0.623504 -28.053634
-6.840985 0.882323 -28.053634
-7.194539 0.977057 -28.053634
-7.548092 0.882323 -28.053634
-7.806911 0.623504 -28.053634
-7.901645 0.269951 -28.053634
-7.806911 -0.083603 -28.053634
-7.548092 -0.342422 -28.053634
-7.194539 -0.437156 -28.053634
-6.840985 -0.342422 -28.053634
-6.582166 -0.083603 -28.053634
-6.811855 0.269951 -28.270407
-6.863125 0.461292 -28.270407
-7.003197 0.601364 -28.270407
-7.194539 0.652634 -28.270407
-7.385880 0.601364 -28.270407
-7.525952 0.461292 -28.270407
-7.577222 0.269951 -28.270407
-7.525952 0.078609 -28.270407
-7.385880 -0.061463 -28.270407
-7.194539 -0.112733 -28.270407
-7.003197 -0.061463 -28.270407
-6.863125 0.078609 -28.270407
-7.194539 0.269951 -28.346527
1.722125 2.746782 -28.817858
2.104809 2.746782 -28.893978
2.053539 2.938123 -28.893978
1.913467 3.078195 -28.893978
1.722125 3.129465 -28.893978
1.530784 3.078195 -28.893978
1.390712 2.938123 -28.893978
1.339442 2.746782 -28.893978
1.390712 2.555440 -28.893978
1.530784 2.415368 -28.893978
1.722125 2.364098 -28.893978
1.913467 2.415368 -28.893978
2.053539 2.555440 -28.893978
2.429232 2.746782 -29.110751
2.334498 3.100335 -29.110751
2.075679 3.359154 -29.110751
1.722125 3.453888 -29.110751
1.368572 3.359154 -29.110751
1.109753 3.100335 -29.110751
1.015019 2.746782 -29.110751
1.109753 2.393228 -29.110751
1.368572 2.134409 -29.110751
1.722125 2.039675 -29.110751
2.075679 2.134409 -29.110751
2.334498 2.393228 -29.110751
2.646005 2.746782 -29.435174
2.522228 3.208721 -29.435174
2.184065 3.546885 -29.435174
1.722125 3.670661 -29.435174
1.260186 3.546885 -29.435174
0.922022 3.208721 -29.435174
0.798246 2.746782 -29.435174
0.922022 2.284842 -29.435174
1.260186 1.946678 -29.435174
1.722125 1.822902 -29.435174
2.184065 1.946678 -29.435174
2.522228 2.284842 -29.435174
2.722125 2.746782 -29.817858
2.588151 3.246782 -29.817858
2.222125 3.612807 -29.817858
1.722125 3.746782 -29.817858
1.222125 3.612807 -29.817858
0.856100 3.246782 -29.817858
0.722125 2.746782 -29.817858
0.856100 2.246782 -29.817858
1.222125 1.880756 -29.817858
1.722125 1.746782 -29.817858
2.222125 1.880756 -29.817858
2.588151 2.246782 -29.817858
2.646005 2.746782 -30.200541
2.522228 3.208721 -30.200541
2.184065 3.546885 -30.200541
1.722125 3.670661 -30.200541
1.260186 3.546885 -30.200541
0.922022 3.208721 -30.200541
0.798246 2.746782 -30.200541
0.922022 2.284842 -30.200541
1.260186 1.946678 -30.200541
1.722125 1.822902 -30.200541
2.184065 1.946678 -30.200541
2.522228 2.284842 -30.200541
2.429232 2.746782 -30.524965
2.334498 3.100335 -30.524965
2.075679 3.359154 -30.524965
1.722125 3.453888 -30.524965
1.368572 3.359154 -30.524965
1.109753 3.100335 -30.524965
1.015019 2.746782 -30.524965
1.109753 2.393228 -30.524965
1.368572 2.134409 -30.524965
1.722125 2.039675 -30.524965
2.075679 2.134409 -30.524965
2.334498 2.393228 -30.524965
2.104809 2.746782 -30.741737
2.053539 2.938123 -30.741737
1.913467 3.078195 -30.741737
1.722125 3.129465 -30.741737
1.530784 3.078195 -30.741737
1.390712 2.938123 -30.741737
1.339442 2.746782 -30.741737
1.390712 2.555440 -30.741737
1.530784 2.415368 -30.741737
1.722125 2.364098 -30.741737
1.913467 2.415368 -30.741737
2.053539 2.555440 -30.741737
1.722125 2.746782 -30.817858
3 0 1 2
3 0 2 3
3 0 3 4
3 0 4 5
3 0 5 6
3 0 6 7
3 0 7 8
3 0 8 9
3 0 9 10
3 0 10 11
3 0 11 12
3 0 12 1
3 1 13 2
3 2 13 14
3 2 14 3
3 3 14 15
3 3 15 4
3 4 15 16
3 4 16 5
3 5 16 17
3 5 17 6
3 6 17 18
3 6 18 7
3 7 18 19
3 7 19 8
3 8 19 20
3 8 20 9
3 9 20 21
3 9 21 10
3 10 21 22
3 10 22 11
3 11 22 23
3 11 23 12
3 12 23 24
3 12 24 1
3 1 24 13
3 13 25 14
3 14 25 26
3 14 26 15
3 15 26 27
3 15 27 16
3 16 27 28
3 16 28 17
3 17 28 29
3 17 29 18
3 18 29 30
3 18 30 19
3 19 30 31
3 19 31 20
3 20 31 32
3 20 32 21
3 21 32 33
3 21 33 22
3 22 33 34
3 22 34 23
3 23 34 35
3 23 35 24
3 24 35 36
3 24 36 13
3 13 36 25
3 25 37 26
3 26 37 38
3 26 38 27
3 27 38 39
3 27 39 28
3 28 39 40
3 28 40 29
3 29 40 41
3 29 41 30
3 30 41 42
3 30 42 31
3 31 42 43
3 31 43 32
3 32 43 44
3 32 44 33
3 33 44 45
3 33 45 34
3 34 45 46
3 34 46 35
3 35 46 47
3 35 47 36
3 36 47 48
3 36 48 25
3 25 48 37
3 37 49 38
3 38 49 50
3 38 50 39
3 39 50 51
3 39 51 40
3 40 51 52
3 40 52 41
3 41 52 53
3 41 53 42
3 42 53 54
3 42 54 43
3 43 54 55
3 43 55 44
3 44 55 56
3 44 56 45
3 45 56 57
3 45 57 46
3 46 57 58
3 46 58 47
3 47 58 59
3 47 59 48
3 48 59 60
3 48 60 37
3 37 60 49
3 49 61 50
3 50 61 62
3 50 62 51
3 51 62 63
3 51 63 52
3 52 63 64
3 52 64 53
3 53 64 65
3 53 65 54
3 54 65 66
3 54 66 55
3 55 66 67
3 55 67 56
3 56 67 68
3 56 68 57
3 57 68 69
3 57 69 58
3 58 69 70
3 58 70 59
3 59 70 71
3 59 71 60
3 60 71 72
3 60 72 49
3 49 72 61
3 61 73 62
3 62 73 74
3 62 74 63
3 63 74 75
3 63 75 64
3 64 75 76
3 64 76 65
3 65 76 77
3 65 77 66
3 66 77 78
3 66 78 67
3 67 78 79
3 67 79 68
3 68 79 80
3 68 80 69
3 69 80 81
3 69 81 70
3 70 81 82
3 70 82 71
3 71 82 83
3 71 83 72
3 72 83 84
3 72 84 61
3 61 84 73
3 85 74 73
3 85 75 74
3 85 76 75
3 85 77 76
3 85 78 77
3 85 79 78
3 85 80 79
3 85 81 80
3 85 82 81
3 85 83 82
3 85 84 83
3 85 73 84
3 86 87 88
3 86 88 89
3 86 89 90
3 86 90 91
3 86 91 92
3 86 92 93
3 86 93 94
3 86 94 95
3 86 95 96
3 86 96 97
3 86 97 98
3 86 98 87
3 87 99 88
3 88 99 100
3 88 100 89
3 89 100 101
3 89 101 90
3 90 101 102
3 90 102 91
3 91 102 103
3 91 103 92
3 92 103 104
3 92 104 93
3 93 104 105
3 93 105 94
3 94 105 106
3 94 106 95
3 95 106 107
3 95 107 96
3 96 107 108
3 96 108 97
3 97 108 109
3 97 109 98
3 98 109 110
3 98 110 87
3 87 110 99
3 99 111 100
3 100 111 112
3 100 112 101
3 101 112 113
3 101 113 102
3 102 113 114
3 102 114 103
3 103 114 115
3 103 115 104
3 104 115 116
3 104 116 105
3 105 116 117
3 105 117 106
3 106 117 118
3 106 118 107
3 107 118 119
3 107 119 108
3 108 119 120
3 108 120 109
3 109 120 121
3 109 121 110
3 110 121 122
3 110 122 99
3 99 122 111
3 111 123 112
3 112 123 124
3 112 124 113
3 113 124 125
3 113 125 114
3 114 125 126
3 114 126 115
3 115 126 127
3 115 127 116
3 116 127 128
3 116 128 117
3 117 128 129
3 117 129 118
3 118 129 130
3 118 130 119
3 119 130 131
3 119 131 120
3 120 131 132
3 120 132 121
3 121 132 133
3 121 133 122
3 122 133 134
3 122 134 111
3 111 134 123
3 123 135 124
3 124 135 136
3 124 136 125
3 125 136 137
3 125 137 126
3 126 137 138
3 126 138 127
3 127 138 139
3 127 139 128
3 128 139 140
3 128 140 129
3 129 140 141
3 129 141 130
3 130 141 142
3 130 142 131
3 131 142 143
3 131 143 132
3 132 143 144
3 132 144 133
3 133 144 145
3 133 145 134
3 134 145 146
3 134 146 123
3 123 146 135
3 135 147 136
3 136 147 148
3 136 148 137
3 137 148 149
3 137 149 138
3 138 149 150
3 138 150 139
3 139 150 151
3 139 151 140
3 140 151 152
3 140 152 141
3 141 152 153
3 141 153 142
3 142 153 154
3 142 154 143
3 143 154 155
3 143 155 144
3 144 155 156
3 144 156 145
3 145 156 157
3 145 157 146
3 146 157 158
3 146 158 135
3 135 158 147
3 147 159 148
3 148 159 160
3 148 160 149
3 149 160 161
3 149 161 150
3 150 161 162
3 150 162 151
3 151 162 163
3 151 163 152
3 152 163 164
3 152 164 153
3 153 164 165
3 153 165 154
3 154 165 166
3 154 166 155
3 155 166 167
3 155 167 156
3 156 167 168
3 156 168 157
3 157 168 169
3 157 169 158
3 158 169 170
3 158 170 147
3 147 170 159
3 171 160 159
3 171 161 160
3 171 162 161
3 171 163 162
3 171 164 163
3 171 165 164
3 171 166 165
3 171 167 166
3 171 168 167
3 171 169 168
3 171 170 169
3 171 159 170
3 172 173 174
3 172 174 175
3 172 175 176
3 172 176 177
3 172 177 178
3 172 178 179
3 172 179 180
3 172 180 181
3 172 181 182
3 172 182 183
3 172 183 184
3 172 184 173
3 173 185 174
3 174 185 186
3 174 186 175
3 175 186 187
3 175 187 176
3 176 187 188
3 176 188 177
3 177 188 189
3 177 189 178
3 178 189 190
3 178 190 179
3 179 190 191
3 179 191 180
3 180 191 192
3 180 192 181
3 181 192 193
3 181 193 182
3 182 193 194
3 182 194 183
3 183 194 195
3 183 195 184
3 184 195 196
3 184 196 173
3 173 196 185
3 185 197 186
3 186 197 198
3 186 198 187
3 187 198 199
3 187 199 188
3 188 199 200
3 188 200 189
3 189 200 201
3 189 201 190
3 190 201 202
3 190 202 191
3 191 202 203
3 191 203 192
3 192 203 204
3 192 204 193
3 193 204 205
3 193 205 194
3 194 205 206
3 194 206 195
3 195 206 207
3 195 207 196
3 196 207 208
3 196 208 185
3 185 208 197
3 197 209 198
3 198 209 210
3 198 210 199
3 199 210 211
3 199 211 200
3 200 211 212
3 200 212 201
3 201 212 213
3 201 213 202
3 202 213 214
3 202 214 203
3 203 214 215
3 203 215 204
3 204 215 216
3 204 216 205
3 205 216 217
3 205 217 206
3 206 217 218
3 206 218 207
3 207 218 219
3 207 219 208
3 208 219 220
3 208 220 197
3 197 220 209
3 209 221 210
3 210 221 222
3 210 222 211
3 211 222 223
3 211 223 212
3 212 223 224
3 212 224 213
3 213 224 225
3 213 225 214
3 214 225 226
3 214 226 215
3 215 226 227
3 215 227 216
3 216 227 228
3 216 228 217
3 217 228 229
3 217 229 218
3 218 229 230
3 218 230 219
3 219 230 231
3 219 231 220
3 220 231 232
3 220 232 209
3 209 232 221
3 221 233 222
3 222 233 234
3 222 234 223
3 223 234 235
3 223 235 224
3 224 235 236
3 224 236 225
3 225 236 237
3 225 237 226
3 226 237 238
3 226 238 227
3 227 238 239
3 227 239 228
3 228 239 240
3 228 240 229
3 229 240 241
3 229 241 230
3 230 241 242
3 230 242 231
3 231 242 243
3 231 243 232
3 232 243 244
3 232 244 221
3 221 244 233
3 233 245 234
3 234 245 246
3 234 246 235
3 235 246 247
3 235 247 236
3 236 247 248
3 236 248 237
3 237 248 249
3 237 249 238
3 238 249 250
3 238 250 239
3 239 250 251
3 239 251 240
3 240 251 252
3 240 252 241
3 241 252 253
3 241 253 242
3 242 253 254
3 242 254 243
3 243 254 255
3 243 255 244
3 244 255 256
3 244 256 233
3 233 256 245
3 257 246 245
3 257 247 246
3 257 248 247
3 257 249 248
3 257 250 249
3 257 251 250
3 257 252 251
3 257 253 252
3 257 254 253
3 257 255 254
3 257 256 255
3 257 245 256
3 258 259 260
3 258 260 261
3 258 261 262
3 258 262 263
3 258 263 264
3 258 264 265
3 258 265 266
3 258 266 267
3 258 267 268
3 258 268 269
3 258 269 270
3 258 270 259
3 259 271 260
3 260 271 272
3 260 272 261
3 261 272 273
3 261 273 262
3 262 273 274
3 262 274 263
3 263 274 275
3 263 275 264
3 264 275 276
3 264 276 265
3 265 276 277
3 265 277 266
3 266 277 278
3 266 278 267
3 267 278 279
3 267 279 268
3 268 279 280
3 268 280 269
3 269 280 281
3 269 281 270
3 270 281 282
3 270 282 259
3 259 282 271
3 271 283 272
3 272 283 284
3 272 284 273
3 273 284 285
3 273 285 274
3 274 285 286
3 274 286 275
3 275 286 287
3 275 287 276
3 276 287 288
3 276 288 277
3 277 288 289
3 277 289 278
3 278 289 290
3 278 290 279
3 279 290 291
3 279 291 280
3 280 291 292
3 280 292 281
3 281 292 293
3 281 293 282
3 282 293 294
3 282 294 271
3 271 294 283
3 283 295 284
3 284 295 296
3 284 296 285
3 285 296 297
3 285 297 286
3 286 297 298
3 286 298 287
3 287 298 299
3 287 299 288
3 288 299 300
3 288 300 289
3 289 300 301
3 289 301 290
3 290 301 302
3 290 302 291
3 291 302 303
3 291 303 292
3 292 303 304
3 292 304 293
3 293 304 305
3 293 305 294
3 294 305 306
3 294 306 283
3 283 306 295
3 295 307 296
3 296 307 308
3 296 308 297
3 297 308 309
3 297 309 298
3 298 309 310
3 298 310 299
3 299 310 311
3 299 311 300
3 300 311 312
3 300 312 301
3 301 312 313
3 301 313 302
3 302 313 314
3 302 314 303
3 303 314 315
3 303 315 304
3 304 315 316
3 304 316 305
3 305 316 317
3 305 317 306
3 306 317 318
3 306 318 295
3 295 318 307
3 307 319 308
3 308 319 320
3 308 320 309
3 309 320 321
3 309 321 310
3 310 321 322
3 310 322 311
3 311 322 323
3 311 323 312
3 312 323 324
3 312 324 313
3 313 324 325
3 313 325 314
3 314 325 326
3 314 326 315
3 315 326 327
3 315 327 316
3 316 327 328
3 316 328 317
3 317 328 329
3 317 329 318
3 318 329 330
3 318 330 307
3 307 330 319
3 319 331 320
3 320 331 332
3 320 332 321
3 321 332 333
3 321 333 322
3 322 333 334
3 322 334 323
3 323 334 335
3 323 335 324
3 324 335 336
3 324 336 325
3 325 336 337
3 325 337 326
3 326 337 338
3 326 338 327
3 327 338 339
3 327 339 328
3 328 339 340
3 328 340 329
3 329 340 341
3 329 341 330
3 330 341 342
3 330 342 319
3 319 342 331
3 343 332 331
3 343 333 332
3 343 334 333
3 343 335 334
3 343 336 335
3 343 337 336
3 343 338 337
3 343 339 338
3 343 340 339
3 343 341 340
3 343 342 341
3 343 331 342
3 344 345 346
3 344 346 347
3 344 347 348
3 344 348 349
3 344 349 350
3 344 350 351
3 344 351 352
3 344 352 353
3 344 353 354
3 344 354 355
3 344 355 356
3 344 356 345
3 345 357 346
3 346 357 358
3 346 358 347
3 347 358 359
3 347 359 348
3 348 359 360
3 348 360 349
3 349 360 361
3 349 361 350
3 350 361 362
3 350 362 351
3 351 362 363
3 351 363 352
3 352 363 364
3 352 364 353
3 353 364 365
3 353 365 354
3 354 365 366
3 354 366 355
3 355 366 367
3 355 367 356
3 356 367 368
3 356 368 345
3 345 368 357
3 357 369 358
3 358 369 370
3 358 370 359
3 359 370 371
3 359 371 360
3 360 371 372
3 360 372 361
3 361 372 373
3 361 373 362
3 362 373 374
3 362 374 363
3 363 374 375
3 363 375 364
3 364 375 376
3 364 376 365
3 365 376 377
3 365 377 366
3 366 377 378
3 366 378 367
3 367 378 379
3 367 379 368
3 368 379 380
3 368 380 357
3 357 380 369
3 369 381 370
3 370 381 382
3 370 382 371
3 371 382 383
3 371 383 372
3 372 383 384
3 372 384 373
3 373 384 385
3 373 385 374
3 374 385 386
3 374 386 375
3 375 386 387
3 375 387 376
3 376 387 388
3 376 388 377
3 377 388 389
3 377 389 378
3 378 389 390
3 378 390 379
3 379 390 391
3 379 391 380
3 380 391 392
3 380 392 369
3 369 392 381
3 381 393 382
3 382 393 394
3 382 394 383
3 383 394 395
3 383 395 384
3 384 395 396
3 384 396 385
3 385 396 397
3 385 397 386
3 386 397 398
3 386 398 387
3 387 398 399
3 387 399 388
3 388 399 400
3 388 400 389
3 389 400 401
3 389 401 390
3 390 401 402
3 390 402 391
3 391 402 403
3 391 403 392
3 392 403 404
3 392 404 381
3 381 404 393
3 393 405 394
3 394 405 406
3 394 406 395
3 395 406 407
3 395 407 396
3 396 407 408
3 396 408 397
3 397 408 409
3 397 409 398
3 398 409 410
3 398 410 399
3 399 410 411
3 399 411 400
3 400 411 412
3 400 412 401
3 401 412 413
3 401 413 402
3 402 413 414
3 402 414 403
3 403 414 415
3 403 415 404
3 404 415 416
3 404 416 393
3 393 416 405
3 405 417 406
3 406 417 418
3 406 418 407
3 407 418 419
3 407 419 408
3 408 419 420
3 408 420 409
3 409 420 421
3 409 421 410
3 410 421 422
3 410 422 411
3 411 422 423
3 411 423 412
3 412 423 424
3 412 424 413
3 413 424 425
3 413 425 414
3 414 425 426
3 414 426 415
3 415 426 427
3 415 427 416
3 416 427 428
3 416 428 405
3 405 428 417
3 429 418 417
3 429 419 418
3 429 420 419
3 429 421 420
3 429 422 421
3 429 423 422
3 429 424 423
3 429 425 424
3 429 426 425
3 429 427 426
3 429 428 427
3 429 417 428
3 430 431 432
3 430 432 433
3 430 433 434
3 430 434 435
3 430 435 436
3 430 436 437
3 430 437 438
3 430 438 439
3 430 439 440
3 430 440 441
3 430 441 442
3 430 442 431
3 431 443 432
3 432 443 444
3 432 444 433
3 433 444 445
3 433 445 434
3 434 445 446
3 434 446 435
3 435 446 447
3 435 447 436
3 436 447 448
3 436 448 437
3 437 448 449
3 437 449 438
3 438 449 450
3 438 450 439
3 439 450 451
3 439 451 440
3 440 451 452
3 440 452 441
3 441 452 453
3 441 453 442
3 442 453 454
3 442 454 431
3 431 454 443
3 443 455 444
3 444 455 456
3 444 456 445
3 445 456 457
3 445 457 446
3 446 457 458
3 446 458 447
3 447 458 459
3 447 459 448
3 448 459 460
3 448 460 449
3 449 460 461
3 449 461 450
3 450 461 462
3 450 462 451
3 451 462 463
3 451 463 452
3 452 463 464
3 452 464 453
3 453 464 465
3 453 465 454
3 454 465 466
3 454 466 443
3 443 466 455
3 455 467 456
3 456 467 468
3 456 468 457
3 457 468 469
3 457 469 458
3 458 469 470
3 458 470 459
3 459 470 471
3 459 471 460
3 460 471 472
3 460 472 461
3 461 472 473
3 461 473 462
3 462 473 474
3 462 474 463
3 463 474 475
3 463 475 464
3 464 475 476
3 464 476 465
3 465 476 477
3 465 477 466
3 466 477 478
3 466 478 455
3 455 478 467
3 467 479 468
3 468 479 480
3 468 480 469
3 469 480 481
3 469 481 470
3 470 481 482
3 470 482 471
3 471 482 483
3 471 483 472
3 472 483 484
3 472 484 473
3 473 484 485
3 473 485 474
3 474 485 486
3 474 486 475
3 475 486 487
3 475 487 476
3 476 487 488
3 476 488 477
3 477 488 489
3 477 489 478
3 478 489 490
3 478 490 467
3 467 490 479
3 479 491 480
3 480 491 492
3 480 492 481
3 481 492 493
3 481 493 482
3 482 493 494
3 482 494 483
3 483 494 495
3 483 495 484
3 484 495 496
3 484 496 485
3 485 496 497
3 485 497 486
3 486 497 498
3 486 498 487
3 487 498 499
3 487 499 488
3 488 499 500
3 488 500 489
3 489 500 501
3 489 501 490
3 490 501 502
3 490 502 479
3 479 502 491
3 491 503 492
3 492 503 504
3 492 504 493
3 493 504 505
3 493 505 494
3 494 505 506
3 494 506 495
3 495 506 507
3 495 507 496
3 496 507 508
3 496 508 497
3 497 508 509
3 497 509 498
3 498 509 510
3 498 510 499
3 499 510 511
3 499 511 500
3 500 511 512
3 500 512 501
3 501 512 513
3 501 513 502
3 502 513 514
3 502 514 491
3 491 514 503
3 515 504 503
3 515 505 504
3 515 506 505
3 515 507 506
3 515 508 507
3 515 509 508
3 515 510 509
3 515 511 510
3 515 512 511
3 515 513 512
3 515 514 513
3 515 503 514
3 516 517 518
3 516 518 519
3 516 519 520
3 516 520 521
3 516 521 522
3 516 522 523
3 516 523 524
3 516 524 525
3 516 525 526
3 516 526 527
3 516 527 528
3 516 528 517
3 517 529 518
3 518 529 530
3 518 530 519
3 519 530 531
3 519 531 520
3 520 531 532
3 520 532 521
3 521 532 533
3 521 533 522
3 522 533 534
3 522 534 523
3 523 534 535
3 523 535 524
3 524 535 536
3 524 536 525
3 525 536 537
3 525 537 526
3 526 537 538
3 526 538 527
3 527 538 539
3 527 539 528
3 528 539 540
3 528 540 517
3 517 540 529
3 529 541 530
3 530 541 542
3 530 542 531
3 531 542 543
3 531 543 532
3 532 543 544
3 532 544 533
3 533 544 545
3 533 545 534
3 534 545 546
3 534 546 535
3 535 546 547
3 535 547 536
3 536 547 548
3 536 548 537
3 537 548 549
3 537 549 538
3 538 549 550
3 538 550 539
3 539 550 551
3 539 551 540
3 540 551 552
3 540 552 529
3 529 552 541
3 541 553 542
3 542 553 554
3 542 554 543
3 543 554 555
3 543 555 544
3 544 555 556
3 544 556 545
3 545 556 557
3 545 557 546
3 546 557 558
3 546 558 547
3 547 558 559
3 547 559 548
3 548 559 560
3 548 560 549
3 549 560 561
3 549 561 550
3 550 561 562
3 550 562 551
3 551 562 563
3 551 563 552
3 552 563 564
3 552 564 541
3 541 564 553
3 553 565 554
3 554 565 566
3 554 566 555
3 555 566 567
3 555 567 556
3 556 567 568
3 556 568 557
3 557 568 569
3 557 569 558
3 558 569 570
3 558 570 559
3 559 570 571
3 559 571 560
3 560 571 572
3 560 572 561
3 561 572 573
3 561 573 562
3 562 573 574
3 562 574 563
3 563 574 575
3 563 575 564
3 564 575 576
3 564 576 553
3 553 576 565
3 565 577 566
3 566 577 578
3 566 578 567
3 567 578 579
3 567 579 568
3 568 579 580
3 568 580 569
3 569 580 581
3 569 581 570
3 570 581 582
3 570 582 571
3 571 582 583
3 571 583 572
3 572 583 584
3 572 584 573
3 573 584 585
3 573 585 574
3 574 585 586
3 574 586 575
3 575 586 587
3 575 587 576
3 576 587 588
3 576 588 565
3 565 588 577
3 577 589 578
3 578 589 590
3 578 590 579
3 579 590 591
3 579 591 580
3 580 591 592
3 580 592 581
3 581 592 593
3 581 593 582
3 582 593 594
3 582 594 583
3 583 594 595
3 583 595 584
3 584 595 596
3 584 596 585
3 585 596 597
3 585 597 586
3 586 597 598
3 586 598 587
3 587 598 599
3 587 599 588
3 588 599 600
3 588 600 577
3 577 600 589
3 601 590 589
3 601 591 590
3 601 592 591
3 601 593 592
3 601 594 593
3 601 595 594
3 601 596 595
3 601 597 596
3 601 598 597
3 601 599 598
3 601 600 599
3 601 589 600
3 602 603 604
3 602 604 605
3 602 605 606
3 602 606 607
3 602 607 608
3 602 608 609
3 602 609 610
3 602 610 611
3 602 611 612
3 602 612 613
3 602 613 614
3 602 614 603
3 603 615 604
3 604 615 616
3 604 616 605
3 605 616 617
3 605 617 606
3 606 617 618
3 606 618 607
3 607 618 619
3 607 619 608
3 608 619 620
3 608 620 609
3 609 620 621
3 609 621 610
3 610 621 622
3 610 622 611
3 611 622 623
3 611 623 612
3 612 623 624
3 612 624 613
3 613 624 625
3 613 625 614
3 614 625 626
3 614 626 603
3 603 626 615
3 615 627 616
3 616 627 628
3 616 628 617
3 617 628 629
3 617 629 618
3 618 629 630
3 618 630 619
3 619 630 631
3 619 631 620
3 620 631 632
3 620 632 621
3 621 632 633
3 621 633 622
3 622 633 634
3 622 634 623
3 623 634 635
3 623 635 624
3 624 635 636
3 624 636 625
3 625 636 637
3 625 637 626
3 626 637 638
3 626 638 615
3 615 638 627
3 627 639 628
3 628 639 640
3 628 640 629
3 629 640 641
3 629 641 630
3 630 641 642
3 630 642 631
3 631 642 643
3 631 643 632
3 632 643 644
3 632 644 633
3 633 644 645
3 633 645 634
3 634 645 646
3 634 646 635
3 635 646 647
3 635 647 636
3 636 647 648
3 636 648 637
3 637 648 649
3 637 649 638
3 638 649 650
3 638 650 627
3 627 650 639
3 639 651 640
3 640 651 652
3 640 652 641
3 641 652 653
3 641 653 642
3 642 653 654
3 642 654 643
3 643 654 655
3 643 655 644
3 644 655 656
3 644 656 645
3 645 656 657
3 645 657 646
3 646 657 658
3 646 658 647
3 647 658 659
3 647 659 648
3 648 659 660
3 648 660 649
3 649 660 661
3 649 661 650
3 650 661 662
3 650 662 639
3 639 662 651
3 651 663 652
3 652 663 664
3 652 664 653
3 653 664 665
3 653 665 654
3 654 665 666
3 654 666 655
3 655 666 667
3 655 667 656
3 656 667 668
3 656 668 657
3 657 668 669
3 657 669 658
3 658 669 670
3 658 670 659
3 659 670 671
3 659 671 660
3 660 671 672
3 660 672 661
3 661 672 673
3 661 673 662
3 662 673 674
3 662 674 651
3 651 674 663
3 663 675 664
3 664 675 676
3 664 676 665
3 665 676 677
3 665 677 666
3 666 677 678
3 666 678 667
3 667 678 679
3 667 679 668
3 668 679 680
3 668 680 669
3 669 680 681
3 669 681 670
3 670 681 682
3 670 682 671
3 671 682 683
3 671 683 672
3 672 683 684
3 672 684 673
3 673 684 685
3 673 685 674
3 674 685 686
3 674 686 663
3 663 686 675
3 687 676 675
3 687 677 676
3 687 678 677
3 687 679 678
3 687 680 679
3 687 681 680
3 687 682 681
3 687 683 682
3 687 684 683
3 687 685 684
3 687 686 685
3 687 675 686
3 688 689 690
3 688 690 691
3 688 691 692
3 688 692 693
3 688 693 694
3 688 694 695
3 688 695 696
3 688 696 697
3 688 697 698
3 688 698 699
3 688 699 700
3 688 700 689
3 689 701 690
3 690 701 702
3 690 702 691
3 691 702 703
3 691 703 692
3 692 703 704
3 692 704 693
3 693 704 705
3 693 705 694
3 694 705 706
3 694 706 695
3 695 706 707
3 695 707 696
3 696 707 708
3 696 708 697
3 697 708 709
3 697 709 698
3 698 709 710
3 698 710 699
3 699 710 711
3 699 711 700
3 700 711 712
3 700 712 689
3 689 712 701
3 701 713 702
3 702 713 714
3 702 714 703
3 703 714 715
3 703 715 704
3 704 715 716
3 704 716 705
3 705 716 717
3 705 717 706
3 706 717 718
3 706 718 707
3 707 718 719
3 707 719 708
3 708 719 720
3 708 720 709
3 709 720 721
3 709 721 710
3 710 721 722
3 710 722 711
3 711 722 723
3 711 723 712
3 712 723 724
3 712 724 701
3 701 724 713
3 713 725 714
3 714 725 726
3 714 726 715
3 715 726 727
3 715 727 716
3 716 727 728
3 716 728 717
3 717 728 729
3 717 729 718
3 718 729 730
3 718 730 719
3 719 730 731
3 719 731 720
3 720 731 732
3 720 732 721
3 721 732 733
3 721 733 722
3 722 733 734
3 722 734 723
3 723 734 735
3 723 735 724
3 724 735 736
3 724 736 713
3 713 736 725
3 725 737 726
3 726 737 738
3 726 738 727
3 727 738 739
3 727 739 728
3 728 739 740
3 728 740 729
3 729 740 741
3 729 741 730
3 730 741 742
3 730 742 731
3 731 742 743
3 731 743 732
3 732 743 744
3 732 744 733
3 733 744 745
3 733 745 734
3 734 745 746
3 734 746 735
3 735 746 747
3 735 747 736
3 736 747 748
3 736 748 725
3 725 748 737
3 737 749 738
3 738 749 750
3 738 750 739
3 739 750 751
3 739 751 740
3 740 751 752
3 740 752 741
3 741 752 753
3 741 753 742
3 742 753 754
3 742 754 743
3 743 754 755
3 743 755 744
3 744 755 756
3 744 756 745
3 745 756 757
3 745 757 746
3 746 757 758
3 746 758 747
3 747 758 759
3 747 759 748
3 748 759 760
3 748 760 737
3 737 760 749
3 749 761 750
3 750 761 762
3 750 762 751
3 751 762 763
3 751 763 752
3 752 763 764
3 752 764 753
3 753 764 765
3 753 765 754
3 754 765 766
3 754 766 755
3 755 766 767
3 755 767 756
3 756 767 768
3 756 768 757
3 757 768 769
3 757 769 758
3 758 769 770
3 758 770 759
3 759 770 771
3 759 771 760
3 760 771 772
3 760 772 749
3 749 772 761
3 773 762 761
3 773 763 762
3 773 764 763
3 773 765 764
3 773 766 765
3 773 767 766
3 773 768 767
3 773 769 768
3 773 770 769
3 773 771 770
3 773 772 771
3 773 761 772
3 774 775 776
3 774 776 777
3 774 777 778
3 774 778 779
3 774 779 780
3 774 780 781
3 774 781 782
3 774 782 783
3 774 783 784
3 774 784 785
3 774 785 786
3 774 786 775
3 775 787 776
3 776 787 788
3 776 788 777
3 777 788 789
3 777 789 778
3 778 789 790
3 778 790 779
3 779 790 791
3 779 791 780
3 780 791 792
3 780 792 781
3 781 792 793
3 781 793 782
3 782 793 794
3 782 794 783
3 783 794 795
3 783 795 784
3 784 795 796
3 784 796 785
3 785 796 797
3 785 797 786
3 786 797 798
3 786 798 775
3 775 798 787
3 787 799 788
3 788 799 800
3 788 800 789
3 789 800 801
3 789 801 790
3 790 801 802
3 790 802 791
3 791 802 803
3 791 803 792
3 792 803 804
3 792 804 793
3 793 804 805
3 793 805 794
3 794 805 806
3 794 806 795
3 795 806 807
3 795 807 796
3 796 807 808
3 796 808 797
3 797 808 809
3 797 809 798
3 798 809 810
3 798 810 787
3 787 810 799
3 799 811 800
3 800 811 812
3 800 812 801
3 801 812 813
3 801 813 802
3 802 813 814
3 802 814 803
3 803 814 815
3 803 815 804
3 804 815 816
3 804 816 805
3 805 816 817
3 805 817 806
3 806 817 818
3 806 818 807
3 807 818 819
3 807 819 808
3 808 819 820
3 808 820 809
3 809 820 821
3 809 821 810
3 810 821 822
3 810 822 799
3 799 822 811
3 811 823 812
3 812 823 824
3 812 824 813
3 813 824 825
3 813 825 814
3 814 825 826
3 814 826 815
3 815 826 827
3 815 827 816
3 816 827 828
3 816 828 817
3 817 828 829
3 817 829 818
3 818 829 830
3 818 830 819
3 819 830 831
3 819 831 820
3 820 831 832
3 820 832 821
3 821 832 833
3 821 833 822
3 822 833 834
3 822 834 811
3 811 834 823
3 823 835 824
3 824 835 836
3 824 836 825
3 825 836 837
3 825 837 826
3 826 837 838
3 826 838 827
3 827 838 839
3 827 839 828
3 828 839 840
3 828 840 829
3 829 840 841
3 829 841 830
3 830 841 842
3 830 842 831
3 831 842 843
3 831 843 832
3 832 843 844
3 832 844 833
3 833 844 845
3 833 845 834
3 834 845 846
3 834 846 823
3 823 846 835
3 835 847 836
3 836 847 848
3 836 848 837
3 837 848 849
3 837 849 838
3 838 849 850
3 838 850 839
3 839 850 851
3 839 851 840
3 840 851 852
3 840 852 841
3 841 852 853
3 841 853 842
3 842 853 854
3 842 854 843
3 843 854 855
3 843 855 844
3 844 855 856
3 844 856 845
3 845 856 857
3 845 857 846
3 846 857 858
3 846 858 835
3 835 858 847
3 859 848 847
3 859 849 848
3 859 850 849
3 859 851 850
3 859 852 851
3 859 853 852
3 859 854 853
3 859 855 854
3 859 856 855
3 859 857 856
3 859 858 857
3 859 847 858
3 860 861 862
3 860 862 863
3 860 863 864
3 860 864 865
3 860 865 866
3 860 866 867
3 860 867 868
3 860 868 869
3 860 869 870
3 860 870 871
3 860 871 872
3 860 872 861
3 861 873 862
3 862 873 874
3 862 874 863
3 863 874 875
3 863 875 864
3 864 875 876
3 864 876 865
3 865 876 877
3 865 877 866
3 866 877 878
3 866 878 867
3 867 878 879
3 867 879 868
3 868 879 880
3 868 880 869
3 869 880 881
3 869 881 870
3 870 881 882
3 870 882 871
3 871 882 883
3 871 883 872
3 872 883 884
3 872 884 861
3 861 884 873
3 873 885 874
3 874 885 886
3 874 886 875
3 875 886 887
3 875 887 876
3 876 887 888
3 876 888 877
3 877 888 889
3 877 889 878
3 878 889 890
3 878 890 879
3 879 890 891
3 879 891 880
3 880 891 892
3 880 892 881
3 881 892 893
3 881 893 882
3 882 893 894
3 882 894 883
3 883 894 895
3 883 895 884
3 884 895 896
3 884 896 873
3 873 896 885
3 885 897 886
3 886 897 898
3 886 898 887
3 887 898 899
3 887 899 888
3 888 899 900
3 888 900 889
3 889 900 901
3 889 901 890
3 890 901 902
3 890 902 891
3 891 902 903
3 891 903 892
3 892 903 904
3 892 904 893
3 893 904 905
3 893 905 894
3 894 905 906
3 894 906 895
3 895 906 907
3 895 907 896
3 896 907 908
3 896 908 885
3 885 908 897
3 897 909 898
3 898 909 910
3 898 910 899
3 899 910 911
3 899 911 900
3 900 911 912
3 900 912 901
3 901 912 913
3 901 913 902
3 902 913 914
3 902 914 903
3 903 914 915
3 903 915 904
3 904 915 916
3 904 916 905
3 905 916 917
3 905 917 906
3 906 917 918
3 906 918 907
3 907 918 919
3 907 919 908
3 908 919 920
3 908 920 897
3 897 920 909
3 909 921 910
3 910 921 922
3 910 922 911
3 911 922 923
3 911 923 912
3 912 923 924
3 912 924 913
3 913 924 925
3 913 925 914
3 914 925 926
3 914 926 915
3 915 926 927
3 915 927 916
3 916 927 928
3 916 928 917
3 917 928 929
3 917 929 918
3 918 929 930
3 918 930 919
3 919 930 931
3 919 931 920
3 920 931 932
3 920 932 909
3 909 932 921
3 921 933 922
3 922 933 934
3 922 934 923
3 923 934 935
3 923 935 924
3 924 935 936
3 924 936 925
3 925 936 937
3 925 937 926
3 926 937 938
3 926 938 927
3 927 938 939
3 927 939 928
3 928 939 940
3 928 940 929
3 929 940 941
3 929 941 930
3 930 941 942
3 930 942 931
3 931 942 943
3 931 943 932
3 932 943 944
3 932 944 921
3 921 944 933
3 945 934 933
3 945 935 934
3 945 936 935
3 945 937 936
3 945 938 937
3 945 939 938
3 945 940 939
3 945 941 940
3 945 942 941
3 945 943 942
3 945 944 943
3 945 933 944
3 946 947 948
3 946 948 949
3 946 949 950
3 946 950 951
3 946 951 952
3 946 952 953
3 946 953 954
3 946 954 955
3 946 955 956
3 946 956 957
3 946 957 958
3 946 958 947
3 947 959 948
3 948 959 960
3 948 960 949
3 949 960 961
3 949 961 950
3 950 961 962
3 950 962 951
3 951 962 963
3 951 963 952
3 952 963 964
3 952 964 953
3 953 964 965
3 953 965 954
3 954 965 966
3 954 966 955
3 955 966 967
3 955 967 956
3 956 967 968
3 956 968 957
3 957 968 969
3 957 969 958
3 958 969 970
3 958 970 947
3 947 970 959
3 959 971 960
3 960 971 972
3 960 972 961
3 961 972 973
3 961 973 962
3 962 973 974
3 962 974 963
3 963 974 975
3 963 975 964
3 964 975 976
3 964 976 965
3 965 976 977
3 965 977 966
3 966 977 978
3 966 978 967
3 967 978 979
3 967 979 968
3 968 979 980
3 968 980 969
3 969 980 981
3 969 981 970
3 970 981 982
3 970 982 959
3 959 982 971
3 971 983 972
3 972 983 984
3 972 984 973
3 973 984 985
3 973 985 974
3 974 985 986
3 974 986 975
3 975 986 987
3 975 987 976
3 976 987 988
3 976 988 977
3 977 988 989
3 977 989 978
3 978 989 990
3 978 990 979
3 979 990 991
3 979 991 980
3 980 991 992
3 980 992 981
3 981 992 993
3 981 993 982
3 982 993 994
3 982 994 971
3 971 994 983
3 983 995 984
3 984 995 996
3 984 996 985
3 985 996 997
3 985 997 986
3 986 997 998
3 986 998 987
3 987 998 999
3 987 999 988
3 988 999 1000
3 988 1000 989
3 989 1000 1001
3 989 1001 990
3 990 1001 1002
3 990 1002 991
3 991 1002 1003
3 991 1003 992
3 992 1003 1004
3 992 1004 993
3 993 1004 1005
3 993 1005 994
3 994 1005 1006
3 994 1006 983
3 983 1006 995
3 995 1007 996
3 996 1007 1008
3 996 1008 997
3 997 1008 1009
3 997 1009 998
3 998 1009 1010
3 998 1010 999
3 999 1010 1011
3 999 1011 1000
3 1000 1011 1012
3 1000 1012 1001
3 1001 1012 1013
3 1001 1013 1002
3 1002 1013 1014
3 1002 1014 1003
3 1003 1014 1015
3 1003 1015 1004
3 1004 1015 1016
3 1004 1016 1005
3 1005 1016 1017
3 1005 1017 1006
3 1006 1017 1018
3 1006 1018 995
3 995 1018 1007
3 1007 1019 1008
3 1008 1019 1020
3 1008 1020 1009
3 1009 1020 1021
3 1009 1021 1010
3 1010 1021 1022
3 1010 1022 1011
3 1011 1022 1023
3 1011 1023 1012
3 1012 1023 1024
3 1012 1024 1013
3 1013 1024 1025
3 1013 1025 1014
3 1014 1025 1026
3 1014 1026 1015
3 1015 1026 1027
3 1015 1027 1016
3 1016 1027 1028
3 1016 1028 1017
3 1017 1028 1029
3 1017 1029 1018
3 1018 1029 1030
3 1018 1030 1007
3 1007 1030 1019
3 1031 1020 1019
3 1031 1021 1020
3 1031 1022 1021
3 1031 1023 1022
3 1031 1024 1023
3 1031 1025 1024
3 1031 1026 1025
3 1031 1027 1026
3 1031 1028 1027
3 1031 1029 1028
3 1031 1030 1029
3 1031 1019 1030
3 1032 1033 1034
3 1032 1034 1035
3 1032 1035 1036
3 1032 1036 1037
3 1032 1037 1038
3 1032 1038 1039
3 1032 1039 1040
3 1032 1040 1041
3 1032 1041 1042
3 1032 1042 1043
3 1032 1043 1044
3 1032 1044 1033
3 1033 1045 1034
3 1034 1045 1046
3 1034 1046 1035
3 1035 1046 1047
3 1035 1047 1036
3 1036 1047 1048
3 1036 1048 1037
3 1037 1048 1049
3 1037 1049 1038
3 1038 1049 1050
3 1038 1050 1039
3 1039 1050 1051
3 1039 1051 1040
3 1040 1051 1052
3 1040 1052 1041
3 1041 1052 1053
3 1041 1053 1042
3 1042 1053 1054
3 1042 1054 1043
3 1043 1054 1055
3 1043 1055 1044
3 1044 1055 1056
3 1044 1056 1033
3 1033 1056 1045
3 1045 1057 1046
3 1046 1057 1058
3 1046 1058 1047
3 1047 1058 1059
3 1047 1059 1048
3 1048 1059 1060
3 1048 1060 1049
3 1049 1060 1061
3 1049 1061 1050
3 1050 1061 1062
3 1050 1062 1051
3 1051 1062 1063
3 1051 1063 1052
3 1052 1063 1064
3 1052 1064 1053
3 1053 1064 1065
3 1053 1065 1054
3 1054 1065 1066
3 1054 1066 1055
3 1055 1066 1067
3 1055 1067 1056
3 1056 1067 1068
3 1056 1068 1045
3 1045 1068 1057
3 1057 1069 1058
3 1058 1069 1070
3 1058 1070 1059
3 1059 1070 1071
3 1059 1071 1060
3 1060 1071 1072
3 1060 1072 1061
3 1061 1072 1073
3 1061 1073 1062
3 1062 1073 1074
3 1062 1074 1063
3 1063 1074 1075
3 1063 1075 1064
3 1064 1075 1076
3 1064 1076 1065
3 1065 1076 1077
3 1065 1077 1066
3 1066 1077 1078
3 1066 1078 1067
3 1067 1078 1079
3 1067 1079 1068
3 1068 1079 1080
3 1068 1080 1057
3 1057 1080 1069
3 1069 1081 1070
3 1070 1081 1082
3 1070 1082 1071
3 1071 1082 1083
3 1071 1083 1072
3 1072 1083 1084
3 1072 1084 1073
3 1073 1084 1085
3 1073 1085 1074
3 1074 1085 1086
3 1074 1086 1075
3 1075 1086 1087
3 1075 1087 1076
3 1076 1087 1088
3 1076 1088 1077
3 1077 1088 1089
3 1077 1089 1078
3 1078 1089 1090
3 1078 1090 1079
3 1079 1090 1091
3 1079 1091 1080
3 1080 1091 1092
3 1080 1092 1069
3 1069 1092 1081
3 1081 1093 1082
3 1082 1093 1094
3 1082 1094 1083
3 1083 1094 1095
3 1083 1095 1084
3 1084 1095 1096
3 1084 1096 1085
3 1085 1096 1097
3 1085 1097 1086
3 1086 1097 1098
3 1086 1098 1087
3 1087 1098 1099
3 1087 1099 1088
3 1088 1099 1100
3 1088 1100 1089
3 1089 1100 1101
3 1089 1101 1090
3 1090 1101 1102
3 1090 1102 1091
3 1091 1102 1103
3 1091 1103 1092
3 1092 1103 1104
3 1092 1104 1081
3 1081 1104 1093
3 1093 1105 1094
3 1094 1105 1106
3 1094 1106 1095
3 1095 1106 1107
3 1095 1107 1096
3 1096 1107 1108
3 1096 1108 1097
3 1097 1108 1109
3 1097 1109 1098
3 1098 1109 1110
3 1098 1110 1099
3 1099 1110 1111
3 1099 1111 1100
3 1100 1111 1112
3 1100 1112 1101
3 1101 1112 1113
3 1101 1113 1102
3 1102 1113 1114
3 1102 1114 1103
3 1103 1114 1115
3 1103 1115 1104
3 1104 1115 1116
3 1104 1116 1093
3 1093 1116 1105
3 1117 1106 1105
3 1117 1107 1106
3 1117 1108 1107
3 1117 1109 1108
3 1117 1110 1109
3 1117 1111 1110
3 1117 1112 1111
3 1117 1113 1112
3 1117 1114 1113
3 1117 1115 1114
3 1117 1116 1115
3 1117 1105 1116
3 1118 1119 1120
3 1118 1120 1121
3 1118 1121 1122
3 1118 1122 1123
3 1118 1123 1124
3 1118 1124 1125
3 1118 1125 1126
3 1118 1126 1127
3 1118 1127 1128
3 1118 1128 1129
3 1118 1129 1130
3 1118 1130 1119
3 1119 1131 1120
3 1120 1131 1132
3 1120 1132 1121
3 1121 1132 1133
3 1121 1133 1122
3 1122 1133 1134
3 1122 1134 1123
3 1123 1134 1135
3 1123 1135 1124
3 1124 1135 1136
3 1124 1136 1125
3 1125 1136 1137
3 1125 1137 1126
3 1126 1137 1138
3 1126 1138 1127
3 1127 1138 1139
3 1127 1139 1128
3 1128 1139 1140
3 1128 1140 1129
3 1129 1140 1141
3 1129 1141 1130
3 1130 1141 1142
3 1130 1142 1119
3 1119 1142 1131
3 1131 1143 1132
3 1132 1143 1144
3 1132 1144 1133
3 1133 1144 1145
3 1133 1145 1134
3 1134 1145 1146
3 1134 1146 1135
3 1135 1146 1147
3 1135 1147 1136
3 1136 1147 1148
3 1136 1148 1137
3 1137 1148 1149
3 1137 1149 1138
3 1138 1149 1150
3 1138 1150 1139
3 1139 1150 1151
3 1139 1151 1140
3 1140 1151 1152
3 1140 1152 1141
3 1141 1152 1153
3 1141 1153 1142
3 1142 1153 1154
3 1142 1154 1131
3 1131 1154 1143
3 1143 1155 1144
3 1144 1155 1156
3 1144 1156 1145
3 1145 1156 1157
3 1145 1157 1146
3 1146 1157 1158
3 1146 1158 1147
3 1147 1158 1159
3 1147 1159 1148
3 1148 1159 1160
3 1148 1160 1149
3 1149 1160 1161
3 1149 1161 1150
3 1150 1161 1162
3 1150 1162 1151
3 1151 1162 1163
3 1151 1163 1152
3 1152 1163 1164
3 1152 1164 1153
3 1153 1164 1165
3 1153 1165 1154
3 1154 1165 1166
3 1154 1166 1143
3 1143 1166 1155
3 1155 1167 1156
3 1156 1167 1168
3 1156 1168 1157
3 1157 1168 1169
3 1157 1169 1158
3 1158 1169 1170
3 1158 1170 1159
3 1159 1170 1171
3 1159 1171 1160
3 1160 1171 1172
3 1160 1172 1161
3 1161 1172 1173
3 1161 1173 1162
3 1162 1173 1174
3 1162 1174 1163
3 1163 1174 1175
3 1163 1175 1164
3 1164 1175 1176
3 1164 1176 1165
3 1165 1176 1177
3 1165 1177 1166
3 1166 1177 1178
3 1166 1178 1155
3 1155 1178 1167
3 1167 1179 1168
3 1168 1179 1180
3 1168 1180 1169
3 1169 1180 1181
3 1169 1181 1170
3 1170 1181 1182
3 1170 1182 1171
3 1171 1182 1183
3 1171 1183 1172
3 1172 1183 1184
3 1172 1184 1173
3 1173 1184 1185
3 1173 1185 1174
3 1174 1185 1186
3 1174 1186 1175
3 1175 1186 1187
3 1175 1187 1176
3 1176 1187 1188
3 1176 1188 1177
3 1177 1188 1189
3 1177 1189 1178
3 1178 1189 1190
3 1178 1190 1167
3 1167 1190 1179
3 1179 1191 1180
3 1180 1191 1192
3 1180 1192 1181
3 1181 1192 1193
3 1181 1193 1182
3 1182 1193 1194
3 1182 1194 1183
3 1183 1194 1195
3 1183 1195 1184
3 1184 1195 1196
3 1184 1196 1185
3 1185 1196 1197
3 1185 1197 1186
3 1186 1197 1198
3 1186 1198 1187
3 1187 1198 1199
3 1187 1199 1188
3 1188 1199 1200
3 1188 1200 1189
3 1189 1200 1201
3 1189 1201 1190
3 1190 1201 1202
3 1190 1202 1179
3 1179 1202 1191
3 1203 1192 1191
3 1203 1193 1192
3 1203 1194 1193
3 1203 1195 1194
3 1203 1196 1195
3 1203 1197 1196
3 1203 1198 1197
3 1203 1199 1198
3 1203 1200 1199
3 1203 1201 1200
3 1203 1202 1201
3 1203 1191 1202
3 1204 1205 1206
3 1204 1206 1207
3 1204 1207 1208
3 1204 1208 1209
3 1204 1209 1210
3 1204 1210 1211
3 1204 1211 1212
3 1204 1212 1213
3 1204 1213 1214
3 1204 1214 1215
3 1204 1215 1216
3 1204 1216 1205
3 1205 1217 1206
3 1206 1217 1218
3 1206 1218 1207
3 1207 1218 1219
3 1207 1219 1208
3 1208 1219 1220
3 1208 1220 1209
3 1209 1220 1221
3 1209 1221 1210
3 1210 1221 1222
3 1210 1222 1211
3 1211 1222 1223
3 1211 1223 1212
3 1212 1223 1224
3 1212 1224 1213
3 1213 1224 1225
3 1213 1225 1214
3 1214 1225 1226
3 1214 1226 1215
3 1215 1226 1227
3 1215 1227 1216
3 1216 1227 1228
3 1216 1228 1205
3 1205 1228 1217
3 1217 1229 1218
3 1218 1229 1230
3 1218 1230 1219
3 1219 1230 1231
3 1219 1231 1220
3 1220 1231 1232
3 1220 1232 1221
3 1221 1232 1233
3 1221 1233 1222
3 1222 1233 1234
3 1222 1234 1223
3 1223 1234 1235
3 1223 1235 1224
3 1224 1235 1236
3 1224 1236 1225
3 1225 1236 1237
3 1225 1237 1226
3 1226 1237 1238
3 1226 1238 1227
3 1227 1238 1239
3 1227 1239 1228
3 1228 1239 1240
3 1228 1240 1217
3 1217 1240 1229
3 1229 1241 1230
3 1230 1241 1242
3 1230 1242 1231
3 1231 1242 1243
3 1231 1243 1232
3 1232 1243 1244
3 1232 1244 1233
3 1233 1244 1245
3 1233 1245 1234
3 1234 1245 1246
3 1234 1246 1235
3 1235 1246 1247
3 1235 1247 1236
3 1236 1247 1248
3 1236 1248 1237
3 1237 1248 1249
3 1237 1249 1238
3 1238 1249 1250
3 1238 1250 1239
3 1239 1250 1251
3 1239 1251 1240
3 1240 1251 1252
3 1240 1252 1229
3 1229 1252 1241
3 1241 1253 1242
3 1242 1253 1254
3 1242 1254 1243
3 1243 1254 1255
3 1243 1255 1244
3 1244 1255 1256
3 1244 1256 1245
3 1245 1256 1257
3 1245 1257 1246
3 1246 1257 1258
3 1246 1258 1247
3 1247 1258 1259
3 1247 1259 1248
3 1248 1259 1260
3 1248 1260 1249
3 1249 1260 1261
3 1249 1261 1250
3 1250 1261 1262
3 1250 1262 1251
3 1251 1262 1263
3 1251 1263 1252
3 1252 1263 1264
3 1252 1264 1241
3 1241 1264 1253
3 1253 1265 1254
3 1254 1265 1266
3 1254 1266 1255
3 1255 1266 1267
3 1255 1267 1256
3 1256 1267 1268
3 1256 1268 1257
3 1257 1268 1269
3 1257 1269 1258
3 1258 1269 1270
3 1258 1270 1259
3 1259 1270 1271
3 1259 1271 1260
3 1260 1271 1272
3 1260 1272 1261
3 1261 1272 1273
3 1261 1273 1262
3 1262 1273 1274
3 1262 1274 1263
3 1263 1274 1275
3 1263 1275 1264
3 1264 1275 1276
3 1264 1276 1253
3 1253 1276 1265
3 1265 1277 1266
3 1266 1277 1278
3 1266 1278 1267
3 1267 1278 1279
3 1267 1279 1268
3 1268 1279 1280
3 1268 1280 1269
3 1269 1280 1281
3 1269 1281 1270
3 1270 1281 1282
3 1270 1282 1271
3 1271 1282 1283
3 1271 1283 1272
3 1272 1283 1284
3 1272 1284 1273
3 1273 1284 1285
3 1273 1285 1274
3 1274 1285 1286
3 1274 1286 1275
3 1275 1286 1287
3 1275 1287 1276
3 1276 1287 1288
3 1276 1288 1265
3 1265 1288 1277
3 1289 1278 1277
3 1289 1279 1278
3 1289 1280 1279
3 1289 1281 1280
3 1289 1282 1281
3 1289 1283 1282
3 1289 1284 1283
3 1289 1285 1284
3 1289 1286 1285
3 1289 1287 1286
3 1289 1288 1287
3 1289 1277 1288
3 1290 1291 1292
3 1290 1292 1293
3 1290 1293 1294
3 1290 1294 1295
3 1290 1295 1296
3 1290 1296 1297
3 1290 1297 1298
3 1290 1298 1299
3 1290 1299 1300
3 1290 1300 1301
3 1290 1301 1302
3 1290 1302 1291
3 1291 1303 1292
3 1292 1303 1304
3 1292 1304 1293
3 1293 1304 1305
3 1293 1305 1294
3 1294 1305 1306
3 1294 1306 1295
3 1295 1306 1307
3 1295 1307 1296
3 1296 1307 1308
3 1296 1308 1297
3 1297 1308 1309
3 1297 1309 1298
3 1298 1309 1310
3 1298 1310 1299
3 1299 1310 1311
3 1299 1311 1300
3 1300 1311 1312
3 1300 1312 1301
3 1301 1312 1313
3 1301 1313 1302
3 1302 1313 1314
3 1302 1314 1291
3 1291 1314 1303
3 1303 1315 1304
3 1304 1315 1316
3 1304 1316 1305
3 1305 1316 1317
3 1305 1317 1306
3 1306 1317 1318
3 1306 1318 1307
3 1307 1318 1319
3 1307 1319 1308
3 1308 1319 1320
3 1308 1320 1309
3 1309 1320 1321
3 1309 1321 1310
3 1310 1321 1322
3 1310 1322 1311
3 1311 1322 1323
3 1311 1323 1312
3 1312 1323 1324
3 1312 1324 1313
3 1313 1324 1325
3 1313 1325 1314
3 1314 1325 1326
3 1314 1326 1303
3 1303 1326 1315
3 1315 1327 1316
3 1316 1327 1328
3 1316 1328 1317
3 1317 1328 1329
3 1317 1329 1318
3 1318 1329 1330
3 1318 1330 1319
3 1319 1330 1331
3 1319 1331 1320
3 1320 1331 1332
3 1320 1332 1321
3 1321 1332 1333
3 1321 1333 1322
3 1322 1333 1334
3 1322 1334 1323
3 1323 1334 1335
3 1323 1335 1324
3 1324 1335 1336
3 1324 1336 1325
3 1325 1336 1337
3 1325 1337 1326
3 1326 1337 1338
3 1326 1338 1315
3 1315 1338 1327
3 1327 1339 1328
3 1328 1339 1340
3 1328 1340 1329
3 1329 1340 1341
3 1329 1341 1330
3 1330 1341 1342
3 1330 1342 1331
3 1331 1342 1343
3 1331 1343 1332
3 1332 1343 1344
3 1332 1344 1333
3 1333 1344 1345
3 1333 1345 1334
3 1334 1345 1346
3 1334 1346 1335
3 1335 1346 1347
3 1335 1347 1336
3 1336 1347 1348
3 1336 1348 1337
3 1337 1348 1349
3 1337 1349 1338
3 1338 1349 1350
3 1338 1350 1327
3 1327 1350 1339
3 1339 1351 1340
3 1340 1351 1352
3 1340 1352 1341
3 1341 1352 1353
3 1341 1353 1342
3 1342 1353 1354
3 1342 1354 1343
3 1343 1354 1355
3 1343 1355 1344
3 1344 1355 1356
3 1344 1356 1345
3 1345 1356 1357
3 1345 1357 1346
3 1346 1357 1358
3 1346 1358 1347
3 1347 1358 1359
3 1347 1359 1348
3 1348 1359 1360
3 1348 1360 1349
3 1349 1360 1361
3 1349 1361 1350
3 1350 1361 1362
3 1350 1362 1339
3 1339 1362 1351
3 1351 1363 1352
3 1352 1363 1364
3 1352 1364 1353
3 1353 1364 1365
3 1353 1365 1354
3 1354 1365 1366
3 1354 1366 1355
3 1355 1366 1367
3 1355 1367 1356
3 1356 1367 1368
3 1356 1368 1357
3 1357 1368 1369
3 1357 1369 1358
3 1358 1369 1370
3 1358 1370 1359
3 1359 1370 1371
3 1359 1371 1360
3 1360 1371 1372
3 1360 1372 1361
3 1361 1372 1373
3 1361 1373 1362
3 1362 1373 1374
3 1362 1374 1351
3 1351 1374 1363
3 1375 1364 1363
3 1375 1365 1364
3 1375 1366 1365
3 1375 1367 1366
3 1375 1368 1367
3 1375 1369 1368
3 1375 1370 1369
3 1375 1371 1370
3 1375 1372 1371
3 1375 1373 1372
3 1375 1374 1373
3 1375 1363 1374
3 1376 1377 1378
3 1376 1378 1379
3 1376 1379 1380
3 1376 1380 1381
3 1376 1381 1382
3 1376 1382 1383
3 1376 1383 1384
3 1376 1384 1385
3 1376 1385 1386
3 1376 1386 1387
3 1376 1387 1388
3 1376 1388 1377
3 1377 1389 1378
3 1378 1389 1390
3 1378 1390 1379
3 1379 1390 1391
3 1379 1391 1380
3 1380 1391 1392
3 1380 1392 1381
3 1381 1392 1393
3 1381 1393 1382
3 1382 1393 1394
3 1382 1394 1383
3 1383 1394 1395
3 1383 1395 1384
3 1384 1395 1396
3 1384 1396 1385
3 1385 1396 1397
3 1385 1397 1386
3 1386 1397 1398
3 1386 1398 1387
3 1387 1398 1399
3 1387 1399 1388
3 1388 1399 1400
3 1388 1400 1377
3 1377 1400 1389
3 1389 1401 1390
3 1390 1401 1402
3 1390 1402 1391
3 1391 1402 1403
3 1391 1403 1392
3 1392 1403 1404
3 1392 1404 1393
3 1393 1404 1405
3 1393 1405 1394
3 1394 1405 1406
3 1394 1406 1395
3 1395 1406 1407
3 1395 1407 1396
3 1396 1407 1408
3 1396 1408 1397
3 1397 1408 1409
3 1397 1409 1398
3 1398 1409 1410
3 1398 1410 1399
3 1399 1410 1411
3 1399 1411 1400
3 1400 1411 1412
3 1400 1412 1389
3 1389 1412 1401
3 1401 1413 1402
3 1402 1413 1414
3 1402 1414 1403
3 1403 1414 1415
3 1403 1415 1404
3 1404 1415 1416
3 1404 1416 1405
3 1405 1416 1417
3 1405 1417 1406
3 1406 1417 1418
3 1406 1418 1407
3 1407 1418 1419
3 1407 1419 1408
3 1408 1419 1420
3 1408 1420 1409
3 1409 1420 1421
3 1409 1421 1410
3 1410 1421 1422
3 1410 1422 1411
3 1411 1422 1423
3 1411 1423 1412
3 1412 1423 1424
3 1412 1424 1401
3 1401 1424 1413
3 1413 1425 1414
3 1414 1425 1426
3 1414 1426 1415
3 1415 1426 1427
3 1415 1427 1416
3 1416 1427 1428
3 1416 1428 1417
3 1417 1428 1429
3 1417 1429 1418
3 1418 1429 1430
3 1418 1430 1419
3 1419 1430 1431
3 1419 1431 1420
3 1420 1431 1432
3 1420 1432 1421
3 1421 1432 1433
3 1421 1433 1422
3 1422 1433 1434
3 1422 1434 1423
3 1423 1434 1435
3 1423 1435 1424
3 1424 1435 1436
3 1424 1436 1413
3 1413 1436 1425
3 1425 1437 1426
3 1426 1437 1438
3 1426 1438 1427
3 1427 1438 1439
3 1427 1439 1428
3 1428 1439 1440
3 1428 1440 1429
3 1429 1440 1441
3 1429 1441 1430
3 1430 1441 1442
3 1430 1442 1431
3 1431 1442 1443
3 1431 1443 1432
3 1432 1443 1444
3 1432 1444 1433
3 1433 1444 1445
3 1433 1445 1434
3 1434 1445 1446
3 1434 1446 1435
3 1435 1446 1447
3 1435 1447 1436
3 1436 1447 1448
3 1436 1448 1425
3 1425 1448 1437
3 1437 1449 1438
3 1438 1449 1450
3 1438 1450 1439
3 1439 1450 1451
3 1439 1451 1440
3 1440 1451 1452
3 1440 1452 1441
3 1441 1452 1453
3 1441 1453 1442
3 1442 1453 1454
3 1442 1454 1443
3 1443 1454 1455
3 1443 1455 1444
3 1444 1455 1456
3 1444 1456 1445
3 1445 1456 1457
3 1445 1457 1446
3 1446 1457 1458
3 1446 1458 1447
3 1447 1458 1459
3 1447 1459 1448
3 1448 1459 1460
3 1448 1460 1437
3 1437 1460 1449
3 1461 1450 1449
3 1461 1451 1450
3 1461 1452 1451
3 1461 1453 1452
3 1461 1454 1453
3 1461 1455 1454
3 1461 1456 1455
3 1461 1457 1456
3 1461 1458 1457
3 1461 1459 1458
3 1461 1460 1459
3 1461 1449 1460
3 1462 1463 1464
3 1462 1464 1465
3 1462 1465 1466
3 1462 1466 1467
3 1462 1467 1468
3 1462 1468 1469
3 1462 1469 1470
3 1462 1470 1471
3 1462 1471 1472
3 1462 1472 1473
3 1462 1473 1474
3 1462 1474 1463
3 1463 1475 1464
3 1464 1475 1476
3 1464 1476 1465
3 1465 1476 1477
3 1465 1477 1466
3 1466 1477 1478
3 1466 1478 1467
3 1467 1478 1479
3 1467 1479 1468
3 1468 1479 1480
3 1468 1480 1469
3 1469 1480 1481
3 1469 1481 1470
3 1470 1481 1482
3 1470 1482 1471
3 1471 1482 1483
3 1471 1483 1472
3 1472 1483 1484
3 1472 1484 1473
3 1473 1484 1485
3 1473 1485 1474
3 1474 1485 1486
3 1474 1486 1463
3 1463 1486 1475
3 1475 1487 1476
3 1476 1487 1488
3 1476 1488 1477
3 1477 1488 1489
3 1477 1489 1478
3 1478 1489 1490
3 1478 1490 1479
3 1479 1490 1491
3 1479 1491 1480
3 1480 1491 1492
3 1480 1492 1481
3 1481 1492 1493
3 1481 1493 1482
3 1482 1493 1494
3 1482 1494 1483
3 1483 1494 1495
3 1483 1495 1484
3 1484 1495 1496
3 1484 1496 1485
3 1485 1496 1497
3 1485 1497 1486
3 1486 1497 1498
3 1486 1498 1475
3 1475 1498 1487
3 1487 1499 1488
3 1488 1499 1500
3 1488 1500 1489
3 1489 1500 1501
3 1489 1501 1490
3 1490 1501 1502
3 1490 1502 1491
3 1491 1502 1503
3 1491 1503 1492
3 1492 1503 1504
3 1492 1504 1493
3 1493 1504 1505
3 1493 1505 1494
3 1494 1505 1506
3 1494 1506 1495
3 1495 1506 1507
3 1495 1507 1496
3 1496 1507 1508
3 1496 1508 1497
3 1497 1508 1509
3 1497 1509 1498
3 1498 1509 1510
3 1498 1510 1487
3 1487 1510 1499
3 1499 1511 1500
3 1500 1511 1512
3 1500 1512 1501
3 1501 1512 1513
3 1501 1513 1502
3 1502 1513 1514
3 1502 1514 1503
3 1503 1514 1515
3 1503 1515 1504
3 1504 1515 1516
3 1504 1516 1505
3 1505 1516 1517
3 1505 1517 1506
3 1506 1517 1518
3 1506 1518 1507
3 1507 1518 1519
3 1507 1519 1508
3 1508 1519 1520
3 1508 1520 1509
3 1509 1520 1521
3 1509 1521 1510
3 1510 1521 1522
3 1510 1522 1499
3 1499 1522 1511
3 1511 1523 1512
3 1512 1523 1524
3 1512 1524 1513
3 1513 1524 1525
3 1513 1525 1514
3 1514 1525 1526
3 1514 1526 1515
3 1515 1526 1527
3 1515 1527 1516
3 1516 1527 1528
3 1516 1528 1517
3 1517 1528 1529
3 1517 1529 1518
3 1518 1529 1530
3 1518 1530 1519
3 1519 1530 1531
3 1519 1531 1520
3 1520 1531 1532
3 1520 1532 1521
3 1521 1532 1533
3 1521 1533 1522
3 1522 1533 1534
3 1522 1534 1511
3 1511 1534 1523
3 1523 1535 1524
3 1524 1535 1536
3 1524 1536 1525
3 1525 1536 1537
3 1525 1537 1526
3 1526 1537 1538
3 1526 1538 1527
3 1527 1538 1539
3 1527 1539 1528
3 1528 1539 1540
3 1528 1540 1529
3 1529 1540 1541
3 1529 1541 1530
3 1530 1541 1542
3 1530 1542 1531
3 1531 1542 1543
3 1531 1543 1532
3 1532 1543 1544
3 1532 1544 1533
3 1533 1544 1545
3 1533 1545 1534
3 1534 1545 1546
3 1534 1546 1523
3 1523 1546 1535
3 1547 1536 1535
3 1547 1537 1536
3 1547 1538 1537
3 1547 1539 1538
3 1547 1540 1539
3 1547 1541 1540
3 1547 1542 1541
3 1547 1543 1542
3 1547 1544 1543
3 1547 1545 1544
3 1547 1546 1545
3 1547 1535 1546
3 1548 1549 1550
3 1548 1550 1551
3 1548 1551 1552
3 1548 1552 1553
3 1548 1553 1554
3 1548 1554 1555
3 1548 1555 1556
3 1548 1556 1557
3 1548 1557 1558
3 1548 1558 1559
3 1548 1559 1560
3 1548 1560 1549
3 1549 1561 1550
3 1550 1561 1562
3 1550 1562 1551
3 1551 1562 1563
3 1551 1563 1552
3 1552 1563 1564
3 1552 1564 1553
3 1553 1564 1565
3 1553 1565 1554
3 1554 1565 1566
3 1554 1566 1555
3 1555 1566 1567
3 1555 1567 1556
3 1556 1567 1568
3 1556 1568 1557
3 1557 1568 1569
3 1557 1569 1558
3 1558 1569 1570
3 1558 1570 1559
3 1559 1570 1571
3 1559 1571 1560
3 1560 1571 1572
3 1560 1572 1549
3 1549 1572 1561
3 1561 1573 1562
3 1562 1573 1574
3 1562 1574 1563
3 1563 1574 1575
3 1563 1575 1564
3 1564 1575 1576
3 1564 1576 1565
3 1565 1576 1577
3 1565 1577 1566
3 1566 1577 1578
3 1566 1578 1567
3 1567 1578 1579
3 1567 1579 1568
3 1568 1579 1580
3 1568 1580 1569
3 1569 1580 1581
3 1569 1581 1570
3 1570 1581 1582
3 1570 1582 1571
3 1571 1582 1583
3 1571 1583 1572
3 1572 1583 1584
3 1572 1584 1561
3 1561 1584 1573
3 1573 1585 1574
3 1574 1585 1586
3 1574 1586 1575
3 1575 1586 1587
3 1575 1587 1576
3 1576 1587 1588
3 1576 1588 1577
3 1577 1588 1589
3 1577 1589 1578
3 1578 1589 1590
3 1578 1590 1579
3 1579 1590 1591
3 1579 1591 1580
3 1580 1591 1592
3 1580 1592 1581
3 1581 1592 1593
3 1581 1593 1582
3 1582 1593 1594
3 1582 1594 1583
3 1583 1594 1595
3 1583 1595 1584
3 1584 1595 1596
3 1584 1596 1573
3 1573 1596 1585
3 1585 1597 1586
3 1586 1597 1598
3 1586 1598 1587
3 1587 1598 1599
3 1587 1599 1588
3 1588 1599 1600
3 1588 1600 1589
3 1589 1600 1601
3 1589 1601 1590
3 1590 1601 1602
3 1590 1602 1591
3 1591 1602 1603
3 1591 1603 1592
3 1592 1603 1604
3 1592 1604 1593
3 1593 1604 1605
3 1593 1605 1594
3 1594 1605 1606
3 1594 1606 1595
3 1595 1606 1607
3 1595 1607 1596
3 1596 1607 1608
3 1596 1608 1585
3 1585 1608 1597
3 1597 1609 1598
3 1598 1609 1610
3 1598 1610 1599
3 1599 1610 1611
3 1599 1611 1600
3 1600 1611 1612
3 1600 1612 1601
3 1601 1612 1613
3 1601 1613 1602
3 1602 1613 1614
3 1602 1614 1603
3 1603 1614 1615
3 1603 1615 1604
3 1604 1615 1616
3 1604 1616 1605
3 1605 1616 1617
3 1605 1617 1606
3 1606 1617 1618
3 1606 1618 1607
3 1607 1618 1619
3 1607 1619 1608
3 1608 1619 1620
3 1608 1620 1597
3 1597 1620 1609
3 1609 1621 1610
3 1610 1621 1622
3 1610 1622 1611
3 1611 1622 1623
3 1611 1623 1612
3 1612 1623 1624
3 1612 1624 1613
3 1613 1624 1625
3 1613 1625 1614
3 1614 1625 1626
3 1614 1626 1615
3 1615 1626 1627
3 1615 1627 1616
3 1616 1627 1628
3 1616 1628 1617
3 1617 1628 1629
3 1617 1629 1618
3 1618 1629 1630
3 1618 1630 1619
3 1619 1630 1631
3 1619 1631 1620
3 1620 1631 1632
3 1620 1632 1609
3 1609 1632 1621
3 1633 1622 1621
3 1633 1623 1622
3 1633 1624 1623
3 1633 1625 1624
3 1633 1626 1625
3 1633 1627 1626
3 1633 1628 1627
3 1633 1629 1628
3 1633 1630 1629
3 1633 1631 1630
3 1633 1632 1631
3 1633 1621 1632
3 1634 1635 1636
3 1634 1636 1637
3 1634 1637 1638
3 1634 1638 1639
3 1634 1639 1640
3 1634 1640 1641
3 1634 1641 1642
3 1634 1642 1643
3 1634 1643 1644
3 1634 1644 1645
3 1634 1645 1646
3 1634 1646 1635
3 1635 1647 1636
3 1636 1647 1648
3 1636 1648 1637
3 1637 1648 1649
3 1637 1649 1638
3 1638 1649 1650
3 1638 1650 1639
3 1639 1650 1651
3 1639 1651 1640
3 1640 1651 1652
3 1640 1652 1641
3 1641 1652 1653
3 1641 1653 1642
3 1642 1653 1654
3 1642 1654 1643
3 1643 1654 1655
3 1643 1655 1644
3 1644 1655 1656
3 1644 1656 1645
3 1645 1656 1657
3 1645 1657 1646
3 1646 1657 1658
3 1646 1658 1635
3 1635 1658 1647
3 1647 1659 1648
3 1648 1659 1660
3 1648 1660 1649
3 1649 1660 1661
3 1649 1661 1650
3 1650 1661 1662
3 1650 1662 1651
3 1651 1662 1663
3 1651 1663 1652
3 1652 1663 1664
3 1652 1664 1653
3 1653 1664 1665
3 1653 1665 1654
3 1654 1665 1666
3 1654 1666 1655
3 1655 1666 1667
3 1655 1667 1656
3 1656 1667 1668
3 1656 1668 1657
3 1657 1668 1669
3 1657 1669 1658
3 1658 1669 1670
3 1658 1670 1647
3 1647 1670 1659
3 1659 1671 1660
3 1660 1671 1672
3 1660 1672 1661
3 1661 1672 1673
3 1661 1673 1662
3 1662 1673 1674
3 1662 1674 1663
3 1663 1674 1675
3 1663 1675 1664
3 1664 1675 1676
3 1664 1676 1665
3 1665 1676 1677
3 1665 1677 1666
3 1666 1677 1678
3 1666 1678 1667
3 1667 1678 1679
3 1667 1679 1668
3 1668 1679 1680
3 1668 1680 1669
3 1669 1680 1681
3 1669 1681 1670
3 1670 1681 1682
3 1670 1682 1659
3 1659 1682 1671
3 1671 1683 1672
3 1672 1683 1684
3 1672 1684 1673
3 1673 1684 1685
3 1673 1685 1674
3 1674 1685 1686
3 1674 1686 1675
3 1675 1686 1687
3 1675 1687 1676
3 1676 1687 1688
3 1676 1688 1677
3 1677 1688 1689
3 1677 1689 1678
3 1678 1689 1690
3 1678 1690 1679
3 1679 1690 1691
3 1679 1691 1680
3 1680 1691 1692
3 1680 1692 1681
3 1681 1692 1693
3 1681 1693 1682
3 1682 1693 1694
3 1682 1694 1671
3 1671 1694 1683
3 1683 1695 1684
3 1684 1695 1696
3 1684 1696 1685
3 1685 1696 1697
3 1685 1697 1686
3 1686 1697 1698
3 1686 1698 1687
3 1687 1698 1699
3 1687 1699 1688
3 1688 1699 1700
3 1688 1700 1689
3 1689 1700 1701
3 1689 1701 1690
3 1690 1701 1702
3 1690 1702 1691
3 1691 1702 1703
3 1691 1703 1692
3 1692 1703 1704
3 1692 1704 1693
3 1693 1704 1705
3 1693 1705 1694
3 1694 1705 1706
3 1694 1706 1683
3 1683 1706 1695
3 1695 1707 1696
3 1696 1707 1708
3 1696 1708 1697
3 1697 1708 1709
3 1697 1709 1698
3 1698 1709 1710
3 1698 1710 1699
3 1699 1710 1711
3 1699 1711 1700
3 1700 1711 1712
3 1700 1712 1701
3 1701 1712 1713
3 1701 1713 1702
3 1702 1713 1714
3 1702 1714 1703
3 1703 1714 1715
3 1703 1715 1704
3 1704 1715 1716
3 1704 1716 1705
3 1705 1716 1717
3 1705 1717 1706
3 1706 1717 1718
3 1706 1718 1695
3 1695 1718 1707
3 1719 1708 1707
3 1719 1709 1708
3 1719 1710 1709
3 1719 1711 1710
3 1719 1712 1711
3 1719 1713 1712
3 1719 1714 1713
3 1719 1715 1714
3 1719 1716 1715
3 1719 1717 1716
3 1719 1718 1717
3 1719 1707 1718
3 1720 1721 1722
3 1720 1722 1723
3 1720 1723 1724
3 1720 1724 1725
3 1720 1725 1726
3 1720 1726 1727
3 1720 1727 1728
3 1720 1728 1729
3 1720 1729 1730
3 1720 1730 1731
3 1720 1731 1732
3 1720 1732 1721
3 1721 1733 1722
3 1722 1733 1734
3 1722 1734 1723
3 1723 1734 1735
3 1723 1735 1724
3 1724 1735 1736
3 1724 1736 1725
3 1725 1736 1737
3 1725 1737 1726
3 1726 1737 1738
3 1726 1738 1727
3 1727 1738 1739
3 1727 1739 1728
3 1728 1739 1740
3 1728 1740 1729
3 1729 1740 1741
3 1729 1741 1730
3 1730 1741 1742
3 1730 1742 1731
3 1731 1742 1743
3 1731 1743 1732
3 1732 1743 1744
3 1732 1744 1721
3 1721 1744 1733
3 1733 1745 1734
3 1734 1745 1746
3 1734 1746 1735
3 1735 1746 1747
3 1735 1747 1736
3 1736 1747 1748
3 1736 1748 1737
3 1737 1748 1749
3 1737 1749 1738
3 1738 1749 1750
3 1738 1750 1739
3 1739 1750 1751
3 1739 1751 1740
3 1740 1751 1752
3 1740 1752 1741
3 1741 1752 1753
3 1741 1753 1742
3 1742 1753 1754
3 1742 1754 1743
3 1743 1754 1755
3 1743 1755 1744
3 1744 1755 1756
3 1744 1756 1733
3 1733 1756 1745
3 1745 1757 1746
3 1746 1757 1758
3 1746 1758 1747
3 1747 1758 1759
3 1747 1759 1748
3 1748 1759 1760
3 1748 1760 1749
3 1749 1760 1761
3 1749 1761 1750
3 1750 1761 1762
3 1750 1762 1751
3 1751 1762 1763
3 1751 1763 1752
3 1752 1763 1764
3 1752 1764 1753
3 1753 1764 1765
3 1753 1765 1754
3 1754 1765 1766
3 1754 1766 1755
3 1755 1766 1767
3 1755 1767 1756
3 1756 1767 1768
3 1756 1768 1745
3 1745 1768 1757
3 1757 1769 1758
3 1758 1769 1770
3 1758 1770 1759
3 1759 1770 1771
3 1759 1771 1760
3 1760 1771 1772
3 1760 1772 1761
3 1761 1772 1773
3 1761 1773 1762
3 1762 1773 1774
3 1762 1774 1763
3 1763 1774 1775
3 1763 1775 1764
3 1764 1775 1776
3 1764 1776 1765
3 1765 1776 1777
3 1765 1777 1766
3 1766 1777 1778
3 1766 1778 1767
3 1767 1778 1779
3 1767 1779 1768
3 1768 1779 1780
3 1768 1780 1757
3 1757 1780 1769
3 1769 1781 1770
3 1770 1781 1782
3 1770 1782 1771
3 1771 1782 1783
3 1771 1783 1772
3 1772 1783 1784
3 1772 1784 1773
3 1773 1784 1785
3 1773 1785 1774
3 1774 1785 1786
3 1774 1786 1775
3 1775 1786 1787
3 1775 1787 1776
3 1776 1787 1788
3 1776 1788 1777
3 1777 1788 1789
3 1777 1789 1778
3 1778 1789 1790
3 1778 1790 1779
3 1779 1790 1791
3 1779 1791 1780
3 1780 1791 1792
3 1780 1792 1769
3 1769 1792 1781
3 1781 1793 1782
3 1782 1793 1794
3 1782 1794 1783
3 1783 1794 1795
3 1783 1795 1784
3 1784 1795 1796
3 1784 1796 1785
3 1785 1796 1797
3 1785 1797 1786
3 1786 1797 1798
3 1786 1798 1787
3 1787 1798 1799
3 1787 1799 1788
3 1788 1799 1800
3 1788 1800 1789
3 1789 1800 1801
3 1789 1801 1790
3 1790 1801 1802
3 1790 1802 1791
3 1791 1802 1803
3 1791 1803 1792
3 1792 1803 1804
3 1792 1804 1781
3 1781 1804 1793
3 1805 1794 1793
3 1805 1795 1794
3 1805 1796 1795
3 1805 1797 1796
3 1805 1798 1797
3 1805 1799 1798
3 1805 1800 1799
3 1805 1801 1800
3 1805 1802 1801
3 1805 1803 1802
3 1805 1804 1803
3 1805 1793 1804
3 1806 1807 1808
3 1806 1808 1809
3 1806 1809 1810
3 1806 1810 1811
3 1806 1811 1812
3 1806 1812 1813
3 1806 1813 1814
3 1806 1814 1815
3 1806 1815 1816
3 1806 1816 1817
3 1806 1817 1818
3 1806 1818 1807
3 1807 1819 1808
3 1808 1819 1820
3 1808 1820 1809
3 1809 1820 1821
3 1809 1821 1810
3 1810 1821 1822
3 1810 1822 1811
3 1811 1822 1823
3 1811 1823 1812
3 1812 1823 1824
3 1812 1824 1813
3 1813 1824 1825
3 1813 1825 1814
3 1814 1825 1826
3 1814 1826 1815
3 1815 1826 1827
3 1815 1827 1816
3 1816 1827 1828
3 1816 1828 1817
3 1817 1828 1829
3 1817 1829 1818
3 1818 1829 1830
3 1818 1830 1807
3 1807 1830 1819
3 1819 1831 1820
3 1820 1831 1832
3 1820 1832 1821
3 1821 1832 1833
3 1821 1833 1822
3 1822 1833 1834
3 1822 1834 1823
3 1823 1834 1835
3 1823 1835 1824
3 1824 1835 1836
3 1824 1836 1825
3 1825 1836 1837
3 1825 1837 1826
3 1826 1837 1838
3 1826 1838 1827
3 1827 1838 1839
3 1827 1839 1828
3 1828 1839 1840
3 1828 1840 1829
3 1829 1840 1841
3 1829 1841 1830
3 1830 1841 1842
3 1830 1842 1819
3 1819 1842 1831
3 1831 1843 1832
3 1832 1843 1844
3 1832 1844 1833
3 1833 1844 1845
3 1833 1845 1834
3 1834 1845 1846
3 1834 1846 1835
3 1835 1846 1847
3 1835 1847 1836
3 1836 1847 1848
3 1836 1848 1837
3 1837 1848 1849
3 1837 1849 1838
3 1838 1849 1850
3 1838 1850 1839
3 1839 1850 1851
3 1839 1851 1840
3 1840 1851 1852
3 1840 1852 1841
3 1841 1852 1853
3 1841 1853 1842
3 1842 1853 1854
3 1842 1854 1831
3 1831 1854 1843
3 1843 1855 1844
3 1844 1855 1856
3 1844 1856 1845
3 1845 1856 1857
3 1845 1857 1846
3 1846 1857 1858
3 1846 1858 1847
3 1847 1858 1859
3 1847 1859 1848
3 1848 1859 1860
3 1848 1860 1849
3 1849 1860 1861
3 1849 1861 1850
3 1850 1861 1862
3 1850 1862 1851
3 1851 1862 1863
3 1851 1863 1852
3 1852 1863 1864
3 1852 1864 1853
3 1853 1864 1865
3 1853 1865 1854
3 1854 1865 1866
3 1854 1866 1843
3 1843 1866 1855
3 1855 1867 1856
3 1856 1867 1868
3 1856 1868 1857
3 1857 1868 1869
3 1857 1869 1858
3 1858 1869 1870
3 1858 1870 1859
3 1859 1870 1871
3 1859 1871 1860
3 1860 1871 1872
3 1860 1872 1861
3 1861 1872 1873
3 1861 1873 1862
3 1862 1873 1874
3 1862 1874 1863
3 1863 1874 1875
3 1863 1875 1864
3 1864 1875 1876
3 1864 1876 1865
3 1865 1876 1877
3 1865 1877 1866
3 1866 1877 1878
3 1866 1878 1855
3 1855 1878 1867
3 1867 1879 1868
3 1868 1879 1880
3 1868 1880 1869
3 1869 1880 1881
3 1869 1881 1870
3 1870 1881 1882
3 1870 1882 1871
3 1871 1882 1883
3 1871 1883 1872
3 1872 1883 1884
3 1872 1884 1873
3 1873 1884 1885
3 1873 1885 1874
3 1874 1885 1886
3 1874 1886 1875
3 1875 1886 1887
3 1875 1887 1876
3 1876 1887 1888
3 1876 1888 1877
3 1877 1888 1889
3 1877 1889 1878
3 1878 1889 1890
3 1878 1890 1867
3 1867 1890 1879
3 1891 1880 1879
3 1891 1881 1880
3 1891 1882 1881
3 1891 1883 1882
3 1891 1884 1883
3 1891 1885 1884
3 1891 1886 1885
3 1891 1887 1886
3 1891 1888 1887
3 1891 1889 1888
3 1891 1890 1889
3 1891 1879 1890
3 1892 1893 1894
3 1892 1894 1895
3 1892 1895 1896
3 1892 1896 1897
3 1892 1897 1898
3 1892 1898 1899
3 1892 1899 1900
3 1892 1900 1901
3 1892 1901 1902
3 1892 1902 1903
3 1892 1903 1904
3 1892 1904 1893
3 1893 1905 1894
3 1894 1905 1906
3 1894 1906 1895
3 1895 1906 1907
3 1895 1907 1896
3 1896 1907 1908
3 1896 1908 1897
3 1897 1908 1909
3 1897 1909 1898
3 1898 1909 1910
3 1898 1910 1899
3 1899 1910 1911
3 1899 1911 1900
3 1900 1911 1912
3 1900 1912 1901
3 1901 1912 1913
3 1901 1913 1902
3 1902 1913 1914
3 1902 1914 1903
3 1903 1914 1915
3 1903 1915 1904
3 1904 1915 1916
3 1904 1916 1893
3 1893 1916 1905
3 1905 1917 1906
3 1906 1917 1918
3 1906 1918 1907
3 1907 1918 1919
3 1907 1919 1908
3 1908 1919 1920
3 1908 1920 1909
3 1909 1920 1921
3 1909 1921 1910
3 1910 1921 1922
3 1910 1922 1911
3 1911 1922 1923
3 1911 1923 1912
3 1912 1923 1924
3 1912 1924 1913
3 1913 1924 1925
3 1913 1925 1914
3 1914 1925 1926
3 1914 1926 1915
3 1915 1926 1927
3 1915 1927 1916
3 1916 1927 1928
3 1916 1928 1905
3 1905 1928 1917
3 1917 1929 1918
3 1918 1929 1930
3 1918 1930 1919
3 1919 1930 1931
3 1919 1931 1920
3 1920 1931 1932
3 1920 1932 1921
3 1921 1932 1933
3 1921 1933 1922
3 1922 1933 1934
3 1922 1934 1923
3 1923 1934 1935
3 1923 1935 1924
3 1924 1935 1936
3 1924 1936 1925
3 1925 1936 1937
3 1925 1937 1926
3 1926 1937 1938
3 1926 1938 1927
3 1927 1938 1939
3 1927 1939 1928
3 1928 1939 1940
3 1928 1940 1917
3 1917 1940 1929
3 1929 1941 1930
3 1930 1941 1942
3 1930 1942 1931
3 1931 1942 1943
3 1931 1943 1932
3 1932 1943 1944
3 1932 1944 1933
3 1933 1944 1945
3 1933 1945 1934
3 1934 1945 1946
3 1934 1946 1935
3 1935 1946 1947
3 1935 1947 1936
3 1936 1947 1948
3 1936 1948 1937
3 1937 1948 1949
3 1937 1949 1938
3 1938 1949 1950
3 1938 1950 1939
3 1939 1950 1951
3 1939 1951 1940
3 1940 1951 1952
3 1940 1952 1929
3 1929 1952 1941
3 1941 1953 1942
3 1942 1953 1954
3 1942 1954 1943
3 1943 1954 1955
3 1943 1955 1944
3 1944 1955 1956
3 1944 1956 1945
3 1945 1956 1957
3 1945 1957 1946
3 1946 1957 1958
3 1946 1958 1947
3 1947 1958 1959
3 1947 1959 1948
3 1948 1959 1960
3 1948 1960 1949
3 1949 1960 1961
3 1949 1961 1950
3 1950 1961 1962
3 1950 1962 1951
3 1951 1962 1963
3 1951 1963 1952
3 1952 1963 1964
3 1952 1964 1941
3 1941 1964 1953
3 1953 1965 1954
3 1954 1965 1966
3 1954 1966 1955
3 1955 1966 1967
3 1955 1967 1956
3 1956 1967 1968
3 1956 1968 1957
3 1957 1968 1969
3 1957 1969 1958
3 1958 1969 1970
3 1958 1970 1959
3 1959 1970 1971
3 1959 1971 1960
3 1960 1971 1972
3 1960 1972 1961
3 1961 1972 1973
3 1961 1973 1962
3 1962 1973 1974
3 1962 1974 1963
3 1963 1974 1975
3 1963 1975 1964
3 1964 1975 1976
3 1964 1976 1953
3 1953 1976 1965
3 1977 1966 1965
3 1977 1967 1966
3 1977 1968 1967
3 1977 1969 1968
3 1977 1970 1969
3 1977 1971 1970
3 1977 1972 1971
3 1977 1973 1972
3 1977 1974 1973
3 1977 1975 1974
3 1977 1976 1975
3 1977 1965 1976
3 1978 1979 1980
3 1978 1980 1981
3 1978 1981 1982
3 1978 1982 1983
3 1978 1983 1984
3 1978 1984 1985
3 1978 1985 1986
3 1978 1986 1987
3 1978 1987 1988
3 1978 1988 1989
3 1978 1989 1990
3 1978 1990 1979
3 1979 1991 1980
3 1980 1991 1992
3 1980 1992 1981
3 1981 1992 1993
3 1981 1993 1982
3 1982 1993 1994
3 1982 1994 1983
3 1983 1994 1995
3 1983 1995 1984
3 1984 1995 1996
3 1984 1996 1985
3 1985 1996 1997
3 1985 1997 1986
3 1986 1997 1998
3 1986 1998 1987
3 1987 1998 1999
3 1987 1999 1988
3 1988 1999 2000
3 1988 2000 1989
3 1989 2000 2001
3 1989 2001 1990
3 1990 2001 2002
3 1990 2002 1979
3 1979 2002 1991
3 1991 2003 1992
3 1992 2003 2004
3 1992 2004 1993
3 1993 2004 2005
3 1993 2005 1994
3 1994 2005 2006
3 1994 2006 1995
3 1995 2006 2007
3 1995 2007 1996
3 1996 2007 2008
3 1996 2008 1997
3 1997 2008 2009
3 1997 2009 1998
3 1998 2009 2010
3 1998 2010 1999
3 1999 2010 2011
3 1999 2011 2000
3 2000 2011 2012
3 2000 2012 2001
3 2001 2012 2013
3 2001 2013 2002
3 2002 2013 2014
3 2002 2014 1991
3 1991 2014 2003
3 2003 2015 2004
3 2004 2015 2016
3 2004 2016 2005
3 2005 2016 2017
3 2005 2017 2006
3 2006 2017 2018
3 2006 2018 2007
3 2007 2018 2019
3 2007 2019 2008
3 2008 2019 2020
3 2008 2020 2009
3 2009 2020 2021
3 2009 2021 2010
3 2010 2021 2022
3 2010 2022 2011
3 2011 2022 2023
3 2011 2023 2012
3 2012 2023 2024
3 2012 2024 2013
3 2013 2024 2025
3 2013 2025 2014
3 2014 2025 2026
3 2014 2026 2003
3 2003 2026 2015
3 2015 2027 2016
3 2016 2027 2028
3 2016 2028 2017
3 2017 2028 2029
3 2017 2029 2018
3 2018 2029 2030
3 2018 2030 2019
3 2019 2030 2031
3 2019 2031 2020
3 2020 2031 2032
3 2020 2032 2021
3 2021 2032 2033
3 2021 2033 2022
3 2022 2033 2034
3 2022 2034 2023
3 2023 2034 2035
3 2023 2035 2024
3 2024 2035 2036
3 2024 2036 2025
3 2025 2036 2037
3 2025 2037 2026
3 2026 2037 2038
3 2026 2038 2015
3 2015 2038 2027
3 2027 2039 2028
3 2028 2039 2040
3 2028 2040 2029
3 2029 2040 2041
3 2029 2041 2030
3 2030 2041 2042
3 2030 2042 2031
3 2031 2042 2043
3 2031 2043 2032
3 2032 2043 2044
3 2032 2044 2033
3 2033 2044 2045
3 2033 2045 2034
3 2034 2045 2046
3 2034 2046 2035
3 2035 2046 2047
3 2035 2047 2036
3 2036 2047 2048
3 2036 2048 2037
3 2037 2048 2049
3 2037 2049 2038
3 2038 2049 2050
3 2038 2050 2027
3 2027 2050 2039
3 2039 2051 2040
3 2040 2051 2052
3 2040 2052 2041
3 2041 2052 2053
3 2041 2053 2042
3 2042 2053 2054
3 2042 2054 2043
3 2043 2054 2055
3 2043 2055 2044
3 2044 2055 2056
3 2044 2056 2045
3 2045 2056 2057
3 2045 2057 2046
3 2046 2057 2058
3 2046 2058 2047
3 2047 2058 2059
3 2047 2059 2048
3 2048 2059 2060
3 2048 2060 2049
3 2049 2060 2061
3 2049 2061 2050
3 2050 2061 2062
3 2050 2062 2039
3 2039 2062 2051
3 2063 2052 2051
3 2063 2053 2052
3 2063 2054 2053
3 2063 2055 2054
3 2063 2056 2055
3 2063 2057 2056
3 2063 2058 2057
3 2063 2059 2058
3 2063 2060 2059
3 2063 2061 2060
3 2063 2062 2061
3 2063 2051 2062
3 2064 2065 2066
3 2064 2066 2067
3 2064 2067 2068
3 2064 2068 2069
3 2064 2069 2070
3 2064 2070 2071
3 2064 2071 2072
3 2064 2072 2073
3 2064 2073 2074
3 2064 2074 2075
3 2064 2075 2076
3 2064 2076 2065
3 2065 2077 2066
3 2066 2077 2078
3 2066 2078 2067
3 2067 2078 2079
3 2067 2079 2068
3 2068 2079 2080
3 2068 2080 2069
3 2069 2080 2081
3 2069 2081 2070
3 2070 2081 2082
3 2070 2082 2071
3 2071 2082 2083
3 2071 2083 2072
3 2072 2083 2084
3 2072 2084 2073
3 2073 2084 2085
3 2073 2085 2074
3 2074 2085 2086
3 2074 2086 2075
3 2075 2086 2087
3 2075 2087 2076
3 2076 2087 2088
3 2076 2088 2065
3 2065 2088 2077
3 2077 2089 2078
3 2078 2089 2090
3 2078 2090 2079
3 2079 2090 2091
3 2079 2091 2080
3 2080 2091 2092
3 2080 2092 2081
3 2081 2092 2093
3 2081 2093 2082
3 2082 2093 2094
3 2082 2094 2083
3 2083 2094 2095
3 2083 2095 2084
3 2084 2095 2096
3 2084 2096 2085
3 2085 2096 2097
3 2085 2097 2086
3 2086 2097 2098
3 2086 2098 2087
3 2087 2098 2099
3 2087 2099 2088
3 2088 2099 2100
3 2088 2100 2077
3 2077 2100 2089
3 2089 2101 2090
3 2090 2101 2102
3 2090 2102 2091
3 2091 2102 2103
3 2091 2103 2092
3 2092 2103 2104
3 2092 2104 2093
3 2093 2104 2105
3 2093 2105 2094
3 2094 2105 2106
3 2094 2106 2095
3 2095 2106 2107
3 2095 2107 2096
3 2096 2107 2108
3 2096 2108 2097
3 2097 2108 2109
3 2097 2109 2098
3 2098 2109 2110
3 2098 2110 2099
3 2099 2110 2111
3 2099 2111 2100
3 2100 2111 2112
3 2100 2112 2089
3 2089 2112 2101
3 2101 2113 2102
3 2102 2113 2114
3 2102 2114 2103
3 2103 2114 2115
3 2103 2115 2104
3 2104 2115 2116
3 2104 2116 2105
3 2105 2116 2117
3 2105 2117 2106
3 2106 2117 2118
3 2106 2118 2107
3 2107 2118 2119
3 2107 2119 2108
3 2108 2119 2120
3 2108 2120 2109
3 2109 2120 2121
3 2109 2121 2110
3 2110 2121 2122
3 2110 2122 2111
3 2111 2122 2123
3 2111 2123 2112
3 2112 2123 2124
3 2112 2124 2101
3 2101 2124 2113
3 2113 2125 2114
3 2114 2125 2126
3 2114 2126 2115
3 2115 2126 2127
3 2115 2127 2116
3 2116 2127 2128
3 2116 2128 2117
3 2117 2128 2129
3 2117 2129 2118
3 2118 2129 2130
3 2118 2130 2119
3 2119 2130 2131
3 2119 2131 2120
3 2120 2131 2132
3 2120 2132 2121
3 2121 2132 2133
3 2121 2133 2122
3 2122 2133 2134
3 2122 2134 2123
3 2123 2134 2135
3 2123 2135 2124
3 2124 2135 2136
3 2124 2136 2113
3 2113 2136 2125
3 2125 2137 2126
3 2126 2137 2138
3 2126 2138 2127
3 2127 2138 2139
3 2127 2139 2128
3 2128 2139 2140
3 2128 2140 2129
3 2129 2140 2141
3 2129 2141 2130
3 2130 2141 2142
3 2130 2142 2131
3 2131 2142 2143
3 2131 2143 2132
3 2132 2143 2144
3 2132 2144 2133
3 2133 2144 2145
3 2133 2145 2134
3 2134 2145 2146
3 2134 2146 2135
3 2135 2146 2147
3 2135 2147 2136
3 2136 2147 2148
3 2136 2148 2125
3 2125 2148 2137
3 2149 2138 2137
3 2149 2139 2138
3 2149 2140 2139
3 2149 2141 2140
3 2149 2142 2141
3 2149 2143 2142
3 2149 2144 2143
3 2149 2145 2144
3 2149 2146 2145
3 2149 2147 2146
3 2149 2148 2147
3 2149 2137 2148
3 2150 2151 2152
3 2150 2152 2153
3 2150 2153 2154
3 2150 2154 2155
3 2150 2155 2156
3 2150 2156 2157
3 2150 2157 2158
3 2150 2158 2159
3 2150 2159 2160
3 2150 2160 2161
3 2150 2161 2162
3 2150 2162 2151
3 2151 2163 2152
3 2152 2163 2164
3 2152 2164 2153
3 2153 2164 2165
3 2153 2165 2154
3 2154 2165 2166
3 2154 2166 2155
3 2155 2166 2167
3 2155 2167 2156
3 2156 2167 2168
3 2156 2168 2157
3 2157 2168 2169
3 2157 2169 2158
3 2158 2169 2170
3 2158 2170 2159
3 2159 2170 2171
3 2159 2171 2160
3 2160 2171 2172
3 2160 2172 2161
3 2161 2172 2173
3 2161 2173 2162
3 2162 2173 2174
3 2162 2174 2151
3 2151 2174 2163
3 2163 2175 2164
3 2164 2175 2176
3 2164 2176 2165
3 2165 2176 2177
3 2165 2177 2166
3 2166 2177 2178
3 2166 2178 2167
3 2167 2178 2179
3 2167 2179 2168
3 2168 2179 2180
3 2168 2180 2169
3 2169 2180 2181
3 2169 2181 2170
3 2170 2181 2182
3 2170 2182 2171
3 2171 2182 2183
3 2171 2183 2172
3 2172 2183 2184
3 2172 2184 2173
3 2173 2184 2185
3 2173 2185 2174
3 2174 2185 2186
3 2174 2186 2163
3 2163 2186 2175
3 2175 2187 2176
3 2176 2187 2188
3 2176 2188 2177
3 2177 2188 2189
3 2177 2189 2178
3 2178 2189 2190
3 2178 2190 2179
3 2179 2190 2191
3 2179 2191 2180
3 2180 2191 2192
3 2180 2192 2181
3 2181 2192 2193
3 2181 2193 2182
3 2182 2193 2194
3 2182 2194 2183
3 2183 2194 2195
3 2183 2195 2184
3 2184 2195 2196
3 2184 2196 2185
3 2185 2196 2197
3 2185 2197 2186
3 2186 2197 2198
3 2186 2198 2175
3 2175 2198 2187
3 2187 2199 2188
3 2188 2199 2200
3 2188 2200 2189
3 2189 2200 2201
3 2189 2201 2190
3 2190 2201 2202
3 2190 2202 2191
3 2191 2202 2203
3 2191 2203 2192
3 2192 2203 2204
3 2192 2204 2193
3 2193 2204 2205
3 2193 2205 2194
3 2194 2205 2206
3 2194 2206 2195
3 2195 2206 2207
3 2195 2207 2196
3 2196 2207 2208
3 2196 2208 2197
3 2197 2208 2209
3 2197 2209 2198
3 2198 2209 2210
3 2198 2210 2187
3 2187 2210 2199
3 2199 2211 2200
3 2200 2211 2212
3 2200 2212 2201
3 2201 2212 2213
3 2201 2213 2202
3 2202 2213 2214
3 2202 2214 2203
3 2203 2214 2215
3 2203 2215 2204
3 2204 2215 2216
3 2204 2216 2205
3 2205 2216 2217
3 2205 2217 2206
3 2206 2217 2218
3 2206 2218 2207
3 2207 2218 2219
3 2207 2219 2208
3 2208 2219 2220
3 2208 2220 2209
3 2209 2220 2221
3 2209 2221 2210
3 2210 2221 2222
3 2210 2222 2199
3 2199 2222 2211
3 2211 2223 2212
3 2212 2223 2224
3 2212 2224 2213
3 2213 2224 2225
3 2213 2225 2214
3 2214 2225 2226
3 2214 2226 2215
3 2215 2226 2227
3 2215 2227 2216
3 2216 2227 2228
3 2216 2228 2217
3 2217 2228 2229
3 2217 2229 2218
3 2218 2229 2230
3 2218 2230 2219
3 2219 2230 2231
3 2219 2231 2220
3 2220 2231 2232
3 2220 2232 2221
3 2221 2232 2233
3 2221 2233 2222
3 2222 2233 2234
3 2222 2234 2211
3 2211 2234 2223
3 2235 2224 2223
3 2235 2225 2224
3 2235 2226 2225
3 2235 2227 2226
3 2235 2228 2227
3 2235 2229 2228
3 2235 2230 2229
3 2235 2231 2230
3 2235 2232 2231
3 2235 2233 2232
3 2235 2234 2233
3 2235 2223 2234
3 2236 2237 2238
3 2236 2238 2239
3 2236 2239 2240
3 2236 2240 2241
3 2236 2241 2242
3 2236 2242 2243
3 2236 2243 2244
3 2236 2244 2245
3 2236 2245 2246
3 2236 2246 2247
3 2236 2247 2248
3 2236 2248 2237
3 2237 2249 2238
3 2238 2249 2250
3 2238 2250 2239
3 2239 2250 2251
3 2239 2251 2240
3 2240 2251 2252
3 2240 2252 2241
3 2241 2252 2253
3 2241 2253 2242
3 2242 2253 2254
3 2242 2254 2243
3 2243 2254 2255
3 2243 2255 2244
3 2244 2255 2256
3 2244 2256 2245
3 2245 2256 2257
3 2245 2257 2246
3 2246 2257 2258
3 2246 2258 2247
3 2247 2258 2259
3 2247 2259 2248
3 2248 2259 2260
3 2248 2260 2237
3 2237 2260 2249
3 2249 2261 2250
3 2250 2261 2262
3 2250 2262 2251
3 2251 2262 2263
3 2251 2263 2252
3 2252 2263 2264
3 2252 2264 2253
3 2253 2264 2265
3 2253 2265 2254
3 2254 2265 2266
3 2254 2266 2255
3 2255 2266 2267
3 2255 2267 2256
3 2256 2267 2268
3 2256 2268 2257
3 2257 2268 2269
3 2257 2269 2258
3 2258 2269 2270
3 2258 2270 2259
3 2259 2270 2271
3 2259 2271 2260
3 2260 2271 2272
3 2260 2272 2249
3 2249 2272 2261
3 2261 2273 2262
3 2262 2273 2274
3 2262 2274 2263
3 2263 2274 2275
3 2263 2275 2264
3 2264 2275 2276
3 2264 2276 2265
3 2265 2276 2277
3 2265 2277 2266
3 2266 2277 2278
3 2266 2278 2267
3 2267 2278 2279
3 2267 2279 2268
3 2268 2279 2280
3 2268 2280 2269
3 2269 2280 2281
3 2269 2281 2270
3 2270 2281 2282
3 2270 2282 2271
3 2271 2282 2283
3 2271 2283 2272
3 2272 2283 2284
3 2272 2284 2261
3 2261 2284 2273
3 2273 2285 2274
3 2274 2285 2286
3 2274 2286 2275
3 2275 2286 2287
3 2275 2287 2276
3 2276 2287 2288
3 2276 2288 2277
3 2277 2288 2289
3 2277 2289 2278
3 2278 2289 2290
3 2278 2290 2279
3 2279 2290 2291
3 2279 2291 2280
3 2280 2291 2292
3 2280 2292 2281
3 2281 2292 2293
3 2281 2293 2282
3 2282 2293 2294
3 2282 2294 2283
3 2283 2294 2295
3 2283 2295 2284
3 2284 2295 2296
3 2284 2296 2273
3 2273 2296 2285
3 2285 2297 2286
3 2286 2297 2298
3 2286 2298 2287
3 2287 2298 2299
3 2287 2299 2288
3 2288 2299 2300
3 2288 2300 2289
3 2289 2300 2301
3 2289 2301 2290
3 2290 2301 2302
3 2290 2302 2291
3 2291 2302 2303
3 2291 2303 2292
3 2292 2303 2304
3 2292 2304 2293
3 2293 2304 2305
3 2293 2305 2294
3 2294 2305 2306
3 2294 2306 2295
3 2295 2306 2307
3 2295 2307 2296
3 2296 2307 2308
3 2296 2308 2285
3 2285 2308 2297
3 2297 2309 2298
3 2298 2309 2310
3 2298 2310 2299
3 2299 2310 2311
3 2299 2311 2300
3 2300 2311 2312
3 2300 2312 2301
3 2301 2312 2313
3 2301 2313 2302
3 2302 2313 2314
3 2302 2314 2303
3 2303 2314 2315
3 2303 2315 2304
3 2304 2315 2316
3 2304 2316 2305
3 2305 2316 2317
3 2305 2317 2306
3 2306 2317 2318
3 2306 2318 2307
3 2307 2318 2319
3 2307 2319 2308
3 2308 2319 2320
3 2308 2320 2297
3 2297 2320 2309
3 2321 2310 2309
3 2321 2311 2310
3 2321 2312 2311
3 2321 2313 2312
3 2321 2314 2313
3 2321 2315 2314
3 2321 2316 2315
3 2321 2317 2316
3 2321 2318 2317
3 2321 2319 2318
3 2321 2320 2319
3 2321 2309 2320
3 2322 2323 2324
3 2322 2324 2325
3 2322 2325 2326
3 2322 2326 2327
3 2322 2327 2328
3 2322 2328 2329
3 2322 2329 2330
3 2322 2330 2331
3 2322 2331 2332
3 2322 2332 2333
3 2322 2333 2334
3 2322 2334 2323
3 2323 2335 2324
3 2324 2335 2336
3 2324 2336 2325
3 2325 2336 2337
3 2325 2337 2326
3 2326 2337 2338
3 2326 2338 2327
3 2327 2338 2339
3 2327 2339 2328
3 2328 2339 2340
3 2328 2340 2329
3 2329 2340 2341
3 2329 2341 2330
3 2330 2341 2342
3 2330 2342 2331
3 2331 2342 2343
3 2331 2343 2332
3 2332 2343 2344
3 2332 2344 2333
3 2333 2344 2345
3 2333 2345 2334
3 2334 2345 2346
3 2334 2346 2323
3 2323 2346 2335
3 2335 2347 2336
3 2336 2347 2348
3 2336 2348 2337
3 2337 2348 2349
3 2337 2349 2338
3 2338 2349 2350
3 2338 2350 2339
3 2339 2350 2351
3 2339 2351 2340
3 2340 2351 2352
3 2340 2352 2341
3 2341 2352 2353
3 2341 2353 2342
3 2342 2353 2354
3 2342 2354 2343
3 2343 2354 2355
3 2343 2355 2344
3 2344 2355 2356
3 2344 2356 2345
3 2345 2356 2357
3 2345 2357 2346
3 2346 2357 2358
3 2346 2358 2335
3 2335 2358 2347
3 2347 2359 2348
3 2348 2359 2360
3 2348 2360 2349
3 2349 2360 2361
3 2349 2361 2350
3 2350 2361 2362
3 2350 2362 2351
3 2351 2362 2363
3 2351 2363 2352
3 2352 2363 2364
3 2352 2364 2353
3 2353 2364 2365
3 2353 2365 2354
3 2354 2365 2366
3 2354 2366 2355
3 2355 2366 2367
3 2355 2367 2356
3 2356 2367 2368
3 2356 2368 2357
3 2357 2368 2369
3 2357 2369 2358
3 2358 2369 2370
3 2358 2370 2347
3 2347 2370 2359
3 2359 2371 2360
3 2360 2371 2372
3 2360 2372 2361
3 2361 2372 2373
3 2361 2373 2362
3 2362 2373 2374
3 2362 2374 2363
3 2363 2374 2375
3 2363 2375 2364
3 2364 2375 2376
3 2364 2376 2365
3 2365 2376 2377
3 2365 2377 2366
3 2366 2377 2378
3 2366 2378 2367
3 2367 2378 2379
3 2367 2379 2368
3 2368 2379 2380
3 2368 2380 2369
3 2369 2380 2381
3 2369 2381 2370
3 2370 2381 2382
3 2370 2382 2359
3 2359 2382 2371
3 2371 2383 2372
3 2372 2383 2384
3 2372 2384 2373
3 2373 2384 2385
3 2373 2385 2374
3 2374 2385 2386
3 2374 2386 2375
3 2375 2386 2387
3 2375 2387 2376
3 2376 2387 2388
3 2376 2388 2377
3 2377 2388 2389
3 2377 2389 2378
3 2378 2389 2390
3 2378 2390 2379
3 2379 2390 2391
3 2379 2391 2380
3 2380 2391 2392
3 2380 2392 2381
3 2381 2392 2393
3 2381 2393 2382
3 2382 2393 2394
3 2382 2394 2371
3 2371 2394 2383
3 2383 2395 2384
3 2384 2395 2396
3 2384 2396 2385
3 2385 2396 2397
3 2385 2397 2386
3 2386 2397 2398
3 2386 2398 2387
3 2387 2398 2399
3 2387 2399 2388
3 2388 2399 2400
3 2388 2400 2389
3 2389 2400 2401
3 2389 2401 2390
3 2390 2401 2402
3 2390 2402 2391
3 2391 2402 2403
3 2391 2403 2392
3 2392 2403 2404
3 2392 2404 2393
3 2393 2404 2405
3 2393 2405 2394
3 2394 2405 2406
3 2394 2406 2383
3 2383 2406 2395
3 2407 2396 2395
3 2407 2397 2396
3 2407 2398 2397
3 2407 2399 2398
3 2407 2400 2399
3 2407 2401 2400
3 2407 2402 2401
3 2407 2403 2402
3 2407 2404 2403
3 2407 2405 2404
3 2407 2406 2405
3 2407 2395 2406
3 2408 2409 2410
3 2408 2410 2411
3 2408 2411 2412
3 2408 2412 2413
3 2408 2413 2414
3 2408 2414 2415
3 2408 2415 2416
3 2408 2416 2417
3 2408 2417 2418
3 2408 2418 2419
3 2408 2419 2420
3 2408 2420 2409
3 2409 2421 2410
3 2410 2421 2422
3 2410 2422 2411
3 2411 2422 2423
3 2411 2423 2412
3 2412 2423 2424
3 2412 2424 2413
3 2413 2424 2425
3 2413 2425 2414
3 2414 2425 2426
3 2414 2426 2415
3 2415 2426 2427
3 2415 2427 2416
3 2416 2427 2428
3 2416 2428 2417
3 2417 2428 2429
3 2417 2429 2418
3 2418 2429 2430
3 2418 2430 2419
3 2419 2430 2431
3 2419 2431 2420
3 2420 2431 2432
3 2420 2432 2409
3 2409 2432 2421
3 2421 2433 2422
3 2422 2433 2434
3 2422 2434 2423
3 2423 2434 2435
3 2423 2435 2424
3 2424 2435 2436
3 2424 2436 2425
3 2425 2436 2437
3 2425 2437 2426
3 2426 2437 2438
3 2426 2438 2427
3 2427 2438 2439
3 2427 2439 2428
3 2428 2439 2440
3 2428 2440 2429
3 2429 2440 2441
3 2429 2441 2430
3 2430 2441 2442
3 2430 2442 2431
3 2431 2442 2443
3 2431 2443 2432
3 2432 2443 2444
3 2432 2444 2421
3 2421 2444 2433
3 2433 2445 2434
3 2434 2445 2446
3 2434 2446 2435
3 2435 2446 2447
3 2435 2447 2436
3 2436 2447 2448
3 2436 2448 2437
3 2437 2448 2449
3 2437 2449 2438
3 2438 2449 2450
3 2438 2450 2439
3 2439 2450 2451
3 2439 2451 2440
3 2440 2451 2452
3 2440 2452 2441
3 2441 2452 2453
3 2441 2453 2442
3 2442 2453 2454
3 2442 2454 2443
3 2443 2454 2455
3 2443 2455 2444
3 2444 2455 2456
3 2444 2456 2433
3 2433 2456 2445
3 2445 2457 2446
3 2446 2457 2458
3 2446 2458 2447
3 2447 2458 2459
3 2447 2459 2448
3 2448 2459 2460
3 2448 2460 2449
3 2449 2460 2461
3 2449 2461 2450
3 2450 2461 2462
3 2450 2462 2451
3 2451 2462 2463
3 2451 2463 2452
3 2452 2463 2464
3 2452 2464 2453
3 2453 2464 2465
3 2453 2465 2454
3 2454 2465 2466
3 2454 2466 2455
3 2455 2466 2467
3 2455 2467 2456
3 2456 2467 2468
3 2456 2468 2445
3 2445 2468 2457
3 2457 2469 2458
3 2458 2469 2470
3 2458 2470 2459
3 2459 2470 2471
3 2459 2471 2460
3 2460 2471 2472
3 2460 2472 2461
3 2461 2472 2473
3 2461 2473 2462
3 2462 2473 2474
3 2462 2474 2463
3 2463 2474 2475
3 2463 2475 2464
3 2464 2475 2476
3 2464 2476 2465
3 2465 2476 2477
3 2465 2477 2466
3 2466 2477 2478
3 2466 2478 2467
3 2467 2478 2479
3 2467 2479 2468
3 2468 2479 2480
3 2468 2480 2457
3 2457 2480 2469
3 2469 2481 2470
3 2470 2481 2482
3 2470 2482 2471
3 2471 2482 2483
3 2471 2483 2472
3 2472 2483 2484
3 2472 2484 2473
3 2473 2484 2485
3 2473 2485 2474
3 2474 2485 2486
3 2474 2486 2475
3 2475 2486 2487
3 2475 2487 2476
3 2476 2487 2488
3 2476 2488 2477
3 2477 2488 2489
3 2477 2489 2478
3 2478 2489 2490
3 2478 2490 2479
3 2479 2490 2491
3 2479 2491 2480
3 2480 2491 2492
3 2480 2492 2469
3 2469 2492 2481
3 2493 2482 2481
3 2493 2483 2482
3 2493 2484 2483
3 2493 2485 2484
3 2493 2486 2485
3 2493 2487 2486
3 2493 2488 2487
3 2493 2489 2488
3 2493 2490 2489
3 2493 2491 2490
3 2493 2492 2491
3 2493 2481 2492
3 2494 2495 2496
3 2494 2496 2497
3 2494 2497 2498
3 2494 2498 2499
3 2494 2499 2500
3 2494 2500 2501
3 2494 2501 2502
3 2494 2502 2503
3 2494 2503 2504
3 2494 2504 2505
3 2494 2505 2506
3 2494 2506 2495
3 2495 2507 2496
3 2496 2507 2508
3 2496 2508 2497
3 2497 2508 2509
3 2497 2509 2498
3 2498 2509 2510
3 2498 2510 2499
3 2499 2510 2511
3 2499 2511 2500
3 2500 2511 2512
3 2500 2512 2501
3 2501 2512 2513
3 2501 2513 2502
3 2502 2513 2514
3 2502 2514 2503
3 2503 2514 2515
3 2503 2515 2504
3 2504 2515 2516
3 2504 2516 2505
3 2505 2516 2517
3 2505 2517 2506
3 2506 2517 2518
3 2506 2518 2495
3 2495 2518 2507
3 2507 2519 2508
3 2508 2519 2520
3 2508 2520 2509
3 2509 2520 2521
3 2509 2521 2510
3 2510 2521 2522
3 2510 2522 2511
3 2511 2522 2523
3 2511 2523 2512
3 2512 2523 2524
3 2512 2524 2513
3 2513 2524 2525
3 2513 2525 2514
3 2514 2525 2526
3 2514 2526 2515
3 2515 2526 2527
3 2515 2527 2516
3 2516 2527 2528
3 2516 2528 2517
3 2517 2528 2529
3 2517 2529 2518
3 2518 2529 2530
3 2518 2530 2507
3 2507 2530 2519
3 2519 2531 2520
3 2520 2531 2532
3 2520 2532 2521
3 2521 2532 2533
3 2521 2533 2522
3 2522 2533 2534
3 2522 2534 2523
3 2523 2534 2535
3 2523 2535 2524
3 2524 2535 2536
3 2524 2536 2525
3 2525 2536 2537
3 2525 2537 2526
3 2526 2537 2538
3 2526 2538 2527
3 2527 2538 2539
3 2527 2539 2528
3 2528 2539 2540
3 2528 2540 2529
3 2529 2540 2541
3 2529 2541 2530
3 2530 2541 2542
3 2530 2542 2519
3 2519 2542 2531
3 2531 2543 2532
3 2532 2543 2544
3 2532 2544 2533
3 2533 2544 2545
3 2533 2545 2534
3 2534 2545 2546
3 2534 2546 2535
3 2535 2546 2547
3 2535 2547 2536
3 2536 2547 2548
3 2536 2548 2537
3 2537 2548 2549
3 2537 2549 2538
3 2538 2549 2550
3 2538 2550 2539
3 2539 2550 2551
3 2539 2551 2540
3 2540 2551 2552
3 2540 2552 2541
3 2541 2552 2553
3 2541 2553 2542
3 2542 2553 2554
3 2542 2554 2531
3 2531 2554 2543
3 2543 2555 2544
3 2544 2555 2556
3 2544 2556 2545
3 2545 2556 2557
3 2545 2557 2546
3 2546 2557 2558
3 2546 2558 2547
3 2547 2558 2559
3 2547 2559 2548
3 2548 2559 2560
3 2548 2560 2549
3 2549 2560 2561
3 2549 2561 2550
3 2550 2561 2562
3 2550 2562 2551
3 2551 2562 2563
3 2551 2563 2552
3 2552 2563 2564
3 2552 2564 2553
3 2553 2564 2565
3 2553 2565 2554
3 2554 2565 2566
3 2554 2566 2543
3 2543 2566 2555
3 2555 2567 2556
3 2556 2567 2568
3 2556 2568 2557
3 2557 2568 2569
3 2557 2569 2558
3 2558 2569 2570
3 2558 2570 2559
3 2559 2570 2571
3 2559 2571 2560
3 2560 2571 2572
3 2560 2572 2561
3 2561 2572 2573
3 2561 2573 2562
3 2562 2573 2574
3 2562 2574 2563
3 2563 2574 2575
3 2563 2575 2564
3 2564 2575 2576
3 2564 2576 2565
3 2565 2576 2577
3 2565 2577 2566
3 2566 2577 2578
3 2566 2578 2555
3 2555 2578 2567
3 2579 2568 2567
3 2579 2569 2568
3 2579 2570 2569
3 2579 2571 2570
3 2579 2572 2571
3 2579 2573 2572
3 2579 2574 2573
3 2579 2575 2574
3 2579 2576 2575
3 2579 2577 2576
3 2579 2578 2577
3 2579 2567 2578
3 2580 2581 2582
3 2580 2582 2583
3 2580 2583 2584
3 2580 2584 2585
3 2580 2585 2586
3 2580 2586 2587
3 2580 2587 2588
3 2580 2588 2589
3 2580 2589 2590
3 2580 2590 2591
3 2580 2591 2592
3 2580 2592 2581
3 2581 2593 2582
3 2582 2593 2594
3 2582 2594 2583
3 2583 2594 2595
3 2583 2595 2584
3 2584 2595 2596
3 2584 2596 2585
3 2585 2596 2597
3 2585 2597 2586
3 2586 2597 2598
3 2586 2598 2587
3 2587 2598 2599
3 2587 2599 2588
3 2588 2599 2600
3 2588 2600 2589
3 2589 2600 2601
3 2589 2601 2590
3 2590 2601 2602
3 2590 2602 2591
3 2591 2602 2603
3 2591 2603 2592
3 2592 2603 2604
3 2592 2604 2581
3 2581 2604 2593
3 2593 2605 2594
3 2594 2605 2606
3 2594 2606 2595
3 2595 2606 2607
3 2595 2607 2596
3 2596 2607 2608
3 2596 2608 2597
3 2597 2608 2609
3 2597 2609 2598
3 2598 2609 2610
3 2598 2610 2599
3 2599 2610 2611
3 2599 2611 2600
3 2600 2611 2612
3 2600 2612 2601
3 2601 2612 2613
3 2601 2613 2602
3 2602 2613 2614
3 2602 2614 2603
3 2603 2614 2615
3 2603 2615 2604
3 2604 2615 2616
3 2604 2616 2593
3 2593 2616 2605
3 2605 2617 2606
3 2606 2617 2618
3 2606 2618 2607
3 2607 2618 2619
3 2607 2619 2608
3 2608 2619 2620
3 2608 2620 2609
3 2609 2620 2621
3 2609 2621 2610
3 2610 2621 2622
3 2610 2622 2611
3 2611 2622 2623
3 2611 2623 2612
3 2612 2623 2624
3 2612 2624 2613
3 2613 2624 2625
3 2613 2625 2614
3 2614 2625 2626
3 2614 2626 2615
3 2615 2626 2627
3 2615 2627 2616
3 2616 2627 2628
3 2616 2628 2605
3 2605 2628 2617
3 2617 2629 2618
3 2618 2629 2630
3 2618 2630 2619
3 2619 2630 2631
3 2619 2631 2620
3 2620 2631 2632
3 2620 2632 2621
3 2621 2632 2633
3 2621 2633 2622
3 2622 2633 2634
3 2622 2634 2623
3 2623 2634 2635
3 2623 2635 2624
3 2624 2635 2636
3 2624 2636 2625
3 2625 2636 2637
3 2625 2637 2626
3 2626 2637 2638
3 2626 2638 2627
3 2627 2638 2639
3 2627 2639 2628
3 2628 2639 2640
3 2628 2640 2617
3 2617 2640 2629
3 2629 2641 2630
3 2630 2641 2642
3 2630 2642 2631
3 2631 2642 2643
3 2631 2643 2632
3 2632 2643 2644
3 2632 2644 2633
3 2633 2644 2645
3 2633 2645 2634
3 2634 2645 2646
3 2634 2646 2635
3 2635 2646 2647
3 2635 2647 2636
3 2636 2647 2648
3 2636 2648 2637
3 2637 2648 2649
3 2637 2649 2638
3 2638 2649 2650
3 2638 2650 2639
3 2639 2650 2651
3 2639 2651 2640
3 2640 2651 2652
3 2640 2652 2629
3 2629 2652 2641
3 2641 2653 2642
3 2642 2653 2654
3 2642 2654 2643
3 2643 2654 2655
3 2643 2655 2644
3 2644 2655 2656
3 2644 2656 2645
3 2645 2656 2657
3 2645 2657 2646
3 2646 2657 2658
3 2646 2658 2647
3 2647 2658 2659
3 2647 2659 2648
3 2648 2659 2660
3 2648 2660 2649
3 2649 2660 2661
3 2649 2661 2650
3 2650 2661 2662
3 2650 2662 2651
3 2651 2662 2663
3 2651 2663 2652
3 2652 2663 2664
3 2652 2664 2641
3 2641 2664 2653
3 2665 2654 2653
3 2665 2655 2654
3 2665 2656 2655
3 2665 2657 2656
3 2665 2658 2657
3 2665 2659 2658
3 2665 2660 2659
3 2665 2661 2660
3 2665 2662 2661
3 2665 2663 2662
3 2665 2664 2663
3 2665 2653 2664
3 2666 2667 2668
3 2666 2668 2669
3 2666 2669 2670
3 2666 2670 2671
3 2666 2671 2672
3 2666 2672 2673
3 2666 2673 2674
3 2666 2674 2675
3 2666 2675 2676
3 2666 2676 2677
3 2666 2677 2678
3 2666 2678 2667
3 2667 2679 2668
3 2668 2679 2680
3 2668 2680 2669
3 2669 2680 2681
3 2669 2681 2670
3 2670 2681 2682
3 2670 2682 2671
3 2671 2682 2683
3 2671 2683 2672
3 2672 2683 2684
3 2672 2684 2673
3 2673 2684 2685
3 2673 2685 2674
3 2674 2685 2686
3 2674 2686 2675
3 2675 2686 2687
3 2675 2687 2676
3 2676 2687 2688
3 2676 2688 2677
3 2677 2688 2689
3 2677 2689 2678
3 2678 2689 2690
3 2678 2690 2667
3 2667 2690 2679
3 2679 2691 2680
3 2680 2691 2692
3 2680 2692 2681
3 2681 2692 2693
3 2681 2693 2682
3 2682 2693 2694
3 2682 2694 2683
3 2683 2694 2695
3 2683 2695 2684
3 2684 2695 2696
3 2684 2696 2685
3 2685 2696 2697
3 2685 2697 2686
3 2686 2697 2698
3 2686 2698 2687
3 2687 2698 2699
3 2687 2699 2688
3 2688 2699 2700
3 2688 2700 2689
3 2689 2700 2701
3 2689 2701 2690
3 2690 2701 2702
3 2690 2702 2679
3 2679 2702 2691
3 2691 2703 2692
3 2692 2703 2704
3 2692 2704 2693
3 2693 2704 2705
3 2693 2705 2694
3 2694 2705 2706
3 2694 2706 2695
3 2695 2706 2707
3 2695 2707 2696
3 2696 2707 2708
3 2696 2708 2697
3 2697 2708 2709
3 2697 2709 2698
3 2698 2709 2710
3 2698 2710 2699
3 2699 2710 2711
3 2699 2711 2700
3 2700 2711 2712
3 2700 2712 2701
3 2701 2712 2713
3 2701 2713 2702
3 2702 2713 2714
3 2702 2714 2691
3 2691 2714 2703
3 2703 2715 2704
3 2704 2715 2716
3 2704 2716 2705
3 2705 2716 2717
3 2705 2717 2706
3 2706 2717 2718
3 2706 2718 2707
3 2707 2718 2719
3 2707 2719 2708
3 2708 2719 2720
3 2708 2720 2709
3 2709 2720 2721
3 2709 2721 2710
3 2710 2721 2722
3 2710 2722 2711
3 2711 2722 2723
3 2711 2723 2712
3 2712 2723 2724
3 2712 2724 2713
3 2713 2724 2725
3 2713 2725 2714
3 2714 2725 2726
3 2714 2726 2703
3 2703 2726 2715
3 2715 2727 2716
3 2716 2727 2728
3 2716 2728 2717
3 2717 2728 2729
3 2717 2729 2718
3 2718 2729 2730
3 2718 2730 2719
3 2719 2730 2731
3 2719 2731 2720
3 2720 2731 2732
3 2720 2732 2721
3 2721 2732 2733
3 2721 2733 2722
3 2722 2733 2734
3 2722 2734 2723
3 2723 2734 2735
3 2723 2735 2724
3 2724 2735 2736
3 2724 2736 2725
3 2725 2736 2737
3 2725 2737 2726
3 2726 2737 2738
3 2726 2738 2715
3 2715 2738 2727
3 2727 2739 2728
3 2728 2739 2740
3 2728 2740 2729
3 2729 2740 2741
3 2729 2741 2730
3 2730 2741 2742
3 2730 2742 2731
3 2731 2742 2743
3 2731 2743 2732
3 2732 2743 2744
3 2732 2744 2733
3 2733 2744 2745
3 2733 2745 2734
3 2734 2745 2746
3 2734 2746 2735
3 2735 2746 2747
3 2735 2747 2736
3 2736 2747 2748
3 2736 2748 2737
3 2737 2748 2749
3 2737 2749 2738
3 2738 2749 2750
3 2738 2750 2727
3 2727 2750 2739
3 2751 2740 2739
3 2751 2741 2740
3 2751 2742 2741
3 2751 2743 2742
3 2751 2744 2743
3 2751 2745 2744
3 2751 2746 2745
3 2751 2747 2746
3 2751 2748 2747
3 2751 2749 2748
3 2751 2750 2749
3 2751 2739 2750
3 2752 2753 2754
3 2752 2754 2755
3 2752 2755 2756
3 2752 2756 2757
3 2752 2757 2758
3 2752 2758 2759
3 2752 2759 2760
3 2752 2760 2761
3 2752 2761 2762
3 2752 2762 2763
3 2752 2763 2764
3 2752 2764 2753
3 2753 2765 2754
3 2754 2765 2766
3 2754 2766 2755
3 2755 2766 2767
3 2755 2767 2756
3 2756 2767 2768
3 2756 2768 2757
3 2757 2768 2769
3 2757 2769 2758
3 2758 2769 2770
3 2758 2770 2759
3 2759 2770 2771
3 2759 2771 2760
3 2760 2771 2772
3 2760 2772 2761
3 2761 2772 2773
3 2761 2773 2762
3 2762 2773 2774
3 2762 2774 2763
3 2763 2774 2775
3 2763 2775 2764
3 2764 2775 2776
3 2764 2776 2753
3 2753 2776 2765
3 2765 2777 2766
3 2766 2777 2778
3 2766 2778 2767
3 2767 2778 2779
3 2767 2779 2768
3 2768 2779 2780
3 2768 2780 2769
3 2769 2780 2781
3 2769 2781 2770
3 2770 2781 2782
3 2770 2782 2771
3 2771 2782 2783
3 2771 2783 2772
3 2772 2783 2784
3 2772 2784 2773
3 2773 2784 2785
3 2773 2785 2774
3 2774 2785 2786
3 2774 2786 2775
3 2775 2786 2787
3 2775 2787 2776
3 2776 2787 2788
3 2776 2788 2765
3 2765 2788 2777
3 2777 2789 2778
3 2778 2789 2790
3 2778 2790 2779
3 2779 2790 2791
3 2779 2791 2780
3 2780 2791 2792
3 2780 2792 2781
3 2781 2792 2793
3 2781 2793 2782
3 2782 2793 2794
3 2782 2794 2783
3 2783 2794 2795
3 2783 2795 2784
3 2784 2795 2796
3 2784 2796 2785
3 2785 2796 2797
3 2785 2797 2786
3 2786 2797 2798
3 2786 2798 2787
3 2787 2798 2799
3 2787 2799 2788
3 2788 2799 2800
3 2788 2800 2777
3 2777 2800 2789
3 2789 2801 2790
3 2790 2801 2802
3 2790 2802 2791
3 2791 2802 2803
3 2791 2803 2792
3 2792 2803 2804
3 2792 2804 2793
3 2793 2804 2805
3 2793 2805 2794
3 2794 2805 2806
3 2794 2806 2795
3 2795 2806 2807
3 2795 2807 2796
3 2796 2807 2808
3 2796 2808 2797
3 2797 2808 2809
3 2797 2809 2798
3 2798 2809 2810
3 2798 2810 2799
3 2799 2810 2811
3 2799 2811 2800
3 2800 2811 2812
3 2800 2812 2789
3 2789 2812 2801
3 2801 2813 2802
3 2802 2813 2814
3 2802 2814 2803
3 2803 2814 2815
3 2803 2815 2804
3 2804 2815 2816
3 2804 2816 2805
3 2805 2816 2817
3 2805 2817 2806
3 2806 2817 2818
3 2806 2818 2807
3 2807 2818 2819
3 2807 2819 2808
3 2808 2819 2820
3 2808 2820 2809
3 2809 2820 2821
3 2809 2821 2810
3 2810 2821 2822
3 2810 2822 2811
3 2811 2822 2823
3 2811 2823 2812
3 2812 2823 2824
3 2812 2824 2801
3 2801 2824 2813
3 2813 2825 2814
3 2814 2825 2826
3 2814 2826 2815
3 2815 2826 2827
3 2815 2827 2816
3 2816 2827 2828
3 2816 2828 2817
3 2817 2828 2829
3 2817 2829 2818
3 2818 2829 2830
3 2818 2830 2819
3 2819 2830 2831
3 2819 2831 2820
3 2820 2831 2832
3 2820 2832 2821
3 2821 2832 2833
3 2821 2833 2822
3 2822 2833 2834
3 2822 2834 2823
3 2823 2834 2835
3 2823 2835 2824
3 2824 2835 2836
3 2824 2836 2813
3 2813 2836 2825
3 2837 2826 2825
3 2837 2827 2826
3 2837 2828 2827
3 2837 2829 2828
3 2837 2830 2829
3 2837 2831 2830
3 2837 2832 2831
3 2837 2833 2832
3 2837 2834 2833
3 2837 2835 2834
3 2837 2836 2835
3 2837 2825 2836
3 2838 2839 2840
3 2838 2840 2841
3 2838 2841 2842
3 2838 2842 2843
3 2838 2843 2844
3 2838 2844 2845
3 2838 2845 2846
3 2838 2846 2847
3 2838 2847 2848
3 2838 2848 2849
3 2838 2849 2850
3 2838 2850 2839
3 2839 2851 2840
3 2840 2851 2852
3 2840 2852 2841
3 2841 2852 2853
3 2841 2853 2842
3 2842 2853 2854
3 2842 2854 2843
3 2843 2854 2855
3 2843 2855 2844
3 2844 2855 2856
3 2844 2856 2845
3 2845 2856 2857
3 2845 2857 2846
3 2846 2857 2858
3 2846 2858 2847
3 2847 2858 2859
3 2847 2859 2848
3 2848 2859 2860
3 2848 2860 2849
3 2849 2860 2861
3 2849 2861 2850
3 2850 2861 2862
3 2850 2862 2839
3 2839 2862 2851
3 2851 2863 2852
3 2852 2863 2864
3 2852 2864 2853
3 2853 2864 2865
3 2853 2865 2854
3 2854 2865 2866
3 2854 2866 2855
3 2855 2866 2867
3 2855 2867 2856
3 2856 2867 2868
3 2856 2868 2857
3 2857 2868 2869
3 2857 2869 2858
3 2858 2869 2870
3 2858 2870 2859
3 2859 2870 2871
3 2859 2871 2860
3 2860 2871 2872
3 2860 2872 2861
3 2861 2872 2873
3 2861 2873 2862
3 2862 2873 2874
3 2862 2874 2851
3 2851 2874 2863
3 2863 2875 2864
3 2864 2875 2876
3 2864 2876 2865
3 2865 2876 2877
3 2865 2877 2866
3 2866 2877 2878
3 2866 2878 2867
3 2867 2878 2879
3 2867 2879 2868
3 2868 2879 2880
3 2868 2880 2869
3 2869 2880 2881
3 2869 2881 2870
3 2870 2881 2882
3 2870 2882 2871
3 2871 2882 2883
3 2871 2883 2872
3 2872 2883 2884
3 2872 2884 2873
3 2873 2884 2885
3 2873 2885 2874
3 2874 2885 2886
3 2874 2886 2863
3 2863 2886 2875
3 2875 2887 2876
3 2876 2887 2888
3 2876 2888 2877
3 2877 2888 2889
3 2877 2889 2878
3 2878 2889 2890
3 2878 2890 2879
3 2879 2890 2891
3 2879 2891 2880
3 2880 2891 2892
3 2880 2892 2881
3 2881 2892 2893
3 2881 2893 2882
3 2882 2893 2894
3 2882 2894 2883
3 2883 2894 2895
3 2883 2895 2884
3 2884 2895 2896
3 2884 2896 2885
3 2885 2896 2897
3 2885 2897 2886
3 2886 2897 2898
3 2886 2898 2875
3 2875 2898 2887
3 2887 2899 2888
3 2888 2899 2900
3 2888 2900 2889
3 2889 2900 2901
3 2889 2901 2890
3 2890 2901 2902
3 2890 2902 2891
3 2891 2902 2903
3 2891 2903 2892
3 2892 2903 2904
3 2892 2904 2893
3 2893 2904 2905
3 2893 2905 2894
3 2894 2905 2906
3 2894 2906 2895
3 2895 2906 2907
3 2895 2907 2896
3 2896 2907 2908
3 2896 2908 2897
3 2897 2908 2909
3 2897 2909 2898
3 2898 2909 2910
3 2898 2910 2887
3 2887 2910 2899
3 2899 2911 2900
3 2900 2911 2912
3 2900 2912 2901
3 2901 2912 2913
3 2901 2913 2902
3 2902 2913 2914
3 2902 2914 2903
3 2903 2914 2915
3 2903 2915 2904
3 2904 2915 2916
3 2904 2916 2905
3 2905 2916 2917
3 2905 2917 2906
3 2906 2917 2918
3 2906 2918 2907
3 2907 2918 2919
3 2907 2919 2908
3 2908 2919 2920
3 2908 2920 2909
3 2909 2920 2921
3 2909 2921 2910
3 2910 2921 2922
3 2910 2922 2899
3 2899 2922 2911
3 2923 2912 2911
3 2923 2913 2912
3 2923 2914 2913
3 2923 2915 2914
3 2923 2916 2915
3 2923 2917 2916
3 2923 2918 2917
3 2923 2919 2918
3 2923 2920 2919
3 2923 2921 2920
3 2923 2922 2921
3 2923 2911 2922
3 2924 2925 2926
3 2924 2926 2927
3 2924 2927 2928
3 2924 2928 2929
3 2924 2929 2930
3 2924 2930 2931
3 2924 2931 2932
3 2924 2932 2933
3 2924 2933 2934
3 2924 2934 2935
3 2924 2935 2936
3 2924 2936 2925
3 2925 2937 2926
3 2926 2937 2938
3 2926 2938 2927
3 2927 2938 2939
3 2927 2939 2928
3 2928 2939 2940
3 2928 2940 2929
3 2929 2940 2941
3 2929 2941 2930
3 2930 2941 2942
3 2930 2942 2931
3 2931 2942 2943
3 2931 2943 2932
3 2932 2943 2944
3 2932 2944 2933
3 2933 2944 2945
3 2933 2945 2934
3 2934 2945 2946
3 2934 2946 2935
3 2935 2946 2947
3 2935 2947 2936
3 2936 2947 2948
3 2936 2948 2925
3 2925 2948 2937
3 2937 2949 2938
3 2938 2949 2950
3 2938 2950 2939
3 2939 2950 2951
3 2939 2951 2940
3 2940 2951 2952
3 2940 2952 2941
3 2941 2952 2953
3 2941 2953 2942
3 2942 2953 2954
3 2942 2954 2943
3 2943 2954 2955
3 2943 2955 2944
3 2944 2955 2956
3 2944 2956 2945
3 2945 2956 2957
3 2945 2957 2946
3 2946 2957 2958
3 2946 2958 2947
3 2947 2958 2959
3 2947 2959 2948
3 2948 2959 2960
3 2948 2960 2937
3 2937 2960 2949
3 2949 2961 2950
3 2950 2961 2962
3 2950 2962 2951
3 2951 2962 2963
3 2951 2963 2952
3 2952 2963 2964
3 2952 2964 2953
3 2953 2964 2965
3 2953 2965 2954
3 2954 2965 2966
3 2954 2966 2955
3 2955 2966 2967
3 2955 2967 2956
3 2956 2967 2968
3 2956 2968 2957
3 2957 2968 2969
3 2957 2969 2958
3 2958 2969 2970
3 2958 2970 2959
3 2959 2970 2971
3 2959 2971 2960
3 2960 2971 2972
3 2960 2972 2949
3 2949 2972 2961
3 2961 2973 2962
3 2962 2973 2974
3 2962 2974 2963
3 2963 2974 2975
3 2963 2975 2964
3 2964 2975 2976
3 2964 2976 2965
3 2965 2976 2977
3 2965 2977 2966
3 2966 2977 2978
3 2966 2978 2967
3 2967 2978 2979
3 2967 2979 2968
3 2968 2979 2980
3 2968 2980 2969
3 2969 2980 2981
3 2969 2981 2970
3 2970 2981 2982
3 2970 2982 2971
3 2971 2982 2983
3 2971 2983 2972
3 2972 2983 2984
3 2972 2984 2961
3 2961 2984 2973
3 2973 2985 2974
3 2974 2985 2986
3 2974 2986 2975
3 2975 2986 2987
3 2975 2987 2976
3 2976 2987 2988
3 2976 2988 2977
3 2977 2988 2989
3 2977 2989 2978
3 2978 2989 2990
3 2978 2990 2979
3 2979 2990 2991
3 2979 2991 2980
3 2980 2991 2992
3 2980 2992 2981
3 2981 2992 2993
3 2981 2993 2982
3 2982 2993 2994
3 2982 2994 2983
3 2983 2994 2995
3 2983 2995 2984
3 2984 2995 2996
3 2984 2996 2973
3 2973 2996 2985
3 2985 2997 2986
3 2986 2997 2998
3 2986 2998 2987
3 2987 2998 2999
3 2987 2999 2988
3 2988 2999 3000
3 2988 3000 2989
3 2989 3000 3001
3 2989 3001 2990
3 2990 3001 3002
3 2990 3002 2991
3 2991 3002 3003
3 2991 3003 2992
3 2992 3003 3004
3 2992 3004 2993
3 2993 3004 3005
3 2993 3005 2994
3 2994 3005 3006
3 2994 3006 2995
3 2995 3006 3007
3 2995 3007 2996
3 2996 3007 3008
3 2996 3008 2985
3 2985 3008 2997
3 3009 2998 2997
3 3009 2999 2998
3 3009 3000 2999
3 3009 3001 3000
3 3009 3002 3001
3 3009 3003 3002
3 3009 3004 3003
3 3009 3005 3004
3 3009 3006 3005
3 3009 3007 3006
3 3009 3008 3007
3 3009 2997 3008
3 3010 3011 3012
3 3010 3012 3013
3 3010 3013 3014
3 3010 3014 3015
3 3010 3015 3016
3 3010 3016 3017
3 3010 3017 3018
3 3010 3018 3019
3 3010 3019 3020
3 3010 3020 3021
3 3010 3021 3022
3 3010 3022 3011
3 3011 3023 3012
3 3012 3023 3024
3 3012 3024 3013
3 3013 3024 3025
3 3013 3025 3014
3 3014 3025 3026
3 3014 3026 3015
3 3015 3026 3027
3 3015 3027 3016
3 3016 3027 3028
3 3016 3028 3017
3 3017 3028 3029
3 3017 3029 3018
3 3018 3029 3030
3 3018 3030 3019
3 3019 3030 3031
3 3019 3031 3020
3 3020 3031 3032
3 3020 3032 3021
3 3021 3032 3033
3 3021 3033 3022
3 3022 3033 3034
3 3022 3034 3011
3 3011 3034 3023
3 3023 3035 3024
3 3024 3035 3036
3 3024 3036 3025
3 3025 3036 3037
3 3025 3037 3026
3 3026 3037 3038
3 3026 3038 3027
3 3027 3038 3039
3 3027 3039 3028
3 3028 3039 3040
3 3028 3040 3029
3 3029 3040 3041
3 3029 3041 3030
3 3030 3041 3042
3 3030 3042 3031
3 3031 3042 3043
3 3031 3043 3032
3 3032 3043 3044
3 3032 3044 3033
3 3033 3044 3045
3 3033 3045 3034
3 3034 3045 3046
3 3034 3046 3023
3 3023 3046 3035
3 3035 3047 3036
3 3036 3047 3048
3 3036 3048 3037
3 3037 3048 3049
3 3037 3049 3038
3 3038 3049 3050
3 3038 3050 3039
3 3039 3050 3051
3 3039 3051 3040
3 3040 3051 3052
3 3040 3052 3041
3 3041 3052 3053
3 3041 3053 3042
3 3042 3053 3054
3 3042 3054 3043
3 3043 3054 3055
3 3043 3055 3044
3 3044 3055 3056
3 3044 3056 3045
3 3045 3056 3057
3 3045 3057 3046
3 3046 3057 3058
3 3046 3058 3035
3 3035 3058 3047
3 3047 3059 3048
3 3048 3059 3060
3 3048 3060 3049
3 3049 3060 3061
3 3049 3061 3050
3 3050 3061 3062
3 3050 3062 3051
3 3051 3062 3063
3 3051 3063 3052
3 3052 3063 3064
3 3052 3064 3053
3 3053 3064 3065
3 3053 3065 3054
3 3054 3065 3066
3 3054 3066 3055
3 3055 3066 3067
3 3055 3067 3056
3 3056 3067 3068
3 3056 3068 3057
3 3057 3068 3069
3 3057 3069 3058
3 3058 3069 3070
3 3058 3070 3047
3 3047 3070 3059
3 3059 3071 3060
3 3060 3071 3072
3 3060 3072 3061
3 3061 3072 3073
3 3061 3073 3062
3 3062 3073 3074
3 3062 3074 3063
3 3063 3074 3075
3 3063 3075 3064
3 3064 3075 3076
3 3064 3076 3065
3 3065 3076 3077
3 3065 3077 3066
3 3066 3077 3078
3 3066 3078 3067
3 3067 3078 3079
3 3067 3079 3068
3 3068 3079 3080
3 3068 3080 3069
3 3069 3080 3081
3 3069 3081 3070
3 3070 3081 3082
3 3070 3082 3059
3 3059 3082 3071
3 3071 3083 3072
3 3072 3083 3084
3 3072 3084 3073
3 3073 3084 3085
3 3073 3085 3074
3 3074 3085 3086
3 3074 3086 3075
3 3075 3086 3087
3 3075 3087 3076
3 3076 3087 3088
3 3076 3088 3077
3 3077 3088 3089
3 3077 3089 3078
3 3078 3089 3090
3 3078 3090 3079
3 3079 3090 3091
3 3079 3091 3080
3 3080 3091 3092
3 3080 3092 3081
3 3081 3092 3093
3 3081 3093 3082
3 3082 3093 3094
3 3082 3094 3071
3 3071 3094 3083
3 3095 3084 3083
3 3095 3085 3084
3 3095 3086 3085
3 3095 3087 3086
3 3095 3088 3087
3 3095 3089 3088
3 3095 3090 3089
3 3095 3091 3090
3 3095 3092 3091
3 3095 3093 3092
3 3095 3094 3093
3 3095 3083 3094
3 3096 3097 3098
3 3096 3098 3099
3 3096 3099 3100
3 3096 3100 3101
3 3096 3101 3102
3 3096 3102 3103
3 3096 3103 3104
3 3096 3104 3105
3 3096 3105 3106
3 3096 3106 3107
3 3096 3107 3108
3 3096 3108 3097
3 3097 3109 3098
3 3098 3109 3110
3 3098 3110 3099
3 3099 3110 3111
3 3099 3111 3100
3 3100 3111 3112
3 3100 3112 3101
3 3101 3112 3113
3 3101 3113 3102
3 3102 3113 3114
3 3102 3114 3103
3 3103 3114 3115
3 3103 3115 3104
3 3104 3115 3116
3 3104 3116 3105
3 3105 3116 3117
3 3105 3117 3106
3 3106 3117 3118
3 3106 3118 3107
3 3107 3118 3119
3 3107 3119 3108
3 3108 3119 3120
3 3108 3120 3097
3 3097 3120 3109
3 3109 3121 3110
3 3110 3121 3122
3 3110 3122 3111
3 3111 3122 3123
3 3111 3123 3112
3 3112 3123 3124
3 3112 3124 3113
3 3113 3124 3125
3 3113 3125 3114
3 3114 3125 3126
3 3114 3126 3115
3 3115 3126 3127
3 3115 3127 3116
3 3116 3127 3128
3 3116 3128 3117
3 3117 3128 3129
3 3117 3129 3118
3 3118 3129 3130
3 3118 3130 3119
3 3119 3130 3131
3 3119 3131 3120
3 3120 3131 3132
3 3120 3132 3109
3 3109 3132 3121
3 3121 3133 3122
3 3122 3133 3134
3 3122 3134 3123
3 3123 3134 3135
3 3123 3135 3124
3 3124 3135 3136
3 3124 3136 3125
3 3125 3136 3137
3 3125 3137 3126
3 3126 3137 3138
3 3126 3138 3127
3 3127 3138 3139
3 3127 3139 3128
3 3128 3139 3140
3 3128 3140 3129
3 3129 3140 3141
3 3129 3141 3130
3 3130 3141 3142
3 3130 3142 3131
3 3131 3142 3143
3 3131 3143 3132
3 3132 3143 3144
3 3132 3144 3121
3 3121 3144 3133
3 3133 3145 3134
3 3134 3145 3146
3 3134 3146 3135
3 3135 3146 3147
3 3135 3147 3136
3 3136 3147 3148
3 3136 3148 3137
3 3137 3148 3149
3 3137 3149 3138
3 3138 3149 3150
3 3138 3150 3139
3 3139 3150 3151
3 3139 3151 3140
3 3140 3151 3152
3 3140 3152 3141
3 3141 3152 3153
3 3141 3153 3142
3 3142 3153 3154
3 3142 3154 3143
3 3143 3154 3155
3 3143 3155 3144
3 3144 3155 3156
3 3144 3156 3133
3 3133 3156 3145
3 3145 3157 3146
3 3146 3157 3158
3 3146 3158 3147
3 3147 3158 3159
3 3147 3159 3148
3 3148 3159 3160
3 3148 3160 3149
3 3149 3160 3161
3 3149 3161 3150
3 3150 3161 3162
3 3150 3162 3151
3 3151 3162 3163
3 3151 3163 3152
3 3152 3163 3164
3 3152 3164 3153
3 3153 3164 3165
3 3153 3165 3154
3 3154 3165 3166
3 3154 3166 3155
3 3155 3166 3167
3 3155 3167 3156
3 3156 3167 3168
3 3156 3168 3145
3 3145 3168 3157
3 3157 3169 3158
3 3158 3169 3170
3 3158 3170 3159
3 3159 3170 3171
3 3159 3171 3160
3 3160 3171 3172
3 3160 3172 3161
3 3161 3172 3173
3 3161 3173 3162
3 3162 3173 3174
3 3162 3174 3163
3 3163 3174 3175
3 3163 3175 3164
3 3164 3175 3176
3 3164 3176 3165
3 3165 3176 3177
3 3165 3177 3166
3 3166 3177 3178
3 3166 3178 3167
3 3167 3178 3179
3 3167 3179 3168
3 3168 3179 3180
3 3168 3180 3157
3 3157 3180 3169
3 3181 3170 3169
3 3181 3171 3170
3 3181 3172 3171
3 3181 3173 3172
3 3181 3174 3173
3 3181 3175 3174
3 3181 3176 3175
3 3181 3177 3176
3 3181 3178 3177
3 3181 3179 3178
3 3181 3180 3179
3 3181 3169 3180
3 3182 3183 3184
3 3182 3184 3185
3 3182 3185 3186
3 3182 3186 3187
3 3182 3187 3188
3 3182 3188 3189
3 3182 3189 3190
3 3182 3190 3191
3 3182 3191 3192
3 3182 3192 3193
3 3182 3193 3194
3 3182 3194 3183
3 3183 3195 3184
3 3184 3195 3196
3 3184 3196 3185
3 3185 3196 3197
3 3185 3197 3186
3 3186 3197 3198
3 3186 3198 3187
3 3187 3198 3199
3 3187 3199 3188
3 3188 3199 3200
3 3188 3200 3189
3 3189 3200 3201
3 3189 3201 3190
3 3190 3201 3202
3 3190 3202 3191
3 3191 3202 3203
3 3191 3203 3192
3 3192 3203 3204
3 3192 3204 3193
3 3193 3204 3205
3 3193 3205 3194
3 3194 3205 3206
3 3194 3206 3183
3 3183 3206 3195
3 3195 3207 3196
3 3196 3207 3208
3 3196 3208 3197
3 3197 3208 3209
3 3197 3209 3198
3 3198 3209 3210
3 3198 3210 3199
3 3199 3210 3211
3 3199 3211 3200
3 3200 3211 3212
3 3200 3212 3201
3 3201 3212 3213
3 3201 3213 3202
3 3202 3213 3214
3 3202 3214 3203
3 3203 3214 3215
3 3203 3215 3204
3 3204 3215 3216
3 3204 3216 3205
3 3205 3216 3217
3 3205 3217 3206
3 3206 3217 3218
3 3206 3218 3195
3 3195 3218 3207
3 3207 3219 3208
3 3208 3219 3220
3 3208 3220 3209
3 3209 3220 3221
3 3209 3221 3210
3 3210 3221 3222
3 3210 3222 3211
3 3211 3222 3223
3 3211 3223 3212
3 3212 3223 3224
3 3212 3224 3213
3 3213 3224 3225
3 3213 3225 3214
3 3214 3225 3226
3 3214 3226 3215
3 3215 3226 3227
3 3215 3227 3216
3 3216 3227 3228
3 3216 3228 3217
3 3217 3228 3229
3 3217 3229 3218
3 3218 3229 3230
3 3218 3230 3207
3 3207 3230 3219
3 3219 3231 3220
3 3220 3231 3232
3 3220 3232 3221
3 3221 3232 3233
3 3221 3233 3222
3 3222 3233 3234
3 3222 3234 3223
3 3223 3234 3235
3 3223 3235 3224
3 3224 3235 3236
3 3224 3236 3225
3 3225 3236 3237
3 3225 3237 3226
3 3226 3237 3238
3 3226 3238 3227
3 3227 3238 3239
3 3227 3239 3228
3 3228 3239 3240
3 3228 3240 3229
3 3229 3240 3241
3 3229 3241 3230
3 3230 3241 3242
3 3230 3242 3219
3 3219 3242 3231
3 3231 3243 3232
3 3232 3243 3244
3 3232 3244 3233
3 3233 3244 3245
3 3233 3245 3234
3 3234 3245 3246
3 3234 3246 3235
3 3235 3246 3247
3 3235 3247 3236
3 3236 3247 3248
3 3236 3248 3237
3 3237 3248 3249
3 3237 3249 3238
3 3238 3249 3250
3 3238 3250 3239
3 3239 3250 3251
3 3239 3251 3240
3 3240 3251 3252
3 3240 3252 3241
3 3241 3252 3253
3 3241 3253 3242
3 3242 3253 3254
3 3242 3254 3231
3 3231 3254 3243
3 3243 3255 3244
3 3244 3255 3256
3 3244 3256 3245
3 3245 3256 3257
3 3245 3257 3246
3 3246 3257 3258
3 3246 3258 3247
3 3247 3258 3259
3 3247 3259 3248
3 3248 3259 3260
3 3248 3260 3249
3 3249 3260 3261
3 3249 3261 3250
3 3250 3261 3262
3 3250 3262 3251
3 3251 3262 3263
3 3251 3263 3252
3 3252 3263 3264
3 3252 3264 3253
3 3253 3264 3265
3 3253 3265 3254
3 3254 3265 3266
3 3254 3266 3243
3 3243 3266 3255
3 3267 3256 3255
3 3267 3257 3256
3 3267 3258 3257
3 3267 3259 3258
3 3267 3260 3259
3 3267 3261 3260
3 3267 3262 3261
3 3267 3263 3262
3 3267 3264 3263
3 3267 3265 3264
3 3267 3266 3265
3 3267 3255 3266
3 3268 3269 3270
3 3268 3270 3271
3 3268 3271 3272
3 3268 3272 3273
3 3268 3273 3274
3 3268 3274 3275
3 3268 3275 3276
3 3268 3276 3277
3 3268 3277 3278
3 3268 3278 3279
3 3268 3279 3280
3 3268 3280 3269
3 3269 3281 3270
3 3270 3281 3282
3 3270 3282 3271
3 3271 3282 3283
3 3271 3283 3272
3 3272 3283 3284
3 3272 3284 3273
3 3273 3284 3285
3 3273 3285 3274
3 3274 3285 3286
3 3274 3286 3275
3 3275 3286 3287
3 3275 3287 3276
3 3276 3287 3288
3 3276 3288 3277
3 3277 3288 3289
3 3277 3289 3278
3 3278 3289 3290
3 3278 3290 3279
3 3279 3290 3291
3 3279 3291 3280
3 3280 3291 3292
3 3280 3292 3269
3 3269 3292 3281
3 3281 3293 3282
3 3282 3293 3294
3 3282 3294 3283
3 3283 3294 3295
3 3283 3295 3284
3 3284 3295 3296
3 3284 3296 3285
3 3285 3296 3297
3 3285 3297 3286
3 3286 3297 3298
3 3286 3298 3287
3 3287 3298 3299
3 3287 3299 3288
3 3288 3299 3300
3 3288 3300 3289
3 3289 3300 3301
3 3289 3301 3290
3 3290 3301 3302
3 3290 3302 3291
3 3291 3302 3303
3 3291 3303 3292
3 3292 3303 3304
3 3292 3304 3281
3 3281 3304 3293
3 3293 3305 3294
3 3294 3305 3306
3 3294 3306 3295
3 3295 3306 3307
3 3295 3307 3296
3 3296 3307 3308
3 3296 3308 3297
3 3297 3308 3309
3 3297 3309 3298
3 3298 3309 3310
3 3298 3310 3299
3 3299 3310 3311
3 3299 3311 3300
3 3300 3311 3312
3 3300 3312 3301
3 3301 3312 3313
3 3301 3313 3302
3 3302 3313 3314
3 3302 3314 3303
3 3303 3314 3315
3 3303 3315 3304
3 3304 3315 3316
3 3304 3316 3293
3 3293 3316 3305
3 3305 3317 3306
3 3306 3317 3318
3 3306 3318 3307
3 3307 3318 3319
3 3307 3319 3308
3 3308 3319 3320
3 3308 3320 3309
3 3309 3320 3321
3 3309 3321 3310
3 3310 3321 3322
3 3310 3322 3311
3 3311 3322 3323
3 3311 3323 3312
3 3312 3323 3324
3 3312 3324 3313
3 3313 3324 3325
3 3313 3325 3314
3 3314 3325 3326
3 3314 3326 3315
3 3315 3326 3327
3 3315 3327 3316
3 3316 3327 3328
3 3316 3328 3305
3 3305 3328 3317
3 3317 3329 3318
3 3318 3329 3330
3 3318 3330 3319
3 3319 3330 3331
3 3319 3331 3320
3 3320 3331 3332
3 3320 3332 3321
3 3321 3332 3333
3 3321 3333 3322
3 3322 3333 3334
3 3322 3334 3323
3 3323 3334 3335
3 3323 3335 3324
3 3324 3335 3336
3 3324 3336 3325
3 3325 3336 3337
3 3325 3337 3326
3 3326 3337 3338
3 3326 3338 3327
3 3327 3338 3339
3 3327 3339 3328
3 3328 3339 3340
3 3328 3340 3317
3 3317 3340 3329
3 3329 3341 3330
3 3330 3341 3342
3 3330 3342 3331
3 3331 3342 3343
3 3331 3343 3332
3 3332 3343 3344
3 3332 3344 3333
3 3333 3344 3345
3 3333 3345 3334
3 3334 3345 3346
3 3334 3346 3335
3 3335 3346 3347
3 3335 3347 3336
3 3336 3347 3348
3 3336 3348 3337
3 3337 3348 3349
3 3337 3349 3338
3 3338 3349 3350
3 3338 3350 3339
3 3339 3350 3351
3 3339 3351 3340
3 3340 3351 3352
3 3340 3352 3329
3 3329 3352 3341
3 3353 3342 3341
3 3353 3343 3342
3 3353 3344 3343
3 3353 3345 3344
3 3353 3346 3345
3 3353 3347 3346
3 3353 3348 3347
3 3353 3349 3348
3 3353 3350 3349
3 3353 3351 3350
3 3353 3352 3351
3 3353 3341 3352
3 3354 3355 3356
3 3354 3356 3357
3 3354 3357 3358
3 3354 3358 3359
3 3354 3359 3360
3 3354 3360 3361
3 3354 3361 3362
3 3354 3362 3363
3 3354 3363 3364
3 3354 3364 3365
3 3354 3365 3366
3 3354 3366 3355
3 3355 3367 3356
3 3356 3367 3368
3 3356 3368 3357
3 3357 3368 3369
3 3357 3369 3358
3 3358 3369 3370
3 3358 3370 3359
3 3359 3370 3371
3 3359 3371 3360
3 3360 3371 3372
3 3360 3372 3361
3 3361 3372 3373
3 3361 3373 3362
3 3362 3373 3374
3 3362 3374 3363
3 3363 3374 3375
3 3363 3375 3364
3 3364 3375 3376
3 3364 3376 3365
3 3365 3376 3377
3 3365 3377 3366
3 3366 3377 3378
3 3366 3378 3355
3 3355 3378 3367
3 3367 3379 3368
3 3368 3379 3380
3 3368 3380 3369
3 3369 3380 3381
3 3369 3381 3370
3 3370 3381 3382
3 3370 3382 3371
3 3371 3382 3383
3 3371 3383 3372
3 3372 3383 3384
3 3372 3384 3373
3 3373 3384 3385
3 3373 3385 3374
3 3374 3385 3386
3 3374 3386 3375
3 3375 3386 3387
3 3375 3387 3376
3 3376 3387 3388
3 3376 3388 3377
3 3377 3388 3389
3 3377 3389 3378
3 3378 3389 3390
3 3378 3390 3367
3 3367 3390 3379
3 3379 3391 3380
3 3380 3391 3392
3 3380 3392 3381
3 3381 3392 3393
3 3381 3393 3382
3 3382 3393 3394
3 3382 3394 3383
3 3383 3394 3395
3 3383 3395 3384
3 3384 3395 3396
3 3384 3396 3385
3 3385 3396 3397
3 3385 3397 3386
3 3386 3397 3398
3 3386 3398 3387
3 3387 3398 3399
3 3387 3399 3388
3 3388 3399 3400
3 3388 3400 3389
3 3389 3400 3401
3 3389 3401 3390
3 3390 3401 3402
3 3390 3402 3379
3 3379 3402 3391
3 3391 3403 3392
3 3392 3403 3404
3 3392 3404 3393
3 3393 3404 3405
3 3393 3405 3394
3 3394 3405 3406
3 3394 3406 3395
3 3395 3406 3407
3 3395 3407 3396
3 3396 3407 3408
3 3396 3408 3397
3 3397 3408 3409
3 3397 3409 3398
3 3398 3409 3410
3 3398 3410 3399
3 3399 3410 3411
3 3399 3411 3400
3 3400 3411 3412
3 3400 3412 3401
3 3401 3412 3413
3 3401 3413 3402
3 3402 3413 3414
3 3402 3414 3391
3 3391 3414 3403
3 3403 3415 3404
3 3404 3415 3416
3 3404 3416 3405
3 3405 3416 3417
3 3405 3417 3406
3 3406 3417 3418
3 3406 3418 3407
3 3407 3418 3419
3 3407 3419 3408
3 3408 3419 3420
3 3408 3420 3409
3 3409 3420 3421
3 3409 3421 3410
3 3410 3421 3422
3 3410 3422 3411
3 3411 3422 3423
3 3411 3423 3412
3 3412 3423 3424
3 3412 3424 3413
3 3413 3424 3425
3 3413 3425 3414
3 3414 3425 3426
3 3414 3426 3403
3 3403 3426 3415
3 3415 3427 3416
3 3416 3427 3428
3 3416 3428 3417
3 3417 3428 3429
3 3417 3429 3418
3 3418 3429 3430
3 3418 3430 3419
3 3419 3430 3431
3 3419 3431 3420
3 3420 3431 3432
3 3420 3432 3421
3 3421 3432 3433
3 3421 3433 3422
3 3422 3433 3434
3 3422 3434 3423
3 3423 3434 3435
3 3423 3435 3424
3 3424 3435 3436
3 3424 3436 3425
3 3425 3436 3437
3 3425 3437 3426
3 3426 3437 3438
3 3426 3438 3415
3 3415 3438 3427
3 3439 3428 3427
3 3439 3429 3428
3 3439 3430 3429
3 3439 3431 3430
3 3439 3432 3431
3 3439 3433 3432
3 3439 3434 3433
3 3439 3435 3434
3 3439 3436 3435
3 3439 3437 3436
3 3439 3438 3437
3 3439 3427 3438
3 3440 3441 3442
3 3440 3442 3443
3 3440 3443 3444
3 3440 3444 3445
3 3440 3445 3446
3 3440 3446 3447
3 3440 3447 3448
3 3440 3448 3449
3 3440 3449 3450
3 3440 3450 3451
3 3440 3451 3452
3 3440 3452 3441
3 3441 3453 3442
3 3442 3453 3454
3 3442 3454 3443
3 3443 3454 3455
3 3443 3455 3444
3 3444 3455 3456
3 3444 3456 3445
3 3445 3456 3457
3 3445 3457 3446
3 3446 3457 3458
3 3446 3458 3447
3 3447 3458 3459
3 3447 3459 3448
3 3448 3459 3460
3 3448 3460 3449
3 3449 3460 3461
3 3449 3461 3450
3 3450 3461 3462
3 3450 3462 3451
3 3451 3462 3463
3 3451 3463 3452
3 3452 3463 3464
3 3452 3464 3441
3 3441 3464 3453
3 3453 3465 3454
3 3454 3465 3466
3 3454 3466 3455
3 3455 3466 3467
3 3455 3467 3456
3 3456 3467 3468
3 3456 3468 3457
3 3457 3468 3469
3 3457 3469 3458
3 3458 3469 3470
3 3458 3470 3459
3 3459 3470 3471
3 3459 3471 3460
3 3460 3471 3472
3 3460 3472 3461
3 3461 3472 3473
3 3461 3473 3462
3 3462 3473 3474
3 3462 3474 3463
3 3463 3474 3475
3 3463 3475 3464
3 3464 3475 3476
3 3464 3476 3453
3 3453 3476 3465
3 3465 3477 3466
3 3466 3477 3478
3 3466 3478 3467
3 3467 3478 3479
3 3467 3479 3468
3 3468 3479 3480
3 3468 3480 3469
3 3469 3480 3481
3 3469 3481 3470
3 3470 3481 3482
3 3470 3482 3471
3 3471 3482 3483
3 3471 3483 3472
3 3472 3483 3484
3 3472 3484 3473
3 3473 3484 3485
3 3473 3485 3474
3 3474 3485 3486
3 3474 3486 3475
3 3475 3486 3487
3 3475 3487 3476
3 3476 3487 3488
3 3476 3488 3465
3 3465 3488 3477
3 3477 3489 3478
3 3478 3489 3490
3 3478 3490 3479
3 3479 3490 3491
3 3479 3491 3480
3 3480 3491 3492
3 3480 3492 3481
3 3481 3492 3493
3 3481 3493 3482
3 3482 3493 3494
3 3482 3494 3483
3 3483 3494 3495
3 3483 3495 3484
3 3484 3495 3496
3 3484 3496 3485
3 3485 3496 3497
3 3485 3497 3486
3 3486 3497 3498
3 3486 3498 3487
3 3487 3498 3499
3 3487 3499 3488
3 3488 3499 3500
3 3488 3500 3477
3 3477 3500 3489
3 3489 3501 3490
3 3490 3501 3502
3 3490 3502 3491
3 3491 3502 3503
3 3491 3503 3492
3 3492 3503 3504
3 3492 3504 3493
3 3493 3504 3505
3 3493 3505 3494
3 3494 3505 3506
3 3494 3506 3495
3 3495 3506 3507
3 3495 3507 3496
3 3496 3507 3508
3 3496 3508 3497
3 3497 3508 3509
3 3497 3509 3498
3 3498 3509 3510
3 3498 3510 3499
3 3499 3510 3511
3 3499 3511 3500
3 3500 3511 3512
3 3500 3512 3489
3 3489 3512 3501
3 3501 3513 3502
3 3502 3513 3514
3 3502 3514 3503
3 3503 3514 3515
3 3503 3515 3504
3 3504 3515 3516
3 3504 3516 3505
3 3505 3516 3517
3 3505 3517 3506
3 3506 3517 3518
3 3506 3518 3507
3 3507 3518 3519
3 3507 3519 3508
3 3508 3519 3520
3 3508 3520 3509
3 3509 3520 3521
3 3509 3521 3510
3 3510 3521 3522
3 3510 3522 3511
3 3511 3522 3523
3 3511 3523 3512
3 3512 3523 3524
3 3512 3524 3501
3 3501 3524 3513
3 3525 3514 3513
3 3525 3515 3514
3 3525 3516 3515
3 3525 3517 3516
3 3525 3518 3517
3 3525 3519 3518
3 3525 3520 3519
3 3525 3521 3520
3 3525 3522 3521
3 3525 3523 3522
3 3525 3524 3523
3 3525 3513 3524
3 3526 3527 3528
3 3526 3528 3529
3 3526 3529 3530
3 3526 3530 3531
3 3526 3531 3532
3 3526 3532 3533
3 3526 3533 3534
3 3526 3534 3535
3 3526 3535 3536
3 3526 3536 3537
3 3526 3537 3538
3 3526 3538 3527
3 3527 3539 3528
3 3528 3539 3540
3 3528 3540 3529
3 3529 3540 3541
3 3529 3541 3530
3 3530 3541 3542
3 3530 3542 3531
3 3531 3542 3543
3 3531 3543 3532
3 3532 3543 3544
3 3532 3544 3533
3 3533 3544 3545
3 3533 3545 3534
3 3534 3545 3546
3 3534 3546 3535
3 3535 3546 3547
3 3535 3547 3536
3 3536 3547 3548
3 3536 3548 3537
3 3537 3548 3549
3 3537 3549 3538
3 3538 3549 3550
3 3538 3550 3527
3 3527 3550 3539
3 3539 3551 3540
3 3540 3551 3552
3 3540 3552 3541
3 3541 3552 3553
3 3541 3553 3542
3 3542 3553 3554
3 3542 3554 3543
3 3543 3554 3555
3 3543 3555 3544
3 3544 3555 3556
3 3544 3556 3545
3 3545 3556 3557
3 3545 3557 3546
3 3546 3557 3558
3 3546 3558 3547
3 3547 3558 3559
3 3547 3559 3548
3 3548 3559 3560
3 3548 3560 3549
3 3549 3560 3561
3 3549 3561 3550
3 3550 3561 3562
3 3550 3562 3539
3 3539 3562 3551
3 3551 3563 3552
3 3552 3563 3564
3 3552 3564 3553
3 3553 3564 3565
3 3553 3565 3554
3 3554 3565 3566
3 3554 3566 3555
3 3555 3566 3567
3 3555 3567 3556
3 3556 3567 3568
3 3556 3568 3557
3 3557 3568 3569
3 3557 3569 3558
3 3558 3569 3570
3 3558 3570 3559
3 3559 3570 3571
3 3559 3571 3560
3 3560 3571 3572
3 3560 3572 3561
3 3561 3572 3573
3 3561 3573 3562
3 3562 3573 3574
3 3562 3574 3551
3 3551 3574 3563
3 3563 3575 3564
3 3564 3575 3576
3 3564 3576 3565
3 3565 3576 3577
3 3565 3577 3566
3 3566 3577 3578
3 3566 3578 3567
3 3567 3578 3579
3 3567 3579 3568
3 3568 3579 3580
3 3568 3580 3569
3 3569 3580 3581
3 3569 3581 3570
3 3570 3581 3582
3 3570 3582 3571
3 3571 3582 3583
3 3571 3583 3572
3 3572 3583 3584
3 3572 3584 3573
3 3573 3584 3585
3 3573 3585 3574
3 3574 3585 3586
3 3574 3586 3563
3 3563 3586 3575
3 3575 3587 3576
3 3576 3587 3588
3 3576 3588 3577
3 3577 3588 3589
3 3577 3589 3578
3 3578 3589 3590
3 3578 3590 3579
3 3579 3590 3591
3 3579 3591 3580
3 3580 3591 3592
3 3580 3592 3581
3 3581 3592 3593
3 3581 3593 3582
3 3582 3593 3594
3 3582 3594 3583
3 3583 3594 3595
3 3583 3595 3584
3 3584 3595 3596
3 3584 3596 3585
3 3585 3596 3597
3 3585 3597 3586
3 3586 3597 3598
3 3586 3598 3575
3 3575 3598 3587
3 3587 3599 3588
3 3588 3599 3600
3 3588 3600 3589
3 3589 3600 3601
3 3589 3601 3590
3 3590 3601 3602
3 3590 3602 3591
3 3591 3602 3603
3 3591 3603 3592
3 3592 3603 3604
3 3592 3604 3593
3 3593 3604 3605
3 3593 3605 3594
3 3594 3605 3606
3 3594 3606 3595
3 3595 3606 3607
3 3595 3607 3596
3 3596 3607 3608
3 3596 3608 3597
3 3597 3608 3609
3 3597 3609 3598
3 3598 3609 3610
3 3598 3610 3587
3 3587 3610 3599
3 3611 3600 3599
3 3611 3601 3600
3 3611 3602 3601
3 3611 3603 3602
3 3611 3604 3603
3 3611 3605 3604
3 3611 3606 3605
3 3611 3607 3606
3 3611 3608 3607
3 3611 3609 3608
3 3611 3610 3609
3 3611 3599 3610
3 3612 3613 3614
3 3612 3614 3615
3 3612 3615 3616
3 3612 3616 3617
3 3612 3617 3618
3 3612 3618 3619
3 3612 3619 3620
3 3612 3620 3621
3 3612 3621 3622
3 3612 3622 3623
3 3612 3623 3624
3 3612 3624 3613
3 3613 3625 3614
3 3614 3625 3626
3 3614 3626 3615
3 3615 3626 3627
3 3615 3627 3616
3 3616 3627 3628
3 3616 3628 3617
3 3617 3628 3629
3 3617 3629 3618
3 3618 3629 3630
3 3618 3630 3619
3 3619 3630 3631
3 3619 3631 3620
3 3620 3631 3632
3 3620 3632 3621
3 3621 3632 3633
3 3621 3633 3622
3 3622 3633 3634
3 3622 3634 3623
3 3623 3634 3635
3 3623 3635 3624
3 3624 3635 3636
3 3624 3636 3613
3 3613 3636 3625
3 3625 3637 3626
3 3626 3637 3638
3 3626 3638 3627
3 3627 3638 3639
3 3627 3639 3628
3 3628 3639 3640
3 3628 3640 3629
3 3629 3640 3641
3 3629 3641 3630
3 3630 3641 3642
3 3630 3642 3631
3 3631 3642 3643
3 3631 3643 3632
3 3632 3643 3644
3 3632 3644 3633
3 3633 3644 3645
3 3633 3645 3634
3 3634 3645 3646
3 3634 3646 3635
3 3635 3646 3647
3 3635 3647 3636
3 3636 3647 3648
3 3636 3648 3625
3 3625 3648 3637
3 3637 3649 3638
3 3638 3649 3650
3 3638 3650 3639
3 3639 3650 3651
3 3639 3651 3640
3 3640 3651 3652
3 3640 3652 3641
3 3641 3652 3653
3 3641 3653 3642
3 3642 3653 3654
3 3642 3654 3643
3 3643 3654 3655
3 3643 3655 3644
3 3644 3655 3656
3 3644 3656 3645
3 3645 3656 3657
3 3645 3657 3646
3 3646 3657 3658
3 3646 3658 3647
3 3647 3658 3659
3 3647 3659 3648
3 3648 3659 3660
3 3648 3660 3637
3 3637 3660 3649
3 3649 3661 3650
3 3650 3661 3662
3 3650 3662 3651
3 3651 3662 3663
3 3651 3663 3652
3 3652 3663 3664
3 3652 3664 3653
3 3653 3664 3665
3 3653 3665 3654
3 3654 3665 3666
3 3654 3666 3655
3 3655 3666 3667
3 3655 3667 3656
3 3656 3667 3668
3 3656 3668 3657
3 3657 3668 3669
3 3657 3669 3658
3 3658 3669 3670
3 3658 3670 3659
3 3659 3670 3671
3 3659 3671 3660
3 3660 3671 3672
3 3660 3672 3649
3 3649 3672 3661
3 3661 3673 3662
3 3662 3673 3674
3 3662 3674 3663
3 3663 3674 3675
3 3663 3675 3664
3 3664 3675 3676
3 3664 3676 3665
3 3665 3676 3677
3 3665 3677 3666
3 3666 3677 3678
3 3666 3678 3667
3 3667 3678 3679
3 3667 3679 3668
3 3668 3679 3680
3 3668 3680 3669
3 3669 3680 3681
3 3669 3681 3670
3 3670 3681 3682
3 3670 3682 3671
3 3671 3682 3683
3 3671 3683 3672
3 3672 3683 3684
3 3672 3684 3661
3 3661 3684 3673
3 3673 3685 3674
3 3674 3685 3686
3 3674 3686 3675
3 3675 3686 3687
3 3675 3687 3676
3 3676 3687 3688
3 3676 3688 3677
3 3677 3688 3689
3 3677 3689 3678
3 3678 3689 3690
3 3678 3690 3679
3 3679 3690 3691
3 3679 3691 3680
3 3680 3691 3692
3 3680 3692 3681
3 3681 3692 3693
3 3681 3693 3682
3 3682 3693 3694
3 3682 3694 3683
3 3683 3694 3695
3 3683 3695 3684
3 3684 3695 3696
3 3684 3696 3673
3 3673 3696 3685
3 3697 3686 3685
3 3697 3687 3686
3 3697 3688 3687
3 3697 3689 3688
3 3697 3690 3689
3 3697 3691 3690
3 3697 3692 3691
3 3697 3693 3692
3 3697 3694 3693
3 3697 3695 3694
3 3697 3696 3695
3 3697 3685 3696
3 3698 3699 3700
3 3698 3700 3701
3 3698 3701 3702
3 3698 3702 3703
3 3698 3703 3704
3 3698 3704 3705
3 3698 3705 3706
3 3698 3706 3707
3 3698 3707 3708
3 3698 3708 3709
3 3698 3709 3710
3 3698 3710 3699
3 3699 3711 3700
3 3700 3711 3712
3 3700 3712 3701
3 3701 3712 3713
3 3701 3713 3702
3 3702 3713 3714
3 3702 3714 3703
3 3703 3714 3715
3 3703 3715 3704
3 3704 3715 3716
3 3704 3716 3705
3 3705 3716 3717
3 3705 3717 3706
3 3706 3717 3718
3 3706 3718 3707
3 3707 3718 3719
3 3707 3719 3708
3 3708 3719 3720
3 3708 3720 3709
3 3709 3720 3721
3 3709 3721 3710
3 3710 3721 3722
3 3710 3722 3699
3 3699 3722 3711
3 3711 3723 3712
3 3712 3723 3724
3 3712 3724 3713
3 3713 3724 3725
3 3713 3725 3714
3 3714 3725 3726
3 3714 3726 3715
3 3715 3726 3727
3 3715 3727 3716
3 3716 3727 3728
3 3716 3728 3717
3 3717 3728 3729
3 3717 3729 3718
3 3718 3729 3730
3 3718 3730 3719
3 3719 3730 3731
3 3719 3731 3720
3 3720 3731 3732
3 3720 3732 3721
3 3721 3732 3733
3 3721 3733 3722
3 3722 3733 3734
3 3722 3734 3711
3 3711 3734 3723
3 3723 3735 3724
3 3724 3735 3736
3 3724 3736 3725
3 3725 3736 3737
3 3725 3737 3726
3 3726 3737 3738
3 3726 3738 3727
3 3727 3738 3739
3 3727 3739 3728
3 3728 3739 3740
3 3728 3740 3729
3 3729 3740 3741
3 3729 3741 3730
3 3730 3741 3742
3 3730 3742 3731
3 3731 3742 3743
3 3731 3743 3732
3 3732 3743 3744
3 3732 3744 3733
3 3733 3744 3745
3 3733 3745 3734
3 3734 3745 3746
3 3734 3746 3723
3 3723 3746 3735
3 3735 3747 3736
3 3736 3747 3748
3 3736 3748 3737
3 3737 3748 3749
3 3737 3749 3738
3 3738 3749 3750
3 3738 3750 3739
3 3739 3750 3751
3 3739 3751 3740
3 3740 3751 3752
3 3740 3752 3741
3 3741 3752 3753
3 3741 3753 3742
3 3742 3753 3754
3 3742 3754 3743
3 3743 3754 3755
3 3743 3755 3744
3 3744 3755 3756
3 3744 3756 3745
3 3745 3756 3757
3 3745 3757 3746
3 3746 3757 3758
3 3746 3758 3735
3 3735 3758 3747
3 3747 3759 3748
3 3748 3759 3760
3 3748 3760 3749
3 3749 3760 3761
3 3749 3761 3750
3 3750 3761 3762
3 3750 3762 3751
3 3751 3762 3763
3 3751 3763 3752
3 3752 3763 3764
3 3752 3764 3753
3 3753 3764 3765
3 3753 3765 3754
3 3754 3765 3766
3 3754 3766 3755
3 3755 3766 3767
3 3755 3767 3756
3 3756 3767 3768
3 3756 3768 3757
3 3757 3768 3769
3 3757 3769 3758
3 3758 3769 3770
3 3758 3770 3747
3 3747 3770 3759
3 3759 3771 3760
3 3760 3771 3772
3 3760 3772 3761
3 3761 3772 3773
3 3761 3773 3762
3 3762 3773 3774
3 3762 3774 3763
3 3763 3774 3775
3 3763 3775 3764
3 3764 3775 3776
3 3764 3776 3765
3 3765 3776 3777
3 3765 3777 3766
3 3766 3777 3778
3 3766 3778 3767
3 3767 3778 3779
3 3767 3779 3768
3 3768 3779 3780
3 3768 3780 3769
3 3769 3780 3781
3 3769 3781 3770
3 3770 3781 3782
3 3770 3782 3759
3 3759 3782 3771
3 3783 3772 3771
3 3783 3773 3772
3 3783 3774 3773
3 3783 3775 3774
3 3783 3776 3775
3 3783 3777 3776
3 3783 3778 3777
3 3783 3779 3778
3 3783 3780 3779
3 3783 3781 3780
3 3783 3782 3781
3 3783 3771 3782
3 3784 3785 3786
3 3784 3786 3787
3 3784 3787 3788
3 3784 3788 3789
3 3784 3789 3790
3 3784 3790 3791
3 3784 3791 3792
3 3784 3792 3793
3 3784 3793 3794
3 3784 3794 3795
3 3784 3795 3796
3 3784 3796 3785
3 3785 3797 3786
3 3786 3797 3798
3 3786 3798 3787
3 3787 3798 3799
3 3787 3799 3788
3 3788 3799 3800
3 3788 3800 3789
3 3789 3800 3801
3 3789 3801 3790
3 3790 3801 3802
3 3790 3802 3791
3 3791 3802 3803
3 3791 3803 3792
3 3792 3803 3804
3 3792 3804 3793
3 3793 3804 3805
3 3793 3805 3794
3 3794 3805 3806
3 3794 3806 3795
3 3795 3806 3807
3 3795 3807 3796
3 3796 3807 3808
3 3796 3808 3785
3 3785 3808 3797
3 3797 3809 3798
3 3798 3809 3810
3 3798 3810 3799
3 3799 3810 3811
3 3799 3811 3800
3 3800 3811 3812
3 3800 3812 3801
3 3801 3812 3813
3 3801 3813 3802
3 3802 3813 3814
3 3802 3814 3803
3 3803 3814 3815
3 3803 3815 3804
3 3804 3815 3816
3 3804 3816 3805
3 3805 3816 3817
3 3805 3817 3806
3 3806 3817 3818
3 3806 3818 3807
3 3807 3818 3819
3 3807 3819 3808
3 3808 3819 3820
3 3808 3820 3797
3 3797 3820 3809
3 3809 3821 3810
3 3810 3821 3822
3 3810 3822 3811
3 3811 3822 3823
3 3811 3823 3812
3 3812 3823 3824
3 3812 3824 3813
3 3813 3824 3825
3 3813 3825 3814
3 3814 3825 3826
3 3814 3826 3815
3 3815 3826 3827
3 3815 3827 3816
3 3816 3827 3828
3 3816 3828 3817
3 3817 3828 3829
3 3817 3829 3818
3 3818 3829 3830
3 3818 3830 3819
3 3819 3830 3831
3 3819 3831 3820
3 3820 3831 3832
3 3820 3832 3809
3 3809 3832 3821
3 3821 3833 3822
3 3822 3833 3834
3 3822 3834 3823
3 3823 3834 3835
3 3823 3835 3824
3 3824 3835 3836
3 3824 3836 3825
3 3825 3836 3837
3 3825 3837 3826
3 3826 3837 3838
3 3826 3838 3827
3 3827 3838 3839
3 3827 3839 3828
3 3828 3839 3840
3 3828 3840 3829
3 3829 3840 3841
3 3829 3841 3830
3 3830 3841 3842
3 3830 3842 3831
3 3831 3842 3843
3 3831 3843 3832
3 3832 3843 3844
3 3832 3844 3821
3 3821 3844 3833
3 3833 3845 3834
3 3834 3845 3846
3 3834 3846 3835
3 3835 3846 3847
3 3835 3847 3836
3 3836 3847 3848
3 3836 3848 3837
3 3837 3848 3849
3 3837 3849 3838
3 3838 3849 3850
3 3838 3850 3839
3 3839 3850 3851
3 3839 3851 3840
3 3840 3851 3852
3 3840 3852 3841
3 3841 3852 3853
3 3841 3853 3842
3 3842 3853 3854
3 3842 3854 3843
3 3843 3854 3855
3 3843 3855 3844
3 3844 3855 3856
3 3844 3856 3833
3 3833 3856 3845
3 3845 3857 3846
3 3846 3857 3858
3 3846 3858 3847
3 3847 3858 3859
3 3847 3859 3848
3 3848 3859 3860
3 3848 3860 3849
3 3849 3860 3861
3 3849 3861 3850
3 3850 3861 3862
3 3850 3862 3851
3 3851 3862 3863
3 3851 3863 3852
3 3852 3863 3864
3 3852 3864 3853
3 3853 3864 3865
3 3853 3865 3854
3 3854 3865 3866
3 3854 3866 3855
3 3855 3866 3867
3 3855 3867 3856
3 3856 3867 3868
3 3856 3868 3845
3 3845 3868 3857
3 3869 3858 3857
3 3869 3859 3858
3 3869 3860 3859
3 3869 3861 3860
3 3869 3862 3861
3 3869 3863 3862
3 3869 3864 3863
3 3869 3865 3864
3 3869 3866 3865
3 3869 3867 3866
3 3869 3868 3867
3 3869 3857 3868
3 3870 3871 3872
3 3870 3872 3873
3 3870 3873 3874
3 3870 3874 3875
3 3870 3875 3876
3 3870 3876 3877
3 3870 3877 3878
3 3870 3878 3879
3 3870 3879 3880
3 3870 3880 3881
3 3870 3881 3882
3 3870 3882 3871
3 3871 3883 3872
3 3872 3883 3884
3 3872 3884 3873
3 3873 3884 3885
3 3873 3885 3874
3 3874 3885 3886
3 3874 3886 3875
3 3875 3886 3887
3 3875 3887 3876
3 3876 3887 3888
3 3876 3888 3877
3 3877 3888 3889
3 3877 3889 3878
3 3878 3889 3890
3 3878 3890 3879
3 3879 3890 3891
3 3879 3891 3880
3 3880 3891 3892
3 3880 3892 3881
3 3881 3892 3893
3 3881 3893 3882
3 3882 3893 3894
3 3882 3894 3871
3 3871 3894 3883
3 3883 3895 3884
3 3884 3895 3896
3 3884 3896 3885
3 3885 3896 3897
3 3885 3897 3886
3 3886 3897 3898
3 3886 3898 3887
3 3887 3898 3899
3 3887 3899 3888
3 3888 3899 3900
3 3888 3900 3889
3 3889 3900 3901
3 3889 3901 3890
3 3890 3901 3902
3 3890 3902 3891
3 3891 3902 3903
3 3891 3903 3892
3 3892 3903 3904
3 3892 3904 3893
3 3893 3904 3905
3 3893 3905 3894
3 3894 3905 3906
3 3894 3906 3883
3 3883 3906 3895
3 3895 3907 3896
3 3896 3907 3908
3 3896 3908 3897
3 3897 3908 3909
3 3897 3909 3898
3 3898 3909 3910
3 3898 3910 3899
3 3899 3910 3911
3 3899 3911 3900
3 3900 3911 3912
3 3900 3912 3901
3 3901 3912 3913
3 3901 3913 3902
3 3902 3913 3914
3 3902 3914 3903
3 3903 3914 3915
3 3903 3915 3904
3 3904 3915 3916
3 3904 3916 3905
3 3905 3916 3917
3 3905 3917 3906
3 3906 3917 3918
3 3906 3918 3895
3 3895 3918 3907
3 3907 3919 3908
3 3908 3919 3920
3 3908 3920 3909
3 3909 3920 3921
3 3909 3921 3910
3 3910 3921 3922
3 3910 3922 3911
3 3911 3922 3923
3 3911 3923 3912
3 3912 3923 3924
3 3912 3924 3913
3 3913 3924 3925
3 3913 3925 3914
3 3914 3925 3926
3 3914 3926 3915
3 3915 3926 3927
3 3915 3927 3916
3 3916 3927 3928
3 3916 3928 3917
3 3917 3928 3929
3 3917 3929 3918
3 3918 3929 3930
3 3918 3930 3907
3 3907 3930 3919
3 3919 3931 3920
3 3920 3931 3932
3 3920 3932 3921
3 3921 3932 3933
3 3921 3933 3922
3 3922 3933 3934
3 3922 3934 3923
3 3923 3934 3935
3 3923 3935 3924
3 3924 3935 3936
3 3924 3936 3925
3 3925 3936 3937
3 3925 3937 3926
3 3926 3937 3938
3 3926 3938 3927
3 3927 3938 3939
3 3927 3939 3928
3 3928 3939 3940
3 3928 3940 3929
3 3929 3940 3941
3 3929 3941 3930
3 3930 3941 3942
3 3930 3942 3919
3 3919 3942 3931
3 3931 3943 3932
3 3932 3943 3944
3 3932 3944 3933
3 3933 3944 3945
3 3933 3945 3934
3 3934 3945 3946
3 3934 3946 3935
3 3935 3946 3947
3 3935 3947 3936
3 3936 3947 3948
3 3936 3948 3937
3 3937 3948 3949
3 3937 3949 3938
3 3938 3949 3950
3 3938 3950 3939
3 3939 3950 3951
3 3939 3951 3940
3 3940 3951 3952
3 3940 3952 3941
3 3941 3952 3953
3 3941 3953 3942
3 3942 3953 3954
3 3942 3954 3931
3 3931 3954 3943
3 3955 3944 3943
3 3955 3945 3944
3 3955 3946 3945
3 3955 3947 3946
3 3955 3948 3947
3 3955 3949 3948
3 3955 3950 3949
3 3955 3951 3950
3 3955 3952 3951
3 3955 3953 3952
3 3955 3954 3953
3 3955 3943 3954
3 3956 3957 3958
3 3956 3958 3959
3 3956 3959 3960
3 3956 3960 3961
3 3956 3961 3962
3 3956 3962 3963
3 3956 3963 3964
3 3956 3964 3965
3 3956 3965 3966
3 3956 3966 3967
3 3956 3967 3968
3 3956 3968 3957
3 3957 3969 3958
3 3958 3969 3970
3 3958 3970 3959
3 3959 3970 3971
3 3959 3971 3960
3 3960 3971 3972
3 3960 3972 3961
3 3961 3972 3973
3 3961 3973 3962
3 3962 3973 3974
3 3962 3974 3963
3 3963 3974 3975
3 3963 3975 3964
3 3964 3975 3976
3 3964 3976 3965
3 3965 3976 3977
3 3965 3977 3966
3 3966 3977 3978
3 3966 3978 3967
3 3967 3978 3979
3 3967 3979 3968
3 3968 3979 3980
3 3968 3980 3957
3 3957 3980 3969
3 3969 3981 3970
3 3970 3981 3982
3 3970 3982 3971
3 3971 3982 3983
3 3971 3983 3972
3 3972 3983 3984
3 3972 3984 3973
3 3973 3984 3985
3 3973 3985 3974
3 3974 3985 3986
3 3974 3986 3975
3 3975 3986 3987
3 3975 3987 3976
3 3976 3987 3988
3 3976 3988 3977
3 3977 3988 3989
3 3977 3989 3978
3 3978 3989 3990
3 3978 3990 3979
3 3979 3990 3991
3 3979 3991 3980
3 3980 3991 3992
3 3980 3992 3969
3 3969 3992 3981
3 3981 3993 3982
3 3982 3993 3994
3 3982 3994 3983
3 3983 3994 3995
3 3983 3995 3984
3 3984 3995 3996
3 3984 3996 3985
3 3985 3996 3997
3 3985 3997 3986
3 3986 3997 3998
3 3986 3998 3987
3 3987 3998 3999
3 3987 3999 3988
3 3988 3999 4000
3 3988 4000 3989
3 3989 4000 4001
3 3989 4001 3990
3 3990 4001 4002
3 3990 4002 3991
3 3991 4002 4003
3 3991 4003 3992
3 3992 4003 4004
3 3992 4004 3981
3 3981 4004 3993
3 3993 4005 3994
3 3994 4005 4006
3 3994 4006 3995
3 3995 4006 4007
3 3995 4007 3996
3 3996 4007 4008
3 3996 4008 3997
3 3997 4008 4009
3 3997 4009 3998
3 3998 4009 4010
3 3998 4010 3999
3 3999 4010 4011
3 3999 4011 4000
3 4000 4011 4012
3 4000 4012 4001
3 4001 4012 4013
3 4001 4013 4002
3 4002 4013 4014
3 4002 4014 4003
3 4003 4014 4015
3 4003 4015 4004
3 4004 4015 4016
3 4004 4016 3993
3 3993 4016 4005
3 4005 4017 4006
3 4006 4017 4018
3 4006 4018 4007
3 4007 4018 4019
3 4007 4019 4008
3 4008 4019 4020
3 4008 4020 4009
3 4009 4020 4021
3 4009 4021 4010
3 4010 4021 4022
3 4010 4022 4011
3 4011 4022 4023
3 4011 4023 4012
3 4012 4023 4024
3 4012 4024 4013
3 4013 4024 4025
3 4013 4025 4014
3 4014 4025 4026
3 4014 4026 4015
3 4015 4026 4027
3 4015 4027 4016
3 4016 4027 4028
3 4016 4028 4005
3 4005 4028 4017
3 4017 4029 4018
3 4018 4029 4030
3 4018 4030 4019
3 4019 4030 4031
3 4019 4031 4020
3 4020 4031 4032
3 4020 4032 4021
3 4021 4032 4033
3 4021 4033 4022
3 4022 4033 4034
3 4022 4034 4023
3 4023 4034 4035
3 4023 4035 4024
3 4024 4035 4036
3 4024 4036 4025
3 4025 4036 4037
3 4025 4037 4026
3 4026 4037 4038
3 4026 4038 4027
3 4027 4038 4039
3 4027 4039 4028
3 4028 4039 4040
3 4028 4040 4017
3 4017 4040 4029
3 4041 4030 4029
3 4041 4031 4030
3 4041 4032 4031
3 4041 4033 4032
3 4041 4034 4033
3 4041 4035 4034
3 4041 4036 4035
3 4041 4037 4036
3 4041 4038 4037
3 4041 4039 4038
3 4041 4040 4039
3 4041 4029 4040
3 4042 4043 4044
3 4042 4044 4045
3 4042 4045 4046
3 4042 4046 4047
3 4042 4047 4048
3 4042 4048 4049
3 4042 4049 4050
3 4042 4050 4051
3 4042 4051 4052
3 4042 4052 4053
3 4042 4053 4054
3 4042 4054 4043
3 4043 4055 4044
3 4044 4055 4056
3 4044 4056 4045
3 4045 4056 4057
3 4045 4057 4046
3 4046 4057 4058
3 4046 4058 4047
3 4047 4058 4059
3 4047 4059 4048
3 4048 4059 4060
3 4048 4060 4049
3 4049 4060 4061
3 4049 4061 4050
3 4050 4061 4062
3 4050 4062 4051
3 4051 4062 4063
3 4051 4063 4052
3 4052 4063 4064
3 4052 4064 4053
3 4053 4064 4065
3 4053 4065 4054
3 4054 4065 4066
3 4054 4066 4043
3 4043 4066 4055
3 4055 4067 4056
3 4056 4067 4068
3 4056 4068 4057
3 4057 4068 4069
3 4057 4069 4058
3 4058 4069 4070
3 4058 4070 4059
3 4059 4070 4071
3 4059 4071 4060
3 4060 4071 4072
3 4060 4072 4061
3 4061 4072 4073
3 4061 4073 4062
3 4062 4073 4074
3 4062 4074 4063
3 4063 4074 4075
3 4063 4075 4064
3 4064 4075 4076
3 4064 4076 4065
3 4065 4076 4077
3 4065 4077 4066
3 4066 4077 4078
3 4066 4078 4055
3 4055 4078 4067
3 4067 4079 4068
3 4068 4079 4080
3 4068 4080 4069
3 4069 4080 4081
3 4069 4081 4070
3 4070 4081 4082
3 4070 4082 4071
3 4071 4082 4083
3 4071 4083 4072
3 4072 4083 4084
3 4072 4084 4073
3 4073 4084 4085
3 4073 4085 4074
3 4074 4085 4086
3 4074 4086 4075
3 4075 4086 4087
3 4075 4087 4076
3 4076 4087 4088
3 4076 4088 4077
3 4077 4088 4089
3 4077 4089 4078
3 4078 4089 4090
3 4078 4090 4067
3 4067 4090 4079
3 4079 4091 4080
3 4080 4091 4092
3 4080 4092 4081
3 4081 4092 4093
3 4081 4093 4082
3 4082 4093 4094
3 4082 4094 4083
3 4083 4094 4095
3 4083 4095 4084
3 4084 4095 4096
3 4084 4096 4085
3 4085 4096 4097
3 4085 4097 4086
3 4086 4097 4098
3 4086 4098 4087
3 4087 4098 4099
3 4087 4099 4088
3 4088 4099 4100
3 4088 4100 4089
3 4089 4100 4101
3 4089 4101 4090
3 4090 4101 4102
3 4090 4102 4079
3 4079 4102 4091
3 4091 4103 4092
3 4092 4103 4104
3 4092 4104 4093
3 4093 4104 4105
3 4093 4105 4094
3 4094 4105 4106
3 4094 4106 4095
3 4095 4106 4107
3 4095 4107 4096
3 4096 4107 4108
3 4096 4108 4097
3 4097 4108 4109
3 4097 4109 4098
3 4098 4109 4110
3 4098 4110 4099
3 4099 4110 4111
3 4099 4111 4100
3 4100 4111 4112
3 4100 4112 4101
3 4101 4112 4113
3 4101 4113 4102
3 4102 4113 4114
3 4102 4114 4091
3 4091 4114 4103
3 4103 4115 4104
3 4104 4115 4116
3 4104 4116 4105
3 4105 4116 4117
3 4105 4117 4106
3 4106 4117 4118
3 4106 4118 4107
3 4107 4118 4119
3 4107 4119 4108
3 4108 4119 4120
3 4108 4120 4109
3 4109 4120 4121
3 4109 4121 4110
3 4110 4121 4122
3 4110 4122 4111
3 4111 4122 4123
3 4111 4123 4112
3 4112 4123 4124
3 4112 4124 4113
3 4113 4124 4125
3 4113 4125 4114
3 4114 4125 4126
3 4114 4126 4103
3 4103 4126 4115
3 4127 4116 4115
3 4127 4117 4116
3 4127 4118 4117
3 4127 4119 4118
3 4127 4120 4119
3 4127 4121 4120
3 4127 4122 4121
3 4127 4123 4122
3 4127 4124 4123
3 4127 4125 4124
3 4127 4126 4125
3 4127 4115 4126
3 4128 4129 4130
3 4128 4130 4131
3 4128 4131 4132
3 4128 4132 4133
3 4128 4133 4134
3 4128 4134 4135
3 4128 4135 4136
3 4128 4136 4137
3 4128 4137 4138
3 4128 4138 4139
3 4128 4139 4140
3 4128 4140 4129
3 4129 4141 4130
3 4130 4141 4142
3 4130 4142 4131
3 4131 4142 4143
3 4131 4143 4132
3 4132 4143 4144
3 4132 4144 4133
3 4133 4144 4145
3 4133 4145 4134
3 4134 4145 4146
3 4134 4146 4135
3 4135 4146 4147
3 4135 4147 4136
3 4136 4147 4148
3 4136 4148 4137
3 4137 4148 4149
3 4137 4149 4138
3 4138 4149 4150
3 4138 4150 4139
3 4139 4150 4151
3 4139 4151 4140
3 4140 4151 4152
3 4140 4152 4129
3 4129 4152 4141
3 4141 4153 4142
3 4142 4153 4154
3 4142 4154 4143
3 4143 4154 4155
3 4143 4155 4144
3 4144 4155 4156
3 4144 4156 4145
3 4145 4156 4157
3 4145 4157 4146
3 4146 4157 4158
3 4146 4158 4147
3 4147 4158 4159
3 4147 4159 4148
3 4148 4159 4160
3 4148 4160 4149
3 4149 4160 4161
3 4149 4161 4150
3 4150 4161 4162
3 4150 4162 4151
3 4151 4162 4163
3 4151 4163 4152
3 4152 4163 4164
3 4152 4164 4141
3 4141 4164 4153
3 4153 4165 4154
3 4154 4165 4166
3 4154 4166 4155
3 4155 4166 4167
3 4155 4167 4156
3 4156 4167 4168
3 4156 4168 4157
3 4157 4168 4169
3 4157 4169 4158
3 4158 4169 4170
3 4158 4170 4159
3 4159 4170 4171
3 4159 4171 4160
3 4160 4171 4172
3 4160 4172 4161
3 4161 4172 4173
3 4161 4173 4162
3 4162 4173 4174
3 4162 4174 4163
3 4163 4174 4175
3 4163 4175 4164
3 4164 4175 4176
3 4164 4176 4153
3 4153 4176 4165
3 4165 4177 4166
3 4166 4177 4178
3 4166 4178 4167
3 4167 4178 4179
3 4167 4179 4168
3 4168 4179 4180
3 4168 4180 4169
3 4169 4180 4181
3 4169 4181 4170
3 4170 4181 4182
3 4170 4182 4171
3 4171 4182 4183
3 4171 4183 4172
3 4172 4183 4184
3 4172 4184 4173
3 4173 4184 4185
3 4173 4185 4174
3 4174 4185 4186
3 4174 4186 4175
3 4175 4186 4187
3 4175 4187 4176
3 4176 4187 4188
3 4176 4188 4165
3 4165 4188 4177
3 4177 4189 4178
3 4178 4189 4190
3 4178 4190 4179
3 4179 4190 4191
3 4179 4191 4180
3 4180 4191 4192
3 4180 4192 4181
3 4181 4192 4193
3 4181 4193 4182
3 4182 4193 4194
3 4182 4194 4183
3 4183 4194 4195
3 4183 4195 4184
3 4184 4195 4196
3 4184 4196 4185
3 4185 4196 4197
3 4185 4197 4186
3 4186 4197 4198
3 4186 4198 4187
3 4187 4198 4199
3 4187 4199 4188
3 4188 4199 4200
3 4188 4200 4177
3 4177 4200 4189
3 4189 4201 4190
3 4190 4201 4202
3 4190 4202 4191
3 4191 4202 4203
3 4191 4203 4192
3 4192 4203 4204
3 4192 4204 4193
3 4193 4204 4205
3 4193 4205 4194
3 4194 4205 4206
3 4194 4206 4195
3 4195 4206 4207
3 4195 4207 4196
3 4196 4207 4208
3 4196 4208 4197
3 4197 4208 4209
3 4197 4209 4198
3 4198 4209 4210
3 4198 4210 4199
3 4199 4210 4211
3 4199 4211 4200
3 4200 4211 4212
3 4200 4212 4189
3 4189 4212 4201
3 4213 4202 4201
3 4213 4203 4202
3 4213 4204 4203
3 4213 4205 4204
3 4213 4206 4205
3 4213 4207 4206
3 4213 4208 4207
3 4213 4209 4208
3 4213 4210 4209
3 4213 4211 4210
3 4213 4212 4211
3 4213 4201 4212
3 4214 4215 4216
3 4214 4216 4217
3 4214 4217 4218
3 4214 4218 4219
3 4214 4219 4220
3 4214 4220 4221
3 4214 4221 4222
3 4214 4222 4223
3 4214 4223 4224
3 4214 4224 4225
3 4214 4225 4226
3 4214 4226 4215
3 4215 4227 4216
3 4216 4227 4228
3 4216 4228 4217
3 4217 4228 4229
3 4217 4229 4218
3 4218 4229 4230
3 4218 4230 4219
3 4219 4230 4231
3 4219 4231 4220
3 4220 4231 4232
3 4220 4232 4221
3 4221 4232 4233
3 4221 4233 4222
3 4222 4233 4234
3 4222 4234 4223
3 4223 4234 4235
3 4223 4235 4224
3 4224 4235 4236
3 4224 4236 4225
3 4225 4236 4237
3 4225 4237 4226
3 4226 4237 4238
3 4226 4238 4215
3 4215 4238 4227
3 4227 4239 4228
3 4228 4239 4240
3 4228 4240 4229
3 4229 4240 4241
3 4229 4241 4230
3 4230 4241 4242
3 4230 4242 4231
3 4231 4242 4243
3 4231 4243 4232
3 4232 4243 4244
3 4232 4244 4233
3 4233 4244 4245
3 4233 4245 4234
3 4234 4245 4246
3 4234 4246 4235
3 4235 4246 4247
3 4235 4247 4236
3 4236 4247 4248
3 4236 4248 4237
3 4237 4248 4249
3 4237 4249 4238
3 4238 4249 4250
3 4238 4250 4227
3 4227 4250 4239
3 4239 4251 4240
3 4240 4251 4252
3 4240 4252 4241
3 4241 4252 4253
3 4241 4253 4242
3 4242 4253 4254
3 4242 4254 4243
3 4243 4254 4255
3 4243 4255 4244
3 4244 4255 4256
3 4244 4256 4245
3 4245 4256 4257
3 4245 4257 4246
3 4246 4257 4258
3 4246 4258 4247
3 4247 4258 4259
3 4247 4259 4248
3 4248 4259 4260
3 4248 4260 4249
3 4249 4260 4261
3 4249 4261 4250
3 4250 4261 4262
3 4250 4262 4239
3 4239 4262 4251
3 4251 4263 4252
3 4252 4263 4264
3 4252 4264 4253
3 4253 4264 4265
3 4253 4265 4254
3 4254 4265 4266
3 4254 4266 4255
3 4255 4266 4267
3 4255 4267 4256
3 4256 4267 4268
3 4256 4268 4257
3 4257 4268 4269
3 4257 4269 4258
3 4258 4269 4270
3 4258 4270 4259
3 4259 4270 4271
3 4259 4271 4260
3 4260 4271 4272
3 4260 4272 4261
3 4261 4272 4273
3 4261 4273 4262
3 4262 4273 4274
3 4262 4274 4251
3 4251 4274 4263
3 4263 4275 4264
3 4264 4275 4276
3 4264 4276 4265
3 4265 4276 4277
3 4265 4277 4266
3 4266 4277 4278
3 4266 4278 4267
3 4267 4278 4279
3 4267 4279 4268
3 4268 4279 4280
3 4268 4280 4269
3 4269 4280 4281
3 4269 4281 4270
3 4270 4281 4282
3 4270 4282 4271
3 4271 4282 4283
3 4271 4283 4272
3 4272 4283 4284
3 4272 4284 4273
3 4273 4284 4285
3 4273 4285 4274
3 4274 4285 4286
3 4274 4286 4263
3 4263 4286 4275
3 4275 4287 4276
3 4276 4287 4288
3 4276 4288 4277
3 4277 4288 4289
3 4277 4289 4278
3 4278 4289 4290
3 4278 4290 4279
3 4279 4290 4291
3 4279 4291 4280
3 4280 4291 4292
3 4280 4292 4281
3 4281 4292 4293
3 4281 4293 4282
3 4282 4293 4294
3 4282 4294 4283
3 4283 4294 4295
3 4283 4295 4284
3 4284 4295 4296
3 4284 4296 4285
3 4285 4296 4297
3 4285 4297 4286
3 4286 4297 4298
3 4286 4298 4275
3 4275 4298 4287
3 4299 4288 4287
3 4299 4289 4288
3 4299 4290 4289
3 4299 4291 4290
3 4299 4292 4291
3 4299 4293 4292
3 4299 4294 4293
3 4299 4295 4294
3 4299 4296 4295
3 4299 4297 4296
3 4299 4298 4297
3 4299 4287 4298
3 4300 4301 4302
3 4300 4302 4303
3 4300 4303 4304
3 4300 4304 4305
3 4300 4305 4306
3 4300 4306 4307
3 4300 4307 4308
3 4300 4308 4309
3 4300 4309 4310
3 4300 4310 4311
3 4300 4311 4312
3 4300 4312 4301
3 4301 4313 4302
3 4302 4313 4314
3 4302 4314 4303
3 4303 4314 4315
3 4303 4315 4304
3 4304 4315 4316
3 4304 4316 4305
3 4305 4316 4317
3 4305 4317 4306
3 4306 4317 4318
3 4306 4318 4307
3 4307 4318 4319
3 4307 4319 4308
3 4308 4319 4320
3 4308 4320 4309
3 4309 4320 4321
3 4309 4321 4310
3 4310 4321 4322
3 4310 4322 4311
3 4311 4322 4323
3 4311 4323 4312
3 4312 4323 4324
3 4312 4324 4301
3 4301 4324 4313
3 4313 4325 4314
3 4314 4325 4326
3 4314 4326 4315
3 4315 4326 4327
3 4315 4327 4316
3 4316 4327 4328
3 4316 4328 4317
3 4317 4328 4329
3 4317 4329 4318
3 4318 4329 4330
3 4318 4330 4319
3 4319 4330 4331
3 4319 4331 4320
3 4320 4331 4332
3 4320 4332 4321
3 4321 4332 4333
3 4321 4333 4322
3 4322 4333 4334
3 4322 4334 4323
3 4323 4334 4335
3 4323 4335 4324
3 4324 4335 4336
3 4324 4336 4313
3 4313 4336 4325
3 4325 4337 4326
3 4326 4337 4338
3 4326 4338 4327
3 4327 4338 4339
3 4327 4339 4328
3 4328 4339 4340
3 4328 4340 4329
3 4329 4340 4341
3 4329 4341 4330
3 4330 4341 4342
3 4330 4342 4331
3 4331 4342 4343
3 4331 4343 4332
3 4332 4343 4344
3 4332 4344 4333
3 4333 4344 4345
3 4333 4345 4334
3 4334 4345 4346
3 4334 4346 4335
3 4335 4346 4347
3 4335 4347 4336
3 4336 4347 4348
3 4336 4348 4325
3 4325 4348 4337
3 4337 4349 4338
3 4338 4349 4350
3 4338 4350 4339
3 4339 4350 4351
3 4339 4351 4340
3 4340 4351 4352
3 4340 4352 4341
3 4341 4352 4353
3 4341 4353 4342
3 4342 4353 4354
3 4342 4354 4343
3 4343 4354 4355
3 4343 4355 4344
3 4344 4355 4356
3 4344 4356 4345
3 4345 4356 4357
3 4345 4357 4346
3 4346 4357 4358
3 4346 4358 4347
3 4347 4358 4359
3 4347 4359 4348
3 4348 4359 4360
3 4348 4360 4337
3 4337 4360 4349
3 4349 4361 4350
3 4350 4361 4362
3 4350 4362 4351
3 4351 4362 4363
3 4351 4363 4352
3 4352 4363 4364
3 4352 4364 4353
3 4353 4364 4365
3 4353 4365 4354
3 4354 4365 4366
3 4354 4366 4355
3 4355 4366 4367
3 4355 4367 4356
3 4356 4367 4368
3 4356 4368 4357
3 4357 4368 4369
3 4357 4369 4358
3 4358 4369 4370
3 4358 4370 4359
3 4359 4370 4371
3 4359 4371 4360
3 4360 4371 4372
3 4360 4372 4349
3 4349 4372 4361
3 4361 4373 4362
3 4362 4373 4374
3 4362 4374 4363
3 4363 4374 4375
3 4363 4375 4364
3 4364 4375 4376
3 4364 4376 4365
3 4365 4376 4377
3 4365 4377 4366
3 4366 4377 4378
3 4366 4378 4367
3 4367 4378 4379
3 4367 4379 4368
3 4368 4379 4380
3 4368 4380 4369
3 4369 4380 4381
3 4369 4381 4370
3 4370 4381 4382
3 4370 4382 4371
3 4371 4382 4383
3 4371 4383 4372
3 4372 4383 4384
3 4372 4384 4361
3 4361 4384 4373
3 4385 4374 4373
3 4385 4375 4374
3 4385 4376 4375
3 4385 4377 4376
3 4385 4378 4377
3 4385 4379 4378
3 4385 4380 4379
3 4385 4381 4380
3 4385 4382 4381
3 4385 4383 4382
3 4385 4384 4383
3 4385 4373 4384
3 4386 4387 4388
3 4386 4388 4389
3 4386 4389 4390
3 4386 4390 4391
3 4386 4391 4392
3 4386 4392 4393
3 4386 4393 4394
3 4386 4394 4395
3 4386 4395 4396
3 4386 4396 4397
3 4386 4397 4398
3 4386 4398 4387
3 4387 4399 4388
3 4388 4399 4400
3 4388 4400 4389
3 4389 4400 4401
3 4389 4401 4390
3 4390 4401 4402
3 4390 4402 4391
3 4391 4402 4403
3 4391 4403 4392
3 4392 4403 4404
3 4392 4404 4393
3 4393 4404 4405
3 4393 4405 4394
3 4394 4405 4406
3 4394 4406 4395
3 4395 4406 4407
3 4395 4407 4396
3 4396 4407 4408
3 4396 4408 4397
3 4397 4408 4409
3 4397 4409 4398
3 4398 4409 4410
3 4398 4410 4387
3 4387 4410 4399
3 4399 4411 4400
3 4400 4411 4412
3 4400 4412 4401
3 4401 4412 4413
3 4401 4413 4402
3 4402 4413 4414
3 4402 4414 4403
3 4403 4414 4415
3 4403 4415 4404
3 4404 4415 4416
3 4404 4416 4405
3 4405 4416 4417
3 4405 4417 4406
3 4406 4417 4418
3 4406 4418 4407
3 4407 4418 4419
3 4407 4419 4408
3 4408 4419 4420
3 4408 4420 4409
3 4409 4420 4421
3 4409 4421 4410
3 4410 4421 4422
3 4410 4422 4399
3 4399 4422 4411
3 4411 4423 4412
3 4412 4423 4424
3 4412 4424 4413
3 4413 4424 4425
3 4413 4425 4414
3 4414 4425 4426
3 4414 4426 4415
3 4415 4426 4427
3 4415 4427 4416
3 4416 4427 4428
3 4416 4428 4417
3 4417 4428 4429
3 4417 4429 4418
3 4418 4429 4430
3 4418 4430 4419
3 4419 4430 4431
3 4419 4431 4420
3 4420 4431 4432
3 4420 4432 4421
3 4421 4432 4433
3 4421 4433 4422
3 4422 4433 4434
3 4422 4434 4411
3 4411 4434 4423
3 4423 4435 4424
3 4424 4435 4436
3 4424 4436 4425
3 4425 4436 4437
3 4425 4437 4426
3 4426 4437 4438
3 4426 4438 4427
3 4427 4438 4439
3 4427 4439 4428
3 4428 4439 4440
3 4428 4440 4429
3 4429 4440 4441
3 4429 4441 4430
3 4430 4441 4442
3 4430 4442 4431
3 4431 4442 4443
3 4431 4443 4432
3 4432 4443 4444
3 4432 4444 4433
3 4433 4444 4445
3 4433 4445 4434
3 4434 4445 4446
3 4434 4446 4423
3 4423 4446 4435
3 4435 4447 4436
3 4436 4447 4448
3 4436 4448 4437
3 4437 4448 4449
3 4437 4449 4438
3 4438 4449 4450
3 4438 4450 4439
3 4439 4450 4451
3 4439 4451 4440
3 4440 4451 4452
3 4440 4452 4441
3 4441 4452 4453
3 4441 4453 4442
3 4442 4453 4454
3 4442 4454 4443
3 4443 4454 4455
3 4443 4455 4444
3 4444 4455 4456
3 4444 4456 4445
3 4445 4456 4457
3 4445 4457 4446
3 4446 4457 4458
3 4446 4458 4435
3 4435 4458 4447
3 4447 4459 4448
3 4448 4459 4460
3 4448 4460 4449
3 4449 4460 4461
3 4449 4461 4450
3 4450 4461 4462
3 4450 4462 4451
3 4451 4462 4463
3 4451 4463 4452
3 4452 4463 4464
3 4452 4464 4453
3 4453 4464 4465
3 4453 4465 4454
3 4454 4465 4466
3 4454 4466 4455
3 4455 4466 4467
3 4455 4467 4456
3 4456 4467 4468
3 4456 4468 4457
3 4457 4468 4469
3 4457 4469 4458
3 4458 4469 4470
3 4458 4470 4447
3 4447 4470 4459
3 4471 4460 4459
3 4471 4461 4460
3 4471 4462 4461
3 4471 4463 4462
3 4471 4464 4463
3 4471 4465 4464
3 4471 4466 4465
3 4471 4467 4466
3 4471 4468 4467
3 4471 4469 4468
3 4471 4470 4469
3 4471 4459 4470
3 4472 4473 4474
3 4472 4474 4475
3 4472 4475 4476
3 4472 4476 4477
3 4472 4477 4478
3 4472 4478 4479
3 4472 4479 4480
3 4472 4480 4481
3 4472 4481 4482
3 4472 4482 4483
3 4472 4483 4484
3 4472 4484 4473
3 4473 4485 4474
3 4474 4485 4486
3 4474 4486 4475
3 4475 4486 4487
3 4475 4487 4476
3 4476 4487 4488
3 4476 4488 4477
3 4477 4488 4489
3 4477 4489 4478
3 4478 4489 4490
3 4478 4490 4479
3 4479 4490 4491
3 4479 4491 4480
3 4480 4491 4492
3 4480 4492 4481
3 4481 4492 4493
3 4481 4493 4482
3 4482 4493 4494
3 4482 4494 4483
3 4483 4494 4495
3 4483 4495 4484
3 4484 4495 4496
3 4484 4496 4473
3 4473 4496 4485
3 4485 4497 4486
3 4486 4497 4498
3 4486 4498 4487
3 4487 4498 4499
3 4487 4499 4488
3 4488 4499 4500
3 4488 4500 4489
3 4489 4500 4501
3 4489 4501 4490
3 4490 4501 4502
3 4490 4502 4491
3 4491 4502 4503
3 4491 4503 4492
3 4492 4503 4504
3 4492 4504 4493
3 4493 4504 4505
3 4493 4505 4494
3 4494 4505 4506
3 4494 4506 4495
3 4495 4506 4507
3 4495 4507 4496
3 4496 4507 4508
3 4496 4508 4485
3 4485 4508 4497
3 4497 4509 4498
3 4498 4509 4510
3 4498 4510 4499
3 4499 4510 4511
3 4499 4511 4500
3 4500 4511 4512
3 4500 4512 4501
3 4501 4512 4513
3 4501 4513 4502
3 4502 4513 4514
3 4502 4514 4503
3 4503 4514 4515
3 4503 4515 4504
3 4504 4515 4516
3 4504 4516 4505
3 4505 4516 4517
3 4505 4517 4506
3 4506 4517 4518
3 4506 4518 4507
3 4507 4518 4519
3 4507 4519 4508
3 4508 4519 4520
3 4508 4520 4497
3 4497 4520 4509
3 4509 4521 4510
3 4510 4521 4522
3 4510 4522 4511
3 4511 4522 4523
3 4511 4523 4512
3 4512 4523 4524
3 4512 4524 4513
3 4513 4524 4525
3 4513 4525 4514
3 4514 4525 4526
3 4514 4526 4515
3 4515 4526 4527
3 4515 4527 4516
3 4516 4527 4528
3 4516 4528 4517
3 4517 4528 4529
3 4517 4529 4518
3 4518 4529 4530
3 4518 4530 4519
3 4519 4530 4531
3 4519 4531 4520
3 4520 4531 4532
3 4520 4532 4509
3 4509 4532 4521
3 4521 4533 4522
3 4522 4533 4534
3 4522 4534 4523
3 4523 4534 4535
3 4523 4535 4524
3 4524 4535 4536
3 4524 4536 4525
3 4525 4536 4537
3 4525 4537 4526
3 4526 4537 4538
3 4526 4538 4527
3 4527 4538 4539
3 4527 4539 4528
3 4528 4539 4540
3 4528 4540 4529
3 4529 4540 4541
3 4529 4541 4530
3 4530 4541 4542
3 4530 4542 4531
3 4531 4542 4543
3 4531 4543 4532
3 4532 4543 4544
3 4532 4544 4521
3 4521 4544 4533
3 4533 4545 4534
3 4534 4545 4546
3 4534 4546 4535
3 4535 4546 4547
3 4535 4547 4536
3 4536 4547 4548
3 4536 4548 4537
3 4537 4548 4549
3 4537 4549 4538
3 4538 4549 4550
3 4538 4550 4539
3 4539 4550 4551
3 4539 4551 4540
3 4540 4551 4552
3 4540 4552 4541
3 4541 4552 4553
3 4541 4553 4542
3 4542 4553 4554
3 4542 4554 4543
3 4543 4554 4555
3 4543 4555 4544
3 4544 4555 4556
3 4544 4556 4533
3 4533 4556 4545
3 4557 4546 4545
3 4557 4547 4546
3 4557 4548 4547
3 4557 4549 4548
3 4557 4550 4549
3 4557 4551 4550
3 4557 4552 4551
3 4557 4553 4552
3 4557 4554 4553
3 4557 4555 4554
3 4557 4556 4555
3 4557 4545 4556
3 4558 4559 4560
3 4558 4560 4561
3 4558 4561 4562
3 4558 4562 4563
3 4558 4563 4564
3 4558 4564 4565
3 4558 4565 4566
3 4558 4566 4567
3 4558 4567 4568
3 4558 4568 4569
3 4558 4569 4570
3 4558 4570 4559
3 4559 4571 4560
3 4560 4571 4572
3 4560 4572 4561
3 4561 4572 4573
3 4561 4573 4562
3 4562 4573 4574
3 4562 4574 4563
3 4563 4574 4575
3 4563 4575 4564
3 4564 4575 4576
3 4564 4576 4565
3 4565 4576 4577
3 4565 4577 4566
3 4566 4577 4578
3 4566 4578 4567
3 4567 4578 4579
3 4567 4579 4568
3 4568 4579 4580
3 4568 4580 4569
3 4569 4580 4581
3 4569 4581 4570
3 4570 4581 4582
3 4570 4582 4559
3 4559 4582 4571
3 4571 4583 4572
3 4572 4583 4584
3 4572 4584 4573
3 4573 4584 4585
3 4573 4585 4574
3 4574 4585 4586
3 4574 4586 4575
3 4575 4586 4587
3 4575 4587 4576
3 4576 4587 4588
3 4576 4588 4577
3 4577 4588 4589
3 4577 4589 4578
3 4578 4589 4590
3 4578 4590 4579
3 4579 4590 4591
3 4579 4591 4580
3 4580 4591 4592
3 4580 4592 4581
3 4581 4592 4593
3 4581 4593 4582
3 4582 4593 4594
3 4582 4594 4571
3 4571 4594 4583
3 4583 4595 4584
3 4584 4595 4596
3 4584 4596 4585
3 4585 4596 4597
3 4585 4597 4586
3 4586 4597 4598
3 4586 4598 4587
3 4587 4598 4599
3 4587 4599 4588
3 4588 4599 4600
3 4588 4600 4589
3 4589 4600 4601
3 4589 4601 4590
3 4590 4601 4602
3 4590 4602 4591
3 4591 4602 4603
3 4591 4603 4592
3 4592 4603 4604
3 4592 4604 4593
3 4593 4604 4605
3 4593 4605 4594
3 4594 4605 4606
3 4594 4606 4583
3 4583 4606 4595
3 4595 4607 4596
3 4596 4607 4608
3 4596 4608 4597
3 4597 4608 4609
3 4597 4609 4598
3 4598 4609 4610
3 4598 4610 4599
3 4599 4610 4611
3 4599 4611 4600
3 4600 4611 4612
3 4600 4612 4601
3 4601 4612 4613
3 4601 4613 4602
3 4602 4613 4614
3 4602 4614 4603
3 4603 4614 4615
3 4603 4615 4604
3 4604 4615 4616
3 4604 4616 4605
3 4605 4616 4617
3 4605 4617 4606
3 4606 4617 4618
3 4606 4618 4595
3 4595 4618 4607
3 4607 4619 4608
3 4608 4619 4620
3 4608 4620 4609
3 4609 4620 4621
3 4609 4621 4610
3 4610 4621 4622
3 4610 4622 4611
3 4611 4622 4623
3 4611 4623 4612
3 4612 4623 4624
3 4612 4624 4613
3 4613 4624 4625
3 4613 4625 4614
3 4614 4625 4626
3 4614 4626 4615
3 4615 4626 4627
3 4615 4627 4616
3 4616 4627 4628
3 4616 4628 4617
3 4617 4628 4629
3 4617 4629 4618
3 4618 4629 4630
3 4618 4630 4607
3 4607 4630 4619
3 4619 4631 4620
3 4620 4631 4632
3 4620 4632 4621
3 4621 4632 4633
3 4621 4633 4622
3 4622 4633 4634
3 4622 4634 4623
3 4623 4634 4635
3 4623 4635 4624
3 4624 4635 4636
3 4624 4636 4625
3 4625 4636 4637
3 4625 4637 4626
3 4626 4637 4638
3 4626 4638 4627
3 4627 4638 4639
3 4627 4639 4628
3 4628 4639 4640
3 4628 4640 4629
3 4629 4640 4641
3 4629 4641 4630
3 4630 4641 4642
3 4630 4642 4619
3 4619 4642 4631
3 4643 4632 4631
3 4643 4633 4632
3 4643 4634 4633
3 4643 4635 4634
3 4643 4636 4635
3 4643 4637 4636
3 4643 4638 4637
3 4643 4639 4638
3 4643 4640 4639
3 4643 4641 4640
3 4643 4642 4641
3 4643 4631 4642
3 4644 4645 4646
3 4644 4646 4647
3 4644 4647 4648
3 4644 4648 4649
3 4644 4649 4650
3 4644 4650 4651
3 4644 4651 4652
3 4644 4652 4653
3 4644 4653 4654
3 4644 4654 4655
3 4644 4655 4656
3 4644 4656 4645
3 4645 4657 4646
3 4646 4657 4658
3 4646 4658 4647
3 4647 4658 4659
3 4647 4659 4648
3 4648 4659 4660
3 4648 4660 4649
3 4649 4660 4661
3 4649 4661 4650
3 4650 4661 4662
3 4650 4662 4651
3 4651 4662 4663
3 4651 4663 4652
3 4652 4663 4664
3 4652 4664 4653
3 4653 4664 4665
3 4653 4665 4654
3 4654 4665 4666
3 4654 4666 4655
3 4655 4666 4667
3 4655 4667 4656
3 4656 4667 4668
3 4656 4668 4645
3 4645 4668 4657
3 4657 4669 4658
3 4658 4669 4670
3 4658 4670 4659
3 4659 4670 4671
3 4659 4671 4660
3 4660 4671 4672
3 4660 4672 4661
3 4661 4672 4673
3 4661 4673 4662
3 4662 4673 4674
3 4662 4674 4663
3 4663 4674 4675
3 4663 4675 4664
3 4664 4675 4676
3 4664 4676 4665
3 4665 4676 4677
3 4665 4677 4666
3 4666 4677 4678
3 4666 4678 4667
3 4667 4678 4679
3 4667 4679 4668
3 4668 4679 4680
3 4668 4680 4657
3 4657 4680 4669
3 4669 4681 4670
3 4670 4681 4682
3 4670 4682 4671
3 4671 4682 4683
3 4671 4683 4672
3 4672 4683 4684
3 4672 4684 4673
3 4673 4684 4685
3 4673 4685 4674
3 4674 4685 4686
3 4674 4686 4675
3 4675 4686 4687
3 4675 4687 4676
3 4676 4687 4688
3 4676 4688 4677
3 4677 4688 4689
3 4677 4689 4678
3 4678 4689 4690
3 4678 4690 4679
3 4679 4690 4691
3 4679 4691 4680
3 4680 4691 4692
3 4680 4692 4669
3 4669 4692 4681
3 4681 4693 4682
3 4682 4693 4694
3 4682 4694 4683
3 4683 4694 4695
3 4683 4695 4684
3 4684 4695 4696
3 4684 4696 4685
3 4685 4696 4697
3 4685 4697 4686
3 4686 4697 4698
3 4686 4698 4687
3 4687 4698 4699
3 4687 4699 4688
3 4688 4699 4700
3 4688 4700 4689
3 4689 4700 4701
3 4689 4701 4690
3 4690 4701 4702
3 4690 4702 4691
3 4691 4702 4703
3 4691 4703 4692
3 4692 4703 4704
3 4692 4704 4681
3 4681 4704 4693
3 4693 4705 4694
3 4694 4705 4706
3 4694 4706 4695
3 4695 4706 4707
3 4695 4707 4696
3 4696 4707 4708
3 4696 4708 4697
3 4697 4708 4709
3 4697 4709 4698
3 4698 4709 4710
3 4698 4710 4699
3 4699 4710 4711
3 4699 4711 4700
3 4700 4711 4712
3 4700 4712 4701
3 4701 4712 4713
3 4701 4713 4702
3 4702 4713 4714
3 4702 4714 4703
3 4703 4714 4715
3 4703 4715 4704
3 4704 4715 4716
3 4704 4716 4693
3 4693 4716 4705
3 4705 4717 4706
3 4706 4717 4718
3 4706 4718 4707
3 4707 4718 4719
3 4707 4719 4708
3 4708 4719 4720
3 4708 4720 4709
3 4709 4720 4721
3 4709 4721 4710
3 4710 4721 4722
3 4710 4722 4711
3 4711 4722 4723
3 4711 4723 4712
3 4712 4723 4724
3 4712 4724 4713
3 4713 4724 4725
3 4713 4725 4714
3 4714 4725 4726
3 4714 4726 4715
3 4715 4726 4727
3 4715 4727 4716
3 4716 4727 4728
3 4716 4728 4705
3 4705 4728 4717
3 4729 4718 4717
3 4729 4719 4718
3 4729 4720 4719
3 4729 4721 4720
3 4729 4722 4721
3 4729 4723 4722
3 4729 4724 4723
3 4729 4725 4724
3 4729 4726 4725
3 4729 4727 4726
3 4729 4728 4727
3 4729 4717 4728
3 4730 4731 4732
3 4730 4732 4733
3 4730 4733 4734
3 4730 4734 4735
3 4730 4735 4736
3 4730 4736 4737
3 4730 4737 4738
3 4730 4738 4739
3 4730 4739 4740
3 4730 4740 4741
3 4730 4741 4742
3 4730 4742 4731
3 4731 4743 4732
3 4732 4743 4744
3 4732 4744 4733
3 4733 4744 4745
3 4733 4745 4734
3 4734 4745 4746
3 4734 4746 4735
3 4735 4746 4747
3 4735 4747 4736
3 4736 4747 4748
3 4736 4748 4737
3 4737 4748 4749
3 4737 4749 4738
3 4738 4749 4750
3 4738 4750 4739
3 4739 4750 4751
3 4739 4751 4740
3 4740 4751 4752
3 4740 4752 4741
3 4741 4752 4753
3 4741 4753 4742
3 4742 4753 4754
3 4742 4754 4731
3 4731 4754 4743
3 4743 4755 4744
3 4744 4755 4756
3 4744 4756 4745
3 4745 4756 4757
3 4745 4757 4746
3 4746 4757 4758
3 4746 4758 4747
3 4747 4758 4759
3 4747 4759 4748
3 4748 4759 4760
3 4748 4760 4749
3 4749 4760 4761
3 4749 4761 4750
3 4750 4761 4762
3 4750 4762 4751
3 4751 4762 4763
3 4751 4763 4752
3 4752 4763 4764
3 4752 4764 4753
3 4753 4764 4765
3 4753 4765 4754
3 4754 4765 4766
3 4754 4766 4743
3 4743 4766 4755
3 4755 4767 4756
3 4756 4767 4768
3 4756 4768 4757
3 4757 4768 4769
3 4757 4769 4758
3 4758 4769 4770
3 4758 4770 4759
3 4759 4770 4771
3 4759 4771 4760
3 4760 4771 4772
3 4760 4772 4761
3 4761 4772 4773
3 4761 4773 4762
3 4762 4773 4774
3 4762 4774 4763
3 4763 4774 4775
3 4763 4775 4764
3 4764 4775 4776
3 4764 4776 4765
3 4765 4776 4777
3 4765 4777 4766
3 4766 4777 4778
3 4766 4778 4755
3 4755 4778 4767
3 4767 4779 4768
3 4768 4779 4780
3 4768 4780 4769
3 4769 4780 4781
3 4769 4781 4770
3 4770 4781 4782
3 4770 4782 4771
3 4771 4782 4783
3 4771 4783 4772
3 4772 4783 4784
3 4772 4784 4773
3 4773 4784 4785
3 4773 4785 4774
3 4774 4785 4786
3 4774 4786 4775
3 4775 4786 4787
3 4775 4787 4776
3 4776 4787 4788
3 4776 4788 4777
3 4777 4788 4789
3 4777 4789 4778
3 4778 4789 4790
3 4778 4790 4767
3 4767 4790 4779
3 4779 4791 4780
3 4780 4791 4792
3 4780 4792 4781
3 4781 4792 4793
3 4781 4793 4782
3 4782 4793 4794
3 4782 4794 4783
3 4783 4794 4795
3 4783 4795 4784
3 4784 4795 4796
3 4784 4796 4785
3 4785 4796 4797
3 4785 4797 4786
3 4786 4797 4798
3 4786 4798 4787
3 4787 4798 4799
3 4787 4799 4788
3 4788 4799 4800
3 4788 4800 4789
3 4789 4800 4801
3 4789 4801 4790
3 4790 4801 4802
3 4790 4802 4779
3 4779 4802 4791
3 4791 4803 4792
3 4792 4803 4804
3 4792 4804 4793
3 4793 4804 4805
3 4793 4805 4794
3 4794 4805 4806
3 4794 4806 4795
3 4795 4806 4807
3 4795 4807 4796
3 4796 4807 4808
3 4796 4808 4797
3 4797 4808 4809
3 4797 4809 4798
3 4798 4809 4810
3 4798 4810 4799
3 4799 4810 4811
3 4799 4811 4800
3 4800 4811 4812
3 4800 4812 4801
3 4801 4812 4813
3 4801 4813 4802
3 4802 4813 4814
3 4802 4814 4791
3 4791 4814 4803
3 4815 4804 4803
3 4815 4805 4804
3 4815 4806 4805
3 4815 4807 4806
3 4815 4808 4807
3 4815 4809 4808
3 4815 4810 4809
3 4815 4811 4810
3 4815 4812 4811
3 4815 4813 4812
3 4815 4814 4813
3 4815 4803 4814
3 4816 4817 4818
3 4816 4818 4819
3 4816 4819 4820
3 4816 4820 4821
3 4816 4821 4822
3 4816 4822 4823
3 4816 4823 4824
3 4816 4824 4825
3 4816 4825 4826
3 4816 4826 4827
3 4816 4827 4828
3 4816 4828 4817
3 4817 4829 4818
3 4818 4829 4830
3 4818 4830 4819
3 4819 4830 4831
3 4819 4831 4820
3 4820 4831 4832
3 4820 4832 4821
3 4821 4832 4833
3 4821 4833 4822
3 4822 4833 4834
3 4822 4834 4823
3 4823 4834 4835
3 4823 4835 4824
3 4824 4835 4836
3 4824 4836 4825
3 4825 4836 4837
3 4825 4837 4826
3 4826 4837 4838
3 4826 4838 4827
3 4827 4838 4839
3 4827 4839 4828
3 4828 4839 4840
3 4828 4840 4817
3 4817 4840 4829
3 4829 4841 4830
3 4830 4841 4842
3 4830 4842 4831
3 4831 4842 4843
3 4831 4843 4832
3 4832 4843 4844
3 4832 4844 4833
3 4833 4844 4845
3 4833 4845 4834
3 4834 4845 4846
3 4834 4846 4835
3 4835 4846 4847
3 4835 4847 4836
3 4836 4847 4848
3 4836 4848 4837
3 4837 4848 4849
3 4837 4849 4838
3 4838 4849 4850
3 4838 4850 4839
3 4839 4850 4851
3 4839 4851 4840
3 4840 4851 4852
3 4840 4852 4829
3 4829 4852 4841
3 4841 4853 4842
3 4842 4853 4854
3 4842 4854 4843
3 4843 4854 4855
3 4843 4855 4844
3 4844 4855 4856
3 4844 4856 4845
3 4845 4856 4857
3 4845 4857 4846
3 4846 4857 4858
3 4846 4858 4847
3 4847 4858 4859
3 4847 4859 4848
3 4848 4859 4860
3 4848 4860 4849
3 4849 4860 4861
3 4849 4861 4850
3 4850 4861 4862
3 4850 4862 4851
3 4851 4862 4863
3 4851 4863 4852
3 4852 4863 4864
3 4852 4864 4841
3 4841 4864 4853
3 4853 4865 4854
3 4854 4865 4866
3 4854 4866 4855
3 4855 4866 4867
3 4855 4867 4856
3 4856 4867 4868
3 4856 4868 4857
3 4857 4868 4869
3 4857 4869 4858
3 4858 4869 4870
3 4858 4870 4859
3 4859 4870 4871
3 4859 4871 4860
3 4860 4871 4872
3 4860 4872 4861
3 4861 4872 4873
3 4861 4873 4862
3 4862 4873 4874
3 4862 4874 4863
3 4863 4874 4875
3 4863 4875 4864
3 4864 4875 4876
3 4864 4876 4853
3 4853 4876 4865
3 4865 4877 4866
3 4866 4877 4878
3 4866 4878 4867
3 4867 4878 4879
3 4867 4879 4868
3 4868 4879 4880
3 4868 4880 4869
3 4869 4880 4881
3 4869 4881 4870
3 4870 4881 4882
3 4870 4882 4871
3 4871 4882 4883
3 4871 4883 4872
3 4872 4883 4884
3 4872 4884 4873
3 4873 4884 4885
3 4873 4885 4874
3 4874 4885 4886
3 4874 4886 4875
3 4875 4886 4887
3 4875 4887 4876
3 4876 4887 4888
3 4876 4888 4865
3 4865 4888 4877
3 4877 4889 4878
3 4878 4889 4890
3 4878 4890 4879
3 4879 4890 4891
3 4879 4891 4880
3 4880 4891 4892
3 4880 4892 4881
3 4881 4892 4893
3 4881 4893 4882
3 4882 4893 4894
3 4882 4894 4883
3 4883 4894 4895
3 4883 4895 4884
3 4884 4895 4896
3 4884 4896 4885
3 4885 4896 4897
3 4885 4897 4886
3 4886 4897 4898
3 4886 4898 4887
3 4887 4898 4899
3 4887 4899 4888
3 4888 4899 4900
3 4888 4900 4877
3 4877 4900 4889
3 4901 4890 4889
3 4901 4891 4890
3 4901 4892 4891
3 4901 4893 4892
3 4901 4894 4893
3 4901 4895 4894
3 4901 4896 4895
3 4901 4897 4896
3 4901 4898 4897
3 4901 4899 4898
3 4901 4900 4899
3 4901 4889 4900
3 4902 4903 4904
3 4902 4904 4905
3 4902 4905 4906
3 4902 4906 4907
3 4902 4907 4908
3 4902 4908 4909
3 4902 4909 4910
3 4902 4910 4911
3 4902 4911 4912
3 4902 4912 4913
3 4902 4913 4914
3 4902 4914 4903
3 4903 4915 4904
3 4904 4915 4916
3 4904 4916 4905
3 4905 4916 4917
3 4905 4917 4906
3 4906 4917 4918
3 4906 4918 4907
3 4907 4918 4919
3 4907 4919 4908
3 4908 4919 4920
3 4908 4920 4909
3 4909 4920 4921
3 4909 4921 4910
3 4910 4921 4922
3 4910 4922 4911
3 4911 4922 4923
3 4911 4923 4912
3 4912 4923 4924
3 4912 4924 4913
3 4913 4924 4925
3 4913 4925 4914
3 4914 4925 4926
3 4914 4926 4903
3 4903 4926 4915
3 4915 4927 4916
3 4916 4927 4928
3 4916 4928 4917
3 4917 4928 4929
3 4917 4929 4918
3 4918 4929 4930
3 4918 4930 4919
3 4919 4930 4931
3 4919 4931 4920
3 4920 4931 4932
3 4920 4932 4921
3 4921 4932 4933
3 4921 4933 4922
3 4922 4933 4934
3 4922 4934 4923
3 4923 4934 4935
3 4923 4935 4924
3 4924 4935 4936
3 4924 4936 4925
3 4925 4936 4937
3 4925 4937 4926
3 4926 4937 4938
3 4926 4938 4915
3 4915 4938 4927
3 4927 4939 4928
3 4928 4939 4940
3 4928 4940 4929
3 4929 4940 4941
3 4929 4941 4930
3 4930 4941 4942
3 4930 4942 4931
3 4931 4942 4943
3 4931 4943 4932
3 4932 4943 4944
3 4932 4944 4933
3 4933 4944 4945
3 4933 4945 4934
3 4934 4945 4946
3 4934 4946 4935
3 4935 4946 4947
3 4935 4947 4936
3 4936 4947 4948
3 4936 4948 4937
3 4937 4948 4949
3 4937 4949 4938
3 4938 4949 4950
3 4938 4950 4927
3 4927 4950 4939
3 4939 4951 4940
3 4940 4951 4952
3 4940 4952 4941
3 4941 4952 4953
3 4941 4953 4942
3 4942 4953 4954
3 4942 4954 4943
3 4943 4954 4955
3 4943 4955 4944
3 4944 4955 4956
3 4944 4956 4945
3 4945 4956 4957
3 4945 4957 4946
3 4946 4957 4958
3 4946 4958 4947
3 4947 4958 4959
3 4947 4959 4948
3 4948 4959 4960
3 4948 4960 4949
3 4949 4960 4961
3 4949 4961 4950
3 4950 4961 4962
3 4950 4962 4939
3 4939 4962 4951
3 4951 4963 4952
3 4952 4963 4964
3 4952 4964 4953
3 4953 4964 4965
3 4953 4965 4954
3 4954 4965 4966
3 4954 4966 4955
3 4955 4966 4967
3 4955 4967 4956
3 4956 4967 4968
3 4956 4968 4957
3 4957 4968 4969
3 4957 4969 4958
3 4958 4969 4970
3 4958 4970 4959
3 4959 4970 4971
3 4959 4971 4960
3 4960 4971 4972
3 4960 4972 4961
3 4961 4972 4973
3 4961 4973 4962
3 4962 4973 4974
3 4962 4974 4951
3 4951 4974 4963
3 4963 4975 4964
3 4964 4975 4976
3 4964 4976 4965
3 4965 4976 4977
3 4965 4977 4966
3 4966 4977 4978
3 4966 4978 4967
3 4967 4978 4979
3 4967 4979 4968
3 4968 4979 4980
3 4968 4980 4969
3 4969 4980 4981
3 4969 4981 4970
3 4970 4981 4982
3 4970 4982 4971
3 4971 4982 4983
3 4971 4983 4972
3 4972 4983 4984
3 4972 4984 4973
3 4973 4984 4985
3 4973 4985 4974
3 4974 4985 4986
3 4974 4986 4963
3 4963 4986 4975
3 4987 4976 4975
3 4987 4977 4976
3 4987 4978 4977
3 4987 4979 4978
3 4987 4980 4979
3 4987 4981 4980
3 4987 4982 4981
3 4987 4983 4982
3 4987 4984 4983
3 4987 4985 4984
3 4987 4986 4985
3 4987 4975 4986
3 4988 4989 4990
3 4988 4990 4991
3 4988 4991 4992
3 4988 4992 4993
3 4988 4993 4994
3 4988 4994 4995
3 4988 4995 4996
3 4988 4996 4997
3 4988 4997 4998
3 4988 4998 4999
3 4988 4999 5000
3 4988 5000 4989
3 4989 5001 4990
3 4990 5001 5002
3 4990 5002 4991
3 4991 5002 5003
3 4991 5003 4992
3 4992 5003 5004
3 4992 5004 4993
3 4993 5004 5005
3 4993 5005 4994
3 4994 5005 5006
3 4994 5006 4995
3 4995 5006 5007
3 4995 5007 4996
3 4996 5007 5008
3 4996 5008 4997
3 4997 5008 5009
3 4997 5009 4998
3 4998 5009 5010
3 4998 5010 4999
3 4999 5010 5011
3 4999 5011 5000
3 5000 5011 5012
3 5000 5012 4989
3 4989 5012 5001
3 5001 5013 5002
3 5002 5013 5014
3 5002 5014 5003
3 5003 5014 5015
3 5003 5015 5004
3 5004 5015 5016
3 5004 5016 5005
3 5005 5016 5017
3 5005 5017 5006
3 5006 5017 5018
3 5006 5018 5007
3 5007 5018 5019
3 5007 5019 5008
3 5008 5019 5020
3 5008 5020 5009
3 5009 5020 5021
3 5009 5021 5010
3 5010 5021 5022
3 5010 5022 5011
3 5011 5022 5023
3 5011 5023 5012
3 5012 5023 5024
3 5012 5024 5001
3 5001 5024 5013
3 5013 5025 5014
3 5014 5025 5026
3 5014 5026 5015
3 5015 5026 5027
3 5015 5027 5016
3 5016 5027 5028
3 5016 5028 5017
3 5017 5028 5029
3 5017 5029 5018
3 5018 5029 5030
3 5018 5030 5019
3 5019 5030 5031
3 5019 5031 5020
3 5020 5031 5032
3 5020 5032 5021
3 5021 5032 5033
3 5021 5033 5022
3 5022 5033 5034
3 5022 5034 5023
3 5023 5034 5035
3 5023 5035 5024
3 5024 5035 5036
3 5024 5036 5013
3 5013 5036 5025
3 5025 5037 5026
3 5026 5037 5038
3 5026 5038 5027
3 5027 5038 5039
3 5027 5039 5028
3 5028 5039 5040
3 5028 5040 5029
3 5029 5040 5041
3 5029 5041 5030
3 5030 5041 5042
3 5030 5042 5031
3 5031 5042 5043
3 5031 5043 5032
3 5032 5043 5044
3 5032 5044 5033
3 5033 5044 5045
3 5033 5045 5034
3 5034 5045 5046
3 5034 5046 5035
3 5035 5046 5047
3 5035 5047 5036
3 5036 5047 5048
3 5036 5048 5025
3 5025 5048 5037
3 5037 5049 5038
3 5038 5049 5050
3 5038 5050 5039
3 5039 5050 5051
3 5039 5051 5040
3 5040 5051 5052
3 5040 5052 5041
3 5041 5052 5053
3 5041 5053 5042
3 5042 5053 5054
3 5042 5054 5043
3 5043 5054 5055
3 5043 5055 5044
3 5044 5055 5056
3 5044 5056 5045
3 5045 5056 5057
3 5045 5057 5046
3 5046 5057 5058
3 5046 5058 5047
3 5047 5058 5059
3 5047 5059 5048
3 5048 5059 5060
3 5048 5060 5037
3 5037 5060 5049
3 5049 5061 5050
3 5050 5061 5062
3 5050 5062 5051
3 5051 5062 5063
3 5051 5063 5052
3 5052 5063 5064
3 5052 5064 5053
3 5053 5064 5065
3 5053 5065 5054
3 5054 5065 5066
3 5054 5066 5055
3 5055 5066 5067
3 5055 5067 5056
3 5056 5067 5068
3 5056 5068 5057
3 5057 5068 5069
3 5057 5069 5058
3 5058 5069 5070
3 5058 5070 5059
3 5059 5070 5071
3 5059 5071 5060
3 5060 5071 5072
3 5060 5072 5049
3 5049 5072 5061
3 5073 5062 5061
3 5073 5063 5062
3 5073 5064 5063
3 5073 5065 5064
3 5073 5066 5065
3 5073 5067 5066
3 5073 5068 5067
3 5073 5069 5068
3 5073 5070 5069
3 5073 5071 5070
3 5073 5072 5071
3 5073 5061 5072
3 5074 5075 5076
3 5074 5076 5077
3 5074 5077 5078
3 5074 5078 5079
3 5074 5079 5080
3 5074 5080 5081
3 5074 5081 5082
3 5074 5082 5083
3 5074 5083 5084
3 5074 5084 5085
3 5074 5085 5086
3 5074 5086 5075
3 5075 5087 5076
3 5076 5087 5088
3 5076 5088 5077
3 5077 5088 5089
3 5077 5089 5078
3 5078 5089 5090
3 5078 5090 5079
3 5079 5090 5091
3 5079 5091 5080
3 5080 5091 5092
3 5080 5092 5081
3 5081 5092 5093
3 5081 5093 5082
3 5082 5093 5094
3 5082 5094 5083
3 5083 5094 5095
3 5083 5095 5084
3 5084 5095 5096
3 5084 5096 5085
3 5085 5096 5097
3 5085 5097 5086
3 5086 5097 5098
3 5086 5098 5075
3 5075 5098 5087
3 5087 5099 5088
3 5088 5099 5100
3 5088 5100 5089
3 5089 5100 5101
3 5089 5101 5090
3 5090 5101 5102
3 5090 5102 5091
3 5091 5102 5103
3 5091 5103 5092
3 5092 5103 5104
3 5092 5104 5093
3 5093 5104 5105
3 5093 5105 5094
3 5094 5105 5106
3 5094 5106 5095
3 5095 5106 5107
3 5095 5107 5096
3 5096 5107 5108
3 5096 5108 5097
3 5097 5108 5109
3 5097 5109 5098
3 5098 5109 5110
3 5098 5110 5087
3 5087 5110 5099
3 5099 5111 5100
3 5100 5111 5112
3 5100 5112 5101
3 5101 5112 5113
3 5101 5113 5102
3 5102 5113 5114
3 5102 5114 5103
3 5103 5114 5115
3 5103 5115 5104
3 5104 5115 5116
3 5104 5116 5105
3 5105 5116 5117
3 5105 5117 5106
3 5106 5117 5118
3 5106 5118 5107
3 5107 5118 5119
3 5107 5119 5108
3 5108 5119 5120
3 5108 5120 5109
3 5109 5120 5121
3 5109 5121 5110
3 5110 5121 5122
3 5110 5122 5099
3 5099 5122 5111
3 5111 5123 5112
3 5112 5123 5124
3 5112 5124 5113
3 5113 5124 5125
3 5113 5125 5114
3 5114 5125 5126
3 5114 5126 5115
3 5115 5126 5127
3 5115 5127 5116
3 5116 5127 5128
3 5116 5128 5117
3 5117 5128 5129
3 5117 5129 5118
3 5118 5129 5130
3 5118 5130 5119
3 5119 5130 5131
3 5119 5131 5120
3 5120 5131 5132
3 5120 5132 5121
3 5121 5132 5133
3 5121 5133 5122
3 5122 5133 5134
3 5122 5134 5111
3 5111 5134 5123
3 5123 5135 5124
3 5124 5135 5136
3 5124 5136 5125
3 5125 5136 5137
3 5125 5137 5126
3 5126 5137 5138
3 5126 5138 5127
3 5127 5138 5139
3 5127 5139 5128
3 5128 5139 5140
3 5128 5140 5129
3 5129 5140 5141
3 5129 5141 5130
3 5130 5141 5142
3 5130 5142 5131
3 5131 5142 5143
3 5131 5143 5132
3 5132 5143 5144
3 5132 5144 5133
3 5133 5144 5145
3 5133 5145 5134
3 5134 5145 5146
3 5134 5146 5123
3 5123 5146 5135
3 5135 5147 5136
3 5136 5147 5148
3 5136 5148 5137
3 5137 5148 5149
3 5137 5149 5138
3 5138 5149 5150
3 5138 5150 5139
3 5139 5150 5151
3 5139 5151 5140
3 5140 5151 5152
3 5140 5152 5141
3 5141 5152 5153
3 5141 5153 5142
3 5142 5153 5154
3 5142 5154 5143
3 5143 5154 5155
3 5143 5155 5144
3 5144 5155 5156
3 5144 5156 5145
3 5145 5156 5157
3 5145 5157 5146
3 5146 5157 5158
3 5146 5158 5135
3 5135 5158 5147
3 5159 5148 5147
3 5159 5149 5148
3 5159 5150 5149
3 5159 5151 5150
3 5159 5152 5151
3 5159 5153 5152
3 5159 5154 5153
3 5159 5155 5154
3 5159 5156 5155
3 5159 5157 5156
3 5159 5158 5157
3 5159 5147 5158
3 5160 5161 5162
3 5160 5162 5163
3 5160 5163 5164
3 5160 5164 5165
3 5160 5165 5166
3 5160 5166 5167
3 5160 5167 5168
3 5160 5168 5169
3 5160 5169 5170
3 5160 5170 5171
3 5160 5171 5172
3 5160 5172 5161
3 5161 5173 5162
3 5162 5173 5174
3 5162 5174 5163
3 5163 5174 5175
3 5163 5175 5164
3 5164 5175 5176
3 5164 5176 5165
3 5165 5176 5177
3 5165 5177 5166
3 5166 5177 5178
3 5166 5178 5167
3 5167 5178 5179
3 5167 5179 5168
3 5168 5179 5180
3 5168 5180 5169
3 5169 5180 5181
3 5169 5181 5170
3 5170 5181 5182
3 5170 5182 5171
3 5171 5182 5183
3 5171 5183 5172
3 5172 5183 5184
3 5172 5184 5161
3 5161 5184 5173
3 5173 5185 5174
3 5174 5185 5186
3 5174 5186 5175
3 5175 5186 5187
3 5175 5187 5176
3 5176 5187 5188
3 5176 5188 5177
3 5177 5188 5189
3 5177 5189 5178
3 5178 5189 5190
3 5178 5190 5179
3 5179 5190 5191
3 5179 5191 5180
3 5180 5191 5192
3 5180 5192 5181
3 5181 5192 5193
3 5181 5193 5182
3 5182 5193 5194
3 5182 5194 5183
3 5183 5194 5195
3 5183 5195 5184
3 5184 5195 5196
3 5184 5196 5173
3 5173 5196 5185
3 5185 5197 5186
3 5186 5197 5198
3 5186 5198 5187
3 5187 5198 5199
3 5187 5199 5188
3 5188 5199 5200
3 5188 5200 5189
3 5189 5200 5201
3 5189 5201 5190
3 5190 5201 5202
3 5190 5202 5191
3 5191 5202 5203
3 5191 5203 5192
3 5192 5203 5204
3 5192 5204 5193
3 5193 5204 5205
3 5193 5205 5194
3 5194 5205 5206
3 5194 5206 5195
3 5195 5206 5207
3 5195 5207 5196
3 5196 5207 5208
3 5196 5208 5185
3 5185 5208 5197
3 5197 5209 5198
3 5198 5209 5210
3 5198 5210 5199
3 5199 5210 5211
3 5199 5211 5200
3 5200 5211 5212
3 5200 5212 5201
3 5201 5212 5213
3 5201 5213 5202
3 5202 5213 5214
3 5202 5214 5203
3 5203 5214 5215
3 5203 5215 5204
3 5204 5215 5216
3 5204 5216 5205
3 5205 5216 5217
3 5205 5217 5206
3 5206 5217 5218
3 5206 5218 5207
3 5207 5218 5219
3 5207 5219 5208
3 5208 5219 5220
3 5208 5220 5197
3 5197 5220 5209
3 5209 5221 5210
3 5210 5221 5222
3 5210 5222 5211
3 5211 5222 5223
3 5211 5223 5212
3 5212 5223 5224
3 5212 5224 5213
3 5213 5224 5225
3 5213 5225 5214
3 5214 5225 5226
3 5214 5226 5215
3 5215 5226 5227
3 5215 5227 5216
3 5216 5227 5228
3 5216 5228 5217
3 5217 5228 5229
3 5217 5229 5218
3 5218 5229 5230
3 5218 5230 5219
3 5219 5230 5231
3 5219 5231 5220
3 5220 5231 5232
3 5220 5232 5209
3 5209 5232 5221
3 5221 5233 5222
3 5222 5233 5234
3 5222 5234 5223
3 5223 5234 5235
3 5223 5235 5224
3 5224 5235 5236
3 5224 5236 5225
3 5225 5236 5237
3 5225 5237 5226
3 5226 5237 5238
3 5226 5238 5227
3 5227 5238 5239
3 5227 5239 5228
3 5228 5239 5240
3 5228 5240 5229
3 5229 5240 5241
3 5229 5241 5230
3 5230 5241 5242
3 5230 5242 5231
3 5231 5242 5243
3 5231 5243 5232
3 5232 5243 5244
3 5232 5244 5221
3 5221 5244 5233
3 5245 5234 5233
3 5245 5235 5234
3 5245 5236 5235
3 5245 5237 5236
3 5245 5238 5237
3 5245 5239 5238
3 5245 5240 5239
3 5245 5241 5240
3 5245 5242 5241
3 5245 5243 5242
3 5245 5244 5243
3 5245 5233 5244
3 5246 5247 5248
3 5246 5248 5249
3 5246 5249 5250
3 5246 5250 5251
3 5246 5251 5252
3 5246 5252 5253
3 5246 5253 5254
3 5246 5254 5255
3 5246 5255 5256
3 5246 5256 5257
3 5246 5257 5258
3 5246 5258 5247
3 5247 5259 5248
3 5248 5259 5260
3 5248 5260 5249
3 5249 5260 5261
3 5249 5261 5250
3 5250 5261 5262
3 5250 5262 5251
3 5251 5262 5263
3 5251 5263 5252
3 5252 5263 5264
3 5252 5264 5253
3 5253 5264 5265
3 5253 5265 5254
3 5254 5265 5266
3 5254 5266 5255
3 5255 5266 5267
3 5255 5267 5256
3 5256 5267 5268
3 5256 5268 5257
3 5257 5268 5269
3 5257 5269 5258
3 5258 5269 5270
3 5258 5270 5247
3 5247 5270 5259
3 5259 5271 5260
3 5260 5271 5272
3 5260 5272 5261
3 5261 5272 5273
3 5261 5273 5262
3 5262 5273 5274
3 5262 5274 5263
3 5263 5274 5275
3 5263 5275 5264
3 5264 5275 5276
3 5264 5276 5265
3 5265 5276 5277
3 5265 5277 5266
3 5266 5277 5278
3 5266 5278 5267
3 5267 5278 5279
3 5267 5279 5268
3 5268 5279 5280
3 5268 5280 5269
3 5269 5280 5281
3 5269 5281 5270
3 5270 5281 5282
3 5270 5282 5259
3 5259 5282 5271
3 5271 5283 5272
3 5272 5283 5284
3 5272 5284 5273
3 5273 5284 5285
3 5273 5285 5274
3 5274 5285 5286
3 5274 5286 5275
3 5275 5286 5287
3 5275 5287 5276
3 5276 5287 5288
3 5276 5288 5277
3 5277 5288 5289
3 5277 5289 5278
3 5278 5289 5290
3 5278 5290 5279
3 5279 5290 5291
3 5279 5291 5280
3 5280 5291 5292
3 5280 5292 5281
3 5281 5292 5293
3 5281 5293 5282
3 5282 5293 5294
3 5282 5294 5271
3 5271 5294 5283
3 5283 5295 5284
3 5284 5295 5296
3 5284 5296 5285
3 5285 5296 5297
3 5285 5297 5286
3 5286 5297 5298
3 5286 5298 5287
3 5287 5298 5299
3 5287 5299 5288
3 5288 5299 5300
3 5288 5300 5289
3 5289 5300 5301
3 5289 5301 5290
3 5290 5301 5302
3 5290 5302 5291
3 5291 5302 5303
3 5291 5303 5292
3 5292 5303 5304
3 5292 5304 5293
3 5293 5304 5305
3 5293 5305 5294
3 5294 5305 5306
3 5294 5306 5283
3 5283 5306 5295
3 5295 5307 5296
3 5296 5307 5308
3 5296 5308 5297
3 5297 5308 5309
3 5297 5309 5298
3 5298 5309 5310
3 5298 5310 5299
3 5299 5310 5311
3 5299 5311 5300
3 5300 5311 5312
3 5300 5312 5301
3 5301 5312 5313
3 5301 5313 5302
3 5302 5313 5314
3 5302 5314 5303
3 5303 5314 5315
3 5303 5315 5304
3 5304 5315 5316
3 5304 5316 5305
3 5305 5316 5317
3 5305 5317 5306
3 5306 5317 5318
3 5306 5318 5295
3 5295 5318 5307
3 5307 5319 5308
3 5308 5319 5320
3 5308 5320 5309
3 5309 5320 5321
3 5309 5321 5310
3 5310 5321 5322
3 5310 5322 5311
3 5311 5322 5323
3 5311 5323 5312
3 5312 5323 5324
3 5312 5324 5313
3 5313 5324 5325
3 5313 5325 5314
3 5314 5325 5326
3 5314 5326 5315
3 5315 5326 5327
3 5315 5327 5316
3 5316 5327 5328
3 5316 5328 5317
3 5317 5328 5329
3 5317 5329 5318
3 5318 5329 5330
3 5318 5330 5307
3 5307 5330 5319
3 5331 5320 5319
3 5331 5321 5320
3 5331 5322 5321
3 5331 5323 5322
3 5331 5324 5323
3 5331 5325 5324
3 5331 5326 5325
3 5331 5327 5326
3 5331 5328 5327
3 5331 5329 5328
3 5331 5330 5329
3 5331 5319 5330
3 5332 5333 5334
3 5332 5334 5335
3 5332 5335 5336
3 5332 5336 5337
3 5332 5337 5338
3 5332 5338 5339
3 5332 5339 5340
3 5332 5340 5341
3 5332 5341 5342
3 5332 5342 5343
3 5332 5343 5344
3 5332 5344 5333
3 5333 5345 5334
3 5334 5345 5346
3 5334 5346 5335
3 5335 5346 5347
3 5335 5347 5336
3 5336 5347 5348
3 5336 5348 5337
3 5337 5348 5349
3 5337 5349 5338
3 5338 5349 5350
3 5338 5350 5339
3 5339 5350 5351
3 5339 5351 5340
3 5340 5351 5352
3 5340 5352 5341
3 5341 5352 5353
3 5341 5353 5342
3 5342 5353 5354
3 5342 5354 5343
3 5343 5354 5355
3 5343 5355 5344
3 5344 5355 5356
3 5344 5356 5333
3 5333 5356 5345
3 5345 5357 5346
3 5346 5357 5358
3 5346 5358 5347
3 5347 5358 5359
3 5347 5359 5348
3 5348 5359 5360
3 5348 5360 5349
3 5349 5360 5361
3 5349 5361 5350
3 5350 5361 5362
3 5350 5362 5351
3 5351 5362 5363
3 5351 5363 5352
3 5352 5363 5364
3 5352 5364 5353
3 5353 5364 5365
3 5353 5365 5354
3 5354 5365 5366
3 5354 5366 5355
3 5355 5366 5367
3 5355 5367 5356
3 5356 5367 5368
3 5356 5368 5345
3 5345 5368 5357
3 5357 5369 5358
3 5358 5369 5370
3 5358 5370 5359
3 5359 5370 5371
3 5359 5371 5360
3 5360 5371 5372
3 5360 5372 5361
3 5361 5372 5373
3 5361 5373 5362
3 5362 5373 5374
3 5362 5374 5363
3 5363 5374 5375
3 5363 5375 5364
3 5364 5375 5376
3 5364 5376 5365
3 5365 5376 5377
3 5365 5377 5366
3 5366 5377 5378
3 5366 5378 5367
3 5367 5378 5379
3 5367 5379 5368
3 5368 5379 5380
3 5368 5380 5357
3 5357 5380 5369
3 5369 5381 5370
3 5370 5381 5382
3 5370 5382 5371
3 5371 5382 5383
3 5371 5383 5372
3 5372 5383 5384
3 5372 5384 5373
3 5373 5384 5385
3 5373 5385 5374
3 5374 5385 5386
3 5374 5386 5375
3 5375 5386 5387
3 5375 5387 5376
3 5376 5387 5388
3 5376 5388 5377
3 5377 5388 5389
3 5377 5389 5378
3 5378 5389 5390
3 5378 5390 5379
3 5379 5390 5391
3 5379 5391 5380
3 5380 5391 5392
3 5380 5392 5369
3 5369 5392 5381
3 5381 5393 5382
3 5382 5393 5394
3 5382 5394 5383
3 5383 5394 5395
3 5383 5395 5384
3 5384 5395 5396
3 5384 5396 5385
3 5385 5396 5397
3 5385 5397 5386
3 5386 5397 5398
3 5386 5398 5387
3 5387 5398 5399
3 5387 5399 5388
3 5388 5399 5400
3 5388 5400 5389
3 5389 5400 5401
3 5389 5401 5390
3 5390 5401 5402
3 5390 5402 5391
3 5391 5402 5403
3 5391 5403 5392
3 5392 5403 5404
3 5392 5404 5381
3 5381 5404 5393
3 5393 5405 5394
3 5394 5405 5406
3 5394 5406 5395
3 5395 5406 5407
3 5395 5407 5396
3 5396 5407 5408
3 5396 5408 5397
3 5397 5408 5409
3 5397 5409 5398
3 5398 5409 5410
3 5398 5410 5399
3 5399 5410 5411
3 5399 5411 5400
3 5400 5411 5412
3 5400 5412 5401
3 5401 5412 5413
3 5401 5413 5402
3 5402 5413 5414
3 5402 5414 5403
3 5403 5414 5415
3 5403 5415 5404
3 5404 5415 5416
3 5404 5416 5393
3 5393 5416 5405
3 5417 5406 5405
3 5417 5407 5406
3 5417 5408 5407
3 5417 5409 5408
3 5417 5410 5409
3 5417 5411 5410
3 5417 5412 5411
3 5417 5413 5412
3 5417 5414 5413
3 5417 5415 5414
3 5417 5416 5415
3 5417 5405 5416
3 5418 5419 5420
3 5418 5420 5421
3 5418 5421 5422
3 5418 5422 5423
3 5418 5423 5424
3 5418 5424 5425
3 5418 5425 5426
3 5418 5426 5427
3 5418 5427 5428
3 5418 5428 5429
3 5418 5429 5430
3 5418 5430 5419
3 5419 5431 5420
3 5420 5431 5432
3 5420 5432 5421
3 5421 5432 5433
3 5421 5433 5422
3 5422 5433 5434
3 5422 5434 5423
3 5423 5434 5435
3 5423 5435 5424
3 5424 5435 5436
3 5424 5436 5425
3 5425 5436 5437
3 5425 5437 5426
3 5426 5437 5438
3 5426 5438 5427
3 5427 5438 5439
3 5427 5439 5428
3 5428 5439 5440
3 5428 5440 5429
3 5429 5440 5441
3 5429 5441 5430
3 5430 5441 5442
3 5430 5442 5419
3 5419 5442 5431
3 5431 5443 5432
3 5432 5443 5444
3 5432 5444 5433
3 5433 5444 5445
3 5433 5445 5434
3 5434 5445 5446
3 5434 5446 5435
3 5435 5446 5447
3 5435 5447 5436
3 5436 5447 5448
3 5436 5448 5437
3 5437 5448 5449
3 5437 5449 5438
3 5438 5449 5450
3 5438 5450 5439
3 5439 5450 5451
3 5439 5451 5440
3 5440 5451 5452
3 5440 5452 5441
3 5441 5452 5453
3 5441 5453 5442
3 5442 5453 5454
3 5442 5454 5431
3 5431 5454 5443
3 5443 5455 5444
3 5444 5455 5456
3 5444 5456 5445
3 5445 5456 5457
3 5445 5457 5446
3 5446 5457 5458
3 5446 5458 5447
3 5447 5458 5459
3 5447 5459 5448
3 5448 5459 5460
3 5448 5460 5449
3 5449 5460 5461
3 5449 5461 5450
3 5450 5461 5462
3 5450 5462 5451
3 5451 5462 5463
3 5451 5463 5452
3 5452 5463 5464
3 5452 5464 5453
3 5453 5464 5465
3 5453 5465 5454
3 5454 5465 5466
3 5454 5466 5443
3 5443 5466 5455
3 5455 5467 5456
3 5456 5467 5468
3 5456 5468 5457
3 5457 5468 5469
3 5457 5469 5458
3 5458 5469 5470
3 5458 5470 5459
3 5459 5470 5471
3 5459 5471 5460
3 5460 5471 5472
3 5460 5472 5461
3 5461 5472 5473
3 5461 5473 5462
3 5462 5473 5474
3 5462 5474 5463
3 5463 5474 5475
3 5463 5475 5464
3 5464 5475 5476
3 5464 5476 5465
3 5465 5476 5477
3 5465 5477 5466
3 5466 5477 5478
3 5466 5478 5455
3 5455 5478 5467
3 5467 5479 5468
3 5468 5479 5480
3 5468 5480 5469
3 5469 5480 5481
3 5469 5481 5470
3 5470 5481 5482
3 5470 5482 5471
3 5471 5482 5483
3 5471 5483 5472
3 5472 5483 5484
3 5472 5484 5473
3 5473 5484 5485
3 5473 5485 5474
3 5474 5485 5486
3 5474 5486 5475
3 5475 5486 5487
3 5475 5487 5476
3 5476 5487 5488
3 5476 5488 5477
3 5477 5488 5489
3 5477 5489 5478
3 5478 5489 5490
3 5478 5490 5467
3 5467 5490 5479
3 5479 5491 5480
3 5480 5491 5492
3 5480 5492 5481
3 5481 5492 5493
3 5481 5493 5482
3 5482 5493 5494
3 5482 5494 5483
3 5483 5494 5495
3 5483 5495 5484
3 5484 5495 5496
3 5484 5496 5485
3 5485 5496 5497
3 5485 5497 5486
3 5486 5497 5498
3 5486 5498 5487
3 5487 5498 5499
3 5487 5499 5488
3 5488 5499 5500
3 5488 5500 5489
3 5489 5500 5501
3 5489 5501 5490
3 5490 5501 5502
3 5490 5502 5479
3 5479 5502 5491
3 5503 5492 5491
3 5503 5493 5492
3 5503 5494 5493
3 5503 5495 5494
3 5503 5496 5495
3 5503 5497 5496
3 5503 5498 5497
3 5503 5499 5498
3 5503 5500 5499
3 5503 5501 5500
3 5503 5502 5501
3 5503 5491 5502
3 5504 5505 5506
3 5504 5506 5507
3 5504 5507 5508
3 5504 5508 5509
3 5504 5509 5510
3 5504 5510 5511
3 5504 5511 5512
3 5504 5512 5513
3 5504 5513 5514
3 5504 5514 5515
3 5504 5515 5516
3 5504 5516 5505
3 5505 5517 5506
3 5506 5517 5518
3 5506 5518 5507
3 5507 5518 5519
3 5507 5519 5508
3 5508 5519 5520
3 5508 5520 5509
3 5509 5520 5521
3 5509 5521 5510
3 5510 5521 5522
3 5510 5522 5511
3 5511 5522 5523
3 5511 5523 5512
3 5512 5523 5524
3 5512 5524 5513
3 5513 5524 5525
3 5513 5525 5514
3 5514 5525 5526
3 5514 5526 5515
3 5515 5526 5527
3 5515 5527 5516
3 5516 5527 5528
3 5516 5528 5505
3 5505 5528 5517
3 5517 5529 5518
3 5518 5529 5530
3 5518 5530 5519
3 5519 5530 5531
3 5519 5531 5520
3 5520 5531 5532
3 5520 5532 5521
3 5521 5532 5533
3 5521 5533 5522
3 5522 5533 5534
3 5522 5534 5523
3 5523 5534 5535
3 5523 5535 5524
3 5524 5535 5536
3 5524 5536 5525
3 5525 5536 5537
3 5525 5537 5526
3 5526 5537 5538
3 5526 5538 5527
3 5527 5538 5539
3 5527 5539 5528
3 5528 5539 5540
3 5528 5540 5517
3 5517 5540 5529
3 5529 5541 5530
3 5530 5541 5542
3 5530 5542 5531
3 5531 5542 5543
3 5531 5543 5532
3 5532 5543 5544
3 5532 5544 5533
3 5533 5544 5545
3 5533 5545 5534
3 5534 5545 5546
3 5534 5546 5535
3 5535 5546 5547
3 5535 5547 5536
3 5536 5547 5548
3 5536 5548 5537
3 5537 5548 5549
3 5537 5549 5538
3 5538 5549 5550
3 5538 5550 5539
3 5539 5550 5551
3 5539 5551 5540
3 5540 5551 5552
3 5540 5552 5529
3 5529 5552 5541
3 5541 5553 5542
3 5542 5553 5554
3 5542 5554 5543
3 5543 5554 5555
3 5543 5555 5544
3 5544 5555 5556
3 5544 5556 5545
3 5545 5556 5557
3 5545 5557 5546
3 5546 5557 5558
3 5546 5558 5547
3 5547 5558 5559
3 5547 5559 5548
3 5548 5559 5560
3 5548 5560 5549
3 5549 5560 5561
3 5549 5561 5550
3 5550 5561 5562
3 5550 5562 5551
3 5551 5562 5563
3 5551 5563 5552
3 5552 5563 5564
3 5552 5564 5541
3 5541 5564 5553
3 5553 5565 5554
3 5554 5565 5566
3 5554 5566 5555
3 5555 5566 5567
3 5555 5567 5556
3 5556 5567 5568
3 5556 5568 5557
3 5557 5568 5569
3 5557 5569 5558
3 5558 5569 5570
3 5558 5570 5559
3 5559 5570 5571
3 5559 5571 5560
3 5560 5571 5572
3 5560 5572 5561
3 5561 5572 5573
3 5561 5573 5562
3 5562 5573 5574
3 5562 5574 5563
3 5563 5574 5575
3 5563 5575 5564
3 5564 5575 5576
3 5564 5576 5553
3 5553 5576 5565
3 5565 5577 5566
3 5566 5577 5578
3 5566 5578 5567
3 5567 5578 5579
3 5567 5579 5568
3 5568 5579 5580
3 5568 5580 5569
3 5569 5580 5581
3 5569 5581 5570
3 5570 5581 5582
3 5570 5582 5571
3 5571 5582 5583
3 5571 5583 5572
3 5572 5583 5584
3 5572 5584 5573
3 5573 5584 5585
3 5573 5585 5574
3 5574 5585 5586
3 5574 5586 5575
3 5575 5586 5587
3 5575 5587 5576
3 5576 5587 5588
3 5576 5588 5565
3 5565 5588 5577
3 5589 5578 5577
3 5589 5579 5578
3 5589 5580 5579
3 5589 5581 5580
3 5589 5582 5581
3 5589 5583 5582
3 5589 5584 5583
3 5589 5585 5584
3 5589 5586 5585
3 5589 5587 5586
3 5589 5588 5587
3 5589 5577 5588
3 5590 5591 5592
3 5590 5592 5593
3 5590 5593 5594
3 5590 5594 5595
3 5590 5595 5596
3 5590 5596 5597
3 5590 5597 5598
3 5590 5598 5599
3 5590 5599 5600
3 5590 5600 5601
3 5590 5601 5602
3 5590 5602 5591
3 5591 5603 5592
3 5592 5603 5604
3 5592 5604 5593
3 5593 5604 5605
3 5593 5605 5594
3 5594 5605 5606
3 5594 5606 5595
3 5595 5606 5607
3 5595 5607 5596
3 5596 5607 5608
3 5596 5608 5597
3 5597 5608 5609
3 5597 5609 5598
3 5598 5609 5610
3 5598 5610 5599
3 5599 5610 5611
3 5599 5611 5600
3 5600 5611 5612
3 5600 5612 5601
3 5601 5612 5613
3 5601 5613 5602
3 5602 5613 5614
3 5602 5614 5591
3 5591 5614 5603
3 5603 5615 5604
3 5604 5615 5616
3 5604 5616 5605
3 5605 5616 5617
3 5605 5617 5606
3 5606 5617 5618
3 5606 5618 5607
3 5607 5618 5619
3 5607 5619 5608
3 5608 5619 5620
3 5608 5620 5609
3 5609 5620 5621
3 5609 5621 5610
3 5610 5621 5622
3 5610 5622 5611
3 5611 5622 5623
3 5611 5623 5612
3 5612 5623 5624
3 5612 5624 5613
3 5613 5624 5625
3 5613 5625 5614
3 5614 5625 5626
3 5614 5626 5603
3 5603 5626 5615
3 5615 5627 5616
3 5616 5627 5628
3 5616 5628 5617
3 5617 5628 5629
3 5617 5629 5618
3 5618 5629 5630
3 5618 5630 5619
3 5619 5630 5631
3 5619 5631 5620
3 5620 5631 5632
3 5620 5632 5621
3 5621 5632 5633
3 5621 5633 5622
3 5622 5633 5634
3 5622 5634 5623
3 5623 5634 5635
3 5623 5635 5624
3 5624 5635 5636
3 5624 5636 5625
3 5625 5636 5637
3 5625 5637 5626
3 5626 5637 5638
3 5626 5638 5615
3 5615 5638 5627
3 5627 5639 5628
3 5628 5639 5640
3 5628 5640 5629
3 5629 5640 5641
3 5629 5641 5630
3 5630 5641 5642
3 5630 5642 5631
3 5631 5642 5643
3 5631 5643 5632
3 5632 5643 5644
3 5632 5644 5633
3 5633 5644 5645
3 5633 5645 5634
3 5634 5645 5646
3 5634 5646 5635
3 5635 5646 5647
3 5635 5647 5636
3 5636 5647 5648
3 5636 5648 5637
3 5637 5648 5649
3 5637 5649 5638
3 5638 5649 5650
3 5638 5650 5627
3 5627 5650 5639
3 5639 5651 5640
3 5640 5651 5652
3 5640 5652 5641
3 5641 5652 5653
3 5641 5653 5642
3 5642 5653 5654
3 5642 5654 5643
3 5643 5654 5655
3 5643 5655 5644
3 5644 5655 5656
3 5644 5656 5645
3 5645 5656 5657
3 5645 5657 5646
3 5646 5657 5658
3 5646 5658 5647
3 5647 5658 5659
3 5647 5659 5648
3 5648 5659 5660
3 5648 5660 5649
3 5649 5660 5661
3 5649 5661 5650
3 5650 5661 5662
3 5650 5662 5639
3 5639 5662 5651
3 5651 5663 5652
3 5652 5663 5664
3 5652 5664 5653
3 5653 5664 5665
3 5653 5665 5654
3 5654 5665 5666
3 5654 5666 5655
3 5655 5666 5667
3 5655 5667 5656
3 5656 5667 5668
3 5656 5668 5657
3 5657 5668 5669
3 5657 5669 5658
3 5658 5669 5670
3 5658 5670 5659
3 5659 5670 5671
3 5659 5671 5660
3 5660 5671 5672
3 5660 5672 5661
3 5661 5672 5673
3 5661 5673 5662
3 5662 5673 5674
3 5662 5674 5651
3 5651 5674 5663
3 5675 5664 5663
3 5675 5665 5664
3 5675 5666 5665
3 5675 5667 5666
3 5675 5668 5667
3 5675 5669 5668
3 5675 5670 5669
3 5675 5671 5670
3 5675 5672 5671
3 5675 5673 5672
3 5675 5674 5673
3 5675 5663 5674
3 5676 5677 5678
3 5676 5678 5679
3 5676 5679 5680
3 5676 5680 5681
3 5676 5681 5682
3 5676 5682 5683
3 5676 5683 5684
3 5676 5684 5685
3 5676 5685 5686
3 5676 5686 5687
3 5676 5687 5688
3 5676 5688 5677
3 5677 5689 5678
3 5678 5689 5690
3 5678 5690 5679
3 5679 5690 5691
3 5679 5691 5680
3 5680 5691 5692
3 5680 5692 5681
3 5681 5692 5693
3 5681 5693 5682
3 5682 5693 5694
3 5682 5694 5683
3 5683 5694 5695
3 5683 5695 5684
3 5684 5695 5696
3 5684 5696 5685
3 5685 5696 5697
3 5685 5697 5686
3 5686 5697 5698
3 5686 5698 5687
3 5687 5698 5699
3 5687 5699 5688
3 5688 5699 5700
3 5688 5700 5677
3 5677 5700 5689
3 5689 5701 5690
3 5690 5701 5702
3 5690 5702 5691
3 5691 5702 5703
3 5691 5703 5692
3 5692 5703 5704
3 5692 5704 5693
3 5693 5704 5705
3 5693 5705 5694
3 5694 5705 5706
3 5694 5706 5695
3 5695 5706 5707
3 5695 5707 5696
3 5696 5707 5708
3 5696 5708 5697
3 5697 5708 5709
3 5697 5709 5698
3 5698 5709 5710
3 5698 5710 5699
3 5699 5710 5711
3 5699 5711 5700
3 5700 5711 5712
3 5700 5712 5689
3 5689 5712 5701
3 5701 5713 5702
3 5702 5713 5714
3 5702 5714 5703
3 5703 5714 5715
3 5703 5715 5704
3 5704 5715 5716
3 5704 5716 5705
3 5705 5716 5717
3 5705 5717 5706
3 5706 5717 5718
3 5706 5718 5707
3 5707 5718 5719
3 5707 5719 5708
3 5708 5719 5720
3 5708 5720 5709
3 5709 5720 5721
3 5709 5721 5710
3 5710 5721 5722
3 5710 5722 5711
3 5711 5722 5723
3 5711 5723 5712
3 5712 5723 5724
3 5712 5724 5701
3 5701 5724 5713
3 5713 5725 5714
3 5714 5725 5726
3 5714 5726 5715
3 5715 5726 5727
3 5715 5727 5716
3 5716 5727 5728
3 5716 5728 5717
3 5717 5728 5729
3 5717 5729 5718
3 5718 5729 5730
3 5718 5730 5719
3 5719 5730 5731
3 5719 5731 5720
3 5720 5731 5732
3 5720 5732 5721
3 5721 5732 5733
3 5721 5733 5722
3 5722 5733 5734
3 5722 5734 5723
3 5723 5734 5735
3 5723 5735 5724
3 5724 5735 5736
3 5724 5736 5713
3 5713 5736 5725
3 5725 5737 5726
3 5726 5737 5738
3 5726 5738 5727
3 5727 5738 5739
3 5727 5739 5728
3 5728 5739 5740
3 5728 5740 5729
3 5729 5740 5741
3 5729 5741 5730
3 5730 5741 5742
3 5730 5742 5731
3 5731 5742 5743
3 5731 5743 5732
3 5732 5743 5744
3 5732 5744 5733
3 5733 5744 5745
3 5733 5745 5734
3 5734 5745 5746
3 5734 5746 5735
3 5735 5746 5747
3 5735 5747 5736
3 5736 5747 5748
3 5736 5748 5725
3 5725 5748 5737
3 5737 5749 5738
3 5738 5749 5750
3 5738 5750 5739
3 5739 5750 5751
3 5739 5751 5740
3 5740 5751 5752
3 5740 5752 5741
3 5741 5752 5753
3 5741 5753 5742
3 5742 5753 5754
3 5742 5754 5743
3 5743 5754 5755
3 5743 5755 5744
3 5744 5755 5756
3 5744 5756 5745
3 5745 5756 5757
3 5745 5757 5746
3 5746 5757 5758
3 5746 5758 5747
3 5747 5758 5759
3 5747 5759 5748
3 5748 5759 5760
3 5748 5760 5737
3 5737 5760 5749
3 5761 5750 5749
3 5761 5751 5750
3 5761 5752 5751
3 5761 5753 5752
3 5761 5754 5753
3 5761 5755 5754
3 5761 5756 5755
3 5761 5757 5756
3 5761 5758 5757
3 5761 5759 5758
3 5761 5760 5759
3 5761 5749 5760
3 5762 5763 5764
3 5762 5764 5765
3 5762 5765 5766
3 5762 5766 5767
3 5762 5767 5768
3 5762 5768 5769
3 5762 5769 5770
3 5762 5770 5771
3 5762 5771 5772
3 5762 5772 5773
3 5762 5773 5774
3 5762 5774 5763
3 5763 5775 5764
3 5764 5775 5776
3 5764 5776 5765
3 5765 5776 5777
3 5765 5777 5766
3 5766 5777 5778
3 5766 5778 5767
3 5767 5778 5779
3 5767 5779 5768
3 5768 5779 5780
3 5768 5780 5769
3 5769 5780 5781
3 5769 5781 5770
3 5770 5781 5782
3 5770 5782 5771
3 5771 5782 5783
3 5771 5783 5772
3 5772 5783 5784
3 5772 5784 5773
3 5773 5784 5785
3 5773 5785 5774
3 5774 5785 5786
3 5774 5786 5763
3 5763 5786 5775
3 5775 5787 5776
3 5776 5787 5788
3 5776 5788 5777
3 5777 5788 5789
3 5777 5789 5778
3 5778 5789 5790
3 5778 5790 5779
3 5779 5790 5791
3 5779 5791 5780
3 5780 5791 5792
3 5780 5792 5781
3 5781 5792 5793
3 5781 5793 5782
3 5782 5793 5794
3 5782 5794 5783
3 5783 5794 5795
3 5783 5795 5784
3 5784 5795 5796
3 5784 5796 5785
3 5785 5796 5797
3 5785 5797 5786
3 5786 5797 5798
3 5786 5798 5775
3 5775 5798 5787
3 5787 5799 5788
3 5788 5799 5800
3 5788 5800 5789
3 5789 5800 5801
3 5789 5801 5790
3 5790 5801 5802
3 5790 5802 5791
3 5791 5802 5803
3 5791 5803 5792
3 5792 5803 5804
3 5792 5804 5793
3 5793 5804 5805
3 5793 5805 5794
3 5794 5805 5806
3 5794 5806 5795
3 5795 5806 5807
3 5795 5807 5796
3 5796 5807 5808
3 5796 5808 5797
3 5797 5808 5809
3 5797 5809 5798
3 5798 5809 5810
3 5798 5810 5787
3 5787 5810 5799
3 5799 5811 5800
3 5800 5811 5812
3 5800 5812 5801
3 5801 5812 5813
3 5801 5813 5802
3 5802 5813 5814
3 5802 5814 5803
3 5803 5814 5815
3 5803 5815 5804
3 5804 5815 5816
3 5804 5816 5805
3 5805 5816 5817
3 5805 5817 5806
3 5806 5817 5818
3 5806 5818 5807
3 5807 5818 5819
3 5807 5819 5808
3 5808 5819 5820
3 5808 5820 5809
3 5809 5820 5821
3 5809 5821 5810
3 5810 5821 5822
3 5810 5822 5799
3 5799 5822 5811
3 5811 5823 5812
3 5812 5823 5824
3 5812 5824 5813
3 5813 5824 5825
3 5813 5825 5814
3 5814 5825 5826
3 5814 5826 5815
3 5815 5826 5827
3 5815 5827 5816
3 5816 5827 5828
3 5816 5828 5817
3 5817 5828 5829
3 5817 5829 5818
3 5818 5829 5830
3 5818 5830 5819
3 5819 5830 5831
3 5819 5831 5820
3 5820 5831 5832
3 5820 5832 5821
3 5821 5832 5833
3 5821 5833 5822
3 5822 5833 5834
3 5822 5834 5811
3 5811 5834 5823
3 5823 5835 5824
3 5824 5835 5836
3 5824 5836 5825
3 5825 5836 5837
3 5825 5837 5826
3 5826 5837 5838
3 5826 5838 5827
3 5827 5838 5839
3 5827 5839 5828
3 5828 5839 5840
3 5828 5840 5829
3 5829 5840 5841
3 5829 5841 5830
3 5830 5841 5842
3 5830 5842 5831
3 5831 5842 5843
3 5831 5843 5832
3 5832 5843 5844
3 5832 5844 5833
3 5833 5844 5845
3 5833 5845 5834
3 5834 5845 5846
3 5834 5846 5823
3 5823 5846 5835
3 5847 5836 5835
3 5847 5837 5836
3 5847 5838 5837
3 5847 5839 5838
3 5847 5840 5839
3 5847 5841 5840
3 5847 5842 5841
3 5847 5843 5842
3 5847 5844 5843
3 5847 5845 5844
3 5847 5846 5845
3 5847 5835 5846
3 5848 5849 5850
3 5848 5850 5851
3 5848 5851 5852
3 5848 5852 5853
3 5848 5853 5854
3 5848 5854 5855
3 5848 5855 5856
3 5848 5856 5857
3 5848 5857 5858
3 5848 5858 5859
3 5848 5859 5860
3 5848 5860 5849
3 5849 5861 5850
3 5850 5861 5862
3 5850 5862 5851
3 5851 5862 5863
3 5851 5863 5852
3 5852 5863 5864
3 5852 5864 5853
3 5853 5864 5865
3 5853 5865 5854
3 5854 5865 5866
3 5854 5866 5855
3 5855 5866 5867
3 5855 5867 5856
3 5856 5867 5868
3 5856 5868 5857
3 5857 5868 5869
3 5857 5869 5858
3 5858 5869 5870
3 5858 5870 5859
3 5859 5870 5871
3 5859 5871 5860
3 5860 5871 5872
3 5860 5872 5849
3 5849 5872 5861
3 5861 5873 5862
3 5862 5873 5874
3 5862 5874 5863
3 5863 5874 5875
3 5863 5875 5864
3 5864 5875 5876
3 5864 5876 5865
3 5865 5876 5877
3 5865 5877 5866
3 5866 5877 5878
3 5866 5878 5867
3 5867 5878 5879
3 5867 5879 5868
3 5868 5879 5880
3 5868 5880 5869
3 5869 5880 5881
3 5869 5881 5870
3 5870 5881 5882
3 5870 5882 5871
3 5871 5882 5883
3 5871 5883 5872
3 5872 5883 5884
3 5872 5884 5861
3 5861 5884 5873
3 5873 5885 5874
3 5874 5885 5886
3 5874 5886 5875
3 5875 5886 5887
3 5875 5887 5876
3 5876 5887 5888
3 5876 5888 5877
3 5877 5888 5889
3 5877 5889 5878
3 5878 5889 5890
3 5878 5890 5879
3 5879 5890 5891
3 5879 5891 5880
3 5880 5891 5892
3 5880 5892 5881
3 5881 5892 5893
3 5881 5893 5882
3 5882 5893 5894
3 5882 5894 5883
3 5883 5894 5895
3 5883 5895 5884
3 5884 5895 5896
3 5884 5896 5873
3 5873 5896 5885
3 5885 5897 5886
3 5886 5897 5898
3 5886 5898 5887
3 5887 5898 5899
3 5887 5899 5888
3 5888 5899 5900
3 5888 5900 5889
3 5889 5900 5901
3 5889 5901 5890
3 5890 5901 5902
3 5890 5902 5891
3 5891 5902 5903
3 5891 5903 5892
3 5892 5903 5904
3 5892 5904 5893
3 5893 5904 5905
3 5893 5905 5894
3 5894 5905 5906
3 5894 5906 5895
3 5895 5906 5907
3 5895 5907 5896
3 5896 5907 5908
3 5896 5908 5885
3 5885 5908 5897
3 5897 5909 5898
3 5898 5909 5910
3 5898 5910 5899
3 5899 5910 5911
3 5899 5911 5900
3 5900 5911 5912
3 5900 5912 5901
3 5901 5912 5913
3 5901 5913 5902
3 5902 5913 5914
3 5902 5914 5903
3 5903 5914 5915
3 5903 5915 5904
3 5904 5915 5916
3 5904 5916 5905
3 5905 5916 5917
3 5905 5917 5906
3 5906 5917 5918
3 5906 5918 5907
3 5907 5918 5919
3 5907 5919 5908
3 5908 5919 5920
3 5908 5920 5897
3 5897 5920 5909
3 5909 5921 5910
3 5910 5921 5922
3 5910 5922 5911
3 5911 5922 5923
3 5911 5923 5912
3 5912 5923 5924
3 5912 5924 5913
3 5913 5924 5925
3 5913 5925 5914
3 5914 5925 5926
3 5914 5926 5915
3 5915 5926 5927
3 5915 5927 5916
3 5916 5927 5928
3 5916 5928 5917
3 5917 5928 5929
3 5917 5929 5918
3 5918 5929 5930
3 5918 5930 5919
3 5919 5930 5931
3 5919 5931 5920
3 5920 5931 5932
3 5920 5932 5909
3 5909 5932 5921
3 5933 5922 5921
3 5933 5923 5922
3 5933 5924 5923
3 5933 5925 5924
3 5933 5926 5925
3 5933 5927 5926
3 5933 5928 5927
3 5933 5929 5928
3 5933 5930 5929
3 5933 5931 5930
3 5933 5932 5931
3 5933 5921 5932
3 5934 5935 5936
3 5934 5936 5937
3 5934 5937 5938
3 5934 5938 5939
3 5934 5939 5940
3 5934 5940 5941
3 5934 5941 5942
3 5934 5942 5943
3 5934 5943 5944
3 5934 5944 5945
3 5934 5945 5946
3 5934 5946 5935
3 5935 5947 5936
3 5936 5947 5948
3 5936 5948 5937
3 5937 5948 5949
3 5937 5949 5938
3 5938 5949 5950
3 5938 5950 5939
3 5939 5950 5951
3 5939 5951 5940
3 5940 5951 5952
3 5940 5952 5941
3 5941 5952 5953
3 5941 5953 5942
3 5942 5953 5954
3 5942 5954 5943
3 5943 5954 5955
3 5943 5955 5944
3 5944 5955 5956
3 5944 5956 5945
3 5945 5956 5957
3 5945 5957 5946
3 5946 5957 5958
3 5946 5958 5935
3 5935 5958 5947
3 5947 5959 5948
3 5948 5959 5960
3 5948 5960 5949
3 5949 5960 5961
3 5949 5961 5950
3 5950 5961 5962
3 5950 5962 5951
3 5951 5962 5963
3 5951 5963 5952
3 5952 5963 5964
3 5952 5964 5953
3 5953 5964 5965
3 5953 5965 5954
3 5954 5965 5966
3 5954 5966 5955
3 5955 5966 5967
3 5955 5967 5956
3 5956 5967 5968
3 5956 5968 5957
3 5957 5968 5969
3 5957 5969 5958
3 5958 5969 5970
3 5958 5970 5947
3 5947 5970 5959
3 5959 5971 5960
3 5960 5971 5972
3 5960 5972 5961
3 5961 5972 5973
3 5961 5973 5962
3 5962 5973 5974
3 5962 5974 5963
3 5963 5974 5975
3 5963 5975 5964
3 5964 5975 5976
3 5964 5976 5965
3 5965 5976 5977
3 5965 5977 5966
3 5966 5977 5978
3 5966 5978 5967
3 5967 5978 5979
3 5967 5979 5968
3 5968 5979 5980
3 5968 5980 5969
3 5969 5980 5981
3 5969 5981 5970
3 5970 5981 5982
3 5970 5982 5959
3 5959 5982 5971
3 5971 5983 5972
3 5972 5983 5984
3 5972 5984 5973
3 5973 5984 5985
3 5973 5985 5974
3 5974 5985 5986
3 5974 5986 5975
3 5975 5986 5987
3 5975 5987 5976
3 5976 5987 5988
3 5976 5988 5977
3 5977 5988 5989
3 5977 5989 5978
3 5978 5989 5990
3 5978 5990 5979
3 5979 5990 5991
3 5979 5991 5980
3 5980 5991 5992
3 5980 5992 5981
3 5981 5992 5993
3 5981 5993 5982
3 5982 5993 5994
3 5982 5994 5971
3 5971 5994 5983
3 5983 5995 5984
3 5984 5995 5996
3 5984 5996 5985
3 5985 5996 5997
3 5985 5997 5986
3 5986 5997 5998
3 5986 5998 5987
3 5987 5998 5999
3 5987 5999 5988
3 5988 5999 6000
3 5988 6000 5989
3 5989 6000 6001
3 5989 6001 5990
3 5990 6001 6002
3 5990 6002 5991
3 5991 6002 6003
3 5991 6003 5992
3 5992 6003 6004
3 5992 6004 5993
3 5993 6004 6005
3 5993 6005 5994
3 5994 6005 6006
3 5994 6006 5983
3 5983 6006 5995
3 5995 6007 5996
3 5996 6007 6008
3 5996 6008 5997
3 5997 6008 6009
3 5997 6009 5998
3 5998 6009 6010
3 5998 6010 5999
3 5999 6010 6011
3 5999 6011 6000
3 6000 6011 6012
3 6000 6012 6001
3 6001 6012 6013
3 6001 6013 6002
3 6002 6013 6014
3 6002 6014 6003
3 6003 6014 6015
3 6003 6015 6004
3 6004 6015 6016
3 6004 6016 6005
3 6005 6016 6017
3 6005 6017 6006
3 6006 6017 6018
3 6006 6018 5995
3 5995 6018 6007
3 6019 6008 6007
3 6019 6009 6008
3 6019 6010 6009
3 6019 6011 6010
3 6019 6012 6011
3 6019 6013 6012
3 6019 6014 6013
3 6019 6015 6014
3 6019 6016 6015
3 6019 6017 6016
3 6019 6018 6017
3 6019 6007 6018
3 6020 6021 6022
3 6020 6022 6023
3 6020 6023 6024
3 6020 6024 6025
3 6020 6025 6026
3 6020 6026 6027
3 6020 6027 6028
3 6020 6028 6029
3 6020 6029 6030
3 6020 6030 6031
3 6020 6031 6032
3 6020 6032 6021
3 6021 6033 6022
3 6022 6033 6034
3 6022 6034 6023
3 6023 6034 6035
3 6023 6035 6024
3 6024 6035 6036
3 6024 6036 6025
3 6025 6036 6037
3 6025 6037 6026
3 6026 6037 6038
3 6026 6038 6027
3 6027 6038 6039
3 6027 6039 6028
3 6028 6039 6040
3 6028 6040 6029
3 6029 6040 6041
3 6029 6041 6030
3 6030 6041 6042
3 6030 6042 6031
3 6031 6042 6043
3 6031 6043 6032
3 6032 6043 6044
3 6032 6044 6021
3 6021 6044 6033
3 6033 6045 6034
3 6034 6045 6046
3 6034 6046 6035
3 6035 6046 6047
3 6035 6047 6036
3 6036 6047 6048
3 6036 6048 6037
3 6037 6048 6049
3 6037 6049 6038
3 6038 6049 6050
3 6038 6050 6039
3 6039 6050 6051
3 6039 6051 6040
3 6040 6051 6052
3 6040 6052 6041
3 6041 6052 6053
3 6041 6053 6042
3 6042 6053 6054
3 6042 6054 6043
3 6043 6054 6055
3 6043 6055 6044
3 6044 6055 6056
3 6044 6056 6033
3 6033 6056 6045
3 6045 6057 6046
3 6046 6057 6058
3 6046 6058 6047
3 6047 6058 6059
3 6047 6059 6048
3 6048 6059 6060
3 6048 6060 6049
3 6049 6060 6061
3 6049 6061 6050
3 6050 6061 6062
3 6050 6062 6051
3 6051 6062 6063
3 6051 6063 6052
3 6052 6063 6064
3 6052 6064 6053
3 6053 6064 6065
3 6053 6065 6054
3 6054 6065 6066
3 6054 6066 6055
3 6055 6066 6067
3 6055 6067 6056
3 6056 6067 6068
3 6056 6068 6045
3 6045 6068 6057
3 6057 6069 6058
3 6058 6069 6070
3 6058 6070 6059
3 6059 6070 6071
3 6059 6071 6060
3 6060 6071 6072
3 6060 6072 6061
3 6061 6072 6073
3 6061 6073 6062
3 6062 6073 6074
3 6062 6074 6063
3 6063 6074 6075
3 6063 6075 6064
3 6064 6075 6076
3 6064 6076 6065
3 6065 6076 6077
3 6065 6077 6066
3 6066 6077 6078
3 6066 6078 6067
3 6067 6078 6079
3 6067 6079 6068
3 6068 6079 6080
3 6068 6080 6057
3 6057 6080 6069
3 6069 6081 6070
3 6070 6081 6082
3 6070 6082 6071
3 6071 6082 6083
3 6071 6083 6072
3 6072 6083 6084
3 6072 6084 6073
3 6073 6084 6085
3 6073 6085 6074
3 6074 6085 6086
3 6074 6086 6075
3 6075 6086 6087
3 6075 6087 6076
3 6076 6087 6088
3 6076 6088 6077
3 6077 6088 6089
3 6077 6089 6078
3 6078 6089 6090
3 6078 6090 6079
3 6079 6090 6091
3 6079 6091 6080
3 6080 6091 6092
3 6080 6092 6069
3 6069 6092 6081
3 6081 6093 6082
3 6082 6093 6094
3 6082 6094 6083
3 6083 6094 6095
3 6083 6095 6084
3 6084 6095 6096
3 6084 6096 6085
3 6085 6096 6097
3 6085 6097 6086
3 6086 6097 6098
3 6086 6098 6087
3 6087 6098 6099
3 6087 6099 6088
3 6088 6099 6100
3 6088 6100 6089
3 6089 6100 6101
3 6089 6101 6090
3 6090 6101 6102
3 6090 6102 6091
3 6091 6102 6103
3 6091 6103 6092
3 6092 6103 6104
3 6092 6104 6081
3 6081 6104 6093
3 6105 6094 6093
3 6105 6095 6094
3 6105 6096 6095
3 6105 6097 6096
3 6105 6098 6097
3 6105 6099 6098
3 6105 6100 6099
3 6105 6101 6100
3 6105 6102 6101
3 6105 6103 6102
3 6105 6104 6103
3 6105 6093 6104
3 6106 6107 6108
3 6106 6108 6109
3 6106 6109 6110
3 6106 6110 6111
3 6106 6111 6112
3 6106 6112 6113
3 6106 6113 6114
3 6106 6114 6115
3 6106 6115 6116
3 6106 6116 6117
3 6106 6117 6118
3 6106 6118 6107
3 6107 6119 6108
3 6108 6119 6120
3 6108 6120 6109
3 6109 6120 6121
3 6109 6121 6110
3 6110 6121 6122
3 6110 6122 6111
3 6111 6122 6123
3 6111 6123 6112
3 6112 6123 6124
3 6112 6124 6113
3 6113 6124 6125
3 6113 6125 6114
3 6114 6125 6126
3 6114 6126 6115
3 6115 6126 6127
3 6115 6127 6116
3 6116 6127 6128
3 6116 6128 6117
3 6117 6128 6129
3 6117 6129 6118
3 6118 6129 6130
3 6118 6130 6107
3 6107 6130 6119
3 6119 6131 6120
3 6120 6131 6132
3 6120 6132 6121
3 6121 6132 6133
3 6121 6133 6122
3 6122 6133 6134
3 6122 6134 6123
3 6123 6134 6135
3 6123 6135 6124
3 6124 6135 6136
3 6124 6136 6125
3 6125 6136 6137
3 6125 6137 6126
3 6126 6137 6138
3 6126 6138 6127
3 6127 6138 6139
3 6127 6139 6128
3 6128 6139 6140
3 6128 6140 6129
3 6129 6140 6141
3 6129 6141 6130
3 6130 6141 6142
3 6130 6142 6119
3 6119 6142 6131
3 6131 6143 6132
3 6132 6143 6144
3 6132 6144 6133
3 6133 6144 6145
3 6133 6145 6134
3 6134 6145 6146
3 6134 6146 6135
3 6135 6146 6147
3 6135 6147 6136
3 6136 6147 6148
3 6136 6148 6137
3 6137 6148 6149
3 6137 6149 6138
3 6138 6149 6150
3 6138 6150 6139
3 6139 6150 6151
3 6139 6151 6140
3 6140 6151 6152
3 6140 6152 6141
3 6141 6152 6153
3 6141 6153 6142
3 6142 6153 6154
3 6142 6154 6131
3 6131 6154 6143
3 6143 6155 6144
3 6144 6155 6156
3 6144 6156 6145
3 6145 6156 6157
3 6145 6157 6146
3 6146 6157 6158
3 6146 6158 6147
3 6147 6158 6159
3 6147 6159 6148
3 6148 6159 6160
3 6148 6160 6149
3 6149 6160 6161
3 6149 6161 6150
3 6150 6161 6162
3 6150 6162 6151
3 6151 6162 6163
3 6151 6163 6152
3 6152 6163 6164
3 6152 6164 6153
3 6153 6164 6165
3 6153 6165 6154
3 6154 6165 6166
3 6154 6166 6143
3 6143 6166 6155
3 6155 6167 6156
3 6156 6167 6168
3 6156 6168 6157
3 6157 6168 6169
3 6157 6169 6158
3 6158 6169 6170
3 6158 6170 6159
3 6159 6170 6171
3 6159 6171 6160
3 6160 6171 6172
3 6160 6172 6161
3 6161 6172 6173
3 6161 6173 6162
3 6162 6173 6174
3 6162 6174 6163
3 6163 6174 6175
3 6163 6175 6164
3 6164 6175 6176
3 6164 6176 6165
3 6165 6176 6177
3 6165 6177 6166
3 6166 6177 6178
3 6166 6178 6155
3 6155 6178 6167
3 6167 6179 6168
3 6168 6179 6180
3 6168 6180 6169
3 6169 6180 6181
3 6169 6181 6170
3 6170 6181 6182
3 6170 6182 6171
3 6171 6182 6183
3 6171 6183 6172
3 6172 6183 6184
3 6172 6184 6173
3 6173 6184 6185
3 6173 6185 6174
3 6174 6185 6186
3 6174 6186 6175
3 6175 6186 6187
3 6175 6187 6176
3 6176 6187 6188
3 6176 6188 6177
3 6177 6188 6189
3 6177 6189 6178
3 6178 6189 6190
3 6178 6190 6167
3 6167 6190 6179
3 6191 6180 6179
3 6191 6181 6180
3 6191 6182 6181
3 6191 6183 6182
3 6191 6184 6183
3 6191 6185 6184
3 6191 6186 6185
3 6191 6187 6186
3 6191 6188 6187
3 6191 6189 6188
3 6191 6190 6189
3 6191 6179 6190
3 6192 6193 6194
3 6192 6194 6195
3 6192 6195 6196
3 6192 6196 6197
3 6192 6197 6198
3 6192 6198 6199
3 6192 6199 6200
3 6192 6200 6201
3 6192 6201 6202
3 6192 6202 6203
3 6192 6203 6204
3 6192 6204 6193
3 6193 6205 6194
3 6194 6205 6206
3 6194 6206 6195
3 6195 6206 6207
3 6195 6207 6196
3 6196 6207 6208
3 6196 6208 6197
3 6197 6208 6209
3 6197 6209 6198
3 6198 6209 6210
3 6198 6210 6199
3 6199 6210 6211
3 6199 6211 6200
3 6200 6211 6212
3 6200 6212 6201
3 6201 6212 6213
3 6201 6213 6202
3 6202 6213 6214
3 6202 6214 6203
3 6203 6214 6215
3 6203 6215 6204
3 6204 6215 6216
3 6204 6216 6193
3 6193 6216 6205
3 6205 6217 6206
3 6206 6217 6218
3 6206 6218 6207
3 6207 6218 6219
3 6207 6219 6208
3 6208 6219 6220
3 6208 6220 6209
3 6209 6220 6221
3 6209 6221 6210
3 6210 6221 6222
3 6210 6222 6211
3 6211 6222 6223
3 6211 6223 6212
3 6212 6223 6224
3 6212 6224 6213
3 6213 6224 6225
3 6213 6225 6214
3 6214 6225 6226
3 6214 6226 6215
3 6215 6226 6227
3 6215 6227 6216
3 6216 6227 6228
3 6216 6228 6205
3 6205 6228 6217
3 6217 6229 6218
3 6218 6229 6230
3 6218 6230 6219
3 6219 6230 6231
3 6219 6231 6220
3 6220 6231 6232
3 6220 6232 6221
3 6221 6232 6233
3 6221 6233 6222
3 6222 6233 6234
3 6222 6234 6223
3 6223 6234 6235
3 6223 6235 6224
3 6224 6235 6236
3 6224 6236 6225
3 6225 6236 6237
3 6225 6237 6226
3 6226 6237 6238
3 6226 6238 6227
3 6227 6238 6239
3 6227 6239 6228
3 6228 6239 6240
3 6228 6240 6217
3 6217 6240 6229
3 6229 6241 6230
3 6230 6241 6242
3 6230 6242 6231
3 6231 6242 6243
3 6231 6243 6232
3 6232 6243 6244
3 6232 6244 6233
3 6233 6244 6245
3 6233 6245 6234
3 6234 6245 6246
3 6234 6246 6235
3 6235 6246 6247
3 6235 6247 6236
3 6236 6247 6248
3 6236 6248 6237
3 6237 6248 6249
3 6237 6249 6238
3 6238 6249 6250
3 6238 6250 6239
3 6239 6250 6251
3 6239 6251 6240
3 6240 6251 6252
3 6240 6252 6229
3 6229 6252 6241
3 6241 6253 6242
3 6242 6253 6254
3 6242 6254 6243
3 6243 6254 6255
3 6243 6255 6244
3 6244 6255 6256
3 6244 6256 6245
3 6245 6256 6257
3 6245 6257 6246
3 6246 6257 6258
3 6246 6258 6247
3 6247 6258 6259
3 6247 6259 6248
3 6248 6259 6260
3 6248 6260 6249
3 6249 6260 6261
3 6249 6261 6250
3 6250 6261 6262
3 6250 6262 6251
3 6251 6262 6263
3 6251 6263 6252
3 6252 6263 6264
3 6252 6264 6241
3 6241 6264 6253
3 6253 6265 6254
3 6254 6265 6266
3 6254 6266 6255
3 6255 6266 6267
3 6255 6267 6256
3 6256 6267 6268
3 6256 6268 6257
3 6257 6268 6269
3 6257 6269 6258
3 6258 6269 6270
3 6258 6270 6259
3 6259 6270 6271
3 6259 6271 6260
3 6260 6271 6272
3 6260 6272 6261
3 6261 6272 6273
3 6261 6273 6262
3 6262 6273 6274
3 6262 6274 6263
3 6263 6274 6275
3 6263 6275 6264
3 6264 6275 6276
3 6264 6276 6253
3 6253 6276 6265
3 6277 6266 6265
3 6277 6267 6266
3 6277 6268 6267
3 6277 6269 6268
3 6277 6270 6269
3 6277 6271 6270
3 6277 6272 6271
3 6277 6273 6272
3 6277 6274 6273
3 6277 6275 6274
3 6277 6276 6275
3 6277 6265 6276
3 6278 6279 6280
3 6278 6280 6281
3 6278 6281 6282
3 6278 6282 6283
3 6278 6283 6284
3 6278 6284 6285
3 6278 6285 6286
3 6278 6286 6287
3 6278 6287 6288
3 6278 6288 6289
3 6278 6289 6290
3 6278 6290 6279
3 6279 6291 6280
3 6280 6291 6292
3 6280 6292 6281
3 6281 6292 6293
3 6281 6293 6282
3 6282 6293 6294
3 6282 6294 6283
3 6283 6294 6295
3 6283 6295 6284
3 6284 6295 6296
3 6284 6296 6285
3 6285 6296 6297
3 6285 6297 6286
3 6286 6297 6298
3 6286 6298 6287
3 6287 6298 6299
3 6287 6299 6288
3 6288 6299 6300
3 6288 6300 6289
3 6289 6300 6301
3 6289 6301 6290
3 6290 6301 6302
3 6290 6302 6279
3 6279 6302 6291
3 6291 6303 6292
3 6292 6303 6304
3 6292 6304 6293
3 6293 6304 6305
3 6293 6305 6294
3 6294 6305 6306
3 6294 6306 6295
3 6295 6306 6307
3 6295 6307 6296
3 6296 6307 6308
3 6296 6308 6297
3 6297 6308 6309
3 6297 6309 6298
3 6298 6309 6310
3 6298 6310 6299
3 6299 6310 6311
3 6299 6311 6300
3 6300 6311 6312
3 6300 6312 6301
3 6301 6312 6313
3 6301 6313 6302
3 6302 6313 6314
3 6302 6314 6291
3 6291 6314 6303
3 6303 6315 6304
3 6304 6315 6316
3 6304 6316 6305
3 6305 6316 6317
3 6305 6317 6306
3 6306 6317 6318
3 6306 6318 6307
3 6307 6318 6319
3 6307 6319 6308
3 6308 6319 6320
3 6308 6320 6309
3 6309 6320 6321
3 6309 6321 6310
3 6310 6321 6322
3 6310 6322 6311
3 6311 6322 6323
3 6311 6323 6312
3 6312 6323 6324
3 6312 6324 6313
3 6313 6324 6325
3 6313 6325 6314
3 6314 6325 6326
3 6314 6326 6303
3 6303 6326 6315
3 6315 6327 6316
3 6316 6327 6328
3 6316 6328 6317
3 6317 6328 6329
3 6317 6329 6318
3 6318 6329 6330
3 6318 6330 6319
3 6319 6330 6331
3 6319 6331 6320
3 6320 6331 6332
3 6320 6332 6321
3 6321 6332 6333
3 6321 6333 6322
3 6322 6333 6334
3 6322 6334 6323
3 6323 6334 6335
3 6323 6335 6324
3 6324 6335 6336
3 6324 6336 6325
3 6325 6336 6337
3 6325 6337 6326
3 6326 6337 6338
3 6326 6338 6315
3 6315 6338 6327
3 6327 6339 6328
3 6328 6339 6340
3 6328 6340 6329
3 6329 6340 6341
3 6329 6341 6330
3 6330 6341 6342
3 6330 6342 6331
3 6331 6342 6343
3 6331 6343 6332
3 6332 6343 6344
3 6332 6344 6333
3 6333 6344 6345
3 6333 6345 6334
3 6334 6345 6346
3 6334 6346 6335
3 6335 6346 6347
3 6335 6347 6336
3 6336 6347 6348
3 6336 6348 6337
3 6337 6348 6349
3 6337 6349 6338
3 6338 6349 6350
3 6338 6350 6327
3 6327 6350 6339
3 6339 6351 6340
3 6340 6351 6352
3 6340 6352 6341
3 6341 6352 6353
3 6341 6353 6342
3 6342 6353 6354
3 6342 6354 6343
3 6343 6354 6355
3 6343 6355 6344
3 6344 6355 6356
3 6344 6356 6345
3 6345 6356 6357
3 6345 6357 6346
3 6346 6357 6358
3 6346 6358 6347
3 6347 6358 6359
3 6347 6359 6348
3 6348 6359 6360
3 6348 6360 6349
3 6349 6360 6361
3 6349 6361 6350
3 6350 6361 6362
3 6350 6362 6339
3 6339 6362 6351
3 6363 6352 6351
3 6363 6353 6352
3 6363 6354 6353
3 6363 6355 6354
3 6363 6356 6355
3 6363 6357 6356
3 6363 6358 6357
3 6363 6359 6358
3 6363 6360 6359
3 6363 6361 6360
3 6363 6362 6361
3 6363 6351 6362
3 6364 6365 6366
3 6364 6366 6367
3 6364 6367 6368
3 6364 6368 6369
3 6364 6369 6370
3 6364 6370 6371
3 6364 6371 6372
3 6364 6372 6373
3 6364 6373 6374
3 6364 6374 6375
3 6364 6375 6376
3 6364 6376 6365
3 6365 6377 6366
3 6366 6377 6378
3 6366 6378 6367
3 6367 6378 6379
3 6367 6379 6368
3 6368 6379 6380
3 6368 6380 6369
3 6369 6380 6381
3 6369 6381 6370
3 6370 6381 6382
3 6370 6382 6371
3 6371 6382 6383
3 6371 6383 6372
3 6372 6383 6384
3 6372 6384 6373
3 6373 6384 6385
3 6373 6385 6374
3 6374 6385 6386
3 6374 6386 6375
3 6375 6386 6387
3 6375 6387 6376
3 6376 6387 6388
3 6376 6388 6365
3 6365 6388 6377
3 6377 6389 6378
3 6378 6389 6390
3 6378 6390 6379
3 6379 6390 6391
3 6379 6391 6380
3 6380 6391 6392
3 6380 6392 6381
3 6381 6392 6393
3 6381 6393 6382
3 6382 6393 6394
3 6382 6394 6383
3 6383 6394 6395
3 6383 6395 6384
3 6384 6395 6396
3 6384 6396 6385
3 6385 6396 6397
3 6385 6397 6386
3 6386 6397 6398
3 6386 6398 6387
3 6387 6398 6399
3 6387 6399 6388
3 6388 6399 6400
3 6388 6400 6377
3 6377 6400 6389
3 6389 6401 6390
3 6390 6401 6402
3 6390 6402 6391
3 6391 6402 6403
3 6391 6403 6392
3 6392 6403 6404
3 6392 6404 6393
3 6393 6404 6405
3 6393 6405 6394
3 6394 6405 6406
3 6394 6406 6395
3 6395 6406 6407
3 6395 6407 6396
3 6396 6407 6408
3 6396 6408 6397
3 6397 6408 6409
3 6397 6409 6398
3 6398 6409 6410
3 6398 6410 6399
3 6399 6410 6411
3 6399 6411 6400
3 6400 6411 6412
3 6400 6412 6389
3 6389 6412 6401
3 6401 6413 6402
3 6402 6413 6414
3 6402 6414 6403
3 6403 6414 6415
3 6403 6415 6404
3 6404 6415 6416
3 6404 6416 6405
3 6405 6416 6417
3 6405 6417 6406
3 6406 6417 6418
3 6406 6418 6407
3 6407 6418 6419
3 6407 6419 6408
3 6408 6419 6420
3 6408 6420 6409
3 6409 6420 6421
3 6409 6421 6410
3 6410 6421 6422
3 6410 6422 6411
3 6411 6422 6423
3 6411 6423 6412
3 6412 6423 6424
3 6412 6424 6401
3 6401 6424 6413
3 6413 6425 6414
3 6414 6425 6426
3 6414 6426 6415
3 6415 6426 6427
3 6415 6427 6416
3 6416 6427 6428
3 6416 6428 6417
3 6417 6428 6429
3 6417 6429 6418
3 6418 6429 6430
3 6418 6430 6419
3 6419 6430 6431
3 6419 6431 6420
3 6420 6431 6432
3 6420 6432 6421
3 6421 6432 6433
3 6421 6433 6422
3 6422 6433 6434
3 6422 6434 6423
3 6423 6434 6435
3 6423 6435 6424
3 6424 6435 6436
3 6424 6436 6413
3 6413 6436 6425
3 6425 6437 6426
3 6426 6437 6438
3 6426 6438 6427
3 6427 6438 6439
3 6427 6439 6428
3 6428 6439 6440
3 6428 6440 6429
3 6429 6440 6441
3 6429 6441 6430
3 6430 6441 6442
3 6430 6442 6431
3 6431 6442 6443
3 6431 6443 6432
3 6432 6443 6444
3 6432 6444 6433
3 6433 6444 6445
3 6433 6445 6434
3 6434 6445 6446
3 6434 6446 6435
3 6435 6446 6447
3 6435 6447 6436
3 6436 6447 6448
3 6436 6448 6425
3 6425 6448 6437
3 6449 6438 6437
3 6449 6439 6438
3 6449 6440 6439
3 6449 6441 6440
3 6449 6442 6441
3 6449 6443 6442
3 6449 6444 6443
3 6449 6445 6444
3 6449 6446 6445
3 6449 6447 6446
3 6449 6448 6447
3 6449 6437 6448
3 6450 6451 6452
3 6450 6452 6453
3 6450 6453 6454
3 6450 6454 6455
3 6450 6455 6456
3 6450 6456 6457
3 6450 6457 6458
3 6450 6458 6459
3 6450 6459 6460
3 6450 6460 6461
3 6450 6461 6462
3 6450 6462 6451
3 6451 6463 6452
3 6452 6463 6464
3 6452 6464 6453
3 6453 6464 6465
3 6453 6465 6454
3 6454 6465 6466
3 6454 6466 6455
3 6455 6466 6467
3 6455 6467 6456
3 6456 6467 6468
3 6456 6468 6457
3 6457 6468 6469
3 6457 6469 6458
3 6458 6469 6470
3 6458 6470 6459
3 6459 6470 6471
3 6459 6471 6460
3 6460 6471 6472
3 6460 6472 6461
3 6461 6472 6473
3 6461 6473 6462
3 6462 6473 6474
3 6462 6474 6451
3 6451 6474 6463
3 6463 6475 6464
3 6464 6475 6476
3 6464 6476 6465
3 6465 6476 6477
3 6465 6477 6466
3 6466 6477 6478
3 6466 6478 6467
3 6467 6478 6479
3 6467 6479 6468
3 6468 6479 6480
3 6468 6480 6469
3 6469 6480 6481
3 6469 6481 6470
3 6470 6481 6482
3 6470 6482 6471
3 6471 6482 6483
3 6471 6483 6472
3 6472 6483 6484
3 6472 6484 6473
3 6473 6484 6485
3 6473 6485 6474
3 6474 6485 6486
3 6474 6486 6463
3 6463 6486 6475
3 6475 6487 6476
3 6476 6487 6488
3 6476 6488 6477
3 6477 6488 6489
3 6477 6489 6478
3 6478 6489 6490
3 6478 6490 6479
3 6479 6490 6491
3 6479 6491 6480
3 6480 6491 6492
3 6480 6492 6481
3 6481 6492 6493
3 6481 6493 6482
3 6482 6493 6494
3 6482 6494 6483
3 6483 6494 6495
3 6483 6495 6484
3 6484 6495 6496
3 6484 6496 6485
3 6485 6496 6497
3 6485 6497 6486
3 6486 6497 6498
3 6486 6498 6475
3 6475 6498 6487
3 6487 6499 6488
3 6488 6499 6500
3 6488 6500 6489
3 6489 6500 6501
3 6489 6501 6490
3 6490 6501 6502
3 6490 6502 6491
3 6491 6502 6503
3 6491 6503 6492
3 6492 6503 6504
3 6492 6504 6493
3 6493 6504 6505
3 6493 6505 6494
3 6494 6505 6506
3 6494 6506 6495
3 6495 6506 6507
3 6495 6507 6496
3 6496 6507 6508
3 6496 6508 6497
3 6497 6508 6509
3 6497 6509 6498
3 6498 6509 6510
3 6498 6510 6487
3 6487 6510 6499
3 6499 6511 6500
3 6500 6511 6512
3 6500 6512 6501
3 6501 6512 6513
3 6501 6513 6502
3 6502 6513 6514
3 6502 6514 6503
3 6503 6514 6515
3 6503 6515 6504
3 6504 6515 6516
3 6504 6516 6505
3 6505 6516 6517
3 6505 6517 6506
3 6506 6517 6518
3 6506 6518 6507
3 6507 6518 6519
3 6507 6519 6508
3 6508 6519 6520
3 6508 6520 6509
3 6509 6520 6521
3 6509 6521 6510
3 6510 6521 6522
3 6510 6522 6499
3 6499 6522 6511
3 6511 6523 6512
3 6512 6523 6524
3 6512 6524 6513
3 6513 6524 6525
3 6513 6525 6514
3 6514 6525 6526
3 6514 6526 6515
3 6515 6526 6527
3 6515 6527 6516
3 6516 6527 6528
3 6516 6528 6517
3 6517 6528 6529
3 6517 6529 6518
3 6518 6529 6530
3 6518 6530 6519
3 6519 6530 6531
3 6519 6531 6520
3 6520 6531 6532
3 6520 6532 6521
3 6521 6532 6533
3 6521 6533 6522
3 6522 6533 6534
3 6522 6534 6511
3 6511 6534 6523
3 6535 6524 6523
3 6535 6525 6524
3 6535 6526 6525
3 6535 6527 6526
3 6535 6528 6527
3 6535 6529 6528
3 6535 6530 6529
3 6535 6531 6530
3 6535 6532 6531
3 6535 6533 6532
3 6535 6534 6533
3 6535 6523 6534
3 6536 6537 6538
3 6536 6538 6539
3 6536 6539 6540
3 6536 6540 6541
3 6536 6541 6542
3 6536 6542 6543
3 6536 6543 6544
3 6536 6544 6545
3 6536 6545 6546
3 6536 6546 6547
3 6536 6547 6548
3 6536 6548 6537
3 6537 6549 6538
3 6538 6549 6550
3 6538 6550 6539
3 6539 6550 6551
3 6539 6551 6540
3 6540 6551 6552
3 6540 6552 6541
3 6541 6552 6553
3 6541 6553 6542
3 6542 6553 6554
3 6542 6554 6543
3 6543 6554 6555
3 6543 6555 6544
3 6544 6555 6556
3 6544 6556 6545
3 6545 6556 6557
3 6545 6557 6546
3 6546 6557 6558
3 6546 6558 6547
3 6547 6558 6559
3 6547 6559 6548
3 6548 6559 6560
3 6548 6560 6537
3 6537 6560 6549
3 6549 6561 6550
3 6550 6561 6562
3 6550 6562 6551
3 6551 6562 6563
3 6551 6563 6552
3 6552 6563 6564
3 6552 6564 6553
3 6553 6564 6565
3 6553 6565 6554
3 6554 6565 6566
3 6554 6566 6555
3 6555 6566 6567
3 6555 6567 6556
3 6556 6567 6568
3 6556 6568 6557
3 6557 6568 6569
3 6557 6569 6558
3 6558 6569 6570
3 6558 6570 6559
3 6559 6570 6571
3 6559 6571 6560
3 6560 6571 6572
3 6560 6572 6549
3 6549 6572 6561
3 6561 6573 6562
3 6562 6573 6574
3 6562 6574 6563
3 6563 6574 6575
3 6563 6575 6564
3 6564 6575 6576
3 6564 6576 6565
3 6565 6576 6577
3 6565 6577 6566
3 6566 6577 6578
3 6566 6578 6567
3 6567 6578 6579
3 6567 6579 6568
3 6568 6579 6580
3 6568 6580 6569
3 6569 6580 6581
3 6569 6581 6570
3 6570 6581 6582
3 6570 6582 6571
3 6571 6582 6583
3 6571 6583 6572
3 6572 6583 6584
3 6572 6584 6561
3 6561 6584 6573
3 6573 6585 6574
3 6574 6585 6586
3 6574 6586 6575
3 6575 6586 6587
3 6575 6587 6576
3 6576 6587 6588
3 6576 6588 6577
3 6577 6588 6589
3 6577 6589 6578
3 6578 6589 6590
3 6578 6590 6579
3 6579 6590 6591
3 6579 6591 6580
3 6580 6591 6592
3 6580 6592 6581
3 6581 6592 6593
3 6581 6593 6582
3 6582 6593 6594
3 6582 6594 6583
3 6583 6594 6595
3 6583 6595 6584
3 6584 6595 6596
3 6584 6596 6573
3 6573 6596 6585
3 6585 6597 6586
3 6586 6597 6598
3 6586 6598 6587
3 6587 6598 6599
3 6587 6599 6588
3 6588 6599 6600
3 6588 6600 6589
3 6589 6600 6601
3 6589 6601 6590
3 6590 6601 6602
3 6590 6602 6591
3 6591 6602 6603
3 6591 6603 6592
3 6592 6603 6604
3 6592 6604 6593
3 6593 6604 6605
3 6593 6605 6594
3 6594 6605 6606
3 6594 6606 6595
3 6595 6606 6607
3 6595 6607 6596
3 6596 6607 6608
3 6596 6608 6585
3 6585 6608 6597
3 6597 6609 6598
3 6598 6609 6610
3 6598 6610 6599
3 6599 6610 6611
3 6599 6611 6600
3 6600 6611 6612
3 6600 6612 6601
3 6601 6612 6613
3 6601 6613 6602
3 6602 6613 6614
3 6602 6614 6603
3 6603 6614 6615
3 6603 6615 6604
3 6604 6615 6616
3 6604 6616 6605
3 6605 6616 6617
3 6605 6617 6606
3 6606 6617 6618
3 6606 6618 6607
3 6607 6618 6619
3 6607 6619 6608
3 6608 6619 6620
3 6608 6620 6597
3 6597 6620 6609
3 6621 6610 6609
3 6621 6611 6610
3 6621 6612 6611
3 6621 6613 6612
3 6621 6614 6613
3 6621 6615 6614
3 6621 6616 6615
3 6621 6617 6616
3 6621 6618 6617
3 6621 6619 6618
3 6621 6620 6619
3 6621 6609 6620
3 6622 6623 6624
3 6622 6624 6625
3 6622 6625 6626
3 6622 6626 6627
3 6622 6627 6628
3 6622 6628 6629
3 6622 6629 6630
3 6622 6630 6631
3 6622 6631 6632
3 6622 6632 6633
3 6622 6633 6634
3 6622 6634 6623
3 6623 6635 6624
3 6624 6635 6636
3 6624 6636 6625
3 6625 6636 6637
3 6625 6637 6626
3 6626 6637 6638
3 6626 6638 6627
3 6627 6638 6639
3 6627 6639 6628
3 6628 6639 6640
3 6628 6640 6629
3 6629 6640 6641
3 6629 6641 6630
3 6630 6641 6642
3 6630 6642 6631
3 6631 6642 6643
3 6631 6643 6632
3 6632 6643 6644
3 6632 6644 6633
3 6633 6644 6645
3 6633 6645 6634
3 6634 6645 6646
3 6634 6646 6623
3 6623 6646 6635
3 6635 6647 6636
3 6636 6647 6648
3 6636 6648 6637
3 6637 6648 6649
3 6637 6649 6638
3 6638 6649 6650
3 6638 6650 6639
3 6639 6650 6651
3 6639 6651 6640
3 6640 6651 6652
3 6640 6652 6641
3 6641 6652 6653
3 6641 6653 6642
3 6642 6653 6654
3 6642 6654 6643
3 6643 6654 6655
3 6643 6655 6644
3 6644 6655 6656
3 6644 6656 6645
3 6645 6656 6657
3 6645 6657 6646
3 6646 6657 6658
3 6646 6658 6635
3 6635 6658 6647
3 6647 6659 6648
3 6648 6659 6660
3 6648 6660 6649
3 6649 6660 6661
3 6649 6661 6650
3 6650 6661 6662
3 6650 6662 6651
3 6651 6662 6663
3 6651 6663 6652
3 6652 6663 6664
3 6652 6664 6653
3 6653 6664 6665
3 6653 6665 6654
3 6654 6665 6666
3 6654 6666 6655
3 6655 6666 6667
3 6655 6667 6656
3 6656 6667 6668
3 6656 6668 6657
3 6657 6668 6669
3 6657 6669 6658
3 6658 6669 6670
3 6658 6670 6647
3 6647 6670 6659
3 6659 6671 6660
3 6660 6671 6672
3 6660 6672 6661
3 6661 6672 6673
3 6661 6673 6662
3 6662 6673 6674
3 6662 6674 6663
3 6663 6674 6675
3 6663 6675 6664
3 6664 6675 6676
3 6664 6676 6665
3 6665 6676 6677
3 6665 6677 6666
3 6666 6677 6678
3 6666 6678 6667
3 6667 6678 6679
3 6667 6679 6668
3 6668 6679 6680
3 6668 6680 6669
3 6669 6680 6681
3 6669 6681 6670
3 6670 6681 6682
3 6670 6682 6659
3 6659 6682 6671
3 6671 6683 6672
3 6672 6683 6684
3 6672 6684 6673
3 6673 6684 6685
3 6673 6685 6674
3 6674 6685 6686
3 6674 6686 6675
3 6675 6686 6687
3 6675 6687 6676
3 6676 6687 6688
3 6676 6688 6677
3 6677 6688 6689
3 6677 6689 6678
3 6678 6689 6690
3 6678 6690 6679
3 6679 6690 6691
3 6679 6691 6680
3 6680 6691 6692
3 6680 6692 6681
3 6681 6692 6693
3 6681 6693 6682
3 6682 6693 6694
3 6682 6694 6671
3 6671 6694 6683
3 6683 6695 6684
3 6684 6695 6696
3 6684 6696 6685
3 6685 6696 6697
3 6685 6697 6686
3 6686 6697 6698
3 6686 6698 6687
3 6687 6698 6699
3 6687 6699 6688
3 6688 6699 6700
3 6688 6700 6689
3 6689 6700 6701
3 6689 6701 6690
3 6690 6701 6702
3 6690 6702 6691
3 6691 6702 6703
3 6691 6703 6692
3 6692 6703 6704
3 6692 6704 6693
3 6693 6704 6705
3 6693 6705 6694
3 6694 6705 6706
3 6694 6706 6683
3 6683 6706 6695
3 6707 6696 6695
3 6707 6697 6696
3 6707 6698 6697
3 6707 6699 6698
3 6707 6700 6699
3 6707 6701 6700
3 6707 6702 6701
3 6707 6703 6702
3 6707 6704 6703
3 6707 6705 6704
3 6707 6706 6705
3 6707 6695 6706
3 6708 6709 6710
3 6708 6710 6711
3 6708 6711 6712
3 6708 6712 6713
3 6708 6713 6714
3 6708 6714 6715
3 6708 6715 6716
3 6708 6716 6717
3 6708 6717 6718
3 6708 6718 6719
3 6708 6719 6720
3 6708 6720 6709
3 6709 6721 6710
3 6710 6721 6722
3 6710 6722 6711
3 6711 6722 6723
3 6711 6723 6712
3 6712 6723 6724
3 6712 6724 6713
3 6713 6724 6725
3 6713 6725 6714
3 6714 6725 6726
3 6714 6726 6715
3 6715 6726 6727
3 6715 6727 6716
3 6716 6727 6728
3 6716 6728 6717
3 6717 6728 6729
3 6717 6729 6718
3 6718 6729 6730
3 6718 6730 6719
3 6719 6730 6731
3 6719 6731 6720
3 6720 6731 6732
3 6720 6732 6709
3 6709 6732 6721
3 6721 6733 6722
3 6722 6733 6734
3 6722 6734 6723
3 6723 6734 6735
3 6723 6735 6724
3 6724 6735 6736
3 6724 6736 6725
3 6725 6736 6737
3 6725 6737 6726
3 6726 6737 6738
3 6726 6738 6727
3 6727 6738 6739
3 6727 6739 6728
3 6728 6739 6740
3 6728 6740 6729
3 6729 6740 6741
3 6729 6741 6730
3 6730 6741 6742
3 6730 6742 6731
3 6731 6742 6743
3 6731 6743 6732
3 6732 6743 6744
3 6732 6744 6721
3 6721 6744 6733
3 6733 6745 6734
3 6734 6745 6746
3 6734 6746 6735
3 6735 6746 6747
3 6735 6747 6736
3 6736 6747 6748
3 6736 6748 6737
3 6737 6748 6749
3 6737 6749 6738
3 6738 6749 6750
3 6738 6750 6739
3 6739 6750 6751
3 6739 6751 6740
3 6740 6751 6752
3 6740 6752 6741
3 6741 6752 6753
3 6741 6753 6742
3 6742 6753 6754
3 6742 6754 6743
3 6743 6754 6755
3 6743 6755 6744
3 6744 6755 6756
3 6744 6756 6733
3 6733 6756 6745
3 6745 6757 6746
3 6746 6757 6758
3 6746 6758 6747
3 6747 6758 6759
3 6747 6759 6748
3 6748 6759 6760
3 6748 6760 6749
3 6749 6760 6761
3 6749 6761 6750
3 6750 6761 6762
3 6750 6762 6751
3 6751 6762 6763
3 6751 6763 6752
3 6752 6763 6764
3 6752 6764 6753
3 6753 6764 6765
3 6753 6765 6754
3 6754 6765 6766
3 6754 6766 6755
3 6755 6766 6767
3 6755 6767 6756
3 6756 6767 6768
3 6756 6768 6745
3 6745 6768 6757
3 6757 6769 6758
3 6758 6769 6770
3 6758 6770 6759
3 6759 6770 6771
3 6759 6771 6760
3 6760 6771 6772
3 6760 6772 6761
3 6761 6772 6773
3 6761 6773 6762
3 6762 6773 6774
3 6762 6774 6763
3 6763 6774 6775
3 6763 6775 6764
3 6764 6775 6776
3 6764 6776 6765
3 6765 6776 6777
3 6765 6777 6766
3 6766 6777 6778
3 6766 6778 6767
3 6767 6778 6779
3 6767 6779 6768
3 6768 6779 6780
3 6768 6780 6757
3 6757 6780 6769
3 6769 6781 6770
3 6770 6781 6782
3 6770 6782 6771
3 6771 6782 6783
3 6771 6783 6772
3 6772 6783 6784
3 6772 6784 6773
3 6773 6784 6785
3 6773 6785 6774
3 6774 6785 6786
3 6774 6786 6775
3 6775 6786 6787
3 6775 6787 6776
3 6776 6787 6788
3 6776 6788 6777
3 6777 6788 6789
3 6777 6789 6778
3 6778 6789 6790
3 6778 6790 6779
3 6779 6790 6791
3 6779 6791 6780
3 6780 6791 6792
3 6780 6792 6769
3 6769 6792 6781
3 6793 6782 6781
3 6793 6783 6782
3 6793 6784 6783
3 6793 6785 6784
3 6793 6786 6785
3 6793 6787 6786
3 6793 6788 6787
3 6793 6789 6788
3 6793 6790 6789
3 6793 6791 6790
3 6793 6792 6791
3 6793 6781 6792
3 6794 6795 6796
3 6794 6796 6797
3 6794 6797 6798
3 6794 6798 6799
3 6794 6799 6800
3 6794 6800 6801
3 6794 6801 6802
3 6794 6802 6803
3 6794 6803 6804
3 6794 6804 6805
3 6794 6805 6806
3 6794 6806 6795
3 6795 6807 6796
3 6796 6807 6808
3 6796 6808 6797
3 6797 6808 6809
3 6797 6809 6798
3 6798 6809 6810
3 6798 6810 6799
3 6799 6810 6811
3 6799 6811 6800
3 6800 6811 6812
3 6800 6812 6801
3 6801 6812 6813
3 6801 6813 6802
3 6802 6813 6814
3 6802 6814 6803
3 6803 6814 6815
3 6803 6815 6804
3 6804 6815 6816
3 6804 6816 6805
3 6805 6816 6817
3 6805 6817 6806
3 6806 6817 6818
3 6806 6818 6795
3 6795 6818 6807
3 6807 6819 6808
3 6808 6819 6820
3 6808 6820 6809
3 6809 6820 6821
3 6809 6821 6810
3 6810 6821 6822
3 6810 6822 6811
3 6811 6822 6823
3 6811 6823 6812
3 6812 6823 6824
3 6812 6824 6813
3 6813 6824 6825
3 6813 6825 6814
3 6814 6825 6826
3 6814 6826 6815
3 6815 6826 6827
3 6815 6827 6816
3 6816 6827 6828
3 6816 6828 6817
3 6817 6828 6829
3 6817 6829 6818
3 6818 6829 6830
3 6818 6830 6807
3 6807 6830 6819
3 6819 6831 6820
3 6820 6831 6832
3 6820 6832 6821
3 6821 6832 6833
3 6821 6833 6822
3 6822 6833 6834
3 6822 6834 6823
3 6823 6834 6835
3 6823 6835 6824
3 6824 6835 6836
3 6824 6836 6825
3 6825 6836 6837
3 6825 6837 6826
3 6826 6837 6838
3 6826 6838 6827
3 6827 6838 6839
3 6827 6839 6828
3 6828 6839 6840
3 6828 6840 6829
3 6829 6840 6841
3 6829 6841 6830
3 6830 6841 6842
3 6830 6842 6819
3 6819 6842 6831
3 6831 6843 6832
3 6832 6843 6844
3 6832 6844 6833
3 6833 6844 6845
3 6833 6845 6834
3 6834 6845 6846
3 6834 6846 6835
3 6835 6846 6847
3 6835 6847 6836
3 6836 6847 6848
3 6836 6848 6837
3 6837 6848 6849
3 6837 6849 6838
3 6838 6849 6850
3 6838 6850 6839
3 6839 6850 6851
3 6839 6851 6840
3 6840 6851 6852
3 6840 6852 6841
3 6841 6852 6853
3 6841 6853 6842
3 6842 6853 6854
3 6842 6854 6831
3 6831 6854 6843
3 6843 6855 6844
3 6844 6855 6856
3 6844 6856 6845
3 6845 6856 6857
3 6845 6857 6846
3 6846 6857 6858
3 6846 6858 6847
3 6847 6858 6859
3 6847 6859 6848
3 6848 6859 6860
3 6848 6860 6849
3 6849 6860 6861
3 6849 6861 6850
3 6850 6861 6862
3 6850 6862 6851
3 6851 6862 6863
3 6851 6863 6852
3 6852 6863 6864
3 6852 6864 6853
3 6853 6864 6865
3 6853 6865 6854
3 6854 6865 6866
3 6854 6866 6843
3 6843 6866 6855
3 6855 6867 6856
3 6856 6867 6868
3 6856 6868 6857
3 6857 6868 6869
3 6857 6869 6858
3 6858 6869 6870
3 6858 6870 6859
3 6859 6870 6871
3 6859 6871 6860
3 6860 6871 6872
3 6860 6872 6861
3 6861 6872 6873
3 6861 6873 6862
3 6862 6873 6874
3 6862 6874 6863
3 6863 6874 6875
3 6863 6875 6864
3 6864 6875 6876
3 6864 6876 6865
3 6865 6876 6877
3 6865 6877 6866
3 6866 6877 6878
3 6866 6878 6855
3 6855 6878 6867
3 6879 6868 6867
3 6879 6869 6868
3 6879 6870 6869
3 6879 6871 6870
3 6879 6872 6871
3 6879 6873 6872
3 6879 6874 6873
3 6879 6875 6874
3 6879 6876 6875
3 6879 6877 6876
3 6879 6878 6877
3 6879 6867 6878
3 6880 6881 6882
3 6880 6882 6883
3 6880 6883 6884
3 6880 6884 6885
3 6880 6885 6886
3 6880 6886 6887
3 6880 6887 6888
3 6880 6888 6889
3 6880 6889 6890
3 6880 6890 6891
3 6880 6891 6892
3 6880 6892 6881
3 6881 6893 6882
3 6882 6893 6894
3 6882 6894 6883
3 6883 6894 6895
3 6883 6895 6884
3 6884 6895 6896
3 6884 6896 6885
3 6885 6896 6897
3 6885 6897 6886
3 6886 6897 6898
3 6886 6898 6887
3 6887 6898 6899
3 6887 6899 6888
3 6888 6899 6900
3 6888 6900 6889
3 6889 6900 6901
3 6889 6901 6890
3 6890 6901 6902
3 6890 6902 6891
3 6891 6902 6903
3 6891 6903 6892
3 6892 6903 6904
3 6892 6904 6881
3 6881 6904 6893
3 6893 6905 6894
3 6894 6905 6906
3 6894 6906 6895
3 6895 6906 6907
3 6895 6907 6896
3 6896 6907 6908
3 6896 6908 6897
3 6897 6908 6909
3 6897 6909 6898
3 6898 6909 6910
3 6898 6910 6899
3 6899 6910 6911
3 6899 6911 6900
3 6900 6911 6912
3 6900 6912 6901
3 6901 6912 6913
3 6901 6913 6902
3 6902 6913 6914
3 6902 6914 6903
3 6903 6914 6915
3 6903 6915 6904
3 6904 6915 6916
3 6904 6916 6893
3 6893 6916 6905
3 6905 6917 6906
3 6906 6917 6918
3 6906 6918 6907
3 6907 6918 6919
3 6907 6919 6908
3 6908 6919 6920
3 6908 6920 6909
3 6909 6920 6921
3 6909 6921 6910
3 6910 6921 6922
3 6910 6922 6911
3 6911 6922 6923
3 6911 6923 6912
3 6912 6923 6924
3 6912 6924 6913
3 6913 6924 6925
3 6913 6925 6914
3 6914 6925 6926
3 6914 6926 6915
3 6915 6926 6927
3 6915 6927 6916
3 6916 6927 6928
3 6916 6928 6905
3 6905 6928 6917
3 6917 6929 6918
3 6918 6929 6930
3 6918 6930 6919
3 6919 6930 6931
3 6919 6931 6920
3 6920 6931 6932
3 6920 6932 6921
3 6921 6932 6933
3 6921 6933 6922
3 6922 6933 6934
3 6922 6934 6923
3 6923 6934 6935
3 6923 6935 6924
3 6924 6935 6936
3 6924 6936 6925
3 6925 6936 6937
3 6925 6937 6926
3 6926 6937 6938
3 6926 6938 6927
3 6927 6938 6939
3 6927 6939 6928
3 6928 6939 6940
3 6928 6940 6917
3 6917 6940 6929
3 6929 6941 6930
3 6930 6941 6942
3 6930 6942 6931
3 6931 6942 6943
3 6931 6943 6932
3 6932 6943 6944
3 6932 6944 6933
3 6933 6944 6945
3 6933 6945 6934
3 6934 6945 6946
3 6934 6946 6935
3 6935 6946 6947
3 6935 6947 6936
3 6936 6947 6948
3 6936 6948 6937
3 6937 6948 6949
3 6937 6949 6938
3 6938 6949 6950
3 6938 6950 6939
3 6939 6950 6951
3 6939 6951 6940
3 6940 6951 6952
3 6940 6952 6929
3 6929 6952 6941
3 6941 6953 6942
3 6942 6953 6954
3 6942 6954 6943
3 6943 6954 6955
3 6943 6955 6944
3 6944 6955 6956
3 6944 6956 6945
3 6945 6956 6957
3 6945 6957 6946
3 6946 6957 6958
3 6946 6958 6947
3 6947 6958 6959
3 6947 6959 6948
3 6948 6959 6960
3 6948 6960 6949
3 6949 6960 6961
3 6949 6961 6950
3 6950 6961 6962
3 6950 6962 6951
3 6951 6962 6963
3 6951 6963 6952
3 6952 6963 6964
3 6952 6964 6941
3 6941 6964 6953
3 6965 6954 6953
3 6965 6955 6954
3 6965 6956 6955
3 6965 6957 6956
3 6965 6958 6957
3 6965 6959 6958
3 6965 6960 6959
3 6965 6961 6960
3 6965 6962 6961
3 6965 6963 6962
3 6965 6964 6963
3 6965 6953 6964
3 6966 6967 6968
3 6966 6968 6969
3 6966 6969 6970
3 6966 6970 6971
3 6966 6971 6972
3 6966 6972 6973
3 6966 6973 6974
3 6966 6974 6975
3 6966 6975 6976
3 6966 6976 6977
3 6966 6977 6978
3 6966 6978 6967
3 6967 6979 6968
3 6968 6979 6980
3 6968 6980 6969
3 6969 6980 6981
3 6969 6981 6970
3 6970 6981 6982
3 6970 6982 6971
3 6971 6982 6983
3 6971 6983 6972
3 6972 6983 6984
3 6972 6984 6973
3 6973 6984 6985
3 6973 6985 6974
3 6974 6985 6986
3 6974 6986 6975
3 6975 6986 6987
3 6975 6987 6976
3 6976 6987 6988
3 6976 6988 6977
3 6977 6988 6989
3 6977 6989 6978
3 6978 6989 6990
3 6978 6990 6967
3 6967 6990 6979
3 6979 6991 6980
3 6980 6991 6992
3 6980 6992 6981
3 6981 6992 6993
3 6981 6993 6982
3 6982 6993 6994
3 6982 6994 6983
3 6983 6994 6995
3 6983 6995 6984
3 6984 6995 6996
3 6984 6996 6985
3 6985 6996 6997
3 6985 6997 6986
3 6986 6997 6998
3 6986 6998 6987
3 6987 6998 6999
3 6987 6999 6988
3 6988 6999 7000
3 6988 7000 6989
3 6989 7000 7001
3 6989 7001 6990
3 6990 7001 7002
3 6990 7002 6979
3 6979 7002 6991
3 6991 7003 6992
3 6992 7003 7004
3 6992 7004 6993
3 6993 7004 7005
3 6993 7005 6994
3 6994 7005 7006
3 6994 7006 6995
3 6995 7006 7007
3 6995 7007 6996
3 6996 7007 7008
3 6996 7008 6997
3 6997 7008 7009
3 6997 7009 6998
3 6998 7009 7010
3 6998 7010 6999
3 6999 7010 7011
3 6999 7011 7000
3 7000 7011 7012
3 7000 7012 7001
3 7001 7012 7013
3 7001 7013 7002
3 7002 7013 7014
3 7002 7014 6991
3 6991 7014 7003
3 7003 7015 7004
3 7004 7015 7016
3 7004 7016 7005
3 7005 7016 7017
3 7005 7017 7006
3 7006 7017 7018
3 7006 7018 7007
3 7007 7018 7019
3 7007 7019 7008
3 7008 7019 7020
3 7008 7020 7009
3 7009 7020 7021
3 7009 7021 7010
3 7010 7021 7022
3 7010 7022 7011
3 7011 7022 7023
3 7011 7023 7012
3 7012 7023 7024
3 7012 7024 7013
3 7013 7024 7025
3 7013 7025 7014
3 7014 7025 7026
3 7014 7026 7003
3 7003 7026 7015
3 7015 7027 7016
3 7016 7027 7028
3 7016 7028 7017
3 7017 7028 7029
3 7017 7029 7018
3 7018 7029 7030
3 7018 7030 7019
3 7019 7030 7031
3 7019 7031 7020
3 7020 7031 7032
3 7020 7032 7021
3 7021 7032 7033
3 7021 7033 7022
3 7022 7033 7034
3 7022 7034 7023
3 7023 7034 7035
3 7023 7035 7024
3 7024 7035 7036
3 7024 7036 7025
3 7025 7036 7037
3 7025 7037 7026
3 7026 7037 7038
3 7026 7038 7015
3 7015 7038 7027
3 7027 7039 7028
3 7028 7039 7040
3 7028 7040 7029
3 7029 7040 7041
3 7029 7041 7030
3 7030 7041 7042
3 7030 7042 7031
3 7031 7042 7043
3 7031 7043 7032
3 7032 7043 7044
3 7032 7044 7033
3 7033 7044 7045
3 7033 7045 7034
3 7034 7045 7046
3 7034 7046 7035
3 7035 7046 7047
3 7035 7047 7036
3 7036 7047 7048
3 7036 7048 7037
3 7037 7048 7049
3 7037 7049 7038
3 7038 7049 7050
3 7038 7050 7027
3 7027 7050 7039
3 7051 7040 7039
3 7051 7041 7040
3 7051 7042 7041
3 7051 7043 7042
3 7051 7044 7043
3 7051 7045 7044
3 7051 7046 7045
3 7051 7047 7046
3 7051 7048 7047
3 7051 7049 7048
3 7051 7050 7049
3 7051 7039 7050
3 7052 7053 7054
3 7052 7054 7055
3 7052 7055 7056
3 7052 7056 7057
3 7052 7057 7058
3 7052 7058 7059
3 7052 7059 7060
3 7052 7060 7061
3 7052 7061 7062
3 7052 7062 7063
3 7052 7063 7064
3 7052 7064 7053
3 7053 7065 7054
3 7054 7065 7066
3 7054 7066 7055
3 7055 7066 7067
3 7055 7067 7056
3 7056 7067 7068
3 7056 7068 7057
3 7057 7068 7069
3 7057 7069 7058
3 7058 7069 7070
3 7058 7070 7059
3 7059 7070 7071
3 7059 7071 7060
3 7060 7071 7072
3 7060 7072 7061
3 7061 7072 7073
3 7061 7073 7062
3 7062 7073 7074
3 7062 7074 7063
3 7063 7074 7075
3 7063 7075 7064
3 7064 7075 7076
3 7064 7076 7053
3 7053 7076 7065
3 7065 7077 7066
3 7066 7077 7078
3 7066 7078 7067
3 7067 7078 7079
3 7067 7079 7068
3 7068 7079 7080
3 7068 7080 7069
3 7069 7080 7081
3 7069 7081 7070
3 7070 7081 7082
3 7070 7082 7071
3 7071 7082 7083
3 7071 7083 7072
3 7072 7083 7084
3 7072 7084 7073
3 7073 7084 7085
3 7073 7085 7074
3 7074 7085 7086
3 7074 7086 7075
3 7075 7086 7087
3 7075 7087 7076
3 7076 7087 7088
3 7076 7088 7065
3 7065 7088 7077
3 7077 7089 7078
3 7078 7089 7090
3 7078 7090 7079
3 7079 7090 7091
3 7079 7091 7080
3 7080 7091 7092
3 7080 7092 7081
3 7081 7092 7093
3 7081 7093 7082
3 7082 7093 7094
3 7082 7094 7083
3 7083 7094 7095
3 7083 7095 7084
3 7084 7095 7096
3 7084 7096 7085
3 7085 7096 7097
3 7085 7097 7086
3 7086 7097 7098
3 7086 7098 7087
3 7087 7098 7099
3 7087 7099 7088
3 7088 7099 7100
3 7088 7100 7077
3 7077 7100 7089
3 7089 7101 7090
3 7090 7101 7102
3 7090 7102 7091
3 7091 7102 7103
3 7091 7103 7092
3 7092 7103 7104
3 7092 7104 7093
3 7093 7104 7105
3 7093 7105 7094
3 7094 7105 7106
3 7094 7106 7095
3 7095 7106 7107
3 7095 7107 7096
3 7096 7107 7108
3 7096 7108 7097
3 7097 7108 7109
3 7097 7109 7098
3 7098 7109 7110
3 7098 7110 7099
3 7099 7110 7111
3 7099 7111 7100
3 7100 7111 7112
3 7100 7112 7089
3 7089 7112 7101
3 7101 7113 7102
3 7102 7113 7114
3 7102 7114 7103
3 7103 7114 7115
3 7103 7115 7104
3 7104 7115 7116
3 7104 7116 7105
3 7105 7116 7117
3 7105 7117 7106
3 7106 7117 7118
3 7106 7118 7107
3 7107 7118 7119
3 7107 7119 7108
3 7108 7119 7120
3 7108 7120 7109
3 7109 7120 7121
3 7109 7121 7110
3 7110 7121 7122
3 7110 7122 7111
3 7111 7122 7123
3 7111 7123 7112
3 7112 7123 7124
3 7112 7124 7101
3 7101 7124 7113
3 7113 7125 7114
3 7114 7125 7126
3 7114 7126 7115
3 7115 7126 7127
3 7115 7127 7116
3 7116 7127 7128
3 7116 7128 7117
3 7117 7128 7129
3 7117 7129 7118
3 7118 7129 7130
3 7118 7130 7119
3 7119 7130 7131
3 7119 7131 7120
3 7120 7131 7132
3 7120 7132 7121
3 7121 7132 7133
3 7121 7133 7122
3 7122 7133 7134
3 7122 7134 7123
3 7123 7134 7135
3 7123 7135 7124
3 7124 7135 7136
3 7124 7136 7113
3 7113 7136 7125
3 7137 7126 7125
3 7137 7127 7126
3 7137 7128 7127
3 7137 7129 7128
3 7137 7130 7129
3 7137 7131 7130
3 7137 7132 7131
3 7137 7133 7132
3 7137 7134 7133
3 7137 7135 7134
3 7137 7136 7135
3 7137 7125 7136
3 7138 7139 7140
3 7138 7140 7141
3 7138 7141 7142
3 7138 7142 7143
3 7138 7143 7144
3 7138 7144 7145
3 7138 7145 7146
3 7138 7146 7147
3 7138 7147 7148
3 7138 7148 7149
3 7138 7149 7150
3 7138 7150 7139
3 7139 7151 7140
3 7140 7151 7152
3 7140 7152 7141
3 7141 7152 7153
3 7141 7153 7142
3 7142 7153 7154
3 7142 7154 7143
3 7143 7154 7155
3 7143 7155 7144
3 7144 7155 7156
3 7144 7156 7145
3 7145 7156 7157
3 7145 7157 7146
3 7146 7157 7158
3 7146 7158 7147
3 7147 7158 7159
3 7147 7159 7148
3 7148 7159 7160
3 7148 7160 7149
3 7149 7160 7161
3 7149 7161 7150
3 7150 7161 7162
3 7150 7162 7139
3 7139 7162 7151
3 7151 7163 7152
3 7152 7163 7164
3 7152 7164 7153
3 7153 7164 7165
3 7153 7165 7154
3 7154 7165 7166
3 7154 7166 7155
3 7155 7166 7167
3 7155 7167 7156
3 7156 7167 7168
3 7156 7168 7157
3 7157 7168 7169
3 7157 7169 7158
3 7158 7169 7170
3 7158 7170 7159
3 7159 7170 7171
3 7159 7171 7160
3 7160 7171 7172
3 7160 7172 7161
3 7161 7172 7173
3 7161 7173 7162
3 7162 7173 7174
3 7162 7174 7151
3 7151 7174 7163
3 7163 7175 7164
3 7164 7175 7176
3 7164 7176 7165
3 7165 7176 7177
3 7165 7177 7166
3 7166 7177 7178
3 7166 7178 7167
3 7167 7178 7179
3 7167 7179 7168
3 7168 7179 7180
3 7168 7180 7169
3 7169 7180 7181
3 7169 7181 7170
3 7170 7181 7182
3 7170 7182 7171
3 7171 7182 7183
3 7171 7183 7172
3 7172 7183 7184
3 7172 7184 7173
3 7173 7184 7185
3 7173 7185 7174
3 7174 7185 7186
3 7174 7186 7163
3 7163 7186 7175
3 7175 7187 7176
3 7176 7187 7188
3 7176 7188 7177
3 7177 7188 7189
3 7177 7189 7178
3 7178 7189 7190
3 7178 7190 7179
3 7179 7190 7191
3 7179 7191 7180
3 7180 7191 7192
3 7180 7192 7181
3 7181 7192 7193
3 7181 7193 7182
3 7182 7193 7194
3 7182 7194 7183
3 7183 7194 7195
3 7183 7195 7184
3 7184 7195 7196
3 7184 7196 7185
3 7185 7196 7197
3 7185 7197 7186
3 7186 7197 7198
3 7186 7198 7175
3 7175 7198 7187
3 7187 7199 7188
3 7188 7199 7200
3 7188 7200 7189
3 7189 7200 7201
3 7189 7201 7190
3 7190 7201 7202
3 7190 7202 7191
3 7191 7202 7203
3 7191 7203 7192
3 7192 7203 7204
3 7192 7204 7193
3 7193 7204 7205
3 7193 7205 7194
3 7194 7205 7206
3 7194 7206 7195
3 7195 7206 7207
3 7195 7207 7196
3 7196 7207 7208
3 7196 7208 7197
3 7197 7208 7209
3 7197 7209 7198
3 7198 7209 7210
3 7198 7210 7187
3 7187 7210 7199
3 7199 7211 7200
3 7200 7211 7212
3 7200 7212 7201
3 7201 7212 7213
3 7201 7213 7202
3 7202 7213 7214
3 7202 7214 7203
3 7203 7214 7215
3 7203 7215 7204
3 7204 7215 7216
3 7204 7216 7205
3 7205 7216 7217
3 7205 7217 7206
3 7206 7217 7218
3 7206 7218 7207
3 7207 7218 7219
3 7207 7219 7208
3 7208 7219 7220
3 7208 7220 7209
3 7209 7220 7221
3 7209 7221 7210
3 7210 7221 7222
3 7210 7222 7199
3 7199 7222 7211
3 7223 7212 7211
3 7223 7213 7212
3 7223 7214 7213
3 7223 7215 7214
3 7223 7216 7215
3 7223 7217 7216
3 7223 7218 7217
3 7223 7219 7218
3 7223 7220 7219
3 7223 7221 7220
3 7223 7222 7221
3 7223 7211 7222
3 7224 7225 7226
3 7224 7226 7227
3 7224 7227 7228
3 7224 7228 7229
3 7224 7229 7230
3 7224 7230 7231
3 7224 7231 7232
3 7224 7232 7233
3 7224 7233 7234
3 7224 7234 7235
3 7224 7235 7236
3 7224 7236 7225
3 7225 7237 7226
3 7226 7237 7238
3 7226 7238 7227
3 7227 7238 7239
3 7227 7239 7228
3 7228 7239 7240
3 7228 7240 7229
3 7229 7240 7241
3 7229 7241 7230
3 7230 7241 7242
3 7230 7242 7231
3 7231 7242 7243
3 7231 7243 7232
3 7232 7243 7244
3 7232 7244 7233
3 7233 7244 7245
3 7233 7245 7234
3 7234 7245 7246
3 7234 7246 7235
3 7235 7246 7247
3 7235 7247 7236
3 7236 7247 7248
3 7236 7248 7225
3 7225 7248 7237
3 7237 7249 7238
3 7238 7249 7250
3 7238 7250 7239
3 7239 7250 7251
3 7239 7251 7240
3 7240 7251 7252
3 7240 7252 7241
3 7241 7252 7253
3 7241 7253 7242
3 7242 7253 7254
3 7242 7254 7243
3 7243 7254 7255
3 7243 7255 7244
3 7244 7255 7256
3 7244 7256 7245
3 7245 7256 7257
3 7245 7257 7246
3 7246 7257 7258
3 7246 7258 7247
3 7247 7258 7259
3 7247 7259 7248
3 7248 7259 7260
3 7248 7260 7237
3 7237 7260 7249
3 7249 7261 7250
3 7250 7261 7262
3 7250 7262 7251
3 7251 7262 7263
3 7251 7263 7252
3 7252 7263 7264
3 7252 7264 7253
3 7253 7264 7265
3 7253 7265 7254
3 7254 7265 7266
3 7254 7266 7255
3 7255 7266 7267
3 7255 7267 7256
3 7256 7267 7268
3 7256 7268 7257
3 7257 7268 7269
3 7257 7269 7258
3 7258 7269 7270
3 7258 7270 7259
3 7259 7270 7271
3 7259 7271 7260
3 7260 7271 7272
3 7260 7272 7249
3 7249 7272 7261
3 7261 7273 7262
3 7262 7273 7274
3 7262 7274 7263
3 7263 7274 7275
3 7263 7275 7264
3 7264 7275 7276
3 7264 7276 7265
3 7265 7276 7277
3 7265 7277 7266
3 7266 7277 7278
3 7266 7278 7267
3 7267 7278 7279
3 7267 7279 7268
3 7268 7279 7280
3 7268 7280 7269
3 7269 7280 7281
3 7269 7281 7270
3 7270 7281 7282
3 7270 7282 7271
3 7271 7282 7283
3 7271 7283 7272
3 7272 7283 7284
3 7272 7284 7261
3 7261 7284 7273
3 7273 7285 7274
3 7274 7285 7286
3 7274 7286 7275
3 7275 7286 7287
3 7275 7287 7276
3 7276 7287 7288
3 7276 7288 7277
3 7277 7288 7289
3 7277 7289 7278
3 7278 7289 7290
3 7278 7290 7279
3 7279 7290 7291
3 7279 7291 7280
3 7280 7291 7292
3 7280 7292 7281
3 7281 7292 7293
3 7281 7293 7282
3 7282 7293 7294
3 7282 7294 7283
3 7283 7294 7295
3 7283 7295 7284
3 7284 7295 7296
3 7284 7296 7273
3 7273 7296 7285
3 7285 7297 7286
3 7286 7297 7298
3 7286 7298 7287
3 7287 7298 7299
3 7287 7299 7288
3 7288 7299 7300
3 7288 7300 7289
3 7289 7300 7301
3 7289 7301 7290
3 7290 7301 7302
3 7290 7302 7291
3 7291 7302 7303
3 7291 7303 7292
3 7292 7303 7304
3 7292 7304 7293
3 7293 7304 7305
3 7293 7305 7294
3 7294 7305 7306
3 7294 7306 7295
3 7295 7306 7307
3 7295 7307 7296
3 7296 7307 7308
3 7296 7308 7285
3 7285 7308 7297
3 7309 7298 7297
3 7309 7299 7298
3 7309 7300 7299
3 7309 7301 7300
3 7309 7302 7301
3 7309 7303 7302
3 7309 7304 7303
3 7309 7305 7304
3 7309 7306 7305
3 7309 7307 7306
3 7309 7308 7307
3 7309 7297 7308
3 7310 7311 7312
3 7310 7312 7313
3 7310 7313 7314
3 7310 7314 7315
3 7310 7315 7316
3 7310 7316 7317
3 7310 7317 7318
3 7310 7318 7319
3 7310 7319 7320
3 7310 7320 7321
3 7310 7321 7322
3 7310 7322 7311
3 7311 7323 7312
3 7312 7323 7324
3 7312 7324 7313
3 7313 7324 7325
3 7313 7325 7314
3 7314 7325 7326
3 7314 7326 7315
3 7315 7326 7327
3 7315 7327 7316
3 7316 7327 7328
3 7316 7328 7317
3 7317 7328 7329
3 7317 7329 7318
3 7318 7329 7330
3 7318 7330 7319
3 7319 7330 7331
3 7319 7331 7320
3 7320 7331 7332
3 7320 7332 7321
3 7321 7332 7333
3 7321 7333 7322
3 7322 7333 7334
3 7322 7334 7311
3 7311 7334 7323
3 7323 7335 7324
3 7324 7335 7336
3 7324 7336 7325
3 7325 7336 7337
3 7325 7337 7326
3 7326 7337 7338
3 7326 7338 7327
3 7327 7338 7339
3 7327 7339 7328
3 7328 7339 7340
3 7328 7340 7329
3 7329 7340 7341
3 7329 7341 7330
3 7330 7341 7342
3 7330 7342 7331
3 7331 7342 7343
3 7331 7343 7332
3 7332 7343 7344
3 7332 7344 7333
3 7333 7344 7345
3 7333 7345 7334
3 7334 7345 7346
3 7334 7346 7323
3 7323 7346 7335
3 7335 7347 7336
3 7336 7347 7348
3 7336 7348 7337
3 7337 7348 7349
3 7337 7349 7338
3 7338 7349 7350
3 7338 7350 7339
3 7339 7350 7351
3 7339 7351 7340
3 7340 7351 7352
3 7340 7352 7341
3 7341 7352 7353
3 7341 7353 7342
3 7342 7353 7354
3 7342 7354 7343
3 7343 7354 7355
3 7343 7355 7344
3 7344 7355 7356
3 7344 7356 7345
3 7345 7356 7357
3 7345 7357 7346
3 7346 7357 7358
3 7346 7358 7335
3 7335 7358 7347
3 7347 7359 7348
3 7348 7359 7360
3 7348 7360 7349
3 7349 7360 7361
3 7349 7361 7350
3 7350 7361 7362
3 7350 7362 7351
3 7351 7362 7363
3 7351 7363 7352
3 7352 7363 7364
3 7352 7364 7353
3 7353 7364 7365
3 7353 7365 7354
3 7354 7365 7366
3 7354 7366 7355
3 7355 7366 7367
3 7355 7367 7356
3 7356 7367 7368
3 7356 7368 7357
3 7357 7368 7369
3 7357 7369 7358
3 7358 7369 7370
3 7358 7370 7347
3 7347 7370 7359
3 7359 7371 7360
3 7360 7371 7372
3 7360 7372 7361
3 7361 7372 7373
3 7361 7373 7362
3 7362 7373 7374
3 7362 7374 7363
3 7363 7374 7375
3 7363 7375 7364
3 7364 7375 7376
3 7364 7376 7365
3 7365 7376 7377
3 7365 7377 7366
3 7366 7377 7378
3 7366 7378 7367
3 7367 7378 7379
3 7367 7379 7368
3 7368 7379 7380
3 7368 7380 7369
3 7369 7380 7381
3 7369 7381 7370
3 7370 7381 7382
3 7370 7382 7359
3 7359 7382 7371
3 7371 7383 7372
3 7372 7383 7384
3 7372 7384 7373
3 7373 7384 7385
3 7373 7385 7374
3 7374 7385 7386
3 7374 7386 7375
3 7375 7386 7387
3 7375 7387 7376
3 7376 7387 7388
3 7376 7388 7377
3 7377 7388 7389
3 7377 7389 7378
3 7378 7389 7390
3 7378 7390 7379
3 7379 7390 7391
3 7379 7391 7380
3 7380 7391 7392
3 7380 7392 7381
3 7381 7392 7393
3 7381 7393 7382
3 7382 7393 7394
3 7382 7394 7371
3 7371 7394 7383
3 7395 7384 7383
3 7395 7385 7384
3 7395 7386 7385
3 7395 7387 7386
3 7395 7388 7387
3 7395 7389 7388
3 7395 7390 7389
3 7395 7391 7390
3 7395 7392 7391
3 7395 7393 7392
3 7395 7394 7393
3 7395 7383 7394
3 7396 7397 7398
3 7396 7398 7399
3 7396 7399 7400
3 7396 7400 7401
3 7396 7401 7402
3 7396 7402 7403
3 7396 7403 7404
3 7396 7404 7405
3 7396 7405 7406
3 7396 7406 7407
3 7396 7407 7408
3 7396 7408 7397
3 7397 7409 7398
3 7398 7409 7410
3 7398 7410 7399
3 7399 7410 7411
3 7399 7411 7400
3 7400 7411 7412
3 7400 7412 7401
3 7401 7412 7413
3 7401 7413 7402
3 7402 7413 7414
3 7402 7414 7403
3 7403 7414 7415
3 7403 7415 7404
3 7404 7415 7416
3 7404 7416 7405
3 7405 7416 7417
3 7405 7417 7406
3 7406 7417 7418
3 7406 7418 7407
3 7407 7418 7419
3 7407 7419 7408
3 7408 7419 7420
3 7408 7420 7397
3 7397 7420 7409
3 7409 7421 7410
3 7410 7421 7422
3 7410 7422 7411
3 7411 7422 7423
3 7411 7423 7412
3 7412 7423 7424
3 7412 7424 7413
3 7413 7424 7425
3 7413 7425 7414
3 7414 7425 7426
3 7414 7426 7415
3 7415 7426 7427
3 7415 7427 7416
3 7416 7427 7428
3 7416 7428 7417
3 7417 7428 7429
3 7417 7429 7418
3 7418 7429 7430
3 7418 7430 7419
3 7419 7430 7431
3 7419 7431 7420
3 7420 7431 7432
3 7420 7432 7409
3 7409 7432 7421
3 7421 7433 7422
3 7422 7433 7434
3 7422 7434 7423
3 7423 7434 7435
3 7423 7435 7424
3 7424 7435 7436
3 7424 7436 7425
3 7425 7436 7437
3 7425 7437 7426
3 7426 7437 7438
3 7426 7438 7427
3 7427 7438 7439
3 7427 7439 7428
3 7428 7439 7440
3 7428 7440 7429
3 7429 7440 7441
3 7429 7441 7430
3 7430 7441 7442
3 7430 7442 7431
3 7431 7442 7443
3 7431 7443 7432
3 7432 7443 7444
3 7432 7444 7421
3 7421 7444 7433
3 7433 7445 7434
3 7434 7445 7446
3 7434 7446 7435
3 7435 7446 7447
3 7435 7447 7436
3 7436 7447 7448
3 7436 7448 7437
3 7437 7448 7449
3 7437 7449 7438
3 7438 7449 7450
3 7438 7450 7439
3 7439 7450 7451
3 7439 7451 7440
3 7440 7451 7452
3 7440 7452 7441
3 7441 7452 7453
3 7441 7453 7442
3 7442 7453 7454
3 7442 7454 7443
3 7443 7454 7455
3 7443 7455 7444
3 7444 7455 7456
3 7444 7456 7433
3 7433 7456 7445
3 7445 7457 7446
3 7446 7457 7458
3 7446 7458 7447
3 7447 7458 7459
3 7447 7459 7448
3 7448 7459 7460
3 7448 7460 7449
3 7449 7460 7461
3 7449 7461 7450
3 7450 7461 7462
3 7450 7462 7451
3 7451 7462 7463
3 7451 7463 7452
3 7452 7463 7464
3 7452 7464 7453
3 7453 7464 7465
3 7453 7465 7454
3 7454 7465 7466
3 7454 7466 7455
3 7455 7466 7467
3 7455 7467 7456
3 7456 7467 7468
3 7456 7468 7445
3 7445 7468 7457
3 7457 7469 7458
3 7458 7469 7470
3 7458 7470 7459
3 7459 7470 7471
3 7459 7471 7460
3 7460 7471 7472
3 7460 7472 7461
3 7461 7472 7473
3 7461 7473 7462
3 7462 7473 7474
3 7462 7474 7463
3 7463 7474 7475
3 7463 7475 7464
3 7464 7475 7476
3 7464 7476 7465
3 7465 7476 7477
3 7465 7477 7466
3 7466 7477 7478
3 7466 7478 7467
3 7467 7478 7479
3 7467 7479 7468
3 7468 7479 7480
3 7468 7480 7457
3 7457 7480 7469
3 7481 7470 7469
3 7481 7471 7470
3 7481 7472 7471
3 7481 7473 7472
3 7481 7474 7473
3 7481 7475 7474
3 7481 7476 7475
3 7481 7477 7476
3 7481 7478 7477
3 7481 7479 7478
3 7481 7480 7479
3 7481 7469 7480
3 7482 7483 7484
3 7482 7484 7485
3 7482 7485 7486
3 7482 7486 7487
3 7482 7487 7488
3 7482 7488 7489
3 7482 7489 7490
3 7482 7490 7491
3 7482 7491 7492
3 7482 7492 7493
3 7482 7493 7494
3 7482 7494 7483
3 7483 7495 7484
3 7484 7495 7496
3 7484 7496 7485
3 7485 7496 7497
3 7485 7497 7486
3 7486 7497 7498
3 7486 7498 7487
3 7487 7498 7499
3 7487 7499 7488
3 7488 7499 7500
3 7488 7500 7489
3 7489 7500 7501
3 7489 7501 7490
3 7490 7501 7502
3 7490 7502 7491
3 7491 7502 7503
3 7491 7503 7492
3 7492 7503 7504
3 7492 7504 7493
3 7493 7504 7505
3 7493 7505 7494
3 7494 7505 7506
3 7494 7506 7483
3 7483 7506 7495
3 7495 7507 7496
3 7496 7507 7508
3 7496 7508 7497
3 7497 7508 7509
3 7497 7509 7498
3 7498 7509 7510
3 7498 7510 7499
3 7499 7510 7511
3 7499 7511 7500
3 7500 7511 7512
3 7500 7512 7501
3 7501 7512 7513
3 7501 7513 7502
3 7502 7513 7514
3 7502 7514 7503
3 7503 7514 7515
3 7503 7515 7504
3 7504 7515 7516
3 7504 7516 7505
3 7505 7516 7517
3 7505 7517 7506
3 7506 7517 7518
3 7506 7518 7495
3 7495 7518 7507
3 7507 7519 7508
3 7508 7519 7520
3 7508 7520 7509
3 7509 7520 7521
3 7509 7521 7510
3 7510 7521 7522
3 7510 7522 7511
3 7511 7522 7523
3 7511 7523 7512
3 7512 7523 7524
3 7512 7524 7513
3 7513 7524 7525
3 7513 7525 7514
3 7514 7525 7526
3 7514 7526 7515
3 7515 7526 7527
3 7515 7527 7516
3 7516 7527 7528
3 7516 7528 7517
3 7517 7528 7529
3 7517 7529 7518
3 7518 7529 7530
3 7518 7530 7507
3 7507 7530 7519
3 7519 7531 7520
3 7520 7531 7532
3 7520 7532 7521
3 7521 7532 7533
3 7521 7533 7522
3 7522 7533 7534
3 7522 7534 7523
3 7523 7534 7535
3 7523 7535 7524
3 7524 7535 7536
3 7524 7536 7525
3 7525 7536 7537
3 7525 7537 7526
3 7526 7537 7538
3 7526 7538 7527
3 7527 7538 7539
3 7527 7539 7528
3 7528 7539 7540
3 7528 7540 7529
3 7529 7540 7541
3 7529 7541 7530
3 7530 7541 7542
3 7530 7542 7519
3 7519 7542 7531
3 7531 7543 7532
3 7532 7543 7544
3 7532 7544 7533
3 7533 7544 7545
3 7533 7545 7534
3 7534 7545 7546
3 7534 7546 7535
3 7535 7546 7547
3 7535 7547 7536
3 7536 7547 7548
3 7536 7548 7537
3 7537 7548 7549
3 7537 7549 7538
3 7538 7549 7550
3 7538 7550 7539
3 7539 7550 7551
3 7539 7551 7540
3 7540 7551 7552
3 7540 7552 7541
3 7541 7552 7553
3 7541 7553 7542
3 7542 7553 7554
3 7542 7554 7531
3 7531 7554 7543
3 7543 7555 7544
3 7544 7555 7556
3 7544 7556 7545
3 7545 7556 7557
3 7545 7557 7546
3 7546 7557 7558
3 7546 7558 7547
3 7547 7558 7559
3 7547 7559 7548
3 7548 7559 7560
3 7548 7560 7549
3 7549 7560 7561
3 7549 7561 7550
3 7550 7561 7562
3 7550 7562 7551
3 7551 7562 7563
3 7551 7563 7552
3 7552 7563 7564
3 7552 7564 7553
3 7553 7564 7565
3 7553 7565 7554
3 7554 7565 7566
3 7554 7566 7543
3 7543 7566 7555
3 7567 7556 7555
3 7567 7557 7556
3 7567 7558 7557
3 7567 7559 7558
3 7567 7560 7559
3 7567 7561 7560
3 7567 7562 7561
3 7567 7563 7562
3 7567 7564 7563
3 7567 7565 7564
3 7567 7566 7565
3 7567 7555 7566
3 7568 7569 7570
3 7568 7570 7571
3 7568 7571 7572
3 7568 7572 7573
3 7568 7573 7574
3 7568 7574 7575
3 7568 7575 7576
3 7568 7576 7577
3 7568 7577 7578
3 7568 7578 7579
3 7568 7579 7580
3 7568 7580 7569
3 7569 7581 7570
3 7570 7581 7582
3 7570 7582 7571
3 7571 7582 7583
3 7571 7583 7572
3 7572 7583 7584
3 7572 7584 7573
3 7573 7584 7585
3 7573 7585 7574
3 7574 7585 7586
3 7574 7586 7575
3 7575 7586 7587
3 7575 7587 7576
3 7576 7587 7588
3 7576 7588 7577
3 7577 7588 7589
3 7577 7589 7578
3 7578 7589 7590
3 7578 7590 7579
3 7579 7590 7591
3 7579 7591 7580
3 7580 7591 7592
3 7580 7592 7569
3 7569 7592 7581
3 7581 7593 7582
3 7582 7593 7594
3 7582 7594 7583
3 7583 7594 7595
3 7583 7595 7584
3 7584 7595 7596
3 7584 7596 7585
3 7585 7596 7597
3 7585 7597 7586
3 7586 7597 7598
3 7586 7598 7587
3 7587 7598 7599
3 7587 7599 7588
3 7588 7599 7600
3 7588 7600 7589
3 7589 7600 7601
3 7589 7601 7590
3 7590 7601 7602
3 7590 7602 7591
3 7591 7602 7603
3 7591 7603 7592
3 7592 7603 7604
3 7592 7604 7581
3 7581 7604 7593
3 7593 7605 7594
3 7594 7605 7606
3 7594 7606 7595
3 7595 7606 7607
3 7595 7607 7596
3 7596 7607 7608
3 7596 7608 7597
3 7597 7608 7609
3 7597 7609 7598
3 7598 7609 7610
3 7598 7610 7599
3 7599 7610 7611
3 7599 7611 7600
3 7600 7611 7612
3 7600 7612 7601
3 7601 7612 7613
3 7601 7613 7602
3 7602 7613 7614
3 7602 7614 7603
3 7603 7614 7615
3 7603 7615 7604
3 7604 7615 7616
3 7604 7616 7593
3 7593 7616 7605
3 7605 7617 7606
3 7606 7617 7618
3 7606 7618 7607
3 7607 7618 7619
3 7607 7619 7608
3 7608 7619 7620
3 7608 7620 7609
3 7609 7620 7621
3 7609 7621 7610
3 7610 7621 7622
3 7610 7622 7611
3 7611 7622 7623
3 7611 7623 7612
3 7612 7623 7624
3 7612 7624 7613
3 7613 7624 7625
3 7613 7625 7614
3 7614 7625 7626
3 7614 7626 7615
3 7615 7626 7627
3 7615 7627 7616
3 7616 7627 7628
3 7616 7628 7605
3 7605 7628 7617
3 7617 7629 7618
3 7618 7629 7630
3 7618 7630 7619
3 7619 7630 7631
3 7619 7631 7620
3 7620 7631 7632
3 7620 7632 7621
3 7621 7632 7633
3 7621 7633 7622
3 7622 7633 7634
3 7622 7634 7623
3 7623 7634 7635
3 7623 7635 7624
3 7624 7635 7636
3 7624 7636 7625
3 7625 7636 7637
3 7625 7637 7626
3 7626 7637 7638
3 7626 7638 7627
3 7627 7638 7639
3 7627 7639 7628
3 7628 7639 7640
3 7628 7640 7617
3 7617 7640 7629
3 7629 7641 7630
3 7630 7641 7642
3 7630 7642 7631
3 7631 7642 7643
3 7631 7643 7632
3 7632 7643 7644
3 7632 7644 7633
3 7633 7644 7645
3 7633 7645 7634
3 7634 7645 7646
3 7634 7646 7635
3 7635 7646 7647
3 7635 7647 7636
3 7636 7647 7648
3 7636 7648 7637
3 7637 7648 7649
3 7637 7649 7638
3 7638 7649 7650
3 7638 7650 7639
3 7639 7650 7651
3 7639 7651 7640
3 7640 7651 7652
3 7640 7652 7629
3 7629 7652 7641
3 7653 7642 7641
3 7653 7643 7642
3 7653 7644 7643
3 7653 7645 7644
3 7653 7646 7645
3 7653 7647 7646
3 7653 7648 7647
3 7653 7649 7648
3 7653 7650 7649
3 7653 7651 7650
3 7653 7652 7651
3 7653 7641 7652
