ply
format ascii 1.0
element vertex 7052
property float x
property float y
property float z
element face 13776
property list uchar int vertex_indices
end_header
6.311866 14.422013 -97.438004
6.694550 14.422013 -97.514124
6.643280 14.613355 -97.514124
6.503208 14.753427 -97.514124
6.311866 14.804697 -97.514124
6.120525 14.753427 -97.514124
5.980453 14.613355 -97.514124
5.929183 14.422013 -97.514124
5.980453 14.230672 -97.514124
6.120525 14.090600 -97.514124
6.311866 14.039330 -97.514124
6.503208 14.090600 -97.514124
6.643280 14.230672 -97.514124
7.018973 14.422013 -97.730897
6.924239 14.775567 -97.730897
6.665420 15.034386 -97.730897
6.311866 15.129120 -97.730897
5.958313 15.034386 -97.730897
5.699494 14.775567 -97.730897
5.604760 14.422013 -97.730897
5.699494 14.068460 -97.730897
5.958313 13.809641 -97.730897
6.311866 13.714907 -97.730897
6.665420 13.809641 -97.730897
6.924239 14.068460 -97.730897
7.235746 14.422013 -98.055320
7.111969 14.883953 -98.055320
6.773806 15.222116 -98.055320
6.311866 15.345893 -98.055320
5.849927 15.222116 -98.055320
5.511763 14.883953 -98.055320
5.387987 14.422013 -98.055320
5.511763 13.960074 -98.055320
5.849927 13.621910 -98.055320
6.311866 13.498134 -98.055320
6.773806 13.621910 -98.055320
7.111969 13.960074 -98.055320
7.311866 14.422013 -98.438004
7.177892 14.922013 -98.438004
6.811866 15.288039 -98.438004
6.311866 15.422013 -98.438004
5.811866 15.288039 -98.438004
5.445841 14.922013 -98.438004
5.311866 14.422013 -98.438004
5.445841 13.922013 -98.438004
5.811866 13.555988 -98.438004
6.311866 13.422013 -98.438004
6.811866 13.555988 -98.438004
7.177892 13.922013 -98.438004
7.235746 14.422013 -98.820687
7.111969 14.883953 -98.820687
6.773806 15.222116 -98.820687
6.311866 15.345893 -98.820687
5.849927 15.222116 -98.820687
5.511763 14.883953 -98.820687
5.387987 14.422013 -98.820687
5.511763 13.960074 -98.820687
5.849927 13.621910 -98.820687
6.311866 13.498134 -98.820687
6.773806 13.621910 -98.820687
7.111969 13.960074 -98.820687
7.018973 14.422013 -99.145110
6.924239 14.775567 -99.145110
6.665420 15.034386 -99.145110
6.311866 15.129120 -99.145110
5.958313 15.034386 -99.145110
5.699494 14.775567 -99.145110
5.604760 14.422013 -99.145110
5.699494 14.068460 -99.145110
5.958313 13.809641 -99.145110
6.311866 13.714907 -99.145110
6.665420 13.809641 -99.145110
6.924239 14.068460 -99.145110
6.694550 14.422013 -99.361883
6.643280 14.613355 -99.361883
6.503208 14.753427 -99.361883
6.311866 14.804697 -99.361883
6.120525 14.753427 -99.361883
5.980453 14.613355 -99.361883
5.929183 14.422013 -99.361883
5.980453 14.230672 -99.361883
6.120525 14.090600 -99.361883
6.311866 14.039330 -99.361883
6.503208 14.090600 -99.361883
6.643280 14.230672 -99.361883
6.311866 14.422013 -99.438004
9.474551 16.716255 -99.099449
9.857235 16.716255 -99.175570
9.805965 16.907597 -99.175570
9.665893 17.047669 -99.175570
9.474551 17.098939 -99.175570
9.283209 17.047669 -99.175570
9.143138 16.907597 -99.175570
9.091868 16.716255 -99.175570
9.143138 16.524913 -99.175570
9.283209 16.384842 -99.175570
9.474551 16.333572 -99.175570
9.665893 16.384842 -99.175570
9.805965 16.524913 -99.175570
10.181658 16.716255 -99.392342
10.086924 17.069809 -99.392342
9.828105 17.328628 -99.392342
9.474551 17.423362 -99.392342
9.120998 17.328628 -99.392342
8.862179 17.069809 -99.392342
8.767444 16.716255 -99.392342
8.862179 16.362702 -99.392342
9.120998 16.103883 -99.392342
9.474551 16.009148 -99.392342
9.828105 16.103883 -99.392342
10.086924 16.362702 -99.392342
10.398431 16.716255 -99.716766
10.274654 17.178195 -99.716766
9.936491 17.516358 -99.716766
9.474551 17.640135 -99.716766
9.012611 17.516358 -99.716766
8.674448 17.178195 -99.716766
8.550672 16.716255 -99.716766
8.674448 16.254315 -99.716766
9.012611 15.916152 -99.716766
9.474551 15.792376 -99.716766
9.936491 15.916152 -99.716766
10.274654 16.254315 -99.716766
10.474551 16.716255 -100.099449
10.340577 17.216255 -100.099449
9.974551 17.582281 -100.099449
9.474551 17.716255 -100.099449
8.974551 17.582281 -100.099449
8.608526 17.216255 -100.099449
8.474551 16.716255 -100.099449
8.608526 16.216255 -100.099449
8.974551 15.850230 -100.099449
9.474551 15.716255 -100.099449
9.974551 15.850230 -100.099449
10.340577 16.216255 -100.099449
10.398431 16.716255 -100.482133
10.274654 17.178195 -100.482133
9.936491 17.516358 -100.482133
9.474551 17.640135 -100.482133
9.012611 17.516358 -100.482133
8.674448 17.178195 -100.482133
8.550672 16.716255 -100.482133
8.674448 16.254315 -100.482133
9.012611 15.916152 -100.482133
9.474551 15.792376 -100.482133
9.936491 15.916152 -100.482133
10.274654 16.254315 -100.482133
10.181658 16.716255 -100.806556
10.086924 17.069809 -100.806556
9.828105 17.328628 -100.806556
9.474551 17.423362 -100.806556
9.120998 17.328628 -100.806556
8.862179 17.069809 -100.806556
8.767444 16.716255 -100.806556
8.862179 16.362702 -100.806556
9.120998 16.103883 -100.806556
9.474551 16.009148 -100.806556
9.828105 16.103883 -100.806556
10.086924 16.362702 -100.806556
9.857235 16.716255 -101.023329
9.805965 16.907597 -101.023329
9.665893 17.047669 -101.023329
9.474551 17.098939 -101.023329
9.283209 17.047669 -101.023329
9.143138 16.907597 -101.023329
9.091868 16.716255 -101.023329
9.143138 16.524913 -101.023329
9.283209 16.384842 -101.023329
9.474551 16.333572 -101.023329
9.665893 16.384842 -101.023329
9.805965 16.524913 -101.023329
9.474551 16.716255 -101.099449
11.842919 18.209551 -98.528397
12.225603 18.209551 -98.604517
12.174333 18.400893 -98.604517
12.034261 18.540964 -98.604517
11.842919 18.592234 -98.604517
11.651578 18.540964 -98.604517
11.511506 18.400893 -98.604517
11.460236 18.209551 -98.604517
11.511506 18.018209 -98.604517
11.651578 17.878137 -98.604517
11.842919 17.826867 -98.604517
12.034261 17.878137 -98.604517
12.174333 18.018209 -98.604517
12.550026 18.209551 -98.821290
12.455292 18.563104 -98.821290
12.196473 18.821923 -98.821290
11.842919 18.916658 -98.821290
11.489366 18.821923 -98.821290
11.230547 18.563104 -98.821290
11.135813 18.209551 -98.821290
11.230547 17.855997 -98.821290
11.489366 17.597178 -98.821290
11.842919 17.502444 -98.821290
12.196473 17.597178 -98.821290
12.455292 17.855997 -98.821290
12.766799 18.209551 -99.145713
12.643022 18.671491 -99.145713
12.304859 19.009654 -99.145713
11.842919 19.133430 -99.145713
11.380980 19.009654 -99.145713
11.042816 18.671491 -99.145713
10.919040 18.209551 -99.145713
11.042816 17.747611 -99.145713
11.380980 17.409448 -99.145713
11.842919 17.285671 -99.145713
12.304859 17.409448 -99.145713
12.643022 17.747611 -99.145713
12.842919 18.209551 -99.528397
12.708945 18.709551 -99.528397
12.342919 19.075576 -99.528397
11.842919 19.209551 -99.528397
11.342919 19.075576 -99.528397
10.976894 18.709551 -99.528397
10.842919 18.209551 -99.528397
10.976894 17.709551 -99.528397
11.342919 17.343525 -99.528397
11.842919 17.209551 -99.528397
12.342919 17.343525 -99.528397
12.708945 17.709551 -99.528397
12.766799 18.209551 -99.911080
12.643022 18.671491 -99.911080
12.304859 19.009654 -99.911080
11.842919 19.133430 -99.911080
11.380980 19.009654 -99.911080
11.042816 18.671491 -99.911080
10.919040 18.209551 -99.911080
11.042816 17.747611 -99.911080
11.380980 17.409448 -99.911080
11.842919 17.285671 -99.911080
12.304859 17.409448 -99.911080
12.643022 17.747611 -99.911080
12.550026 18.209551 -100.235503
12.455292 18.563104 -100.235503
12.196473 18.821923 -100.235503
11.842919 18.916658 -100.235503
11.489366 18.821923 -100.235503
11.230547 18.563104 -100.235503
11.135813 18.209551 -100.235503
11.230547 17.855997 -100.235503
11.489366 17.597178 -100.235503
11.842919 17.502444 -100.235503
12.196473 17.597178 -100.235503
12.455292 17.855997 -100.235503
12.225603 18.209551 -100.452276
12.174333 18.400893 -100.452276
12.034261 18.540964 -100.452276
11.842919 18.592234 -100.452276
11.651578 18.540964 -100.452276
11.511506 18.400893 -100.452276
11.460236 18.209551 -100.452276
11.511506 18.018209 -100.452276
11.651578 17.878137 -100.452276
11.842919 17.826867 -100.452276
12.034261 17.878137 -100.452276
12.174333 18.018209 -100.452276
11.842919 18.209551 -100.528397
13.614987 22.638985 -96.636818
13.997671 22.638985 -96.712938
13.946401 22.830326 -96.712938
13.806329 22.970398 -96.712938
13.614987 23.021668 -96.712938
13.423646 22.970398 -96.712938
13.283574 22.830326 -96.712938
13.232304 22.638985 -96.712938
13.283574 22.447643 -96.712938
13.423646 22.307571 -96.712938
13.614987 22.256301 -96.712938
13.806329 22.307571 -96.712938
13.946401 22.447643 -96.712938
14.322094 22.638985 -96.929711
14.227360 22.992538 -96.929711
13.968541 23.251357 -96.929711
13.614987 23.346091 -96.929711
13.261434 23.251357 -96.929711
13.002615 22.992538 -96.929711
12.907881 22.638985 -96.929711
13.002615 22.285431 -96.929711
13.261434 22.026612 -96.929711
13.614987 21.931878 -96.929711
13.968541 22.026612 -96.929711
14.227360 22.285431 -96.929711
14.538867 22.638985 -97.254134
14.415091 23.100924 -97.254134
14.076927 23.439088 -97.254134
13.614987 23.562864 -97.254134
13.153048 23.439088 -97.254134
12.814884 23.100924 -97.254134
12.691108 22.638985 -97.254134
12.814884 22.177045 -97.254134
13.153048 21.838882 -97.254134
13.614987 21.715105 -97.254134
14.076927 21.838882 -97.254134
14.415091 22.177045 -97.254134
14.614987 22.638985 -97.636818
14.481013 23.138985 -97.636818
14.114987 23.505010 -97.636818
13.614987 23.638985 -97.636818
13.114987 23.505010 -97.636818
12.748962 23.138985 -97.636818
12.614987 22.638985 -97.636818
12.748962 22.138985 -97.636818
13.114987 21.772959 -97.636818
13.614987 21.638985 -97.636818
14.114987 21.772959 -97.636818
14.481013 22.138985 -97.636818
14.538867 22.638985 -98.019501
14.415091 23.100924 -98.019501
14.076927 23.439088 -98.019501
13.614987 23.562864 -98.019501
13.153048 23.439088 -98.019501
12.814884 23.100924 -98.019501
12.691108 22.638985 -98.019501
12.814884 22.177045 -98.019501
13.153048 21.838882 -98.019501
13.614987 21.715105 -98.019501
14.076927 21.838882 -98.019501
14.415091 22.177045 -98.019501
14.322094 22.638985 -98.343925
14.227360 22.992538 -98.343925
13.968541 23.251357 -98.343925
13.614987 23.346091 -98.343925
13.261434 23.251357 -98.343925
13.002615 22.992538 -98.343925
12.907881 22.638985 -98.343925
13.002615 22.285431 -98.343925
13.261434 22.026612 -98.343925
13.614987 21.931878 -98.343925
13.968541 22.026612 -98.343925
14.227360 22.285431 -98.343925
13.997671 22.638985 -98.560697
13.946401 22.830326 -98.560697
13.806329 22.970398 -98.560697
13.614987 23.021668 -98.560697
13.423646 22.970398 -98.560697
13.283574 22.830326 -98.560697
13.232304 22.638985 -98.560697
13.283574 22.447643 -98.560697
13.423646 22.307571 -98.560697
13.614987 22.256301 -98.560697
13.806329 22.307571 -98.560697
13.946401 22.447643 -98.560697
13.614987 22.638985 -98.636818
15.981915 27.636528 -91.038261
16.364599 27.636528 -91.114382
16.313329 27.827870 -91.114382
16.173257 27.967942 -91.114382
15.981915 28.019211 -91.114382
15.790574 27.967942 -91.114382
15.650502 27.827870 -91.114382
15.599232 27.636528 -91.114382
15.650502 27.445186 -91.114382
15.790574 27.305114 -91.114382
15.981915 27.253845 -91.114382
16.173257 27.305114 -91.114382
16.313329 27.445186 -91.114382
16.689022 27.636528 -91.331155
16.594288 27.990081 -91.331155
16.335469 28.248900 -91.331155
15.981915 28.343635 -91.331155
15.628362 28.248900 -91.331155
15.369543 27.990081 -91.331155
15.274809 27.636528 -91.331155
15.369543 27.282975 -91.331155
15.628362 27.024156 -91.331155
15.981915 26.929421 -91.331155
16.335469 27.024156 -91.331155
16.594288 27.282975 -91.331155
16.905795 27.636528 -91.655578
16.782019 28.098468 -91.655578
16.443855 28.436631 -91.655578
15.981915 28.560408 -91.655578
15.519976 28.436631 -91.655578
15.181812 28.098468 -91.655578
15.058036 27.636528 -91.655578
15.181812 27.174588 -91.655578
15.519976 26.836425 -91.655578
15.981915 26.712648 -91.655578
16.443855 26.836425 -91.655578
16.782019 27.174588 -91.655578
16.981915 27.636528 -92.038261
16.847941 28.136528 -92.038261
16.481915 28.502553 -92.038261
15.981915 28.636528 -92.038261
15.481915 28.502553 -92.038261
15.115890 28.136528 -92.038261
14.981915 27.636528 -92.038261
15.115890 27.136528 -92.038261
15.481915 26.770503 -92.038261
15.981915 26.636528 -92.038261
16.481915 26.770503 -92.038261
16.847941 27.136528 -92.038261
16.905795 27.636528 -92.420945
16.782019 28.098468 -92.420945
16.443855 28.436631 -92.420945
15.981915 28.560408 -92.420945
15.519976 28.436631 -92.420945
15.181812 28.098468 -92.420945
15.058036 27.636528 -92.420945
15.181812 27.174588 -92.420945
15.519976 26.836425 -92.420945
15.981915 26.712648 -92.420945
16.443855 26.836425 -92.420945
16.782019 27.174588 -92.420945
16.689022 27.636528 -92.745368
16.594288 27.990081 -92.745368
16.335469 28.248900 -92.745368
15.981915 28.343635 -92.745368
15.628362 28.248900 -92.745368
15.369543 27.990081 -92.745368
15.274809 27.636528 -92.745368
15.369543 27.282975 -92.745368
15.628362 27.024156 -92.745368
15.981915 26.929421 -92.745368
16.335469 27.024156 -92.745368
16.594288 27.282975 -92.745368
16.364599 27.636528 -92.962141
16.313329 27.827870 -92.962141
16.173257 27.967942 -92.962141
15.981915 28.019211 -92.962141
15.790574 27.967942 -92.962141
15.650502 27.827870 -92.962141
15.599232 27.636528 -92.962141
15.650502 27.445186 -92.962141
15.790574 27.305114 -92.962141
15.981915 27.253845 -92.962141
16.173257 27.305114 -92.962141
16.313329 27.445186 -92.962141
15.981915 27.636528 -93.038261
17.239590 32.627850 -88.930359
17.622273 32.627850 -89.006479
17.571003 32.819191 -89.006479
17.430931 32.959263 -89.006479
17.239590 33.010533 -89.006479
17.048248 32.959263 -89.006479
16.908176 32.819191 -89.006479
16.856906 32.627850 -89.006479
16.908176 32.436508 -89.006479
17.048248 32.296436 -89.006479
17.239590 32.245166 -89.006479
17.430931 32.296436 -89.006479
17.571003 32.436508 -89.006479
17.946696 32.627850 -89.223252
17.851962 32.981403 -89.223252
17.593143 33.240222 -89.223252
17.239590 33.334956 -89.223252
16.886036 33.240222 -89.223252
16.627217 32.981403 -89.223252
16.532483 32.627850 -89.223252
16.627217 32.274296 -89.223252
16.886036 32.015477 -89.223252
17.239590 31.920743 -89.223252
17.593143 32.015477 -89.223252
17.851962 32.274296 -89.223252
18.163469 32.627850 -89.547675
18.039693 33.089789 -89.547675
17.701529 33.427953 -89.547675
17.239590 33.551729 -89.547675
16.777650 33.427953 -89.547675
16.439487 33.089789 -89.547675
16.315710 32.627850 -89.547675
16.439487 32.165910 -89.547675
16.777650 31.827746 -89.547675
17.239590 31.703970 -89.547675
17.701529 31.827746 -89.547675
18.039693 32.165910 -89.547675
18.239590 32.627850 -89.930359
18.105615 33.127850 -89.930359
17.739590 33.493875 -89.930359
17.239590 33.627850 -89.930359
16.739590 33.493875 -89.930359
16.373564 33.127850 -89.930359
16.239590 32.627850 -89.930359
16.373564 32.127850 -89.930359
16.739590 31.761824 -89.930359
17.239590 31.627850 -89.930359
17.739590 31.761824 -89.930359
18.105615 32.127850 -89.930359
18.163469 32.627850 -90.313042
18.039693 33.089789 -90.313042
17.701529 33.427953 -90.313042
17.239590 33.551729 -90.313042
16.777650 33.427953 -90.313042
16.439487 33.089789 -90.313042
16.315710 32.627850 -90.313042
16.439487 32.165910 -90.313042
16.777650 31.827746 -90.313042
17.239590 31.703970 -90.313042
17.701529 31.827746 -90.313042
18.039693 32.165910 -90.313042
17.946696 32.627850 -90.637466
17.851962 32.981403 -90.637466
17.593143 33.240222 -90.637466
17.239590 33.334956 -90.637466
16.886036 33.240222 -90.637466
16.627217 32.981403 -90.637466
16.532483 32.627850 -90.637466
16.627217 32.274296 -90.637466
16.886036 32.015477 -90.637466
17.239590 31.920743 -90.637466
17.593143 32.015477 -90.637466
17.851962 32.274296 -90.637466
17.622273 32.627850 -90.854238
17.571003 32.819191 -90.854238
17.430931 32.959263 -90.854238
17.239590 33.010533 -90.854238
17.048248 32.959263 -90.854238
16.908176 32.819191 -90.854238
16.856906 32.627850 -90.854238
16.908176 32.436508 -90.854238
17.048248 32.296436 -90.854238
17.239590 32.245166 -90.854238
17.430931 32.296436 -90.854238
17.571003 32.436508 -90.854238
17.239590 32.627850 -90.930359
18.056496 36.449486 -86.772690
18.439179 36.449486 -86.848810
18.387909 36.640827 -86.848810
18.247837 36.780899 -86.848810
18.056496 36.832169 -86.848810
17.865154 36.780899 -86.848810
17.725082 36.640827 -86.848810
17.673812 36.449486 -86.848810
17.725082 36.258144 -86.848810
17.865154 36.118072 -86.848810
18.056496 36.066802 -86.848810
18.247837 36.118072 -86.848810
18.387909 36.258144 -86.848810
18.763602 36.449486 -87.065583
18.668868 36.803039 -87.065583
18.410049 37.061858 -87.065583
18.056496 37.156593 -87.065583
17.702942 37.061858 -87.065583
17.444123 36.803039 -87.065583
17.349389 36.449486 -87.065583
17.444123 36.095932 -87.065583
17.702942 35.837113 -87.065583
18.056496 35.742379 -87.065583
18.410049 35.837113 -87.065583
18.668868 36.095932 -87.065583
18.980375 36.449486 -87.390006
18.856599 36.911426 -87.390006
18.518435 37.249589 -87.390006
18.056496 37.373365 -87.390006
17.594556 37.249589 -87.390006
17.256393 36.911426 -87.390006
17.132616 36.449486 -87.390006
17.256393 35.987546 -87.390006
17.594556 35.649383 -87.390006
18.056496 35.525606 -87.390006
18.518435 35.649383 -87.390006
18.856599 35.987546 -87.390006
19.056496 36.449486 -87.772690
18.922521 36.949486 -87.772690
18.556496 37.315511 -87.772690
18.056496 37.449486 -87.772690
17.556496 37.315511 -87.772690
17.190470 36.949486 -87.772690
17.056496 36.449486 -87.772690
17.190470 35.949486 -87.772690
17.556496 35.583460 -87.772690
18.056496 35.449486 -87.772690
18.556496 35.583460 -87.772690
18.922521 35.949486 -87.772690
18.980375 36.449486 -88.155373
18.856599 36.911426 -88.155373
18.518435 37.249589 -88.155373
18.056496 37.373365 -88.155373
17.594556 37.249589 -88.155373
17.256393 36.911426 -88.155373
17.132616 36.449486 -88.155373
17.256393 35.987546 -88.155373
17.594556 35.649383 -88.155373
18.056496 35.525606 -88.155373
18.518435 35.649383 -88.155373
18.856599 35.987546 -88.155373
18.763602 36.449486 -88.479797
18.668868 36.803039 -88.479797
18.410049 37.061858 -88.479797
18.056496 37.156593 -88.479797
17.702942 37.061858 -88.479797
17.444123 36.803039 -88.479797
17.349389 36.449486 -88.479797
17.444123 36.095932 -88.479797
17.702942 35.837113 -88.479797
18.056496 35.742379 -88.479797
18.410049 35.837113 -88.479797
18.668868 36.095932 -88.479797
18.439179 36.449486 -88.696569
18.387909 36.640827 -88.696569
18.247837 36.780899 -88.696569
18.056496 36.832169 -88.696569
17.865154 36.780899 -88.696569
17.725082 36.640827 -88.696569
17.673812 36.449486 -88.696569
17.725082 36.258144 -88.696569
17.865154 36.118072 -88.696569
18.056496 36.066802 -88.696569
18.247837 36.118072 -88.696569
18.387909 36.258144 -88.696569
18.056496 36.449486 -88.772690
16.786242 41.933331 -83.797485
17.168925 41.933331 -83.873606
17.117655 42.124672 -83.873606
16.977583 42.264744 -83.873606
16.786242 42.316014 -83.873606
16.594900 42.264744 -83.873606
16.454828 42.124672 -83.873606
16.403558 41.933331 -83.873606
16.454828 41.741989 -83.873606
16.594900 41.601917 -83.873606
16.786242 41.550647 -83.873606
16.977583 41.601917 -83.873606
17.117655 41.741989 -83.873606
17.493348 41.933331 -84.090379
17.398614 42.286884 -84.090379
17.139795 42.545703 -84.090379
16.786242 42.640437 -84.090379
16.432688 42.545703 -84.090379
16.173869 42.286884 -84.090379
16.079135 41.933331 -84.090379
16.173869 41.579777 -84.090379
16.432688 41.320958 -84.090379
16.786242 41.226224 -84.090379
17.139795 41.320958 -84.090379
17.398614 41.579777 -84.090379
17.710121 41.933331 -84.414802
17.586345 42.395270 -84.414802
17.248181 42.733434 -84.414802
16.786242 42.857210 -84.414802
16.324302 42.733434 -84.414802
15.986138 42.395270 -84.414802
15.862362 41.933331 -84.414802
15.986138 41.471391 -84.414802
16.324302 41.133227 -84.414802
16.786242 41.009451 -84.414802
17.248181 41.133227 -84.414802
17.586345 41.471391 -84.414802
17.786242 41.933331 -84.797485
17.652267 42.433331 -84.797485
17.286242 42.799356 -84.797485
16.786242 42.933331 -84.797485
16.286242 42.799356 -84.797485
15.920216 42.433331 -84.797485
15.786242 41.933331 -84.797485
15.920216 41.433331 -84.797485
16.286242 41.067305 -84.797485
16.786242 40.933331 -84.797485
17.286242 41.067305 -84.797485
17.652267 41.433331 -84.797485
17.710121 41.933331 -85.180169
17.586345 42.395270 -85.180169
17.248181 42.733434 -85.180169
16.786242 42.857210 -85.180169
16.324302 42.733434 -85.180169
15.986138 42.395270 -85.180169
15.862362 41.933331 -85.180169
15.986138 41.471391 -85.180169
16.324302 41.133227 -85.180169
16.786242 41.009451 -85.180169
17.248181 41.133227 -85.180169
17.586345 41.471391 -85.180169
17.493348 41.933331 -85.504592
17.398614 42.286884 -85.504592
17.139795 42.545703 -85.504592
16.786242 42.640437 -85.504592
16.432688 42.545703 -85.504592
16.173869 42.286884 -85.504592
16.079135 41.933331 -85.504592
16.173869 41.579777 -85.504592
16.432688 41.320958 -85.504592
16.786242 41.226224 -85.504592
17.139795 41.320958 -85.504592
17.398614 41.579777 -85.504592
17.168925 41.933331 -85.721365
17.117655 42.124672 -85.721365
16.977583 42.264744 -85.721365
16.786242 42.316014 -85.721365
16.594900 42.264744 -85.721365
16.454828 42.124672 -85.721365
16.403558 41.933331 -85.721365
16.454828 41.741989 -85.721365
16.594900 41.601917 -85.721365
16.786242 41.550647 -85.721365
16.977583 41.601917 -85.721365
17.117655 41.741989 -85.721365
16.786242 41.933331 -85.797485
13.629177 45.818687 -81.276825
14.011861 45.818687 -81.352945
13.960591 46.010029 -81.352945
13.820519 46.150101 -81.352945
13.629177 46.201371 -81.352945
13.437835 46.150101 -81.352945
13.297764 46.010029 -81.352945
13.246494 45.818687 -81.352945
13.297764 45.627346 -81.352945
13.437835 45.487274 -81.352945
13.629177 45.436004 -81.352945
13.820519 45.487274 -81.352945
13.960591 45.627346 -81.352945
14.336284 45.818687 -81.569718
14.241550 46.172241 -81.569718
13.982730 46.431060 -81.569718
13.629177 46.525794 -81.569718
13.275624 46.431060 -81.569718
13.016805 46.172241 -81.569718
12.922070 45.818687 -81.569718
13.016805 45.465134 -81.569718
13.275624 45.206315 -81.569718
13.629177 45.111581 -81.569718
13.982730 45.206315 -81.569718
14.241550 45.465134 -81.569718
14.553057 45.818687 -81.894142
14.429280 46.280627 -81.894142
14.091117 46.618791 -81.894142
13.629177 46.742567 -81.894142
13.167237 46.618791 -81.894142
12.829074 46.280627 -81.894142
12.705298 45.818687 -81.894142
12.829074 45.356748 -81.894142
13.167237 45.018584 -81.894142
13.629177 44.894808 -81.894142
14.091117 45.018584 -81.894142
14.429280 45.356748 -81.894142
14.629177 45.818687 -82.276825
14.495202 46.318687 -82.276825
14.129177 46.684713 -82.276825
13.629177 46.818687 -82.276825
13.129177 46.684713 -82.276825
12.763152 46.318687 -82.276825
12.629177 45.818687 -82.276825
12.763152 45.318687 -82.276825
13.129177 44.952662 -82.276825
13.629177 44.818687 -82.276825
14.129177 44.952662 -82.276825
14.495202 45.318687 -82.276825
14.553057 45.818687 -82.659508
14.429280 46.280627 -82.659508
14.091117 46.618791 -82.659508
13.629177 46.742567 -82.659508
13.167237 46.618791 -82.659508
12.829074 46.280627 -82.659508
12.705298 45.818687 -82.659508
12.829074 45.356748 -82.659508
13.167237 45.018584 -82.659508
13.629177 44.894808 -82.659508
14.091117 45.018584 -82.659508
14.429280 45.356748 -82.659508
14.336284 45.818687 -82.983932
14.241550 46.172241 -82.983932
13.982730 46.431060 -82.983932
13.629177 46.525794 -82.983932
13.275624 46.431060 -82.983932
13.016805 46.172241 -82.983932
12.922070 45.818687 -82.983932
13.016805 45.465134 -82.983932
13.275624 45.206315 -82.983932
13.629177 45.111581 -82.983932
13.982730 45.206315 -82.983932
14.241550 45.465134 -82.983932
14.011861 45.818687 -83.200704
13.960591 46.010029 -83.200704
13.820519 46.150101 -83.200704
13.629177 46.201371 -83.200704
13.437835 46.150101 -83.200704
13.297764 46.010029 -83.200704
13.246494 45.818687 -83.200704
13.297764 45.627346 -83.200704
13.437835 45.487274 -83.200704
13.629177 45.436004 -83.200704
13.820519 45.487274 -83.200704
13.960591 45.627346 -83.200704
13.629177 45.818687 -83.276825
9.752241 48.473938 -80.811821
10.134925 48.473938 -80.887941
10.083655 48.665280 -80.887941
9.943583 48.805352 -80.887941
9.752241 48.856621 -80.887941
9.560899 48.805352 -80.887941
9.420828 48.665280 -80.887941
9.369558 48.473938 -80.887941
9.420828 48.282596 -80.887941
9.560899 48.142524 -80.887941
9.752241 48.091255 -80.887941
9.943583 48.142524 -80.887941
10.083655 48.282596 -80.887941
10.459348 48.473938 -81.104714
10.364614 48.827491 -81.104714
10.105795 49.086310 -81.104714
9.752241 49.181045 -81.104714
9.398688 49.086310 -81.104714
9.139869 48.827491 -81.104714
9.045134 48.473938 -81.104714
9.139869 48.120385 -81.104714
9.398688 47.861566 -81.104714
9.752241 47.766831 -81.104714
10.105795 47.861566 -81.104714
10.364614 48.120385 -81.104714
10.676121 48.473938 -81.429138
10.552344 48.935878 -81.429138
10.214181 49.274041 -81.429138
9.752241 49.397818 -81.429138
9.290301 49.274041 -81.429138
8.952138 48.935878 -81.429138
8.828362 48.473938 -81.429138
8.952138 48.011998 -81.429138
9.290301 47.673835 -81.429138
9.752241 47.550058 -81.429138
10.214181 47.673835 -81.429138
10.552344 48.011998 -81.429138
10.752241 48.473938 -81.811821
10.618267 48.973938 -81.811821
10.252241 49.339963 -81.811821
9.752241 49.473938 -81.811821
9.252241 49.339963 -81.811821
8.886216 48.973938 -81.811821
8.752241 48.473938 -81.811821
8.886216 47.973938 -81.811821
9.252241 47.607913 -81.811821
9.752241 47.473938 -81.811821
10.252241 47.607913 -81.811821
10.618267 47.973938 -81.811821
10.676121 48.473938 -82.194504
10.552344 48.935878 -82.194504
10.214181 49.274041 -82.194504
9.752241 49.397818 -82.194504
9.290301 49.274041 -82.194504
8.952138 48.935878 -82.194504
8.828362 48.473938 -82.194504
8.952138 48.011998 -82.194504
9.290301 47.673835 -82.194504
9.752241 47.550058 -82.194504
10.214181 47.673835 -82.194504
10.552344 48.011998 -82.194504
10.459348 48.473938 -82.518928
10.364614 48.827491 -82.518928
10.105795 49.086310 -82.518928
9.752241 49.181045 -82.518928
9.398688 49.086310 -82.518928
9.139869 48.827491 -82.518928
9.045134 48.473938 -82.518928
9.139869 48.120385 -82.518928
9.398688 47.861566 -82.518928
9.752241 47.766831 -82.518928
10.105795 47.861566 -82.518928
10.364614 48.120385 -82.518928
10.134925 48.473938 -82.735701
10.083655 48.665280 -82.735701
9.943583 48.805352 -82.735701
9.752241 48.856621 -82.735701
9.560899 48.805352 -82.735701
9.420828 48.665280 -82.735701
9.369558 48.473938 -82.735701
9.420828 48.282596 -82.735701
9.560899 48.142524 -82.735701
9.752241 48.091255 -82.735701
9.943583 48.142524 -82.735701
10.083655 48.282596 -82.735701
9.752241 48.473938 -82.811821
5.773454 50.585705 -80.569664
6.156137 50.585705 -80.645784
6.104867 50.777047 -80.645784
5.964795 50.917118 -80.645784
5.773454 50.968388 -80.645784
5.582112 50.917118 -80.645784
5.442040 50.777047 -80.645784
5.390770 50.585705 -80.645784
5.442040 50.394363 -80.645784
5.582112 50.254291 -80.645784
5.773454 50.203021 -80.645784
5.964795 50.254291 -80.645784
6.104867 50.394363 -80.645784
6.480560 50.585705 -80.862557
6.385826 50.939258 -80.862557
6.127007 51.198077 -80.862557
5.773454 51.292812 -80.862557
5.419900 51.198077 -80.862557
5.161081 50.939258 -80.862557
5.066347 50.585705 -80.862557
5.161081 50.232151 -80.862557
5.419900 49.973332 -80.862557
5.773454 49.878598 -80.862557
6.127007 49.973332 -80.862557
6.385826 50.232151 -80.862557
6.697333 50.585705 -81.186981
6.573557 51.047645 -81.186981
6.235393 51.385808 -81.186981
5.773454 51.509584 -81.186981
5.311514 51.385808 -81.186981
4.973351 51.047645 -81.186981
4.849574 50.585705 -81.186981
4.973351 50.123765 -81.186981
5.311514 49.785602 -81.186981
5.773454 49.661825 -81.186981
6.235393 49.785602 -81.186981
6.573557 50.123765 -81.186981
6.773454 50.585705 -81.569664
6.639479 51.085705 -81.569664
6.273454 51.451730 -81.569664
5.773454 51.585705 -81.569664
5.273454 51.451730 -81.569664
4.907428 51.085705 -81.569664
4.773454 50.585705 -81.569664
4.907428 50.085705 -81.569664
5.273454 49.719679 -81.569664
5.773454 49.585705 -81.569664
6.273454 49.719679 -81.569664
6.639479 50.085705 -81.569664
6.697333 50.585705 -81.952347
6.573557 51.047645 -81.952347
6.235393 51.385808 -81.952347
5.773454 51.509584 -81.952347
5.311514 51.385808 -81.952347
4.973351 51.047645 -81.952347
4.849574 50.585705 -81.952347
4.973351 50.123765 -81.952347
5.311514 49.785602 -81.952347
5.773454 49.661825 -81.952347
6.235393 49.785602 -81.952347
6.573557 50.123765 -81.952347
6.480560 50.585705 -82.276771
6.385826 50.939258 -82.276771
6.127007 51.198077 -82.276771
5.773454 51.292812 -82.276771
5.419900 51.198077 -82.276771
5.161081 50.939258 -82.276771
5.066347 50.585705 -82.276771
5.161081 50.232151 -82.276771
5.419900 49.973332 -82.276771
5.773454 49.878598 -82.276771
6.127007 49.973332 -82.276771
6.385826 50.232151 -82.276771
6.156137 50.585705 -82.493544
6.104867 50.777047 -82.493544
5.964795 50.917118 -82.493544
5.773454 50.968388 -82.493544
5.582112 50.917118 -82.493544
5.442040 50.777047 -82.493544
5.390770 50.585705 -82.493544
5.442040 50.394363 -82.493544
5.582112 50.254291 -82.493544
5.773454 50.203021 -82.493544
5.964795 50.254291 -82.493544
6.104867 50.394363 -82.493544
5.773454 50.585705 -82.569664
1.120852 53.606308 -79.878151
1.503535 53.606308 -79.954271
1.452265 53.797650 -79.954271
1.312193 53.937722 -79.954271
1.120852 53.988991 -79.954271
0.929510 53.937722 -79.954271
0.789438 53.797650 -79.954271
0.738168 53.606308 -79.954271
0.789438 53.414966 -79.954271
0.929510 53.274894 -79.954271
1.120852 53.223625 -79.954271
1.312193 53.274894 -79.954271
1.452265 53.414966 -79.954271
1.827958 53.606308 -80.171044
1.733224 53.959861 -80.171044
1.474405 54.218680 -80.171044
1.120852 54.313415 -80.171044
0.767298 54.218680 -80.171044
0.508479 53.959861 -80.171044
0.413745 53.606308 -80.171044
0.508479 53.252755 -80.171044
0.767298 52.993936 -80.171044
1.120852 52.899201 -80.171044
1.474405 52.993936 -80.171044
1.733224 53.252755 -80.171044
2.044731 53.606308 -80.495468
1.920955 54.068248 -80.495468
1.582791 54.406411 -80.495468
1.120852 54.530188 -80.495468
0.658912 54.406411 -80.495468
0.320748 54.068248 -80.495468
0.196972 53.606308 -80.495468
0.320748 53.144368 -80.495468
0.658912 52.806205 -80.495468
1.120852 52.682428 -80.495468
1.582791 52.806205 -80.495468
1.920955 53.144368 -80.495468
2.120852 53.606308 -80.878151
1.986877 54.106308 -80.878151
1.620852 54.472333 -80.878151
1.120852 54.606308 -80.878151
0.620852 54.472333 -80.878151
0.254826 54.106308 -80.878151
0.120852 53.606308 -80.878151
0.254826 53.106308 -80.878151
0.620852 52.740283 -80.878151
1.120852 52.606308 -80.878151
1.620852 52.740283 -80.878151
1.986877 53.106308 -80.878151
2.044731 53.606308 -81.260834
1.920955 54.068248 -81.260834
1.582791 54.406411 -81.260834
1.120852 54.530188 -81.260834
0.658912 54.406411 -81.260834
0.320748 54.068248 -81.260834
0.196972 53.606308 -81.260834
0.320748 53.144368 -81.260834
0.658912 52.806205 -81.260834
1.120852 52.682428 -81.260834
1.582791 52.806205 -81.260834
1.920955 53.144368 -81.260834
1.827958 53.606308 -81.585258
1.733224 53.959861 -81.585258
1.474405 54.218680 -81.585258
1.120852 54.313415 -81.585258
0.767298 54.218680 -81.585258
0.508479 53.959861 -81.585258
0.413745 53.606308 -81.585258
0.508479 53.252755 -81.585258
0.767298 52.993936 -81.585258
1.120852 52.899201 -81.585258
1.474405 52.993936 -81.585258
1.733224 53.252755 -81.585258
1.503535 53.606308 -81.802030
1.452265 53.797650 -81.802030
1.312193 53.937722 -81.802030
1.120852 53.988991 -81.802030
0.929510 53.937722 -81.802030
0.789438 53.797650 -81.802030
0.738168 53.606308 -81.802030
0.789438 53.414966 -81.802030
0.929510 53.274894 -81.802030
1.120852 53.223625 -81.802030
1.312193 53.274894 -81.802030
1.452265 53.414966 -81.802030
1.120852 53.606308 -81.878151
-3.175706 54.684864 -80.287582
-2.793022 54.684864 -80.363703
-2.844292 54.876206 -80.363703
-2.984364 55.016278 -80.363703
-3.175706 55.067547 -80.363703
-3.367048 55.016278 -80.363703
-3.507119 54.876206 -80.363703
-3.558389 54.684864 -80.363703
-3.507119 54.493522 -80.363703
-3.367048 54.353450 -80.363703
-3.175706 54.302181 -80.363703
-2.984364 54.353450 -80.363703
-2.844292 54.493522 -80.363703
-2.468599 54.684864 -80.580476
-2.563333 55.038417 -80.580476
-2.822153 55.297236 -80.580476
-3.175706 55.391971 -80.580476
-3.529259 55.297236 -80.580476
-3.788078 55.038417 -80.580476
-3.882813 54.684864 -80.580476
-3.788078 54.331311 -80.580476
-3.529259 54.072492 -80.580476
-3.175706 53.977757 -80.580476
-2.822153 54.072492 -80.580476
-2.563333 54.331311 -80.580476
-2.251826 54.684864 -80.904899
-2.375603 55.146804 -80.904899
-2.713766 55.484967 -80.904899
-3.175706 55.608744 -80.904899
-3.637646 55.484967 -80.904899
-3.975809 55.146804 -80.904899
-4.099585 54.684864 -80.904899
-3.975809 54.222924 -80.904899
-3.637646 53.884761 -80.904899
-3.175706 53.760985 -80.904899
-2.713766 53.884761 -80.904899
-2.375603 54.222924 -80.904899
-2.175706 54.684864 -81.287582
-2.309681 55.184864 -81.287582
-2.675706 55.550889 -81.287582
-3.175706 55.684864 -81.287582
-3.675706 55.550889 -81.287582
-4.041731 55.184864 -81.287582
-4.175706 54.684864 -81.287582
-4.041731 54.184864 -81.287582
-3.675706 53.818839 -81.287582
-3.175706 53.684864 -81.287582
-2.675706 53.818839 -81.287582
-2.309681 54.184864 -81.287582
-2.251826 54.684864 -81.670266
-2.375603 55.146804 -81.670266
-2.713766 55.484967 -81.670266
-3.175706 55.608744 -81.670266
-3.637646 55.484967 -81.670266
-3.975809 55.146804 -81.670266
-4.099585 54.684864 -81.670266
-3.975809 54.222924 -81.670266
-3.637646 53.884761 -81.670266
-3.175706 53.760985 -81.670266
-2.713766 53.884761 -81.670266
-2.375603 54.222924 -81.670266
-2.468599 54.684864 -81.994689
-2.563333 55.038417 -81.994689
-2.822153 55.297236 -81.994689
-3.175706 55.391971 -81.994689
-3.529259 55.297236 -81.994689
-3.788078 55.038417 -81.994689
-3.882813 54.684864 -81.994689
-3.788078 54.331311 -81.994689
-3.529259 54.072492 -81.994689
-3.175706 53.977757 -81.994689
-2.822153 54.072492 -81.994689
-2.563333 54.331311 -81.994689
-2.793022 54.684864 -82.211462
-2.844292 54.876206 -82.211462
-2.984364 55.016278 -82.211462
-3.175706 55.067547 -82.211462
-3.367048 55.016278 -82.211462
-3.507119 54.876206 -82.211462
-3.558389 54.684864 -82.211462
-3.507119 54.493522 -82.211462
-3.367048 54.353450 -82.211462
-3.175706 54.302181 -82.211462
-2.984364 54.353450 -82.211462
-2.844292 54.493522 -82.211462
-3.175706 54.684864 -82.287582
-7.067073 55.147560 -80.697342
-6.684390 55.147560 -80.773462
-6.735660 55.338902 -80.773462
-6.875732 55.478974 -80.773462
-7.067073 55.530244 -80.773462
-7.258415 55.478974 -80.773462
-7.398487 55.338902 -80.773462
-7.449757 55.147560 -80.773462
-7.398487 54.956218 -80.773462
-7.258415 54.816147 -80.773462
-7.067073 54.764877 -80.773462
-6.875732 54.816147 -80.773462
-6.735660 54.956218 -80.773462
-6.359967 55.147560 -80.990235
-6.454701 55.501114 -80.990235
-6.713520 55.759933 -80.990235
-7.067073 55.854667 -80.990235
-7.420627 55.759933 -80.990235
-7.679446 55.501114 -80.990235
-7.774180 55.147560 -80.990235
-7.679446 54.794007 -80.990235
-7.420627 54.535188 -80.990235
-7.067073 54.440453 -80.990235
-6.713520 54.535188 -80.990235
-6.454701 54.794007 -80.990235
-6.143194 55.147560 -81.314658
-6.266970 55.609500 -81.314658
-6.605134 55.947663 -81.314658
-7.067073 56.071440 -81.314658
-7.529013 55.947663 -81.314658
-7.867176 55.609500 -81.314658
-7.990953 55.147560 -81.314658
-7.867176 54.685620 -81.314658
-7.529013 54.347457 -81.314658
-7.067073 54.223681 -81.314658
-6.605134 54.347457 -81.314658
-6.266970 54.685620 -81.314658
-6.067073 55.147560 -81.697342
-6.201048 55.647560 -81.697342
-6.567073 56.013586 -81.697342
-7.067073 56.147560 -81.697342
-7.567073 56.013586 -81.697342
-7.933099 55.647560 -81.697342
-8.067073 55.147560 -81.697342
-7.933099 54.647560 -81.697342
-7.567073 54.281535 -81.697342
-7.067073 54.147560 -81.697342
-6.567073 54.281535 -81.697342
-6.201048 54.647560 -81.697342
-6.143194 55.147560 -82.080025
-6.266970 55.609500 -82.080025
-6.605134 55.947663 -82.080025
-7.067073 56.071440 -82.080025
-7.529013 55.947663 -82.080025
-7.867176 55.609500 -82.080025
-7.990953 55.147560 -82.080025
-7.867176 54.685620 -82.080025
-7.529013 54.347457 -82.080025
-7.067073 54.223681 -82.080025
-6.605134 54.347457 -82.080025
-6.266970 54.685620 -82.080025
-6.359967 55.147560 -82.404449
-6.454701 55.501114 -82.404449
-6.713520 55.759933 -82.404449
-7.067073 55.854667 -82.404449
-7.420627 55.759933 -82.404449
-7.679446 55.501114 -82.404449
-7.774180 55.147560 -82.404449
-7.679446 54.794007 -82.404449
-7.420627 54.535188 -82.404449
-7.067073 54.440453 -82.404449
-6.713520 54.535188 -82.404449
-6.454701 54.794007 -82.404449
-6.684390 55.147560 -82.621221
-6.735660 55.338902 -82.621221
-6.875732 55.478974 -82.621221
-7.067073 55.530244 -82.621221
-7.258415 55.478974 -82.621221
-7.398487 55.338902 -82.621221
-7.449757 55.147560 -82.621221
-7.398487 54.956218 -82.621221
-7.258415 54.816147 -82.621221
-7.067073 54.764877 -82.621221
-6.875732 54.816147 -82.621221
-6.735660 54.956218 -82.621221
-7.067073 55.147560 -82.697342
-9.330899 55.480583 -80.988792
-8.948216 55.480583 -81.064913
-8.999486 55.671925 -81.064913
-9.139558 55.811997 -81.064913
-9.330899 55.863267 -81.064913
-9.522241 55.811997 -81.064913
-9.662313 55.671925 -81.064913
-9.713583 55.480583 -81.064913
-9.662313 55.289241 -81.064913
-9.522241 55.149170 -81.064913
-9.330899 55.097900 -81.064913
-9.139558 55.149170 -81.064913
-8.999486 55.289241 -81.064913
-8.623792 55.480583 -81.281686
-8.718527 55.834137 -81.281686
-8.977346 56.092956 -81.281686
-9.330899 56.187690 -81.281686
-9.684453 56.092956 -81.281686
-9.943272 55.834137 -81.281686
-10.038006 55.480583 -81.281686
-9.943272 55.127030 -81.281686
-9.684453 54.868211 -81.281686
-9.330899 54.773476 -81.281686
-8.977346 54.868211 -81.281686
-8.718527 55.127030 -81.281686
-8.407020 55.480583 -81.606109
-8.530796 55.942523 -81.606109
-8.868959 56.280686 -81.606109
-9.330899 56.404463 -81.606109
-9.792839 56.280686 -81.606109
-10.131002 55.942523 -81.606109
-10.254779 55.480583 -81.606109
-10.131002 55.018643 -81.606109
-9.792839 54.680480 -81.606109
-9.330899 54.556704 -81.606109
-8.868959 54.680480 -81.606109
-8.530796 55.018643 -81.606109
-8.330899 55.480583 -81.988792
-8.464874 55.980583 -81.988792
-8.830899 56.346609 -81.988792
-9.330899 56.480583 -81.988792
-9.830899 56.346609 -81.988792
-10.196925 55.980583 -81.988792
-10.330899 55.480583 -81.988792
-10.196925 54.980583 -81.988792
-9.830899 54.614558 -81.988792
-9.330899 54.480583 -81.988792
-8.830899 54.614558 -81.988792
-8.464874 54.980583 -81.988792
-8.407020 55.480583 -82.371476
-8.530796 55.942523 -82.371476
-8.868959 56.280686 -82.371476
-9.330899 56.404463 -82.371476
-9.792839 56.280686 -82.371476
-10.131002 55.942523 -82.371476
-10.254779 55.480583 -82.371476
-10.131002 55.018643 -82.371476
-9.792839 54.680480 -82.371476
-9.330899 54.556704 -82.371476
-8.868959 54.680480 -82.371476
-8.530796 55.018643 -82.371476
-8.623792 55.480583 -82.695899
-8.718527 55.834137 -82.695899
-8.977346 56.092956 -82.695899
-9.330899 56.187690 -82.695899
-9.684453 56.092956 -82.695899
-9.943272 55.834137 -82.695899
-10.038006 55.480583 -82.695899
-9.943272 55.127030 -82.695899
-9.684453 54.868211 -82.695899
-9.330899 54.773476 -82.695899
-8.977346 54.868211 -82.695899
-8.718527 55.127030 -82.695899
-8.948216 55.480583 -82.912672
-8.999486 55.671925 -82.912672
-9.139558 55.811997 -82.912672
-9.330899 55.863267 -82.912672
-9.522241 55.811997 -82.912672
-9.662313 55.671925 -82.912672
-9.713583 55.480583 -82.912672
-9.662313 55.289241 -82.912672
-9.522241 55.149170 -82.912672
-9.330899 55.097900 -82.912672
-9.139558 55.149170 -82.912672
-8.999486 55.289241 -82.912672
-9.330899 55.480583 -82.988792
-11.786082 55.978931 -81.216934
-11.403399 55.978931 -81.293055
-11.454669 56.170273 -81.293055
-11.594741 56.310345 -81.293055
-11.786082 56.361615 -81.293055
-11.977424 56.310345 -81.293055
-12.117496 56.170273 -81.293055
-12.168766 55.978931 -81.293055
-12.117496 55.787590 -81.293055
-11.977424 55.647518 -81.293055
-11.786082 55.596248 -81.293055
-11.594741 55.647518 -81.293055
-11.454669 55.787590 -81.293055
-11.078975 55.978931 -81.509827
-11.173710 56.332485 -81.509827
-11.432529 56.591304 -81.509827
-11.786082 56.686038 -81.509827
-12.139636 56.591304 -81.509827
-12.398455 56.332485 -81.509827
-12.493189 55.978931 -81.509827
-12.398455 55.625378 -81.509827
-12.139636 55.366559 -81.509827
-11.786082 55.271825 -81.509827
-11.432529 55.366559 -81.509827
-11.173710 55.625378 -81.509827
-10.862203 55.978931 -81.834251
-10.985979 56.440871 -81.834251
-11.324143 56.779035 -81.834251
-11.786082 56.902811 -81.834251
-12.248022 56.779035 -81.834251
-12.586185 56.440871 -81.834251
-12.709962 55.978931 -81.834251
-12.586185 55.516992 -81.834251
-12.248022 55.178828 -81.834251
-11.786082 55.055052 -81.834251
-11.324143 55.178828 -81.834251
-10.985979 55.516992 -81.834251
-10.786082 55.978931 -82.216934
-10.920057 56.478931 -82.216934
-11.286082 56.844957 -82.216934
-11.786082 56.978931 -82.216934
-12.286082 56.844957 -82.216934
-12.652108 56.478931 -82.216934
-12.786082 55.978931 -82.216934
-12.652108 55.478931 -82.216934
-12.286082 55.112906 -82.216934
-11.786082 54.978931 -82.216934
-11.286082 55.112906 -82.216934
-10.920057 55.478931 -82.216934
-10.862203 55.978931 -82.599618
-10.985979 56.440871 -82.599618
-11.324143 56.779035 -82.599618
-11.786082 56.902811 -82.599618
-12.248022 56.779035 -82.599618
-12.586185 56.440871 -82.599618
-12.709962 55.978931 -82.599618
-12.586185 55.516992 -82.599618
-12.248022 55.178828 -82.599618
-11.786082 55.055052 -82.599618
-11.324143 55.178828 -82.599618
-10.985979 55.516992 -82.599618
-11.078975 55.978931 -82.924041
-11.173710 56.332485 -82.924041
-11.432529 56.591304 -82.924041
-11.786082 56.686038 -82.924041
-12.139636 56.591304 -82.924041
-12.398455 56.332485 -82.924041
-12.493189 55.978931 -82.924041
-12.398455 55.625378 -82.924041
-12.139636 55.366559 -82.924041
-11.786082 55.271825 -82.924041
-11.432529 55.366559 -82.924041
-11.173710 55.625378 -82.924041
-11.403399 55.978931 -83.140814
-11.454669 56.170273 -83.140814
-11.594741 56.310345 -83.140814
-11.786082 56.361615 -83.140814
-11.977424 56.310345 -83.140814
-12.117496 56.170273 -83.140814
-12.168766 55.978931 -83.140814
-12.117496 55.787590 -83.140814
-11.977424 55.647518 -83.140814
-11.786082 55.596248 -83.140814
-11.594741 55.647518 -83.140814
-11.454669 55.787590 -83.140814
-11.786082 55.978931 -83.216934
-15.529582 55.730270 -81.826180
-15.146899 55.730270 -81.902300
-15.198168 55.921612 -81.902300
-15.338240 56.061684 -81.902300
-15.529582 56.112954 -81.902300
-15.720924 56.061684 -81.902300
-15.860996 55.921612 -81.902300
-15.912265 55.730270 -81.902300
-15.860996 55.538929 -81.902300
-15.720924 55.398857 -81.902300
-15.529582 55.347587 -81.902300
-15.338240 55.398857 -81.902300
-15.198168 55.538929 -81.902300
-14.822475 55.730270 -82.119073
-14.917210 56.083824 -82.119073
-15.176029 56.342643 -82.119073
-15.529582 56.437377 -82.119073
-15.883135 56.342643 -82.119073
-16.141954 56.083824 -82.119073
-16.236689 55.730270 -82.119073
-16.141954 55.376717 -82.119073
-15.883135 55.117898 -82.119073
-15.529582 55.023164 -82.119073
-15.176029 55.117898 -82.119073
-14.917210 55.376717 -82.119073
-14.605702 55.730270 -82.443496
-14.729479 56.192210 -82.443496
-15.067642 56.530374 -82.443496
-15.529582 56.654150 -82.443496
-15.991522 56.530374 -82.443496
-16.329685 56.192210 -82.443496
-16.453462 55.730270 -82.443496
-16.329685 55.268331 -82.443496
-15.991522 54.930167 -82.443496
-15.529582 54.806391 -82.443496
-15.067642 54.930167 -82.443496
-14.729479 55.268331 -82.443496
-14.529582 55.730270 -82.826180
-14.663557 56.230270 -82.826180
-15.029582 56.596296 -82.826180
-15.529582 56.730270 -82.826180
-16.029582 56.596296 -82.826180
-16.395607 56.230270 -82.826180
-16.529582 55.730270 -82.826180
-16.395607 55.230270 -82.826180
-16.029582 54.864245 -82.826180
-15.529582 54.730270 -82.826180
-15.029582 54.864245 -82.826180
-14.663557 55.230270 -82.826180
-14.605702 55.730270 -83.208863
-14.729479 56.192210 -83.208863
-15.067642 56.530374 -83.208863
-15.529582 56.654150 -83.208863
-15.991522 56.530374 -83.208863
-16.329685 56.192210 -83.208863
-16.453462 55.730270 -83.208863
-16.329685 55.268331 -83.208863
-15.991522 54.930167 -83.208863
-15.529582 54.806391 -83.208863
-15.067642 54.930167 -83.208863
-14.729479 55.268331 -83.208863
-14.822475 55.730270 -83.533286
-14.917210 56.083824 -83.533286
-15.176029 56.342643 -83.533286
-15.529582 56.437377 -83.533286
-15.883135 56.342643 -83.533286
-16.141954 56.083824 -83.533286
-16.236689 55.730270 -83.533286
-16.141954 55.376717 -83.533286
-15.883135 55.117898 -83.533286
-15.529582 55.023164 -83.533286
-15.176029 55.117898 -83.533286
-14.917210 55.376717 -83.533286
-15.146899 55.730270 -83.750059
-15.198168 55.921612 -83.750059
-15.338240 56.061684 -83.750059
-15.529582 56.112954 -83.750059
-15.720924 56.061684 -83.750059
-15.860996 55.921612 -83.750059
-15.912265 55.730270 -83.750059
-15.860996 55.538929 -83.750059
-15.720924 55.398857 -83.750059
-15.529582 55.347587 -83.750059
-15.338240 55.398857 -83.750059
-15.198168 55.538929 -83.750059
-15.529582 55.730270 -83.826180
-18.965178 54.994438 -82.053543
-18.582494 54.994438 -82.129664
-18.633764 55.185780 -82.129664
-18.773836 55.325852 -82.129664
-18.965178 55.377122 -82.129664
-19.156519 55.325852 -82.129664
-19.296591 55.185780 -82.129664
-19.347861 54.994438 -82.129664
-19.296591 54.803096 -82.129664
-19.156519 54.663025 -82.129664
-18.965178 54.611755 -82.129664
-18.773836 54.663025 -82.129664
-18.633764 54.803096 -82.129664
-18.258071 54.994438 -82.346436
-18.352805 55.347992 -82.346436
-18.611624 55.606811 -82.346436
-18.965178 55.701545 -82.346436
-19.318731 55.606811 -82.346436
-19.577550 55.347992 -82.346436
-19.672284 54.994438 -82.346436
-19.577550 54.640885 -82.346436
-19.318731 54.382066 -82.346436
-18.965178 54.287331 -82.346436
-18.611624 54.382066 -82.346436
-18.352805 54.640885 -82.346436
-18.041298 54.994438 -82.670860
-18.165074 55.456378 -82.670860
-18.503238 55.794541 -82.670860
-18.965178 55.918318 -82.670860
-19.427117 55.794541 -82.670860
-19.765281 55.456378 -82.670860
-19.889057 54.994438 -82.670860
-19.765281 54.532498 -82.670860
-19.427117 54.194335 -82.670860
-18.965178 54.070559 -82.670860
-18.503238 54.194335 -82.670860
-18.165074 54.532498 -82.670860
-17.965178 54.994438 -83.053543
-18.099152 55.494438 -83.053543
-18.465178 55.860464 -83.053543
-18.965178 55.994438 -83.053543
-19.465178 55.860464 -83.053543
-19.831203 55.494438 -83.053543
-19.965178 54.994438 -83.053543
-19.831203 54.494438 -83.053543
-19.465178 54.128413 -83.053543
-18.965178 53.994438 -83.053543
-18.465178 54.128413 -83.053543
-18.099152 54.494438 -83.053543
-18.041298 54.994438 -83.436227
-18.165074 55.456378 -83.436227
-18.503238 55.794541 -83.436227
-18.965178 55.918318 -83.436227
-19.427117 55.794541 -83.436227
-19.765281 55.456378 -83.436227
-19.889057 54.994438 -83.436227
-19.765281 54.532498 -83.436227
-19.427117 54.194335 -83.436227
-18.965178 54.070559 -83.436227
-18.503238 54.194335 -83.436227
-18.165074 54.532498 -83.436227
-18.258071 54.994438 -83.760650
-18.352805 55.347992 -83.760650
-18.611624 55.606811 -83.760650
-18.965178 55.701545 -83.760650
-19.318731 55.606811 -83.760650
-19.577550 55.347992 -83.760650
-19.672284 54.994438 -83.760650
-19.577550 54.640885 -83.760650
-19.318731 54.382066 -83.760650
-18.965178 54.287331 -83.760650
-18.611624 54.382066 -83.760650
-18.352805 54.640885 -83.760650
-18.582494 54.994438 -83.977423
-18.633764 55.185780 -83.977423
-18.773836 55.325852 -83.977423
-18.965178 55.377122 -83.977423
-19.156519 55.325852 -83.977423
-19.296591 55.185780 -83.977423
-19.347861 54.994438 -83.977423
-19.296591 54.803096 -83.977423
-19.156519 54.663025 -83.977423
-18.965178 54.611755 -83.977423
-18.773836 54.663025 -83.977423
-18.633764 54.803096 -83.977423
-18.965178 54.994438 -84.053543
-21.769999 52.527763 -83.256256
-21.387315 52.527763 -83.332377
-21.438585 52.719105 -83.332377
-21.578657 52.859177 -83.332377
-21.769999 52.910447 -83.332377
-21.961340 52.859177 -83.332377
-22.101412 52.719105 -83.332377
-22.152682 52.527763 -83.332377
-22.101412 52.336422 -83.332377
-21.961340 52.196350 -83.332377
-21.769999 52.145080 -83.332377
-21.578657 52.196350 -83.332377
-21.438585 52.336422 -83.332377
-21.062892 52.527763 -83.549149
-21.157626 52.881317 -83.549149
-21.416445 53.140136 -83.549149
-21.769999 53.234870 -83.549149
-22.123552 53.140136 -83.549149
-22.382371 52.881317 -83.549149
-22.477105 52.527763 -83.549149
-22.382371 52.174210 -83.549149
-22.123552 51.915391 -83.549149
-21.769999 51.820657 -83.549149
-21.416445 51.915391 -83.549149
-21.157626 52.174210 -83.549149
-20.846119 52.527763 -83.873573
-20.969895 52.989703 -83.873573
-21.308059 53.327867 -83.873573
-21.769999 53.451643 -83.873573
-22.231938 53.327867 -83.873573
-22.570102 52.989703 -83.873573
-22.693878 52.527763 -83.873573
-22.570102 52.065824 -83.873573
-22.231938 51.727660 -83.873573
-21.769999 51.603884 -83.873573
-21.308059 51.727660 -83.873573
-20.969895 52.065824 -83.873573
-20.769999 52.527763 -84.256256
-20.903973 53.027763 -84.256256
-21.269999 53.393789 -84.256256
-21.769999 53.527763 -84.256256
-22.269999 53.393789 -84.256256
-22.636024 53.027763 -84.256256
-22.769999 52.527763 -84.256256
-22.636024 52.027763 -84.256256
-22.269999 51.661738 -84.256256
-21.769999 51.527763 -84.256256
-21.269999 51.661738 -84.256256
-20.903973 52.027763 -84.256256
-20.846119 52.527763 -84.638940
-20.969895 52.989703 -84.638940
-21.308059 53.327867 -84.638940
-21.769999 53.451643 -84.638940
-22.231938 53.327867 -84.638940
-22.570102 52.989703 -84.638940
-22.693878 52.527763 -84.638940
-22.570102 52.065824 -84.638940
-22.231938 51.727660 -84.638940
-21.769999 51.603884 -84.638940
-21.308059 51.727660 -84.638940
-20.969895 52.065824 -84.638940
-21.062892 52.527763 -84.963363
-21.157626 52.881317 -84.963363
-21.416445 53.140136 -84.963363
-21.769999 53.234870 -84.963363
-22.123552 53.140136 -84.963363
-22.382371 52.881317 -84.963363
-22.477105 52.527763 -84.963363
-22.382371 52.174210 -84.963363
-22.123552 51.915391 -84.963363
-21.769999 51.820657 -84.963363
-21.416445 51.915391 -84.963363
-21.157626 52.174210 -84.963363
-21.387315 52.527763 -85.180136
-21.438585 52.719105 -85.180136
-21.578657 52.859177 -85.180136
-21.769999 52.910447 -85.180136
-21.961340 52.859177 -85.180136
-22.101412 52.719105 -85.180136
-22.152682 52.527763 -85.180136
-22.101412 52.336422 -85.180136
-21.961340 52.196350 -85.180136
-21.769999 52.145080 -85.180136
-21.578657 52.196350 -85.180136
-21.438585 52.336422 -85.180136
-21.769999 52.527763 -85.256256
-24.474422 48.579342 -85.170616
-24.091739 48.579342 -85.246737
-24.143009 48.770684 -85.246737
-24.283081 48.910755 -85.246737
-24.474422 48.962025 -85.246737
-24.665764 48.910755 -85.246737
-24.805836 48.770684 -85.246737
-24.857106 48.579342 -85.246737
-24.805836 48.388000 -85.246737
-24.665764 48.247928 -85.246737
-24.474422 48.196658 -85.246737
-24.283081 48.247928 -85.246737
-24.143009 48.388000 -85.246737
-23.767316 48.579342 -85.463509
-23.862050 48.932895 -85.463509
-24.120869 49.191714 -85.463509
-24.474422 49.286449 -85.463509
-24.827976 49.191714 -85.463509
-25.086795 48.932895 -85.463509
-25.181529 48.579342 -85.463509
-25.086795 48.225788 -85.463509
-24.827976 47.966969 -85.463509
-24.474422 47.872235 -85.463509
-24.120869 47.966969 -85.463509
-23.862050 48.225788 -85.463509
-23.550543 48.579342 -85.787933
-23.674319 49.041282 -85.787933
-24.012483 49.379445 -85.787933
-24.474422 49.503221 -85.787933
-24.936362 49.379445 -85.787933
-25.274526 49.041282 -85.787933
-25.398302 48.579342 -85.787933
-25.274526 48.117402 -85.787933
-24.936362 47.779239 -85.787933
-24.474422 47.655462 -85.787933
-24.012483 47.779239 -85.787933
-23.674319 48.117402 -85.787933
-23.474422 48.579342 -86.170616
-23.608397 49.079342 -86.170616
-23.974422 49.445367 -86.170616
-24.474422 49.579342 -86.170616
-24.974422 49.445367 -86.170616
-25.340448 49.079342 -86.170616
-25.474422 48.579342 -86.170616
-25.340448 48.079342 -86.170616
-24.974422 47.713316 -86.170616
-24.474422 47.579342 -86.170616
-23.974422 47.713316 -86.170616
-23.608397 48.079342 -86.170616
-23.550543 48.579342 -86.553300
-23.674319 49.041282 -86.553300
-24.012483 49.379445 -86.553300
-24.474422 49.503221 -86.553300
-24.936362 49.379445 -86.553300
-25.274526 49.041282 -86.553300
-25.398302 48.579342 -86.553300
-25.274526 48.117402 -86.553300
-24.936362 47.779239 -86.553300
-24.474422 47.655462 -86.553300
-24.012483 47.779239 -86.553300
-23.674319 48.117402 -86.553300
-23.767316 48.579342 -86.877723
-23.862050 48.932895 -86.877723
-24.120869 49.191714 -86.877723
-24.474422 49.286449 -86.877723
-24.827976 49.191714 -86.877723
-25.086795 48.932895 -86.877723
-25.181529 48.579342 -86.877723
-25.086795 48.225788 -86.877723
-24.827976 47.966969 -86.877723
-24.474422 47.872235 -86.877723
-24.120869 47.966969 -86.877723
-23.862050 48.225788 -86.877723
-24.091739 48.579342 -87.094496
-24.143009 48.770684 -87.094496
-24.283081 48.910755 -87.094496
-24.474422 48.962025 -87.094496
-24.665764 48.910755 -87.094496
-24.805836 48.770684 -87.094496
-24.857106 48.579342 -87.094496
-24.805836 48.388000 -87.094496
-24.665764 48.247928 -87.094496
-24.474422 48.196658 -87.094496
-24.283081 48.247928 -87.094496
-24.143009 48.388000 -87.094496
-24.474422 48.579342 -87.170616
-27.444714 45.539291 -85.795021
-27.062030 45.539291 -85.871142
-27.113300 45.730633 -85.871142
-27.253372 45.870705 -85.871142
-27.444714 45.921975 -85.871142
-27.636055 45.870705 -85.871142
-27.776127 45.730633 -85.871142
-27.827397 45.539291 -85.871142
-27.776127 45.347950 -85.871142
-27.636055 45.207878 -85.871142
-27.444714 45.156608 -85.871142
-27.253372 45.207878 -85.871142
-27.113300 45.347950 -85.871142
-26.737607 45.539291 -86.087914
-26.832341 45.892845 -86.087914
-27.091160 46.151664 -86.087914
-27.444714 46.246398 -86.087914
-27.798267 46.151664 -86.087914
-28.057086 45.892845 -86.087914
-28.151820 45.539291 -86.087914
-28.057086 45.185738 -86.087914
-27.798267 44.926919 -86.087914
-27.444714 44.832185 -86.087914
-27.091160 44.926919 -86.087914
-26.832341 45.185738 -86.087914
-26.520834 45.539291 -86.412338
-26.644610 46.001231 -86.412338
-26.982774 46.339395 -86.412338
-27.444714 46.463171 -86.412338
-27.906653 46.339395 -86.412338
-28.244817 46.001231 -86.412338
-28.368593 45.539291 -86.412338
-28.244817 45.077352 -86.412338
-27.906653 44.739188 -86.412338
-27.444714 44.615412 -86.412338
-26.982774 44.739188 -86.412338
-26.644610 45.077352 -86.412338
-26.444714 45.539291 -86.795021
-26.578688 46.039291 -86.795021
-26.944714 46.405317 -86.795021
-27.444714 46.539291 -86.795021
-27.944714 46.405317 -86.795021
-28.310739 46.039291 -86.795021
-28.444714 45.539291 -86.795021
-28.310739 45.039291 -86.795021
-27.944714 44.673266 -86.795021
-27.444714 44.539291 -86.795021
-26.944714 44.673266 -86.795021
-26.578688 45.039291 -86.795021
-26.520834 45.539291 -87.177704
-26.644610 46.001231 -87.177704
-26.982774 46.339395 -87.177704
-27.444714 46.463171 -87.177704
-27.906653 46.339395 -87.177704
-28.244817 46.001231 -87.177704
-28.368593 45.539291 -87.177704
-28.244817 45.077352 -87.177704
-27.906653 44.739188 -87.177704
-27.444714 44.615412 -87.177704
-26.982774 44.739188 -87.177704
-26.644610 45.077352 -87.177704
-26.737607 45.539291 -87.502128
-26.832341 45.892845 -87.502128
-27.091160 46.151664 -87.502128
-27.444714 46.246398 -87.502128
-27.798267 46.151664 -87.502128
-28.057086 45.892845 -87.502128
-28.151820 45.539291 -87.502128
-28.057086 45.185738 -87.502128
-27.798267 44.926919 -87.502128
-27.444714 44.832185 -87.502128
-27.091160 44.926919 -87.502128
-26.832341 45.185738 -87.502128
-27.062030 45.539291 -87.718901
-27.113300 45.730633 -87.718901
-27.253372 45.870705 -87.718901
-27.444714 45.921975 -87.718901
-27.636055 45.870705 -87.718901
-27.776127 45.730633 -87.718901
-27.827397 45.539291 -87.718901
-27.776127 45.347950 -87.718901
-27.636055 45.207878 -87.718901
-27.444714 45.156608 -87.718901
-27.253372 45.207878 -87.718901
-27.113300 45.347950 -87.718901
-27.444714 45.539291 -87.795021
-30.805275 43.400497 -85.981750
-30.422592 43.400497 -86.057871
-30.473861 43.591839 -86.057871
-30.613933 43.731911 -86.057871
-30.805275 43.783181 -86.057871
-30.996617 43.731911 -86.057871
-31.136689 43.591839 -86.057871
-31.187958 43.400497 -86.057871
-31.136689 43.209156 -86.057871
-30.996617 43.069084 -86.057871
-30.805275 43.017814 -86.057871
-30.613933 43.069084 -86.057871
-30.473861 43.209156 -86.057871
-30.098168 43.400497 -86.274644
-30.192903 43.754051 -86.274644
-30.451722 44.012870 -86.274644
-30.805275 44.107604 -86.274644
-31.158828 44.012870 -86.274644
-31.417647 43.754051 -86.274644
-31.512382 43.400497 -86.274644
-31.417647 43.046944 -86.274644
-31.158828 42.788125 -86.274644
-30.805275 42.693391 -86.274644
-30.451722 42.788125 -86.274644
-30.192903 43.046944 -86.274644
-29.881395 43.400497 -86.599067
-30.005172 43.862437 -86.599067
-30.343335 44.200601 -86.599067
-30.805275 44.324377 -86.599067
-31.267215 44.200601 -86.599067
-31.605378 43.862437 -86.599067
-31.729154 43.400497 -86.599067
-31.605378 42.938558 -86.599067
-31.267215 42.600394 -86.599067
-30.805275 42.476618 -86.599067
-30.343335 42.600394 -86.599067
-30.005172 42.938558 -86.599067
-29.805275 43.400497 -86.981750
-29.939250 43.900497 -86.981750
-30.305275 44.266523 -86.981750
-30.805275 44.400497 -86.981750
-31.305275 44.266523 -86.981750
-31.671300 43.900497 -86.981750
-31.805275 43.400497 -86.981750
-31.671300 42.900497 -86.981750
-31.305275 42.534472 -86.981750
-30.805275 42.400497 -86.981750
-30.305275 42.534472 -86.981750
-29.939250 42.900497 -86.981750
-29.881395 43.400497 -87.364434
-30.005172 43.862437 -87.364434
-30.343335 44.200601 -87.364434
-30.805275 44.324377 -87.364434
-31.267215 44.200601 -87.364434
-31.605378 43.862437 -87.364434
-31.729154 43.400497 -87.364434
-31.605378 42.938558 -87.364434
-31.267215 42.600394 -87.364434
-30.805275 42.476618 -87.364434
-30.343335 42.600394 -87.364434
-30.005172 42.938558 -87.364434
-30.098168 43.400497 -87.688857
-30.192903 43.754051 -87.688857
-30.451722 44.012870 -87.688857
-30.805275 44.107604 -87.688857
-31.158828 44.012870 -87.688857
-31.417647 43.754051 -87.688857
-31.512382 43.400497 -87.688857
-31.417647 43.046944 -87.688857
-31.158828 42.788125 -87.688857
-30.805275 42.693391 -87.688857
-30.451722 42.788125 -87.688857
-30.192903 43.046944 -87.688857
-30.422592 43.400497 -87.905630
-30.473861 43.591839 -87.905630
-30.613933 43.731911 -87.905630
-30.805275 43.783181 -87.905630
-30.996617 43.731911 -87.905630
-31.136689 43.591839 -87.905630
-31.187958 43.400497 -87.905630
-31.136689 43.209156 -87.905630
-30.996617 43.069084 -87.905630
-30.805275 43.017814 -87.905630
-30.613933 43.069084 -87.905630
-30.473861 43.209156 -87.905630
-30.805275 43.400497 -87.981750
-32.380569 38.505886 -87.593384
-31.997886 38.505886 -87.669504
-32.049156 38.697228 -87.669504
-32.189228 38.837300 -87.669504
-32.380569 38.888570 -87.669504
-32.571911 38.837300 -87.669504
-32.711983 38.697228 -87.669504
-32.763253 38.505886 -87.669504
-32.711983 38.314544 -87.669504
-32.571911 38.174473 -87.669504
-32.380569 38.123203 -87.669504
-32.189228 38.174473 -87.669504
-32.049156 38.314544 -87.669504
-31.673463 38.505886 -87.886277
-31.768197 38.859439 -87.886277
-32.027016 39.118259 -87.886277
-32.380569 39.212993 -87.886277
-32.734123 39.118259 -87.886277
-32.992942 38.859439 -87.886277
-33.087676 38.505886 -87.886277
-32.992942 38.152333 -87.886277
-32.734123 37.893514 -87.886277
-32.380569 37.798779 -87.886277
-32.027016 37.893514 -87.886277
-31.768197 38.152333 -87.886277
-31.456690 38.505886 -88.210700
-31.580466 38.967826 -88.210700
-31.918630 39.305989 -88.210700
-32.380569 39.429766 -88.210700
-32.842509 39.305989 -88.210700
-33.180673 38.967826 -88.210700
-33.304449 38.505886 -88.210700
-33.180673 38.043946 -88.210700
-32.842509 37.705783 -88.210700
-32.380569 37.582007 -88.210700
-31.918630 37.705783 -88.210700
-31.580466 38.043946 -88.210700
-31.380569 38.505886 -88.593384
-31.514544 39.005886 -88.593384
-31.880569 39.371911 -88.593384
-32.380569 39.505886 -88.593384
-32.880569 39.371911 -88.593384
-33.246595 39.005886 -88.593384
-33.380569 38.505886 -88.593384
-33.246595 38.005886 -88.593384
-32.880569 37.639861 -88.593384
-32.380569 37.505886 -88.593384
-31.880569 37.639861 -88.593384
-31.514544 38.005886 -88.593384
-31.456690 38.505886 -88.976067
-31.580466 38.967826 -88.976067
-31.918630 39.305989 -88.976067
-32.380569 39.429766 -88.976067
-32.842509 39.305989 -88.976067
-33.180673 38.967826 -88.976067
-33.304449 38.505886 -88.976067
-33.180673 38.043946 -88.976067
-32.842509 37.705783 -88.976067
-32.380569 37.582007 -88.976067
-31.918630 37.705783 -88.976067
-31.580466 38.043946 -88.976067
-31.673463 38.505886 -89.300491
-31.768197 38.859439 -89.300491
-32.027016 39.118259 -89.300491
-32.380569 39.212993 -89.300491
-32.734123 39.118259 -89.300491
-32.992942 38.859439 -89.300491
-33.087676 38.505886 -89.300491
-32.992942 38.152333 -89.300491
-32.734123 37.893514 -89.300491
-32.380569 37.798779 -89.300491
-32.027016 37.893514 -89.300491
-31.768197 38.152333 -89.300491
-31.997886 38.505886 -89.517263
-32.049156 38.697228 -89.517263
-32.189228 38.837300 -89.517263
-32.380569 38.888570 -89.517263
-32.571911 38.837300 -89.517263
-32.711983 38.697228 -89.517263
-32.763253 38.505886 -89.517263
-32.711983 38.314544 -89.517263
-32.571911 38.174473 -89.517263
-32.380569 38.123203 -89.517263
-32.189228 38.174473 -89.517263
-32.049156 38.314544 -89.517263
-32.380569 38.505886 -89.593384
-34.632027 34.177860 -88.241699
-34.249343 34.177860 -88.317820
-34.300613 34.369202 -88.317820
-34.440685 34.509274 -88.317820
-34.632027 34.560544 -88.317820
-34.823368 34.509274 -88.317820
-34.963440 34.369202 -88.317820
-35.014710 34.177860 -88.317820
-34.963440 33.986519 -88.317820
-34.823368 33.846447 -88.317820
-34.632027 33.795177 -88.317820
-34.440685 33.846447 -88.317820
-34.300613 33.986519 -88.317820
-33.924920 34.177860 -88.534592
-34.019654 34.531414 -88.534592
-34.278473 34.790233 -88.534592
-34.632027 34.884967 -88.534592
-34.985580 34.790233 -88.534592
-35.244399 34.531414 -88.534592
-35.339133 34.177860 -88.534592
-35.244399 33.824307 -88.534592
-34.985580 33.565488 -88.534592
-34.632027 33.470753 -88.534592
-34.278473 33.565488 -88.534592
-34.019654 33.824307 -88.534592
-33.708147 34.177860 -88.859016
-33.831924 34.639800 -88.859016
-34.170087 34.977963 -88.859016
-34.632027 35.101740 -88.859016
-35.093966 34.977963 -88.859016
-35.432130 34.639800 -88.859016
-35.555906 34.177860 -88.859016
-35.432130 33.715920 -88.859016
-35.093966 33.377757 -88.859016
-34.632027 33.253981 -88.859016
-34.170087 33.377757 -88.859016
-33.831924 33.715920 -88.859016
-33.632027 34.177860 -89.241699
-33.766001 34.677860 -89.241699
-34.132027 35.043886 -89.241699
-34.632027 35.177860 -89.241699
-35.132027 35.043886 -89.241699
-35.498052 34.677860 -89.241699
-35.632027 34.177860 -89.241699
-35.498052 33.677860 -89.241699
-35.132027 33.311835 -89.241699
-34.632027 33.177860 -89.241699
-34.132027 33.311835 -89.241699
-33.766001 33.677860 -89.241699
-33.708147 34.177860 -89.624383
-33.831924 34.639800 -89.624383
-34.170087 34.977963 -89.624383
-34.632027 35.101740 -89.624383
-35.093966 34.977963 -89.624383
-35.432130 34.639800 -89.624383
-35.555906 34.177860 -89.624383
-35.432130 33.715920 -89.624383
-35.093966 33.377757 -89.624383
-34.632027 33.253981 -89.624383
-34.170087 33.377757 -89.624383
-33.831924 33.715920 -89.624383
-33.924920 34.177860 -89.948806
-34.019654 34.531414 -89.948806
-34.278473 34.790233 -89.948806
-34.632027 34.884967 -89.948806
-34.985580 34.790233 -89.948806
-35.244399 34.531414 -89.948806
-35.339133 34.177860 -89.948806
-35.244399 33.824307 -89.948806
-34.985580 33.565488 -89.948806
-34.632027 33.470753 -89.948806
-34.278473 33.565488 -89.948806
-34.019654 33.824307 -89.948806
-34.249343 34.177860 -90.165579
-34.300613 34.369202 -90.165579
-34.440685 34.509274 -90.165579
-34.632027 34.560544 -90.165579
-34.823368 34.509274 -90.165579
-34.963440 34.369202 -90.165579
-35.014710 34.177860 -90.165579
-34.963440 33.986519 -90.165579
-34.823368 33.846447 -90.165579
-34.632027 33.795177 -90.165579
-34.440685 33.846447 -90.165579
-34.300613 33.986519 -90.165579
-34.632027 34.177860 -90.241699
3.209528 11.148782 -94.940254
3.592212 11.148782 -95.016375
3.540942 11.340123 -95.016375
3.400870 11.480195 -95.016375
3.209528 11.531465 -95.016375
3.018186 11.480195 -95.016375
2.878115 11.340123 -95.016375
2.826845 11.148782 -95.016375
2.878115 10.957440 -95.016375
3.018186 10.817368 -95.016375
3.209528 10.766098 -95.016375
3.400870 10.817368 -95.016375
3.540942 10.957440 -95.016375
3.916635 11.148782 -95.233147
3.821901 11.502335 -95.233147
3.563082 11.761154 -95.233147
3.209528 11.855889 -95.233147
2.855975 11.761154 -95.233147
2.597156 11.502335 -95.233147
2.502421 11.148782 -95.233147
2.597156 10.795228 -95.233147
2.855975 10.536409 -95.233147
3.209528 10.441675 -95.233147
3.563082 10.536409 -95.233147
3.821901 10.795228 -95.233147
4.133408 11.148782 -95.557571
4.009631 11.610722 -95.557571
3.671468 11.948885 -95.557571
3.209528 12.072661 -95.557571
2.747588 11.948885 -95.557571
2.409425 11.610722 -95.557571
2.285649 11.148782 -95.557571
2.409425 10.686842 -95.557571
2.747588 10.348679 -95.557571
3.209528 10.224902 -95.557571
3.671468 10.348679 -95.557571
4.009631 10.686842 -95.557571
4.209528 11.148782 -95.940254
4.075554 11.648782 -95.940254
3.709528 12.014807 -95.940254
3.209528 12.148782 -95.940254
2.709528 12.014807 -95.940254
2.343503 11.648782 -95.940254
2.209528 11.148782 -95.940254
2.343503 10.648782 -95.940254
2.709528 10.282756 -95.940254
3.209528 10.148782 -95.940254
3.709528 10.282756 -95.940254
4.075554 10.648782 -95.940254
4.133408 11.148782 -96.322938
4.009631 11.610722 -96.322938
3.671468 11.948885 -96.322938
3.209528 12.072661 -96.322938
2.747588 11.948885 -96.322938
2.409425 11.610722 -96.322938
2.285649 11.148782 -96.322938
2.409425 10.686842 -96.322938
2.747588 10.348679 -96.322938
3.209528 10.224902 -96.322938
3.671468 10.348679 -96.322938
4.009631 10.686842 -96.322938
3.916635 11.148782 -96.647361
3.821901 11.502335 -96.647361
3.563082 11.761154 -96.647361
3.209528 11.855889 -96.647361
2.855975 11.761154 -96.647361
2.597156 11.502335 -96.647361
2.502421 11.148782 -96.647361
2.597156 10.795228 -96.647361
2.855975 10.536409 -96.647361
3.209528 10.441675 -96.647361
3.563082 10.536409 -96.647361
3.821901 10.795228 -96.647361
3.592212 11.148782 -96.864134
3.540942 11.340123 -96.864134
3.400870 11.480195 -96.864134
3.209528 11.531465 -96.864134
3.018186 11.480195 -96.864134
2.878115 11.340123 -96.864134
2.826845 11.148782 -96.864134
2.878115 10.957440 -96.864134
3.018186 10.817368 -96.864134
3.209528 10.766098 -96.864134
3.400870 10.817368 -96.864134
3.540942 10.957440 -96.864134
3.209528 11.148782 -96.940254
-0.239350 9.716215 -92.241463
0.143334 9.716215 -92.317583
0.092064 9.907557 -92.317583
-0.048008 10.047629 -92.317583
-0.239350 10.098899 -92.317583
-0.430691 10.047629 -92.317583
-0.570763 9.907557 -92.317583
-0.622033 9.716215 -92.317583
-0.570763 9.524873 -92.317583
-0.430691 9.384802 -92.317583
-0.239350 9.333532 -92.317583
-0.048008 9.384802 -92.317583
0.092064 9.524873 -92.317583
0.467757 9.716215 -92.534356
0.373023 10.069769 -92.534356
0.114204 10.328588 -92.534356
-0.239350 10.423322 -92.534356
-0.592903 10.328588 -92.534356
-0.851722 10.069769 -92.534356
-0.946456 9.716215 -92.534356
-0.851722 9.362662 -92.534356
-0.592903 9.103843 -92.534356
-0.239350 9.009108 -92.534356
0.114204 9.103843 -92.534356
0.373023 9.362662 -92.534356
0.684530 9.716215 -92.858779
0.560754 10.178155 -92.858779
0.222590 10.516318 -92.858779
-0.239350 10.640095 -92.858779
-0.701289 10.516318 -92.858779
-1.039453 10.178155 -92.858779
-1.163229 9.716215 -92.858779
-1.039453 9.254275 -92.858779
-0.701289 8.916112 -92.858779
-0.239350 8.792336 -92.858779
0.222590 8.916112 -92.858779
0.560754 9.254275 -92.858779
0.760650 9.716215 -93.241463
0.626676 10.216215 -93.241463
0.260650 10.582241 -93.241463
-0.239350 10.716215 -93.241463
-0.739350 10.582241 -93.241463
-1.105375 10.216215 -93.241463
-1.239350 9.716215 -93.241463
-1.105375 9.216215 -93.241463
-0.739350 8.850190 -93.241463
-0.239350 8.716215 -93.241463
0.260650 8.850190 -93.241463
0.626676 9.216215 -93.241463
0.684530 9.716215 -93.624146
0.560754 10.178155 -93.624146
0.222590 10.516318 -93.624146
-0.239350 10.640095 -93.624146
-0.701289 10.516318 -93.624146
-1.039453 10.178155 -93.624146
-1.163229 9.716215 -93.624146
-1.039453 9.254275 -93.624146
-0.701289 8.916112 -93.624146
-0.239350 8.792336 -93.624146
0.222590 8.916112 -93.624146
0.560754 9.254275 -93.624146
0.467757 9.716215 -93.948569
0.373023 10.069769 -93.948569
0.114204 10.328588 -93.948569
-0.239350 10.423322 -93.948569
-0.592903 10.328588 -93.948569
-0.851722 10.069769 -93.948569
-0.946456 9.716215 -93.948569
-0.851722 9.362662 -93.948569
-0.592903 9.103843 -93.948569
-0.239350 9.009108 -93.948569
0.114204 9.103843 -93.948569
0.373023 9.362662 -93.948569
0.143334 9.716215 -94.165342
0.092064 9.907557 -94.165342
-0.048008 10.047629 -94.165342
-0.239350 10.098899 -94.165342
-0.430691 10.047629 -94.165342
-0.570763 9.907557 -94.165342
-0.622033 9.716215 -94.165342
-0.570763 9.524873 -94.165342
-0.430691 9.384802 -94.165342
-0.239350 9.333532 -94.165342
-0.048008 9.384802 -94.165342
0.092064 9.524873 -94.165342
-0.239350 9.716215 -94.241463
-3.838389 8.612805 -90.264732
-3.455705 8.612805 -90.340853
-3.506975 8.804147 -90.340853
-3.647047 8.944219 -90.340853
-3.838389 8.995489 -90.340853
-4.029731 8.944219 -90.340853
-4.169802 8.804147 -90.340853
-4.221072 8.612805 -90.340853
-4.169802 8.421464 -90.340853
-4.029731 8.281392 -90.340853
-3.838389 8.230122 -90.340853
-3.647047 8.281392 -90.340853
-3.506975 8.421464 -90.340853
-3.131282 8.612805 -90.557626
-3.226016 8.966359 -90.557626
-3.484836 9.225178 -90.557626
-3.838389 9.319912 -90.557626
-4.191942 9.225178 -90.557626
-4.450761 8.966359 -90.557626
-4.545496 8.612805 -90.557626
-4.450761 8.259252 -90.557626
-4.191942 8.000433 -90.557626
-3.838389 7.905699 -90.557626
-3.484836 8.000433 -90.557626
-3.226016 8.259252 -90.557626
-2.914509 8.612805 -90.882049
-3.038286 9.074745 -90.882049
-3.376449 9.412909 -90.882049
-3.838389 9.536685 -90.882049
-4.300329 9.412909 -90.882049
-4.638492 9.074745 -90.882049
-4.762268 8.612805 -90.882049
-4.638492 8.150866 -90.882049
-4.300329 7.812702 -90.882049
-3.838389 7.688926 -90.882049
-3.376449 7.812702 -90.882049
-3.038286 8.150866 -90.882049
-2.838389 8.612805 -91.264732
-2.972364 9.112805 -91.264732
-3.338389 9.478831 -91.264732
-3.838389 9.612805 -91.264732
-4.338389 9.478831 -91.264732
-4.704414 9.112805 -91.264732
-4.838389 8.612805 -91.264732
-4.704414 8.112805 -91.264732
-4.338389 7.746780 -91.264732
-3.838389 7.612805 -91.264732
-3.338389 7.746780 -91.264732
-2.972364 8.112805 -91.264732
-2.914509 8.612805 -91.647416
-3.038286 9.074745 -91.647416
-3.376449 9.412909 -91.647416
-3.838389 9.536685 -91.647416
-4.300329 9.412909 -91.647416
-4.638492 9.074745 -91.647416
-4.762268 8.612805 -91.647416
-4.638492 8.150866 -91.647416
-4.300329 7.812702 -91.647416
-3.838389 7.688926 -91.647416
-3.376449 7.812702 -91.647416
-3.038286 8.150866 -91.647416
-3.131282 8.612805 -91.971839
-3.226016 8.966359 -91.971839
-3.484836 9.225178 -91.971839
-3.838389 9.319912 -91.971839
-4.191942 9.225178 -91.971839
-4.450761 8.966359 -91.971839
-4.545496 8.612805 -91.971839
-4.450761 8.259252 -91.971839
-4.191942 8.000433 -91.971839
-3.838389 7.905699 -91.971839
-3.484836 8.000433 -91.971839
-3.226016 8.259252 -91.971839
-3.455705 8.612805 -92.188612
-3.506975 8.804147 -92.188612
-3.647047 8.944219 -92.188612
-3.838389 8.995489 -92.188612
-4.029731 8.944219 -92.188612
-4.169802 8.804147 -92.188612
-4.221072 8.612805 -92.188612
-4.169802 8.421464 -92.188612
-4.029731 8.281392 -92.188612
-3.838389 8.230122 -92.188612
-3.647047 8.281392 -92.188612
-3.506975 8.421464 -92.188612
-3.838389 8.612805 -92.264732
-5.928528 5.976507 -87.152191
-5.545845 5.976507 -87.228312
-5.597115 6.167848 -87.228312
-5.737187 6.307920 -87.228312
-5.928528 6.359190 -87.228312
-6.119870 6.307920 -87.228312
-6.259942 6.167848 -87.228312
-6.311212 5.976507 -87.228312
-6.259942 5.785165 -87.228312
-6.119870 5.645093 -87.228312
-5.928528 5.593823 -87.228312
-5.737187 5.645093 -87.228312
-5.597115 5.785165 -87.228312
-5.221422 5.976507 -87.445084
-5.316156 6.330060 -87.445084
-5.574975 6.588879 -87.445084
-5.928528 6.683613 -87.445084
-6.282082 6.588879 -87.445084
-6.540901 6.330060 -87.445084
-6.635635 5.976507 -87.445084
-6.540901 5.622953 -87.445084
-6.282082 5.364134 -87.445084
-5.928528 5.269400 -87.445084
-5.574975 5.364134 -87.445084
-5.316156 5.622953 -87.445084
-5.004649 5.976507 -87.769508
-5.128425 6.438446 -87.769508
-5.466589 6.776610 -87.769508
-5.928528 6.900386 -87.769508
-6.390468 6.776610 -87.769508
-6.728631 6.438446 -87.769508
-6.852408 5.976507 -87.769508
-6.728631 5.514567 -87.769508
-6.390468 5.176404 -87.769508
-5.928528 5.052627 -87.769508
-5.466589 5.176404 -87.769508
-5.128425 5.514567 -87.769508
-4.928528 5.976507 -88.152191
-5.062503 6.476507 -88.152191
-5.428528 6.842532 -88.152191
-5.928528 6.976507 -88.152191
-6.428528 6.842532 -88.152191
-6.794554 6.476507 -88.152191
-6.928528 5.976507 -88.152191
-6.794554 5.476507 -88.152191
-6.428528 5.110481 -88.152191
-5.928528 4.976507 -88.152191
-5.428528 5.110481 -88.152191
-5.062503 5.476507 -88.152191
-5.004649 5.976507 -88.534875
-5.128425 6.438446 -88.534875
-5.466589 6.776610 -88.534875
-5.928528 6.900386 -88.534875
-6.390468 6.776610 -88.534875
-6.728631 6.438446 -88.534875
-6.852408 5.976507 -88.534875
-6.728631 5.514567 -88.534875
-6.390468 5.176404 -88.534875
-5.928528 5.052627 -88.534875
-5.466589 5.176404 -88.534875
-5.128425 5.514567 -88.534875
-5.221422 5.976507 -88.859298
-5.316156 6.330060 -88.859298
-5.574975 6.588879 -88.859298
-5.928528 6.683613 -88.859298
-6.282082 6.588879 -88.859298
-6.540901 6.330060 -88.859298
-6.635635 5.976507 -88.859298
-6.540901 5.622953 -88.859298
-6.282082 5.364134 -88.859298
-5.928528 5.269400 -88.859298
-5.574975 5.364134 -88.859298
-5.316156 5.622953 -88.859298
-5.545845 5.976507 -89.076071
-5.597115 6.167848 -89.076071
-5.737187 6.307920 -89.076071
-5.928528 6.359190 -89.076071
-6.119870 6.307920 -89.076071
-6.259942 6.167848 -89.076071
-6.311212 5.976507 -89.076071
-6.259942 5.785165 -89.076071
-6.119870 5.645093 -89.076071
-5.928528 5.593823 -89.076071
-5.737187 5.645093 -89.076071
-5.597115 5.785165 -89.076071
-5.928528 5.976507 -89.152191
-12.927652 -2.845899 -86.755852
-12.544969 -2.845899 -86.831972
-12.596239 -2.654557 -86.831972
-12.736311 -2.514485 -86.831972
-12.927652 -2.463215 -86.831972
-13.118994 -2.514485 -86.831972
-13.259066 -2.654557 -86.831972
-13.310336 -2.845899 -86.831972
-13.259066 -3.037240 -86.831972
-13.118994 -3.177312 -86.831972
-12.927652 -3.228582 -86.831972
-12.736311 -3.177312 -86.831972
-12.596239 -3.037240 -86.831972
-12.220546 -2.845899 -87.048745
-12.315280 -2.492345 -87.048745
-12.574099 -2.233526 -87.048745
-12.927652 -2.138792 -87.048745
-13.281206 -2.233526 -87.048745
-13.540025 -2.492345 -87.048745
-13.634759 -2.845899 -87.048745
-13.540025 -3.199452 -87.048745
-13.281206 -3.458271 -87.048745
-12.927652 -3.553005 -87.048745
-12.574099 -3.458271 -87.048745
-12.315280 -3.199452 -87.048745
-12.003773 -2.845899 -87.373168
-12.127549 -2.383959 -87.373168
-12.465713 -2.045795 -87.373168
-12.927652 -1.922019 -87.373168
-13.389592 -2.045795 -87.373168
-13.727756 -2.383959 -87.373168
-13.851532 -2.845899 -87.373168
-13.727756 -3.307838 -87.373168
-13.389592 -3.646002 -87.373168
-12.927652 -3.769778 -87.373168
-12.465713 -3.646002 -87.373168
-12.127549 -3.307838 -87.373168
-11.927652 -2.845899 -87.755852
-12.061627 -2.345899 -87.755852
-12.427652 -1.979873 -87.755852
-12.927652 -1.845899 -87.755852
-13.427652 -1.979873 -87.755852
-13.793678 -2.345899 -87.755852
-13.927652 -2.845899 -87.755852
-13.793678 -3.345899 -87.755852
-13.427652 -3.711924 -87.755852
-12.927652 -3.845899 -87.755852
-12.427652 -3.711924 -87.755852
-12.061627 -3.345899 -87.755852
-12.003773 -2.845899 -88.138535
-12.127549 -2.383959 -88.138535
-12.465713 -2.045795 -88.138535
-12.927652 -1.922019 -88.138535
-13.389592 -2.045795 -88.138535
-13.727756 -2.383959 -88.138535
-13.851532 -2.845899 -88.138535
-13.727756 -3.307838 -88.138535
-13.389592 -3.646002 -88.138535
-12.927652 -3.769778 -88.138535
-12.465713 -3.646002 -88.138535
-12.127549 -3.307838 -88.138535
-12.220546 -2.845899 -88.462959
-12.315280 -2.492345 -88.462959
-12.574099 -2.233526 -88.462959
-12.927652 -2.138792 -88.462959
-13.281206 -2.233526 -88.462959
-13.540025 -2.492345 -88.462959
-13.634759 -2.845899 -88.462959
-13.540025 -3.199452 -88.462959
-13.281206 -3.458271 -88.462959
-12.927652 -3.553005 -88.462959
-12.574099 -3.458271 -88.462959
-12.315280 -3.199452 -88.462959
-12.544969 -2.845899 -88.679731
-12.596239 -2.654557 -88.679731
-12.736311 -2.514485 -88.679731
-12.927652 -2.463215 -88.679731
-13.118994 -2.514485 -88.679731
-13.259066 -2.654557 -88.679731
-13.310336 -2.845899 -88.679731
-13.259066 -3.037240 -88.679731
-13.118994 -3.177312 -88.679731
-12.927652 -3.228582 -88.679731
-12.736311 -3.177312 -88.679731
-12.596239 -3.037240 -88.679731
-12.927652 -2.845899 -88.755852
-10.662525 2.452596 -85.395538
-10.279842 2.452596 -85.471659
-10.331112 2.643937 -85.471659
-10.471183 2.784009 -85.471659
-10.662525 2.835279 -85.471659
-10.853867 2.784009 -85.471659
-10.993939 2.643937 -85.471659
-11.045209 2.452596 -85.471659
-10.993939 2.261254 -85.471659
-10.853867 2.121182 -85.471659
-10.662525 2.069912 -85.471659
-10.471183 2.121182 -85.471659
-10.331112 2.261254 -85.471659
-9.955418 2.452596 -85.688432
-10.050153 2.806149 -85.688432
-10.308972 3.064968 -85.688432
-10.662525 3.159702 -85.688432
-11.016079 3.064968 -85.688432
-11.274898 2.806149 -85.688432
-11.369632 2.452596 -85.688432
-11.274898 2.099042 -85.688432
-11.016079 1.840223 -85.688432
-10.662525 1.745489 -85.688432
-10.308972 1.840223 -85.688432
-10.050153 2.099042 -85.688432
-9.738646 2.452596 -86.012855
-9.862422 2.914535 -86.012855
-10.200585 3.252699 -86.012855
-10.662525 3.376475 -86.012855
-11.124465 3.252699 -86.012855
-11.462628 2.914535 -86.012855
-11.586405 2.452596 -86.012855
-11.462628 1.990656 -86.012855
-11.124465 1.652493 -86.012855
-10.662525 1.528716 -86.012855
-10.200585 1.652493 -86.012855
-9.862422 1.990656 -86.012855
-9.662525 2.452596 -86.395538
-9.796500 2.952596 -86.395538
-10.162525 3.318621 -86.395538
-10.662525 3.452596 -86.395538
-11.162525 3.318621 -86.395538
-11.528551 2.952596 -86.395538
-11.662525 2.452596 -86.395538
-11.528551 1.952596 -86.395538
-11.162525 1.586570 -86.395538
-10.662525 1.452596 -86.395538
-10.162525 1.586570 -86.395538
-9.796500 1.952596 -86.395538
-9.738646 2.452596 -86.778222
-9.862422 2.914535 -86.778222
-10.200585 3.252699 -86.778222
-10.662525 3.376475 -86.778222
-11.124465 3.252699 -86.778222
-11.462628 2.914535 -86.778222
-11.586405 2.452596 -86.778222
-11.462628 1.990656 -86.778222
-11.124465 1.652493 -86.778222
-10.662525 1.528716 -86.778222
-10.200585 1.652493 -86.778222
-9.862422 1.990656 -86.778222
-9.955418 2.452596 -87.102645
-10.050153 2.806149 -87.102645
-10.308972 3.064968 -87.102645
-10.662525 3.159702 -87.102645
-11.016079 3.064968 -87.102645
-11.274898 2.806149 -87.102645
-11.369632 2.452596 -87.102645
-11.274898 2.099042 -87.102645
-11.016079 1.840223 -87.102645
-10.662525 1.745489 -87.102645
-10.308972 1.840223 -87.102645
-10.050153 2.099042 -87.102645
-10.279842 2.452596 -87.319418
-10.331112 2.643937 -87.319418
-10.471183 2.784009 -87.319418
-10.662525 2.835279 -87.319418
-10.853867 2.784009 -87.319418
-10.993939 2.643937 -87.319418
-11.045209 2.452596 -87.319418
-10.993939 2.261254 -87.319418
-10.853867 2.121182 -87.319418
-10.662525 2.069912 -87.319418
-10.471183 2.121182 -87.319418
-10.331112 2.261254 -87.319418
-10.662525 2.452596 -87.395538
-21.741693 -8.341885 -85.039001
-21.359010 -8.341885 -85.115122
-21.410280 -8.150543 -85.115122
-21.550352 -8.010471 -85.115122
-21.741693 -7.959201 -85.115122
-21.933035 -8.010471 -85.115122
-22.073107 -8.150543 -85.115122
-22.124377 -8.341885 -85.115122
-22.073107 -8.533226 -85.115122
-21.933035 -8.673298 -85.115122
-21.741693 -8.724568 -85.115122
-21.550352 -8.673298 -85.115122
-21.410280 -8.533226 -85.115122
-21.034587 -8.341885 -85.331895
-21.129321 -7.988331 -85.331895
-21.388140 -7.729512 -85.331895
-21.741693 -7.634778 -85.331895
-22.095247 -7.729512 -85.331895
-22.354066 -7.988331 -85.331895
-22.448800 -8.341885 -85.331895
-22.354066 -8.695438 -85.331895
-22.095247 -8.954257 -85.331895
-21.741693 -9.048991 -85.331895
-21.388140 -8.954257 -85.331895
-21.129321 -8.695438 -85.331895
-20.817814 -8.341885 -85.656318
-20.941590 -7.879945 -85.656318
-21.279754 -7.541781 -85.656318
-21.741693 -7.418005 -85.656318
-22.203633 -7.541781 -85.656318
-22.541797 -7.879945 -85.656318
-22.665573 -8.341885 -85.656318
-22.541797 -8.803824 -85.656318
-22.203633 -9.141988 -85.656318
-21.741693 -9.265764 -85.656318
-21.279754 -9.141988 -85.656318
-20.941590 -8.803824 -85.656318
-20.741693 -8.341885 -86.039001
-20.875668 -7.841885 -86.039001
-21.241693 -7.475859 -86.039001
-21.741693 -7.341885 -86.039001
-22.241693 -7.475859 -86.039001
-22.607719 -7.841885 -86.039001
-22.741693 -8.341885 -86.039001
-22.607719 -8.841885 -86.039001
-22.241693 -9.207910 -86.039001
-21.741693 -9.341885 -86.039001
-21.241693 -9.207910 -86.039001
-20.875668 -8.841885 -86.039001
-20.817814 -8.341885 -86.421685
-20.941590 -7.879945 -86.421685
-21.279754 -7.541781 -86.421685
-21.741693 -7.418005 -86.421685
-22.203633 -7.541781 -86.421685
-22.541797 -7.879945 -86.421685
-22.665573 -8.341885 -86.421685
-22.541797 -8.803824 -86.421685
-22.203633 -9.141988 -86.421685
-21.741693 -9.265764 -86.421685
-21.279754 -9.141988 -86.421685
-20.941590 -8.803824 -86.421685
-21.034587 -8.341885 -86.746108
-21.129321 -7.988331 -86.746108
-21.388140 -7.729512 -86.746108
-21.741693 -7.634778 -86.746108
-22.095247 -7.729512 -86.746108
-22.354066 -7.988331 -86.746108
-22.448800 -8.341885 -86.746108
-22.354066 -8.695438 -86.746108
-22.095247 -8.954257 -86.746108
-21.741693 -9.048991 -86.746108
-21.388140 -8.954257 -86.746108
-21.129321 -8.695438 -86.746108
-21.359010 -8.341885 -86.962881
-21.410280 -8.150543 -86.962881
-21.550352 -8.010471 -86.962881
-21.741693 -7.959201 -86.962881
-21.933035 -8.010471 -86.962881
-22.073107 -8.150543 -86.962881
-22.124377 -8.341885 -86.962881
-22.073107 -8.533226 -86.962881
-21.933035 -8.673298 -86.962881
-21.741693 -8.724568 -86.962881
-21.550352 -8.673298 -86.962881
-21.410280 -8.533226 -86.962881
-21.741693 -8.341885 -87.039001
-17.887020 -6.195176 -86.092758
-17.504337 -6.195176 -86.168879
-17.555607 -6.003834 -86.168879
-17.695678 -5.863763 -86.168879
-17.887020 -5.812493 -86.168879
-18.078362 -5.863763 -86.168879
-18.218434 -6.003834 -86.168879
-18.269704 -6.195176 -86.168879
-18.218434 -6.386518 -86.168879
-18.078362 -6.526590 -86.168879
-17.887020 -6.577860 -86.168879
-17.695678 -6.526590 -86.168879
-17.555607 -6.386518 -86.168879
-17.179913 -6.195176 -86.385651
-17.274648 -5.841623 -86.385651
-17.533467 -5.582804 -86.385651
-17.887020 -5.488069 -86.385651
-18.240574 -5.582804 -86.385651
-18.499393 -5.841623 -86.385651
-18.594127 -6.195176 -86.385651
-18.499393 -6.548730 -86.385651
-18.240574 -6.807549 -86.385651
-17.887020 -6.902283 -86.385651
-17.533467 -6.807549 -86.385651
-17.274648 -6.548730 -86.385651
-16.963141 -6.195176 -86.710075
-17.086917 -5.733236 -86.710075
-17.425080 -5.395073 -86.710075
-17.887020 -5.271297 -86.710075
-18.348960 -5.395073 -86.710075
-18.687123 -5.733236 -86.710075
-18.810900 -6.195176 -86.710075
-18.687123 -6.657116 -86.710075
-18.348960 -6.995279 -86.710075
-17.887020 -7.119056 -86.710075
-17.425080 -6.995279 -86.710075
-17.086917 -6.657116 -86.710075
-16.887020 -6.195176 -87.092758
-17.020995 -5.695176 -87.092758
-17.387020 -5.329151 -87.092758
-17.887020 -5.195176 -87.092758
-18.387020 -5.329151 -87.092758
-18.753046 -5.695176 -87.092758
-18.887020 -6.195176 -87.092758
-18.753046 -6.695176 -87.092758
-18.387020 -7.061202 -87.092758
-17.887020 -7.195176 -87.092758
-17.387020 -7.061202 -87.092758
-17.020995 -6.695176 -87.092758
-16.963141 -6.195176 -87.475442
-17.086917 -5.733236 -87.475442
-17.425080 -5.395073 -87.475442
-17.887020 -5.271297 -87.475442
-18.348960 -5.395073 -87.475442
-18.687123 -5.733236 -87.475442
-18.810900 -6.195176 -87.475442
-18.687123 -6.657116 -87.475442
-18.348960 -6.995279 -87.475442
-17.887020 -7.119056 -87.475442
-17.425080 -6.995279 -87.475442
-17.086917 -6.657116 -87.475442
-17.179913 -6.195176 -87.799865
-17.274648 -5.841623 -87.799865
-17.533467 -5.582804 -87.799865
-17.887020 -5.488069 -87.799865
-18.240574 -5.582804 -87.799865
-18.499393 -5.841623 -87.799865
-18.594127 -6.195176 -87.799865
-18.499393 -6.548730 -87.799865
-18.240574 -6.807549 -87.799865
-17.887020 -6.902283 -87.799865
-17.533467 -6.807549 -87.799865
-17.274648 -6.548730 -87.799865
-17.504337 -6.195176 -88.016638
-17.555607 -6.003834 -88.016638
-17.695678 -5.863763 -88.016638
-17.887020 -5.812493 -88.016638
-18.078362 -5.863763 -88.016638
-18.218434 -6.003834 -88.016638
-18.269704 -6.195176 -88.016638
-18.218434 -6.386518 -88.016638
-18.078362 -6.526590 -88.016638
-17.887020 -6.577860 -88.016638
-17.695678 -6.526590 -88.016638
-17.555607 -6.386518 -88.016638
-17.887020 -6.195176 -88.092758
-24.628878 -4.800559 -85.713356
-24.246194 -4.800559 -85.789476
-24.297464 -4.609217 -85.789476
-24.437536 -4.469145 -85.789476
-24.628878 -4.417876 -85.789476
-24.820219 -4.469145 -85.789476
-24.960291 -4.609217 -85.789476
-25.011561 -4.800559 -85.789476
-24.960291 -4.991901 -85.789476
-24.820219 -5.131973 -85.789476
-24.628878 -5.183242 -85.789476
-24.437536 -5.131973 -85.789476
-24.297464 -4.991901 -85.789476
-23.921771 -4.800559 -86.006249
-24.016505 -4.447006 -86.006249
-24.275324 -4.188187 -86.006249
-24.628878 -4.093452 -86.006249
-24.982431 -4.188187 -86.006249
-25.241250 -4.447006 -86.006249
-25.335984 -4.800559 -86.006249
-25.241250 -5.154112 -86.006249
-24.982431 -5.412931 -86.006249
-24.628878 -5.507666 -86.006249
-24.275324 -5.412931 -86.006249
-24.016505 -5.154112 -86.006249
-23.704998 -4.800559 -86.330673
-23.828774 -4.338619 -86.330673
-24.166938 -4.000456 -86.330673
-24.628878 -3.876680 -86.330673
-25.090817 -4.000456 -86.330673
-25.428981 -4.338619 -86.330673
-25.552757 -4.800559 -86.330673
-25.428981 -5.262499 -86.330673
-25.090817 -5.600662 -86.330673
-24.628878 -5.724439 -86.330673
-24.166938 -5.600662 -86.330673
-23.828774 -5.262499 -86.330673
-23.628878 -4.800559 -86.713356
-23.762852 -4.300559 -86.713356
-24.128878 -3.934534 -86.713356
-24.628878 -3.800559 -86.713356
-25.128878 -3.934534 -86.713356
-25.494903 -4.300559 -86.713356
-25.628878 -4.800559 -86.713356
-25.494903 -5.300559 -86.713356
-25.128878 -5.666584 -86.713356
-24.628878 -5.800559 -86.713356
-24.128878 -5.666584 -86.713356
-23.762852 -5.300559 -86.713356
-23.704998 -4.800559 -87.096039
-23.828774 -4.338619 -87.096039
-24.166938 -4.000456 -87.096039
-24.628878 -3.876680 -87.096039
-25.090817 -4.000456 -87.096039
-25.428981 -4.338619 -87.096039
-25.552757 -4.800559 -87.096039
-25.428981 -5.262499 -87.096039
-25.090817 -5.600662 -87.096039
-24.628878 -5.724439 -87.096039
-24.166938 -5.600662 -87.096039
-23.828774 -5.262499 -87.096039
-23.921771 -4.800559 -87.420463
-24.016505 -4.447006 -87.420463
-24.275324 -4.188187 -87.420463
-24.628878 -4.093452 -87.420463
-24.982431 -4.188187 -87.420463
-25.241250 -4.447006 -87.420463
-25.335984 -4.800559 -87.420463
-25.241250 -5.154112 -87.420463
-24.982431 -5.412931 -87.420463
-24.628878 -5.507666 -87.420463
-24.275324 -5.412931 -87.420463
-24.016505 -5.154112 -87.420463
-24.246194 -4.800559 -87.637236
-24.297464 -4.609217 -87.637236
-24.437536 -4.469145 -87.637236
-24.628878 -4.417876 -87.637236
-24.820219 -4.469145 -87.637236
-24.960291 -4.609217 -87.637236
-25.011561 -4.800559 -87.637236
-24.960291 -4.991901 -87.637236
-24.820219 -5.131973 -87.637236
-24.628878 -5.183242 -87.637236
-24.437536 -5.131973 -87.637236
-24.297464 -4.991901 -87.637236
-24.628878 -4.800559 -87.713356
-36.327316 30.275623 -88.769806
-35.944633 30.275623 -88.845926
-35.995903 30.466965 -88.845926
-36.135975 30.607037 -88.845926
-36.327316 30.658307 -88.845926
-36.518658 30.607037 -88.845926
-36.658730 30.466965 -88.845926
-36.710000 30.275623 -88.845926
-36.658730 30.084282 -88.845926
-36.518658 29.944210 -88.845926
-36.327316 29.892940 -88.845926
-36.135975 29.944210 -88.845926
-35.995903 30.084282 -88.845926
-35.620210 30.275623 -89.062699
-35.714944 30.629177 -89.062699
-35.973763 30.887996 -89.062699
-36.327316 30.982730 -89.062699
-36.680870 30.887996 -89.062699
-36.939689 30.629177 -89.062699
-37.034423 30.275623 -89.062699
-36.939689 29.922070 -89.062699
-36.680870 29.663251 -89.062699
-36.327316 29.568517 -89.062699
-35.973763 29.663251 -89.062699
-35.714944 29.922070 -89.062699
-35.403437 30.275623 -89.387122
-35.527213 30.737563 -89.387122
-35.865377 31.075726 -89.387122
-36.327316 31.199503 -89.387122
-36.789256 31.075726 -89.387122
-37.127419 30.737563 -89.387122
-37.251196 30.275623 -89.387122
-37.127419 29.813684 -89.387122
-36.789256 29.475520 -89.387122
-36.327316 29.351744 -89.387122
-35.865377 29.475520 -89.387122
-35.527213 29.813684 -89.387122
-35.327316 30.275623 -89.769806
-35.461291 30.775623 -89.769806
-35.827316 31.141649 -89.769806
-36.327316 31.275623 -89.769806
-36.827316 31.141649 -89.769806
-37.193342 30.775623 -89.769806
-37.327316 30.275623 -89.769806
-37.193342 29.775623 -89.769806
-36.827316 29.409598 -89.769806
-36.327316 29.275623 -89.769806
-35.827316 29.409598 -89.769806
-35.461291 29.775623 -89.769806
-35.403437 30.275623 -90.152489
-35.527213 30.737563 -90.152489
-35.865377 31.075726 -90.152489
-36.327316 31.199503 -90.152489
-36.789256 31.075726 -90.152489
-37.127419 30.737563 -90.152489
-37.251196 30.275623 -90.152489
-37.127419 29.813684 -90.152489
-36.789256 29.475520 -90.152489
-36.327316 29.351744 -90.152489
-35.865377 29.475520 -90.152489
-35.527213 29.813684 -90.152489
-35.620210 30.275623 -90.476913
-35.714944 30.629177 -90.476913
-35.973763 30.887996 -90.476913
-36.327316 30.982730 -90.476913
-36.680870 30.887996 -90.476913
-36.939689 30.629177 -90.476913
-37.034423 30.275623 -90.476913
-36.939689 29.922070 -90.476913
-36.680870 29.663251 -90.476913
-36.327316 29.568517 -90.476913
-35.973763 29.663251 -90.476913
-35.714944 29.922070 -90.476913
-35.944633 30.275623 -90.693685
-35.995903 30.466965 -90.693685
-36.135975 30.607037 -90.693685
-36.327316 30.658307 -90.693685
-36.518658 30.607037 -90.693685
-36.658730 30.466965 -90.693685
-36.710000 30.275623 -90.693685
-36.658730 30.084282 -90.693685
-36.518658 29.944210 -90.693685
-36.327316 29.892940 -90.693685
-36.135975 29.944210 -90.693685
-35.995903 30.084282 -90.693685
-36.327316 30.275623 -90.769806
-36.405651 26.076242 -90.116287
-36.022968 26.076242 -90.192408
-36.074238 26.267584 -90.192408
-36.214309 26.407656 -90.192408
-36.405651 26.458926 -90.192408
-36.596993 26.407656 -90.192408
-36.737065 26.267584 -90.192408
-36.788335 26.076242 -90.192408
-36.737065 25.884901 -90.192408
-36.596993 25.744829 -90.192408
-36.405651 25.693559 -90.192408
-36.214309 25.744829 -90.192408
-36.074238 25.884901 -90.192408
-35.698544 26.076242 -90.409180
-35.793279 26.429796 -90.409180
-36.052098 26.688615 -90.409180
-36.405651 26.783349 -90.409180
-36.759204 26.688615 -90.409180
-37.018024 26.429796 -90.409180
-37.112758 26.076242 -90.409180
-37.018024 25.722689 -90.409180
-36.759204 25.463870 -90.409180
-36.405651 25.369136 -90.409180
-36.052098 25.463870 -90.409180
-35.793279 25.722689 -90.409180
-35.481772 26.076242 -90.733604
-35.605548 26.538182 -90.733604
-35.943711 26.876346 -90.733604
-36.405651 27.000122 -90.733604
-36.867591 26.876346 -90.733604
-37.205754 26.538182 -90.733604
-37.329531 26.076242 -90.733604
-37.205754 25.614303 -90.733604
-36.867591 25.276139 -90.733604
-36.405651 25.152363 -90.733604
-35.943711 25.276139 -90.733604
-35.605548 25.614303 -90.733604
-35.405651 26.076242 -91.116287
-35.539626 26.576242 -91.116287
-35.905651 26.942268 -91.116287
-36.405651 27.076242 -91.116287
-36.905651 26.942268 -91.116287
-37.271676 26.576242 -91.116287
-37.405651 26.076242 -91.116287
-37.271676 25.576242 -91.116287
-36.905651 25.210217 -91.116287
-36.405651 25.076242 -91.116287
-35.905651 25.210217 -91.116287
-35.539626 25.576242 -91.116287
-35.481772 26.076242 -91.498971
-35.605548 26.538182 -91.498971
-35.943711 26.876346 -91.498971
-36.405651 27.000122 -91.498971
-36.867591 26.876346 -91.498971
-37.205754 26.538182 -91.498971
-37.329531 26.076242 -91.498971
-37.205754 25.614303 -91.498971
-36.867591 25.276139 -91.498971
-36.405651 25.152363 -91.498971
-35.943711 25.276139 -91.498971
-35.605548 25.614303 -91.498971
-35.698544 26.076242 -91.823394
-35.793279 26.429796 -91.823394
-36.052098 26.688615 -91.823394
-36.405651 26.783349 -91.823394
-36.759204 26.688615 -91.823394
-37.018024 26.429796 -91.823394
-37.112758 26.076242 -91.823394
-37.018024 25.722689 -91.823394
-36.759204 25.463870 -91.823394
-36.405651 25.369136 -91.823394
-36.052098 25.463870 -91.823394
-35.793279 25.722689 -91.823394
-36.022968 26.076242 -92.040167
-36.074238 26.267584 -92.040167
-36.214309 26.407656 -92.040167
-36.405651 26.458926 -92.040167
-36.596993 26.407656 -92.040167
-36.737065 26.267584 -92.040167
-36.788335 26.076242 -92.040167
-36.737065 25.884901 -92.040167
-36.596993 25.744829 -92.040167
-36.405651 25.693559 -92.040167
-36.214309 25.744829 -92.040167
-36.074238 25.884901 -92.040167
-36.405651 26.076242 -92.116287
-37.595718 21.484150 -90.005272
-37.213035 21.484150 -90.081392
-37.264305 21.675492 -90.081392
-37.404377 21.815564 -90.081392
-37.595718 21.866833 -90.081392
-37.787060 21.815564 -90.081392
-37.927132 21.675492 -90.081392
-37.978402 21.484150 -90.081392
-37.927132 21.292808 -90.081392
-37.787060 21.152736 -90.081392
-37.595718 21.101467 -90.081392
-37.404377 21.152736 -90.081392
-37.264305 21.292808 -90.081392
-36.888612 21.484150 -90.298165
-36.983346 21.837703 -90.298165
-37.242165 22.096522 -90.298165
-37.595718 22.191257 -90.298165
-37.949272 22.096522 -90.298165
-38.208091 21.837703 -90.298165
-38.302825 21.484150 -90.298165
-38.208091 21.130597 -90.298165
-37.949272 20.871777 -90.298165
-37.595718 20.777043 -90.298165
-37.242165 20.871777 -90.298165
-36.983346 21.130597 -90.298165
-36.671839 21.484150 -90.622588
-36.795615 21.946090 -90.622588
-37.133779 22.284253 -90.622588
-37.595718 22.408029 -90.622588
-38.057658 22.284253 -90.622588
-38.395822 21.946090 -90.622588
-38.519598 21.484150 -90.622588
-38.395822 21.022210 -90.622588
-38.057658 20.684047 -90.622588
-37.595718 20.560270 -90.622588
-37.133779 20.684047 -90.622588
-36.795615 21.022210 -90.622588
-36.595718 21.484150 -91.005272
-36.729693 21.984150 -91.005272
-37.095718 22.350175 -91.005272
-37.595718 22.484150 -91.005272
-38.095718 22.350175 -91.005272
-38.461744 21.984150 -91.005272
-38.595718 21.484150 -91.005272
-38.461744 20.984150 -91.005272
-38.095718 20.618125 -91.005272
-37.595718 20.484150 -91.005272
-37.095718 20.618125 -91.005272
-36.729693 20.984150 -91.005272
-36.671839 21.484150 -91.387955
-36.795615 21.946090 -91.387955
-37.133779 22.284253 -91.387955
-37.595718 22.408029 -91.387955
-38.057658 22.284253 -91.387955
-38.395822 21.946090 -91.387955
-38.519598 21.484150 -91.387955
-38.395822 21.022210 -91.387955
-38.057658 20.684047 -91.387955
-37.595718 20.560270 -91.387955
-37.133779 20.684047 -91.387955
-36.795615 21.022210 -91.387955
-36.888612 21.484150 -91.712379
-36.983346 21.837703 -91.712379
-37.242165 22.096522 -91.712379
-37.595718 22.191257 -91.712379
-37.949272 22.096522 -91.712379
-38.208091 21.837703 -91.712379
-38.302825 21.484150 -91.712379
-38.208091 21.130597 -91.712379
-37.949272 20.871777 -91.712379
-37.595718 20.777043 -91.712379
-37.242165 20.871777 -91.712379
-36.983346 21.130597 -91.712379
-37.213035 21.484150 -91.929151
-37.264305 21.675492 -91.929151
-37.404377 21.815564 -91.929151
-37.595718 21.866833 -91.929151
-37.787060 21.815564 -91.929151
-37.927132 21.675492 -91.929151
-37.978402 21.484150 -91.929151
-37.927132 21.292808 -91.929151
-37.787060 21.152736 -91.929151
-37.595718 21.101467 -91.929151
-37.404377 21.152736 -91.929151
-37.264305 21.292808 -91.929151
-37.595718 21.484150 -92.005272
-39.360535 18.077837 -87.999939
-38.977851 18.077837 -88.076059
-39.029121 18.269179 -88.076059
-39.169193 18.409251 -88.076059
-39.360535 18.460520 -88.076059
-39.551876 18.409251 -88.076059
-39.691948 18.269179 -88.076059
-39.743218 18.077837 -88.076059
-39.691948 17.886495 -88.076059
-39.551876 17.746423 -88.076059
-39.360535 17.695154 -88.076059
-39.169193 17.746423 -88.076059
-39.029121 17.886495 -88.076059
-38.653428 18.077837 -88.292832
-38.748162 18.431390 -88.292832
-39.006981 18.690209 -88.292832
-39.360535 18.784944 -88.292832
-39.714088 18.690209 -88.292832
-39.972907 18.431390 -88.292832
-40.067641 18.077837 -88.292832
-39.972907 17.724284 -88.292832
-39.714088 17.465465 -88.292832
-39.360535 17.370730 -88.292832
-39.006981 17.465465 -88.292832
-38.748162 17.724284 -88.292832
-38.436655 18.077837 -88.617256
-38.560432 18.539777 -88.617256
-38.898595 18.877940 -88.617256
-39.360535 19.001717 -88.617256
-39.822474 18.877940 -88.617256
-40.160638 18.539777 -88.617256
-40.284414 18.077837 -88.617256
-40.160638 17.615897 -88.617256
-39.822474 17.277734 -88.617256
-39.360535 17.153957 -88.617256
-38.898595 17.277734 -88.617256
-38.560432 17.615897 -88.617256
-38.360535 18.077837 -88.999939
-38.494509 18.577837 -88.999939
-38.860535 18.943862 -88.999939
-39.360535 19.077837 -88.999939
-39.860535 18.943862 -88.999939
-40.226560 18.577837 -88.999939
-40.360535 18.077837 -88.999939
-40.226560 17.577837 -88.999939
-39.860535 17.211812 -88.999939
-39.360535 17.077837 -88.999939
-38.860535 17.211812 -88.999939
-38.494509 17.577837 -88.999939
-38.436655 18.077837 -89.382622
-38.560432 18.539777 -89.382622
-38.898595 18.877940 -89.382622
-39.360535 19.001717 -89.382622
-39.822474 18.877940 -89.382622
-40.160638 18.539777 -89.382622
-40.284414 18.077837 -89.382622
-40.160638 17.615897 -89.382622
-39.822474 17.277734 -89.382622
-39.360535 17.153957 -89.382622
-38.898595 17.277734 -89.382622
-38.560432 17.615897 -89.382622
-38.653428 18.077837 -89.707046
-38.748162 18.431390 -89.707046
-39.006981 18.690209 -89.707046
-39.360535 18.784944 -89.707046
-39.714088 18.690209 -89.707046
-39.972907 18.431390 -89.707046
-40.067641 18.077837 -89.707046
-39.972907 17.724284 -89.707046
-39.714088 17.465465 -89.707046
-39.360535 17.370730 -89.707046
-39.006981 17.465465 -89.707046
-38.748162 17.724284 -89.707046
-38.977851 18.077837 -89.923818
-39.029121 18.269179 -89.923818
-39.169193 18.409251 -89.923818
-39.360535 18.460520 -89.923818
-39.551876 18.409251 -89.923818
-39.691948 18.269179 -89.923818
-39.743218 18.077837 -89.923818
-39.691948 17.886495 -89.923818
-39.551876 17.746423 -89.923818
-39.360535 17.695154 -89.923818
-39.169193 17.746423 -89.923818
-39.029121 17.886495 -89.923818
-39.360535 18.077837 -89.999939
-38.147404 13.998878 -88.983551
-37.764720 13.998878 -89.059671
-37.815990 14.190220 -89.059671
-37.956062 14.330292 -89.059671
-38.147404 14.381562 -89.059671
-38.338745 14.330292 -89.059671
-38.478817 14.190220 -89.059671
-38.530087 13.998878 -89.059671
-38.478817 13.807537 -89.059671
-38.338745 13.667465 -89.059671
-38.147404 13.616195 -89.059671
-37.956062 13.667465 -89.059671
-37.815990 13.807537 -89.059671
-37.440297 13.998878 -89.276444
-37.535031 14.352432 -89.276444
-37.793850 14.611251 -89.276444
-38.147404 14.705985 -89.276444
-38.500957 14.611251 -89.276444
-38.759776 14.352432 -89.276444
-38.854510 13.998878 -89.276444
-38.759776 13.645325 -89.276444
-38.500957 13.386506 -89.276444
-38.147404 13.291772 -89.276444
-37.793850 13.386506 -89.276444
-37.535031 13.645325 -89.276444
-37.223524 13.998878 -89.600868
-37.347301 14.460818 -89.600868
-37.685464 14.798982 -89.600868
-38.147404 14.922758 -89.600868
-38.609343 14.798982 -89.600868
-38.947507 14.460818 -89.600868
-39.071283 13.998878 -89.600868
-38.947507 13.536939 -89.600868
-38.609343 13.198775 -89.600868
-38.147404 13.074999 -89.600868
-37.685464 13.198775 -89.600868
-37.347301 13.536939 -89.600868
-37.147404 13.998878 -89.983551
-37.281378 14.498878 -89.983551
-37.647404 14.864904 -89.983551
-38.147404 14.998878 -89.983551
-38.647404 14.864904 -89.983551
-39.013429 14.498878 -89.983551
-39.147404 13.998878 -89.983551
-39.013429 13.498878 -89.983551
-38.647404 13.132853 -89.983551
-38.147404 12.998878 -89.983551
-37.647404 13.132853 -89.983551
-37.281378 13.498878 -89.983551
-37.223524 13.998878 -90.366234
-37.347301 14.460818 -90.366234
-37.685464 14.798982 -90.366234
-38.147404 14.922758 -90.366234
-38.609343 14.798982 -90.366234
-38.947507 14.460818 -90.366234
-39.071283 13.998878 -90.366234
-38.947507 13.536939 -90.366234
-38.609343 13.198775 -90.366234
-38.147404 13.074999 -90.366234
-37.685464 13.198775 -90.366234
-37.347301 13.536939 -90.366234
-37.440297 13.998878 -90.690658
-37.535031 14.352432 -90.690658
-37.793850 14.611251 -90.690658
-38.147404 14.705985 -90.690658
-38.500957 14.611251 -90.690658
-38.759776 14.352432 -90.690658
-38.854510 13.998878 -90.690658
-38.759776 13.645325 -90.690658
-38.500957 13.386506 -90.690658
-38.147404 13.291772 -90.690658
-37.793850 13.386506 -90.690658
-37.535031 13.645325 -90.690658
-37.764720 13.998878 -90.907431
-37.815990 14.190220 -90.907431
-37.956062 14.330292 -90.907431
-38.147404 14.381562 -90.907431
-38.338745 14.330292 -90.907431
-38.478817 14.190220 -90.907431
-38.530087 13.998878 -90.907431
-38.478817 13.807537 -90.907431
-38.338745 13.667465 -90.907431
-38.147404 13.616195 -90.907431
-37.956062 13.667465 -90.907431
-37.815990 13.807537 -90.907431
-38.147404 13.998878 -90.983551
-37.038712 10.087283 -88.946640
-36.656028 10.087283 -89.022760
-36.707298 10.278625 -89.022760
-36.847370 10.418697 -89.022760
-37.038712 10.469967 -89.022760
-37.230053 10.418697 -89.022760
-37.370125 10.278625 -89.022760
-37.421395 10.087283 -89.022760
-37.370125 9.895941 -89.022760
-37.230053 9.755870 -89.022760
-37.038712 9.704600 -89.022760
-36.847370 9.755870 -89.022760
-36.707298 9.895941 -89.022760
-36.331605 10.087283 -89.239533
-36.426339 10.440837 -89.239533
-36.685158 10.699656 -89.239533
-37.038712 10.794390 -89.239533
-37.392265 10.699656 -89.239533
-37.651084 10.440837 -89.239533
-37.745818 10.087283 -89.239533
-37.651084 9.733730 -89.239533
-37.392265 9.474911 -89.239533
-37.038712 9.380176 -89.239533
-36.685158 9.474911 -89.239533
-36.426339 9.733730 -89.239533
-36.114832 10.087283 -89.563957
-36.238608 10.549223 -89.563957
-36.576772 10.887386 -89.563957
-37.038712 11.011163 -89.563957
-37.500651 10.887386 -89.563957
-37.838815 10.549223 -89.563957
-37.962591 10.087283 -89.563957
-37.838815 9.625343 -89.563957
-37.500651 9.287180 -89.563957
-37.038712 9.163404 -89.563957
-36.576772 9.287180 -89.563957
-36.238608 9.625343 -89.563957
-36.038712 10.087283 -89.946640
-36.172686 10.587283 -89.946640
-36.538712 10.953309 -89.946640
-37.038712 11.087283 -89.946640
-37.538712 10.953309 -89.946640
-37.904737 10.587283 -89.946640
-38.038712 10.087283 -89.946640
-37.904737 9.587283 -89.946640
-37.538712 9.221258 -89.946640
-37.038712 9.087283 -89.946640
-36.538712 9.221258 -89.946640
-36.172686 9.587283 -89.946640
-36.114832 10.087283 -90.329323
-36.238608 10.549223 -90.329323
-36.576772 10.887386 -90.329323
-37.038712 11.011163 -90.329323
-37.500651 10.887386 -90.329323
-37.838815 10.549223 -90.329323
-37.962591 10.087283 -90.329323
-37.838815 9.625343 -90.329323
-37.500651 9.287180 -90.329323
-37.038712 9.163404 -90.329323
-36.576772 9.287180 -90.329323
-36.238608 9.625343 -90.329323
-36.331605 10.087283 -90.653747
-36.426339 10.440837 -90.653747
-36.685158 10.699656 -90.653747
-37.038712 10.794390 -90.653747
-37.392265 10.699656 -90.653747
-37.651084 10.440837 -90.653747
-37.745818 10.087283 -90.653747
-37.651084 9.733730 -90.653747
-37.392265 9.474911 -90.653747
-37.038712 9.380176 -90.653747
-36.685158 9.474911 -90.653747
-36.426339 9.733730 -90.653747
-36.656028 10.087283 -90.870520
-36.707298 10.278625 -90.870520
-36.847370 10.418697 -90.870520
-37.038712 10.469967 -90.870520
-37.230053 10.418697 -90.870520
-37.370125 10.278625 -90.870520
-37.421395 10.087283 -90.870520
-37.370125 9.895941 -90.870520
-37.230053 9.755870 -90.870520
-37.038712 9.704600 -90.870520
-36.847370 9.755870 -90.870520
-36.707298 9.895941 -90.870520
-37.038712 10.087283 -90.946640
-35.870529 5.652102 -88.066162
-35.487846 5.652102 -88.142283
-35.539116 5.843443 -88.142283
-35.679187 5.983515 -88.142283
-35.870529 6.034785 -88.142283
-36.061871 5.983515 -88.142283
-36.201943 5.843443 -88.142283
-36.253213 5.652102 -88.142283
-36.201943 5.460760 -88.142283
-36.061871 5.320688 -88.142283
-35.870529 5.269418 -88.142283
-35.679187 5.320688 -88.142283
-35.539116 5.460760 -88.142283
-35.163422 5.652102 -88.359055
-35.258157 6.005655 -88.359055
-35.516976 6.264474 -88.359055
-35.870529 6.359208 -88.359055
-36.224083 6.264474 -88.359055
-36.482902 6.005655 -88.359055
-36.577636 5.652102 -88.359055
-36.482902 5.298548 -88.359055
-36.224083 5.039729 -88.359055
-35.870529 4.944995 -88.359055
-35.516976 5.039729 -88.359055
-35.258157 5.298548 -88.359055
-34.946650 5.652102 -88.683479
-35.070426 6.114041 -88.683479
-35.408589 6.452205 -88.683479
-35.870529 6.575981 -88.683479
-36.332469 6.452205 -88.683479
-36.670632 6.114041 -88.683479
-36.794409 5.652102 -88.683479
-36.670632 5.190162 -88.683479
-36.332469 4.851998 -88.683479
-35.870529 4.728222 -88.683479
-35.408589 4.851998 -88.683479
-35.070426 5.190162 -88.683479
-34.870529 5.652102 -89.066162
-35.004504 6.152102 -89.066162
-35.370529 6.518127 -89.066162
-35.870529 6.652102 -89.066162
-36.370529 6.518127 -89.066162
-36.736555 6.152102 -89.066162
-36.870529 5.652102 -89.066162
-36.736555 5.152102 -89.066162
-36.370529 4.786076 -89.066162
-35.870529 4.652102 -89.066162
-35.370529 4.786076 -89.066162
-35.004504 5.152102 -89.066162
-34.946650 5.652102 -89.448846
-35.070426 6.114041 -89.448846
-35.408589 6.452205 -89.448846
-35.870529 6.575981 -89.448846
-36.332469 6.452205 -89.448846
-36.670632 6.114041 -89.448846
-36.794409 5.652102 -89.448846
-36.670632 5.190162 -89.448846
-36.332469 4.851998 -89.448846
-35.870529 4.728222 -89.448846
-35.408589 4.851998 -89.448846
-35.070426 5.190162 -89.448846
-35.163422 5.652102 -89.773269
-35.258157 6.005655 -89.773269
-35.516976 6.264474 -89.773269
-35.870529 6.359208 -89.773269
-36.224083 6.264474 -89.773269
-36.482902 6.005655 -89.773269
-36.577636 5.652102 -89.773269
-36.482902 5.298548 -89.773269
-36.224083 5.039729 -89.773269
-35.870529 4.944995 -89.773269
-35.516976 5.039729 -89.773269
-35.258157 5.298548 -89.773269
-35.487846 5.652102 -89.990042
-35.539116 5.843443 -89.990042
-35.679187 5.983515 -89.990042
-35.870529 6.034785 -89.990042
-36.061871 5.983515 -89.990042
-36.201943 5.843443 -89.990042
-36.253213 5.652102 -89.990042
-36.201943 5.460760 -89.990042
-36.061871 5.320688 -89.990042
-35.870529 5.269418 -89.990042
-35.679187 5.320688 -89.990042
-35.539116 5.460760 -89.990042
-35.870529 5.652102 -90.066162
-33.379185 3.134307 -87.970764
-32.996501 3.134307 -88.046885
-33.047771 3.325649 -88.046885
-33.187843 3.465721 -88.046885
-33.379185 3.516991 -88.046885
-33.570526 3.465721 -88.046885
-33.710598 3.325649 -88.046885
-33.761868 3.134307 -88.046885
-33.710598 2.942966 -88.046885
-33.570526 2.802894 -88.046885
-33.379185 2.751624 -88.046885
-33.187843 2.802894 -88.046885
-33.047771 2.942966 -88.046885
-32.672078 3.134307 -88.263657
-32.766812 3.487861 -88.263657
-33.025631 3.746680 -88.263657
-33.379185 3.841414 -88.263657
-33.732738 3.746680 -88.263657
-33.991557 3.487861 -88.263657
-34.086292 3.134307 -88.263657
-33.991557 2.780754 -88.263657
-33.732738 2.521935 -88.263657
-33.379185 2.427201 -88.263657
-33.025631 2.521935 -88.263657
-32.766812 2.780754 -88.263657
-32.455305 3.134307 -88.588081
-32.579082 3.596247 -88.588081
-32.917245 3.934411 -88.588081
-33.379185 4.058187 -88.588081
-33.841124 3.934411 -88.588081
-34.179288 3.596247 -88.588081
-34.303064 3.134307 -88.588081
-34.179288 2.672368 -88.588081
-33.841124 2.334204 -88.588081
-33.379185 2.210428 -88.588081
-32.917245 2.334204 -88.588081
-32.579082 2.672368 -88.588081
-32.379185 3.134307 -88.970764
-32.513159 3.634307 -88.970764
-32.879185 4.000333 -88.970764
-33.379185 4.134307 -88.970764
-33.879185 4.000333 -88.970764
-34.245210 3.634307 -88.970764
-34.379185 3.134307 -88.970764
-34.245210 2.634307 -88.970764
-33.879185 2.268282 -88.970764
-33.379185 2.134307 -88.970764
-32.879185 2.268282 -88.970764
-32.513159 2.634307 -88.970764
-32.455305 3.134307 -89.353448
-32.579082 3.596247 -89.353448
-32.917245 3.934411 -89.353448
-33.379185 4.058187 -89.353448
-33.841124 3.934411 -89.353448
-34.179288 3.596247 -89.353448
-34.303064 3.134307 -89.353448
-34.179288 2.672368 -89.353448
-33.841124 2.334204 -89.353448
-33.379185 2.210428 -89.353448
-32.917245 2.334204 -89.353448
-32.579082 2.672368 -89.353448
-32.672078 3.134307 -89.677871
-32.766812 3.487861 -89.677871
-33.025631 3.746680 -89.677871
-33.379185 3.841414 -89.677871
-33.732738 3.746680 -89.677871
-33.991557 3.487861 -89.677871
-34.086292 3.134307 -89.677871
-33.991557 2.780754 -89.677871
-33.732738 2.521935 -89.677871
-33.379185 2.427201 -89.677871
-33.025631 2.521935 -89.677871
-32.766812 2.780754 -89.677871
-32.996501 3.134307 -89.894644
-33.047771 3.325649 -89.894644
-33.187843 3.465721 -89.894644
-33.379185 3.516991 -89.894644
-33.570526 3.465721 -89.894644
-33.710598 3.325649 -89.894644
-33.761868 3.134307 -89.894644
-33.710598 2.942966 -89.894644
-33.570526 2.802894 -89.894644
-33.379185 2.751624 -89.894644
-33.187843 2.802894 -89.894644
-33.047771 2.942966 -89.894644
-33.379185 3.134307 -89.970764
-31.028120 -0.282527 -87.171143
-30.645437 -0.282527 -87.247263
-30.696706 -0.091185 -87.247263
-30.836778 0.048887 -87.247263
-31.028120 0.100157 -87.247263
-31.219462 0.048887 -87.247263
-31.359534 -0.091185 -87.247263
-31.410803 -0.282527 -87.247263
-31.359534 -0.473868 -87.247263
-31.219462 -0.613940 -87.247263
-31.028120 -0.665210 -87.247263
-30.836778 -0.613940 -87.247263
-30.696706 -0.473868 -87.247263
-30.321013 -0.282527 -87.464036
-30.415748 0.071027 -87.464036
-30.674567 0.329846 -87.464036
-31.028120 0.424580 -87.464036
-31.381673 0.329846 -87.464036
-31.640492 0.071027 -87.464036
-31.735227 -0.282527 -87.464036
-31.640492 -0.636080 -87.464036
-31.381673 -0.894899 -87.464036
-31.028120 -0.989634 -87.464036
-30.674567 -0.894899 -87.464036
-30.415748 -0.636080 -87.464036
-30.104241 -0.282527 -87.788459
-30.228017 0.179413 -87.788459
-30.566180 0.517576 -87.788459
-31.028120 0.641353 -87.788459
-31.490060 0.517576 -87.788459
-31.828223 0.179413 -87.788459
-31.952000 -0.282527 -87.788459
-31.828223 -0.744467 -87.788459
-31.490060 -1.082630 -87.788459
-31.028120 -1.206406 -87.788459
-30.566180 -1.082630 -87.788459
-30.228017 -0.744467 -87.788459
-30.028120 -0.282527 -88.171143
-30.162095 0.217473 -88.171143
-30.528120 0.583499 -88.171143
-31.028120 0.717473 -88.171143
-31.528120 0.583499 -88.171143
-31.894145 0.217473 -88.171143
-32.028120 -0.282527 -88.171143
-31.894145 -0.782527 -88.171143
-31.528120 -1.148552 -88.171143
-31.028120 -1.282527 -88.171143
-30.528120 -1.148552 -88.171143
-30.162095 -0.782527 -88.171143
-30.104241 -0.282527 -88.553826
-30.228017 0.179413 -88.553826
-30.566180 0.517576 -88.553826
-31.028120 0.641353 -88.553826
-31.490060 0.517576 -88.553826
-31.828223 0.179413 -88.553826
-31.952000 -0.282527 -88.553826
-31.828223 -0.744467 -88.553826
-31.490060 -1.082630 -88.553826
-31.028120 -1.206406 -88.553826
-30.566180 -1.082630 -88.553826
-30.228017 -0.744467 -88.553826
-30.321013 -0.282527 -88.878249
-30.415748 0.071027 -88.878249
-30.674567 0.329846 -88.878249
-31.028120 0.424580 -88.878249
-31.381673 0.329846 -88.878249
-31.640492 0.071027 -88.878249
-31.735227 -0.282527 -88.878249
-31.640492 -0.636080 -88.878249
-31.381673 -0.894899 -88.878249
-31.028120 -0.989634 -88.878249
-30.674567 -0.894899 -88.878249
-30.415748 -0.636080 -88.878249
-30.645437 -0.282527 -89.095022
-30.696706 -0.091185 -89.095022
-30.836778 0.048887 -89.095022
-31.028120 0.100157 -89.095022
-31.219462 0.048887 -89.095022
-31.359534 -0.091185 -89.095022
-31.410803 -0.282527 -89.095022
-31.359534 -0.473868 -89.095022
-31.219462 -0.613940 -89.095022
-31.028120 -0.665210 -89.095022
-30.836778 -0.613940 -89.095022
-30.696706 -0.473868 -89.095022
-31.028120 -0.282527 -89.171143
-30.007057 -4.304413 -85.486206
-29.624374 -4.304413 -85.562327
-29.675644 -4.113071 -85.562327
-29.815715 -3.972999 -85.562327
-30.007057 -3.921729 -85.562327
-30.198399 -3.972999 -85.562327
-30.338471 -4.113071 -85.562327
-30.389741 -4.304413 -85.562327
-30.338471 -4.495755 -85.562327
-30.198399 -4.635826 -85.562327
-30.007057 -4.687096 -85.562327
-29.815715 -4.635826 -85.562327
-29.675644 -4.495755 -85.562327
-29.299950 -4.304413 -85.779099
-29.394685 -3.950859 -85.779099
-29.653504 -3.692040 -85.779099
-30.007057 -3.597306 -85.779099
-30.360611 -3.692040 -85.779099
-30.619430 -3.950859 -85.779099
-30.714164 -4.304413 -85.779099
-30.619430 -4.657966 -85.779099
-30.360611 -4.916785 -85.779099
-30.007057 -5.011520 -85.779099
-29.653504 -4.916785 -85.779099
-29.394685 -4.657966 -85.779099
-29.083178 -4.304413 -86.103523
-29.206954 -3.842473 -86.103523
-29.545117 -3.504310 -86.103523
-30.007057 -3.380533 -86.103523
-30.468997 -3.504310 -86.103523
-30.807160 -3.842473 -86.103523
-30.930937 -4.304413 -86.103523
-30.807160 -4.766353 -86.103523
-30.468997 -5.104516 -86.103523
-30.007057 -5.228292 -86.103523
-29.545117 -5.104516 -86.103523
-29.206954 -4.766353 -86.103523
-29.007057 -4.304413 -86.486206
-29.141032 -3.804413 -86.486206
-29.507057 -3.438387 -86.486206
-30.007057 -3.304413 -86.486206
-30.507057 -3.438387 -86.486206
-30.873083 -3.804413 -86.486206
-31.007057 -4.304413 -86.486206
-30.873083 -4.804413 -86.486206
-30.507057 -5.170438 -86.486206
-30.007057 -5.304413 -86.486206
-29.507057 -5.170438 -86.486206
-29.141032 -4.804413 -86.486206
-29.083178 -4.304413 -86.868889
-29.206954 -3.842473 -86.868889
-29.545117 -3.504310 -86.868889
-30.007057 -3.380533 -86.868889
-30.468997 -3.504310 -86.868889
-30.807160 -3.842473 -86.868889
-30.930937 -4.304413 -86.868889
-30.807160 -4.766353 -86.868889
-30.468997 -5.104516 -86.868889
-30.007057 -5.228292 -86.868889
-29.545117 -5.104516 -86.868889
-29.206954 -4.766353 -86.868889
-29.299950 -4.304413 -87.193313
-29.394685 -3.950859 -87.193313
-29.653504 -3.692040 -87.193313
-30.007057 -3.597306 -87.193313
-30.360611 -3.692040 -87.193313
-30.619430 -3.950859 -87.193313
-30.714164 -4.304413 -87.193313
-30.619430 -4.657966 -87.193313
-30.360611 -4.916785 -87.193313
-30.007057 -5.011520 -87.193313
-29.653504 -4.916785 -87.193313
-29.394685 -4.657966 -87.193313
-29.624374 -4.304413 -87.410086
-29.675644 -4.113071 -87.410086
-29.815715 -3.972999 -87.410086
-30.007057 -3.921729 -87.410086
-30.198399 -3.972999 -87.410086
-30.338471 -4.113071 -87.410086
-30.389741 -4.304413 -87.410086
-30.338471 -4.495755 -87.410086
-30.198399 -4.635826 -87.410086
-30.007057 -4.687096 -87.410086
-29.815715 -4.635826 -87.410086
-29.675644 -4.495755 -87.410086
-30.007057 -4.304413 -87.486206
31.987497 14.550570 -85.738770
32.370181 14.550570 -85.814890
32.318911 14.741912 -85.814890
32.178839 14.881984 -85.814890
31.987497 14.933254 -85.814890
31.796156 14.881984 -85.814890
31.656084 14.741912 -85.814890
31.604814 14.550570 -85.814890
31.656084 14.359229 -85.814890
31.796156 14.219157 -85.814890
31.987497 14.167887 -85.814890
32.178839 14.219157 -85.814890
32.318911 14.359229 -85.814890
32.694604 14.550570 -86.031663
32.599870 14.904124 -86.031663
32.341051 15.162943 -86.031663
31.987497 15.257677 -86.031663
31.633944 15.162943 -86.031663
31.375125 14.904124 -86.031663
31.280391 14.550570 -86.031663
31.375125 14.197017 -86.031663
31.633944 13.938198 -86.031663
31.987497 13.843464 -86.031663
32.341051 13.938198 -86.031663
32.599870 14.197017 -86.031663
32.911377 14.550570 -86.356086
32.787600 15.012510 -86.356086
32.449437 15.350674 -86.356086
31.987497 15.474450 -86.356086
31.525558 15.350674 -86.356086
31.187394 15.012510 -86.356086
31.063618 14.550570 -86.356086
31.187394 14.088631 -86.356086
31.525558 13.750467 -86.356086
31.987497 13.626691 -86.356086
32.449437 13.750467 -86.356086
32.787600 14.088631 -86.356086
32.987497 14.550570 -86.738770
32.853523 15.050570 -86.738770
32.487497 15.416596 -86.738770
31.987497 15.550570 -86.738770
31.487497 15.416596 -86.738770
31.121472 15.050570 -86.738770
30.987497 14.550570 -86.738770
31.121472 14.050570 -86.738770
31.487497 13.684545 -86.738770
31.987497 13.550570 -86.738770
32.487497 13.684545 -86.738770
32.853523 14.050570 -86.738770
32.911377 14.550570 -87.121453
32.787600 15.012510 -87.121453
32.449437 15.350674 -87.121453
31.987497 15.474450 -87.121453
31.525558 15.350674 -87.121453
31.187394 15.012510 -87.121453
31.063618 14.550570 -87.121453
31.187394 14.088631 -87.121453
31.525558 13.750467 -87.121453
31.987497 13.626691 -87.121453
32.449437 13.750467 -87.121453
32.787600 14.088631 -87.121453
32.694604 14.550570 -87.445876
32.599870 14.904124 -87.445876
32.341051 15.162943 -87.445876
31.987497 15.257677 -87.445876
31.633944 15.162943 -87.445876
31.375125 14.904124 -87.445876
31.280391 14.550570 -87.445876
31.375125 14.197017 -87.445876
31.633944 13.938198 -87.445876
31.987497 13.843464 -87.445876
32.341051 13.938198 -87.445876
32.599870 14.197017 -87.445876
32.370181 14.550570 -87.662649
32.318911 14.741912 -87.662649
32.178839 14.881984 -87.662649
31.987497 14.933254 -87.662649
31.796156 14.881984 -87.662649
31.656084 14.741912 -87.662649
31.604814 14.550570 -87.662649
31.656084 14.359229 -87.662649
31.796156 14.219157 -87.662649
31.987497 14.167887 -87.662649
32.178839 14.219157 -87.662649
32.318911 14.359229 -87.662649
31.987497 14.550570 -87.738770
34.781590 17.816792 -79.568314
35.164273 17.816792 -79.644434
35.113003 18.008133 -79.644434
34.972931 18.148205 -79.644434
34.781590 18.199475 -79.644434
34.590248 18.148205 -79.644434
34.450176 18.008133 -79.644434
34.398906 17.816792 -79.644434
34.450176 17.625450 -79.644434
34.590248 17.485378 -79.644434
34.781590 17.434108 -79.644434
34.972931 17.485378 -79.644434
35.113003 17.625450 -79.644434
35.488696 17.816792 -79.861207
35.393962 18.170345 -79.861207
35.135143 18.429164 -79.861207
34.781590 18.523898 -79.861207
34.428036 18.429164 -79.861207
34.169217 18.170345 -79.861207
34.074483 17.816792 -79.861207
34.169217 17.463238 -79.861207
34.428036 17.204419 -79.861207
34.781590 17.109685 -79.861207
35.135143 17.204419 -79.861207
35.393962 17.463238 -79.861207
35.705469 17.816792 -80.185630
35.581693 18.278731 -80.185630
35.243529 18.616895 -80.185630
34.781590 18.740671 -80.185630
34.319650 18.616895 -80.185630
33.981486 18.278731 -80.185630
33.857710 17.816792 -80.185630
33.981486 17.354852 -80.185630
34.319650 17.016688 -80.185630
34.781590 16.892912 -80.185630
35.243529 17.016688 -80.185630
35.581693 17.354852 -80.185630
35.781590 17.816792 -80.568314
35.647615 18.316792 -80.568314
35.281590 18.682817 -80.568314
34.781590 18.816792 -80.568314
34.281590 18.682817 -80.568314
33.915564 18.316792 -80.568314
33.781590 17.816792 -80.568314
33.915564 17.316792 -80.568314
34.281590 16.950766 -80.568314
34.781590 16.816792 -80.568314
35.281590 16.950766 -80.568314
35.647615 17.316792 -80.568314
35.705469 17.816792 -80.950997
35.581693 18.278731 -80.950997
35.243529 18.616895 -80.950997
34.781590 18.740671 -80.950997
34.319650 18.616895 -80.950997
33.981486 18.278731 -80.950997
33.857710 17.816792 -80.950997
33.981486 17.354852 -80.950997
34.319650 17.016688 -80.950997
34.781590 16.892912 -80.950997
35.243529 17.016688 -80.950997
35.581693 17.354852 -80.950997
35.488696 17.816792 -81.275420
35.393962 18.170345 -81.275420
35.135143 18.429164 -81.275420
34.781590 18.523898 -81.275420
34.428036 18.429164 -81.275420
34.169217 18.170345 -81.275420
34.074483 17.816792 -81.275420
34.169217 17.463238 -81.275420
34.428036 17.204419 -81.275420
34.781590 17.109685 -81.275420
35.135143 17.204419 -81.275420
35.393962 17.463238 -81.275420
35.164273 17.816792 -81.492193
35.113003 18.008133 -81.492193
34.972931 18.148205 -81.492193
34.781590 18.199475 -81.492193
34.590248 18.148205 -81.492193
34.450176 18.008133 -81.492193
34.398906 17.816792 -81.492193
34.450176 17.625450 -81.492193
34.590248 17.485378 -81.492193
34.781590 17.434108 -81.492193
34.972931 17.485378 -81.492193
35.113003 17.625450 -81.492193
34.781590 17.816792 -81.568314
38.420589 20.408710 -78.902962
38.803273 20.408710 -78.979082
38.752003 20.600052 -78.979082
38.611931 20.740124 -78.979082
38.420589 20.791394 -78.979082
38.229248 20.740124 -78.979082
38.089176 20.600052 -78.979082
38.037906 20.408710 -78.979082
38.089176 20.217369 -78.979082
38.229248 20.077297 -78.979082
38.420589 20.026027 -78.979082
38.611931 20.077297 -78.979082
38.752003 20.217369 -78.979082
39.127696 20.408710 -79.195855
39.032962 20.762264 -79.195855
38.774143 21.021083 -79.195855
38.420589 21.115817 -79.195855
38.067036 21.021083 -79.195855
37.808217 20.762264 -79.195855
37.713483 20.408710 -79.195855
37.808217 20.055157 -79.195855
38.067036 19.796338 -79.195855
38.420589 19.701604 -79.195855
38.774143 19.796338 -79.195855
39.032962 20.055157 -79.195855
39.344469 20.408710 -79.520278
39.220693 20.870650 -79.520278
38.882529 21.208814 -79.520278
38.420589 21.332590 -79.520278
37.958650 21.208814 -79.520278
37.620486 20.870650 -79.520278
37.496710 20.408710 -79.520278
37.620486 19.946771 -79.520278
37.958650 19.608607 -79.520278
38.420589 19.484831 -79.520278
38.882529 19.608607 -79.520278
39.220693 19.946771 -79.520278
39.420589 20.408710 -79.902962
39.286615 20.908710 -79.902962
38.920589 21.274736 -79.902962
38.420589 21.408710 -79.902962
37.920589 21.274736 -79.902962
37.554564 20.908710 -79.902962
37.420589 20.408710 -79.902962
37.554564 19.908710 -79.902962
37.920589 19.542685 -79.902962
38.420589 19.408710 -79.902962
38.920589 19.542685 -79.902962
39.286615 19.908710 -79.902962
39.344469 20.408710 -80.285645
39.220693 20.870650 -80.285645
38.882529 21.208814 -80.285645
38.420589 21.332590 -80.285645
37.958650 21.208814 -80.285645
37.620486 20.870650 -80.285645
37.496710 20.408710 -80.285645
37.620486 19.946771 -80.285645
37.958650 19.608607 -80.285645
38.420589 19.484831 -80.285645
38.882529 19.608607 -80.285645
39.220693 19.946771 -80.285645
39.127696 20.408710 -80.610069
39.032962 20.762264 -80.610069
38.774143 21.021083 -80.610069
38.420589 21.115817 -80.610069
38.067036 21.021083 -80.610069
37.808217 20.762264 -80.610069
37.713483 20.408710 -80.610069
37.808217 20.055157 -80.610069
38.067036 19.796338 -80.610069
38.420589 19.701604 -80.610069
38.774143 19.796338 -80.610069
39.032962 20.055157 -80.610069
38.803273 20.408710 -80.826841
38.752003 20.600052 -80.826841
38.611931 20.740124 -80.826841
38.420589 20.791394 -80.826841
38.229248 20.740124 -80.826841
38.089176 20.600052 -80.826841
38.037906 20.408710 -80.826841
38.089176 20.217369 -80.826841
38.229248 20.077297 -80.826841
38.420589 20.026027 -80.826841
38.611931 20.077297 -80.826841
38.752003 20.217369 -80.826841
38.420589 20.408710 -80.902962
41.060265 23.608217 -78.612144
41.442948 23.608217 -78.688265
41.391678 23.799559 -78.688265
41.251606 23.939631 -78.688265
41.060265 23.990901 -78.688265
40.868923 23.939631 -78.688265
40.728851 23.799559 -78.688265
40.677581 23.608217 -78.688265
40.728851 23.416876 -78.688265
40.868923 23.276804 -78.688265
41.060265 23.225534 -78.688265
41.251606 23.276804 -78.688265
41.391678 23.416876 -78.688265
41.767371 23.608217 -78.905038
41.672637 23.961771 -78.905038
41.413818 24.220590 -78.905038
41.060265 24.315324 -78.905038
40.706711 24.220590 -78.905038
40.447892 23.961771 -78.905038
40.353158 23.608217 -78.905038
40.447892 23.254664 -78.905038
40.706711 22.995845 -78.905038
41.060265 22.901110 -78.905038
41.413818 22.995845 -78.905038
41.672637 23.254664 -78.905038
41.984144 23.608217 -79.229461
41.860368 24.070157 -79.229461
41.522204 24.408320 -79.229461
41.060265 24.532097 -79.229461
40.598325 24.408320 -79.229461
40.260161 24.070157 -79.229461
40.136385 23.608217 -79.229461
40.260161 23.146277 -79.229461
40.598325 22.808114 -79.229461
41.060265 22.684338 -79.229461
41.522204 22.808114 -79.229461
41.860368 23.146277 -79.229461
42.060265 23.608217 -79.612144
41.926290 24.108217 -79.612144
41.560265 24.474243 -79.612144
41.060265 24.608217 -79.612144
40.560265 24.474243 -79.612144
40.194239 24.108217 -79.612144
40.060265 23.608217 -79.612144
40.194239 23.108217 -79.612144
40.560265 22.742192 -79.612144
41.060265 22.608217 -79.612144
41.560265 22.742192 -79.612144
41.926290 23.108217 -79.612144
41.984144 23.608217 -79.994828
41.860368 24.070157 -79.994828
41.522204 24.408320 -79.994828
41.060265 24.532097 -79.994828
40.598325 24.408320 -79.994828
40.260161 24.070157 -79.994828
40.136385 23.608217 -79.994828
40.260161 23.146277 -79.994828
40.598325 22.808114 -79.994828
41.060265 22.684338 -79.994828
41.522204 22.808114 -79.994828
41.860368 23.146277 -79.994828
41.767371 23.608217 -80.319251
41.672637 23.961771 -80.319251
41.413818 24.220590 -80.319251
41.060265 24.315324 -80.319251
40.706711 24.220590 -80.319251
40.447892 23.961771 -80.319251
40.353158 23.608217 -80.319251
40.447892 23.254664 -80.319251
40.706711 22.995845 -80.319251
41.060265 22.901110 -80.319251
41.413818 22.995845 -80.319251
41.672637 23.254664 -80.319251
41.442948 23.608217 -80.536024
41.391678 23.799559 -80.536024
41.251606 23.939631 -80.536024
41.060265 23.990901 -80.536024
40.868923 23.939631 -80.536024
40.728851 23.799559 -80.536024
40.677581 23.608217 -80.536024
40.728851 23.416876 -80.536024
40.868923 23.276804 -80.536024
41.060265 23.225534 -80.536024
41.251606 23.276804 -80.536024
41.391678 23.416876 -80.536024
41.060265 23.608217 -80.612144
45.193794 25.623569 -78.029938
45.576478 25.623569 -78.106058
45.525208 25.814911 -78.106058
45.385136 25.954983 -78.106058
45.193794 26.006253 -78.106058
45.002453 25.954983 -78.106058
44.862381 25.814911 -78.106058
44.811111 25.623569 -78.106058
44.862381 25.432228 -78.106058
45.002453 25.292156 -78.106058
45.193794 25.240886 -78.106058
45.385136 25.292156 -78.106058
45.525208 25.432228 -78.106058
45.900901 25.623569 -78.322831
45.806167 25.977123 -78.322831
45.547348 26.235942 -78.322831
45.193794 26.330676 -78.322831
44.840241 26.235942 -78.322831
44.581422 25.977123 -78.322831
44.486687 25.623569 -78.322831
44.581422 25.270016 -78.322831
44.840241 25.011197 -78.322831
45.193794 24.916463 -78.322831
45.547348 25.011197 -78.322831
45.806167 25.270016 -78.322831
46.117674 25.623569 -78.647254
45.993897 26.085509 -78.647254
45.655734 26.423673 -78.647254
45.193794 26.547449 -78.647254
44.731854 26.423673 -78.647254
44.393691 26.085509 -78.647254
44.269915 25.623569 -78.647254
44.393691 25.161630 -78.647254
44.731854 24.823466 -78.647254
45.193794 24.699690 -78.647254
45.655734 24.823466 -78.647254
45.993897 25.161630 -78.647254
46.193794 25.623569 -79.029938
46.059820 26.123569 -79.029938
45.693794 26.489595 -79.029938
45.193794 26.623569 -79.029938
44.693794 26.489595 -79.029938
44.327769 26.123569 -79.029938
44.193794 25.623569 -79.029938
44.327769 25.123569 -79.029938
44.693794 24.757544 -79.029938
45.193794 24.623569 -79.029938
45.693794 24.757544 -79.029938
46.059820 25.123569 -79.029938
46.117674 25.623569 -79.412621
45.993897 26.085509 -79.412621
45.655734 26.423673 -79.412621
45.193794 26.547449 -79.412621
44.731854 26.423673 -79.412621
44.393691 26.085509 -79.412621
44.269915 25.623569 -79.412621
44.393691 25.161630 -79.412621
44.731854 24.823466 -79.412621
45.193794 24.699690 -79.412621
45.655734 24.823466 -79.412621
45.993897 25.161630 -79.412621
45.900901 25.623569 -79.737045
45.806167 25.977123 -79.737045
45.547348 26.235942 -79.737045
45.193794 26.330676 -79.737045
44.840241 26.235942 -79.737045
44.581422 25.977123 -79.737045
44.486687 25.623569 -79.737045
44.581422 25.270016 -79.737045
44.840241 25.011197 -79.737045
45.193794 24.916463 -79.737045
45.547348 25.011197 -79.737045
45.806167 25.270016 -79.737045
45.576478 25.623569 -79.953817
45.525208 25.814911 -79.953817
45.385136 25.954983 -79.953817
45.193794 26.006253 -79.953817
45.002453 25.954983 -79.953817
44.862381 25.814911 -79.953817
44.811111 25.623569 -79.953817
44.862381 25.432228 -79.953817
45.002453 25.292156 -79.953817
45.193794 25.240886 -79.953817
45.385136 25.292156 -79.953817
45.525208 25.432228 -79.953817
45.193794 25.623569 -80.029938
48.641979 27.058445 -76.551605
49.024663 27.058445 -76.627726
48.973393 27.249787 -76.627726
48.833321 27.389859 -76.627726
48.641979 27.441128 -76.627726
48.450638 27.389859 -76.627726
48.310566 27.249787 -76.627726
48.259296 27.058445 -76.627726
48.310566 26.867103 -76.627726
48.450638 26.727031 -76.627726
48.641979 26.675762 -76.627726
48.833321 26.727031 -76.627726
48.973393 26.867103 -76.627726
49.349086 27.058445 -76.844498
49.254352 27.411998 -76.844498
48.995533 27.670817 -76.844498
48.641979 27.765552 -76.844498
48.288426 27.670817 -76.844498
48.029607 27.411998 -76.844498
47.934872 27.058445 -76.844498
48.029607 26.704892 -76.844498
48.288426 26.446073 -76.844498
48.641979 26.351338 -76.844498
48.995533 26.446073 -76.844498
49.254352 26.704892 -76.844498
49.565859 27.058445 -77.168922
49.442082 27.520385 -77.168922
49.103919 27.858548 -77.168922
48.641979 27.982325 -77.168922
48.180039 27.858548 -77.168922
47.841876 27.520385 -77.168922
47.718100 27.058445 -77.168922
47.841876 26.596505 -77.168922
48.180039 26.258342 -77.168922
48.641979 26.134565 -77.168922
49.103919 26.258342 -77.168922
49.442082 26.596505 -77.168922
49.641979 27.058445 -77.551605
49.508005 27.558445 -77.551605
49.141979 27.924470 -77.551605
48.641979 28.058445 -77.551605
48.141979 27.924470 -77.551605
47.775954 27.558445 -77.551605
47.641979 27.058445 -77.551605
47.775954 26.558445 -77.551605
48.141979 26.192420 -77.551605
48.641979 26.058445 -77.551605
49.141979 26.192420 -77.551605
49.508005 26.558445 -77.551605
49.565859 27.058445 -77.934289
49.442082 27.520385 -77.934289
49.103919 27.858548 -77.934289
48.641979 27.982325 -77.934289
48.180039 27.858548 -77.934289
47.841876 27.520385 -77.934289
47.718100 27.058445 -77.934289
47.841876 26.596505 -77.934289
48.180039 26.258342 -77.934289
48.641979 26.134565 -77.934289
49.103919 26.258342 -77.934289
49.442082 26.596505 -77.934289
49.349086 27.058445 -78.258712
49.254352 27.411998 -78.258712
48.995533 27.670817 -78.258712
48.641979 27.765552 -78.258712
48.288426 27.670817 -78.258712
48.029607 27.411998 -78.258712
47.934872 27.058445 -78.258712
48.029607 26.704892 -78.258712
48.288426 26.446073 -78.258712
48.641979 26.351338 -78.258712
48.995533 26.446073 -78.258712
49.254352 26.704892 -78.258712
49.024663 27.058445 -78.475485
48.973393 27.249787 -78.475485
48.833321 27.389859 -78.475485
48.641979 27.441128 -78.475485
48.450638 27.389859 -78.475485
48.310566 27.249787 -78.475485
48.259296 27.058445 -78.475485
48.310566 26.867103 -78.475485
48.450638 26.727031 -78.475485
48.641979 26.675762 -78.475485
48.833321 26.727031 -78.475485
48.973393 26.867103 -78.475485
48.641979 27.058445 -78.551605
51.800198 25.234640 -75.299385
52.182881 25.234640 -75.375506
52.131611 25.425982 -75.375506
51.991539 25.566054 -75.375506
51.800198 25.617324 -75.375506
51.608856 25.566054 -75.375506
51.468784 25.425982 -75.375506
51.417514 25.234640 -75.375506
51.468784 25.043298 -75.375506
51.608856 24.903227 -75.375506
51.800198 24.851957 -75.375506
51.991539 24.903227 -75.375506
52.131611 25.043298 -75.375506
52.507304 25.234640 -75.592278
52.412570 25.588194 -75.592278
52.153751 25.847013 -75.592278
51.800198 25.941747 -75.592278
51.446644 25.847013 -75.592278
51.187825 25.588194 -75.592278
51.093091 25.234640 -75.592278
51.187825 24.881087 -75.592278
51.446644 24.622268 -75.592278
51.800198 24.527533 -75.592278
52.153751 24.622268 -75.592278
52.412570 24.881087 -75.592278
52.724077 25.234640 -75.916702
52.600301 25.696580 -75.916702
52.262137 26.034743 -75.916702
51.800198 26.158520 -75.916702
51.338258 26.034743 -75.916702
51.000094 25.696580 -75.916702
50.876318 25.234640 -75.916702
51.000094 24.772700 -75.916702
51.338258 24.434537 -75.916702
51.800198 24.310761 -75.916702
52.262137 24.434537 -75.916702
52.600301 24.772700 -75.916702
52.800198 25.234640 -76.299385
52.666223 25.734640 -76.299385
52.300198 26.100666 -76.299385
51.800198 26.234640 -76.299385
51.300198 26.100666 -76.299385
50.934172 25.734640 -76.299385
50.800198 25.234640 -76.299385
50.934172 24.734640 -76.299385
51.300198 24.368615 -76.299385
51.800198 24.234640 -76.299385
52.300198 24.368615 -76.299385
52.666223 24.734640 -76.299385
52.724077 25.234640 -76.682069
52.600301 25.696580 -76.682069
52.262137 26.034743 -76.682069
51.800198 26.158520 -76.682069
51.338258 26.034743 -76.682069
51.000094 25.696580 -76.682069
50.876318 25.234640 -76.682069
51.000094 24.772700 -76.682069
51.338258 24.434537 -76.682069
51.800198 24.310761 -76.682069
52.262137 24.434537 -76.682069
52.600301 24.772700 -76.682069
52.507304 25.234640 -77.006492
52.412570 25.588194 -77.006492
52.153751 25.847013 -77.006492
51.800198 25.941747 -77.006492
51.446644 25.847013 -77.006492
51.187825 25.588194 -77.006492
51.093091 25.234640 -77.006492
51.187825 24.881087 -77.006492
51.446644 24.622268 -77.006492
51.800198 24.527533 -77.006492
52.153751 24.622268 -77.006492
52.412570 24.881087 -77.006492
52.182881 25.234640 -77.223265
52.131611 25.425982 -77.223265
51.991539 25.566054 -77.223265
51.800198 25.617324 -77.223265
51.608856 25.566054 -77.223265
51.468784 25.425982 -77.223265
51.417514 25.234640 -77.223265
51.468784 25.043298 -77.223265
51.608856 24.903227 -77.223265
51.800198 24.851957 -77.223265
51.991539 24.903227 -77.223265
52.131611 25.043298 -77.223265
51.800198 25.234640 -77.299385
56.250736 21.573441 -72.831497
56.633420 21.573441 -72.907618
56.582150 21.764782 -72.907618
56.442078 21.904854 -72.907618
56.250736 21.956124 -72.907618
56.059395 21.904854 -72.907618
55.919323 21.764782 -72.907618
55.868053 21.573441 -72.907618
55.919323 21.382099 -72.907618
56.059395 21.242027 -72.907618
56.250736 21.190757 -72.907618
56.442078 21.242027 -72.907618
56.582150 21.382099 -72.907618
56.957843 21.573441 -73.124390
56.863109 21.926994 -73.124390
56.604290 22.185813 -73.124390
56.250736 22.280547 -73.124390
55.897183 22.185813 -73.124390
55.638364 21.926994 -73.124390
55.543629 21.573441 -73.124390
55.638364 21.219887 -73.124390
55.897183 20.961068 -73.124390
56.250736 20.866334 -73.124390
56.604290 20.961068 -73.124390
56.863109 21.219887 -73.124390
57.174616 21.573441 -73.448814
57.050839 22.035380 -73.448814
56.712676 22.373544 -73.448814
56.250736 22.497320 -73.448814
55.788796 22.373544 -73.448814
55.450633 22.035380 -73.448814
55.326857 21.573441 -73.448814
55.450633 21.111501 -73.448814
55.788796 20.773337 -73.448814
56.250736 20.649561 -73.448814
56.712676 20.773337 -73.448814
57.050839 21.111501 -73.448814
57.250736 21.573441 -73.831497
57.116762 22.073441 -73.831497
56.750736 22.439466 -73.831497
56.250736 22.573441 -73.831497
55.750736 22.439466 -73.831497
55.384711 22.073441 -73.831497
55.250736 21.573441 -73.831497
55.384711 21.073441 -73.831497
55.750736 20.707415 -73.831497
56.250736 20.573441 -73.831497
56.750736 20.707415 -73.831497
57.116762 21.073441 -73.831497
57.174616 21.573441 -74.214181
57.050839 22.035380 -74.214181
56.712676 22.373544 -74.214181
56.250736 22.497320 -74.214181
55.788796 22.373544 -74.214181
55.450633 22.035380 -74.214181
55.326857 21.573441 -74.214181
55.450633 21.111501 -74.214181
55.788796 20.773337 -74.214181
56.250736 20.649561 -74.214181
56.712676 20.773337 -74.214181
57.050839 21.111501 -74.214181
56.957843 21.573441 -74.538604
56.863109 21.926994 -74.538604
56.604290 22.185813 -74.538604
56.250736 22.280547 -74.538604
55.897183 22.185813 -74.538604
55.638364 21.926994 -74.538604
55.543629 21.573441 -74.538604
55.638364 21.219887 -74.538604
55.897183 20.961068 -74.538604
56.250736 20.866334 -74.538604
56.604290 20.961068 -74.538604
56.863109 21.219887 -74.538604
56.633420 21.573441 -74.755377
56.582150 21.764782 -74.755377
56.442078 21.904854 -74.755377
56.250736 21.956124 -74.755377
56.059395 21.904854 -74.755377
55.919323 21.764782 -74.755377
55.868053 21.573441 -74.755377
55.919323 21.382099 -74.755377
56.059395 21.242027 -74.755377
56.250736 21.190757 -74.755377
56.442078 21.242027 -74.755377
56.582150 21.382099 -74.755377
56.250736 21.573441 -74.831497
61.122730 12.105027 -74.443726
61.505414 12.105027 -74.519846
61.454144 12.296369 -74.519846
61.314072 12.436441 -74.519846
61.122730 12.487711 -74.519846
60.931389 12.436441 -74.519846
60.791317 12.296369 -74.519846
60.740047 12.105027 -74.519846
60.791317 11.913685 -74.519846
60.931389 11.773614 -74.519846
61.122730 11.722344 -74.519846
61.314072 11.773614 -74.519846
61.454144 11.913685 -74.519846
61.829837 12.105027 -74.736619
61.735103 12.458581 -74.736619
61.476284 12.717400 -74.736619
61.122730 12.812134 -74.736619
60.769177 12.717400 -74.736619
60.510358 12.458581 -74.736619
60.415623 12.105027 -74.736619
60.510358 11.751474 -74.736619
60.769177 11.492655 -74.736619
61.122730 11.397920 -74.736619
61.476284 11.492655 -74.736619
61.735103 11.751474 -74.736619
62.046610 12.105027 -75.061042
61.922833 12.566967 -75.061042
61.584670 12.905130 -75.061042
61.122730 13.028907 -75.061042
60.660790 12.905130 -75.061042
60.322627 12.566967 -75.061042
60.198851 12.105027 -75.061042
60.322627 11.643087 -75.061042
60.660790 11.304924 -75.061042
61.122730 11.181148 -75.061042
61.584670 11.304924 -75.061042
61.922833 11.643087 -75.061042
62.122730 12.105027 -75.443726
61.988756 12.605027 -75.443726
61.622730 12.971053 -75.443726
61.122730 13.105027 -75.443726
60.622730 12.971053 -75.443726
60.256705 12.605027 -75.443726
60.122730 12.105027 -75.443726
60.256705 11.605027 -75.443726
60.622730 11.239002 -75.443726
61.122730 11.105027 -75.443726
61.622730 11.239002 -75.443726
61.988756 11.605027 -75.443726
62.046610 12.105027 -75.826409
61.922833 12.566967 -75.826409
61.584670 12.905130 -75.826409
61.122730 13.028907 -75.826409
60.660790 12.905130 -75.826409
60.322627 12.566967 -75.826409
60.198851 12.105027 -75.826409
60.322627 11.643087 -75.826409
60.660790 11.304924 -75.826409
61.122730 11.181148 -75.826409
61.584670 11.304924 -75.826409
61.922833 11.643087 -75.826409
61.829837 12.105027 -76.150832
61.735103 12.458581 -76.150832
61.476284 12.717400 -76.150832
61.122730 12.812134 -76.150832
60.769177 12.717400 -76.150832
60.510358 12.458581 -76.150832
60.415623 12.105027 -76.150832
60.510358 11.751474 -76.150832
60.769177 11.492655 -76.150832
61.122730 11.397920 -76.150832
61.476284 11.492655 -76.150832
61.735103 11.751474 -76.150832
61.505414 12.105027 -76.367605
61.454144 12.296369 -76.367605
61.314072 12.436441 -76.367605
61.122730 12.487711 -76.367605
60.931389 12.436441 -76.367605
60.791317 12.296369 -76.367605
60.740047 12.105027 -76.367605
60.791317 11.913685 -76.367605
60.931389 11.773614 -76.367605
61.122730 11.722344 -76.367605
61.314072 11.773614 -76.367605
61.454144 11.913685 -76.367605
61.122730 12.105027 -76.443726
64.242279 8.046946 -71.908592
64.624962 8.046946 -71.984713
64.573693 8.238287 -71.984713
64.433621 8.378359 -71.984713
64.242279 8.429629 -71.984713
64.050937 8.378359 -71.984713
63.910865 8.238287 -71.984713
63.859596 8.046946 -71.984713
63.910865 7.855604 -71.984713
64.050937 7.715532 -71.984713
64.242279 7.664262 -71.984713
64.433621 7.715532 -71.984713
64.573693 7.855604 -71.984713
64.949386 8.046946 -72.201485
64.854651 8.400499 -72.201485
64.595832 8.659318 -72.201485
64.242279 8.754052 -72.201485
63.888726 8.659318 -72.201485
63.629907 8.400499 -72.201485
63.535172 8.046946 -72.201485
63.629907 7.693392 -72.201485
63.888726 7.434573 -72.201485
64.242279 7.339839 -72.201485
64.595832 7.434573 -72.201485
64.854651 7.693392 -72.201485
65.166159 8.046946 -72.525909
65.042382 8.508885 -72.525909
64.704219 8.847049 -72.525909
64.242279 8.970825 -72.525909
63.780339 8.847049 -72.525909
63.442176 8.508885 -72.525909
63.318400 8.046946 -72.525909
63.442176 7.585006 -72.525909
63.780339 7.246842 -72.525909
64.242279 7.123066 -72.525909
64.704219 7.246842 -72.525909
65.042382 7.585006 -72.525909
65.242279 8.046946 -72.908592
65.108304 8.546946 -72.908592
64.742279 8.912971 -72.908592
64.242279 9.046946 -72.908592
63.742279 8.912971 -72.908592
63.376254 8.546946 -72.908592
63.242279 8.046946 -72.908592
63.376254 7.546946 -72.908592
63.742279 7.180920 -72.908592
64.242279 7.046946 -72.908592
64.742279 7.180920 -72.908592
65.108304 7.546946 -72.908592
65.166159 8.046946 -73.291276
65.042382 8.508885 -73.291276
64.704219 8.847049 -73.291276
64.242279 8.970825 -73.291276
63.780339 8.847049 -73.291276
63.442176 8.508885 -73.291276
63.318400 8.046946 -73.291276
63.442176 7.585006 -73.291276
63.780339 7.246842 -73.291276
64.242279 7.123066 -73.291276
64.704219 7.246842 -73.291276
65.042382 7.585006 -73.291276
64.949386 8.046946 -73.615699
64.854651 8.400499 -73.615699
64.595832 8.659318 -73.615699
64.242279 8.754052 -73.615699
63.888726 8.659318 -73.615699
63.629907 8.400499 -73.615699
63.535172 8.046946 -73.615699
63.629907 7.693392 -73.615699
63.888726 7.434573 -73.615699
64.242279 7.339839 -73.615699
64.595832 7.434573 -73.615699
64.854651 7.693392 -73.615699
64.624962 8.046946 -73.832472
64.573693 8.238287 -73.832472
64.433621 8.378359 -73.832472
64.242279 8.429629 -73.832472
64.050937 8.378359 -73.832472
63.910865 8.238287 -73.832472
63.859596 8.046946 -73.832472
63.910865 7.855604 -73.832472
64.050937 7.715532 -73.832472
64.242279 7.664262 -73.832472
64.433621 7.715532 -73.832472
64.573693 7.855604 -73.832472
64.242279 8.046946 -73.908592
65.627632 0.040755 -73.120026
66.010316 0.040755 -73.196146
65.959046 0.232097 -73.196146
65.818974 0.372169 -73.196146
65.627632 0.423439 -73.196146
65.436290 0.372169 -73.196146
65.296219 0.232097 -73.196146
65.244949 0.040755 -73.196146
65.296219 -0.150586 -73.196146
65.436290 -0.290658 -73.196146
65.627632 -0.341928 -73.196146
65.818974 -0.290658 -73.196146
65.959046 -0.150586 -73.196146
66.334739 0.040755 -73.412919
66.240005 0.394309 -73.412919
65.981186 0.653128 -73.412919
65.627632 0.747862 -73.412919
65.274079 0.653128 -73.412919
65.015260 0.394309 -73.412919
64.920525 0.040755 -73.412919
65.015260 -0.312798 -73.412919
65.274079 -0.571617 -73.412919
65.627632 -0.666352 -73.412919
65.981186 -0.571617 -73.412919
66.240005 -0.312798 -73.412919
66.551512 0.040755 -73.737342
66.427735 0.502695 -73.737342
66.089572 0.840858 -73.737342
65.627632 0.964635 -73.737342
65.165692 0.840858 -73.737342
64.827529 0.502695 -73.737342
64.703753 0.040755 -73.737342
64.827529 -0.421185 -73.737342
65.165692 -0.759348 -73.737342
65.627632 -0.883124 -73.737342
66.089572 -0.759348 -73.737342
66.427735 -0.421185 -73.737342
66.627632 0.040755 -74.120026
66.493658 0.540755 -74.120026
66.127632 0.906781 -74.120026
65.627632 1.040755 -74.120026
65.127632 0.906781 -74.120026
64.761607 0.540755 -74.120026
64.627632 0.040755 -74.120026
64.761607 -0.459245 -74.120026
65.127632 -0.825270 -74.120026
65.627632 -0.959245 -74.120026
66.127632 -0.825270 -74.120026
66.493658 -0.459245 -74.120026
66.551512 0.040755 -74.502709
66.427735 0.502695 -74.502709
66.089572 0.840858 -74.502709
65.627632 0.964635 -74.502709
65.165692 0.840858 -74.502709
64.827529 0.502695 -74.502709
64.703753 0.040755 -74.502709
64.827529 -0.421185 -74.502709
65.165692 -0.759348 -74.502709
65.627632 -0.883124 -74.502709
66.089572 -0.759348 -74.502709
66.427735 -0.421185 -74.502709
66.334739 0.040755 -74.827132
66.240005 0.394309 -74.827132
65.981186 0.653128 -74.827132
65.627632 0.747862 -74.827132
65.274079 0.653128 -74.827132
65.015260 0.394309 -74.827132
64.920525 0.040755 -74.827132
65.015260 -0.312798 -74.827132
65.274079 -0.571617 -74.827132
65.627632 -0.666352 -74.827132
65.981186 -0.571617 -74.827132
66.240005 -0.312798 -74.827132
66.010316 0.040755 -75.043905
65.959046 0.232097 -75.043905
65.818974 0.372169 -75.043905
65.627632 0.423439 -75.043905
65.436290 0.372169 -75.043905
65.296219 0.232097 -75.043905
65.244949 0.040755 -75.043905
65.296219 -0.150586 -75.043905
65.436290 -0.290658 -75.043905
65.627632 -0.341928 -75.043905
65.818974 -0.290658 -75.043905
65.959046 -0.150586 -75.043905
65.627632 0.040755 -75.120026
66.268814 -6.143072 -72.467987
66.651498 -6.143072 -72.544108
66.600228 -5.951730 -72.544108
66.460156 -5.811659 -72.544108
66.268814 -5.760389 -72.544108
66.077472 -5.811659 -72.544108
65.937401 -5.951730 -72.544108
65.886131 -6.143072 -72.544108
65.937401 -6.334414 -72.544108
66.077472 -6.474486 -72.544108
66.268814 -6.525756 -72.544108
66.460156 -6.474486 -72.544108
66.600228 -6.334414 -72.544108
66.975921 -6.143072 -72.760880
66.881187 -5.789519 -72.760880
66.622367 -5.530700 -72.760880
66.268814 -5.435965 -72.760880
65.915261 -5.530700 -72.760880
65.656442 -5.789519 -72.760880
65.561707 -6.143072 -72.760880
65.656442 -6.496626 -72.760880
65.915261 -6.755445 -72.760880
66.268814 -6.850179 -72.760880
66.622367 -6.755445 -72.760880
66.881187 -6.496626 -72.760880
67.192694 -6.143072 -73.085304
67.068917 -5.681132 -73.085304
66.730754 -5.342969 -73.085304
66.268814 -5.219193 -73.085304
65.806874 -5.342969 -73.085304
65.468711 -5.681132 -73.085304
65.344935 -6.143072 -73.085304
65.468711 -6.605012 -73.085304
65.806874 -6.943175 -73.085304
66.268814 -7.066952 -73.085304
66.730754 -6.943175 -73.085304
67.068917 -6.605012 -73.085304
67.268814 -6.143072 -73.467987
67.134839 -5.643072 -73.467987
66.768814 -5.277047 -73.467987
66.268814 -5.143072 -73.467987
65.768814 -5.277047 -73.467987
65.402789 -5.643072 -73.467987
65.268814 -6.143072 -73.467987
65.402789 -6.643072 -73.467987
65.768814 -7.009098 -73.467987
66.268814 -7.143072 -73.467987
66.768814 -7.009098 -73.467987
67.134839 -6.643072 -73.467987
67.192694 -6.143072 -73.850670
67.068917 -5.681132 -73.850670
66.730754 -5.342969 -73.850670
66.268814 -5.219193 -73.850670
65.806874 -5.342969 -73.850670
65.468711 -5.681132 -73.850670
65.344935 -6.143072 -73.850670
65.468711 -6.605012 -73.850670
65.806874 -6.943175 -73.850670
66.268814 -7.066952 -73.850670
66.730754 -6.943175 -73.850670
67.068917 -6.605012 -73.850670
66.975921 -6.143072 -74.175094
66.881187 -5.789519 -74.175094
66.622367 -5.530700 -74.175094
66.268814 -5.435965 -74.175094
65.915261 -5.530700 -74.175094
65.656442 -5.789519 -74.175094
65.561707 -6.143072 -74.175094
65.656442 -6.496626 -74.175094
65.915261 -6.755445 -74.175094
66.268814 -6.850179 -74.175094
66.622367 -6.755445 -74.175094
66.881187 -6.496626 -74.175094
66.651498 -6.143072 -74.391867
66.600228 -5.951730 -74.391867
66.460156 -5.811659 -74.391867
66.268814 -5.760389 -74.391867
66.077472 -5.811659 -74.391867
65.937401 -5.951730 -74.391867
65.886131 -6.143072 -74.391867
65.937401 -6.334414 -74.391867
66.077472 -6.474486 -74.391867
66.268814 -6.525756 -74.391867
66.460156 -6.474486 -74.391867
66.600228 -6.334414 -74.391867
66.268814 -6.143072 -74.467987
63.762203 -13.738708 -72.805557
64.144887 -13.738708 -72.881678
64.093617 -13.547366 -72.881678
63.953545 -13.407294 -72.881678
63.762203 -13.356024 -72.881678
63.570862 -13.407294 -72.881678
63.430790 -13.547366 -72.881678
63.379520 -13.738708 -72.881678
63.430790 -13.930049 -72.881678
63.570862 -14.070121 -72.881678
63.762203 -14.121391 -72.881678
63.953545 -14.070121 -72.881678
64.093617 -13.930049 -72.881678
64.469310 -13.738708 -73.098450
64.374576 -13.385154 -73.098450
64.115757 -13.126335 -73.098450
63.762203 -13.031601 -73.098450
63.408650 -13.126335 -73.098450
63.149831 -13.385154 -73.098450
63.055096 -13.738708 -73.098450
63.149831 -14.092261 -73.098450
63.408650 -14.351080 -73.098450
63.762203 -14.445814 -73.098450
64.115757 -14.351080 -73.098450
64.374576 -14.092261 -73.098450
64.686083 -13.738708 -73.422874
64.562306 -13.276768 -73.422874
64.224143 -12.938604 -73.422874
63.762203 -12.814828 -73.422874
63.300263 -12.938604 -73.422874
62.962100 -13.276768 -73.422874
62.838324 -13.738708 -73.422874
62.962100 -14.200647 -73.422874
63.300263 -14.538811 -73.422874
63.762203 -14.662587 -73.422874
64.224143 -14.538811 -73.422874
64.562306 -14.200647 -73.422874
64.762203 -13.738708 -73.805557
64.628229 -13.238708 -73.805557
64.262203 -12.872682 -73.805557
63.762203 -12.738708 -73.805557
63.262203 -12.872682 -73.805557
62.896178 -13.238708 -73.805557
62.762203 -13.738708 -73.805557
62.896178 -14.238708 -73.805557
63.262203 -14.604733 -73.805557
63.762203 -14.738708 -73.805557
64.262203 -14.604733 -73.805557
64.628229 -14.238708 -73.805557
64.686083 -13.738708 -74.188241
64.562306 -13.276768 -74.188241
64.224143 -12.938604 -74.188241
63.762203 -12.814828 -74.188241
63.300263 -12.938604 -74.188241
62.962100 -13.276768 -74.188241
62.838324 -13.738708 -74.188241
62.962100 -14.200647 -74.188241
63.300263 -14.538811 -74.188241
63.762203 -14.662587 -74.188241
64.224143 -14.538811 -74.188241
64.562306 -14.200647 -74.188241
64.469310 -13.738708 -74.512664
64.374576 -13.385154 -74.512664
64.115757 -13.126335 -74.512664
63.762203 -13.031601 -74.512664
63.408650 -13.126335 -74.512664
63.149831 -13.385154 -74.512664
63.055096 -13.738708 -74.512664
63.149831 -14.092261 -74.512664
63.408650 -14.351080 -74.512664
63.762203 -14.445814 -74.512664
64.115757 -14.351080 -74.512664
64.374576 -14.092261 -74.512664
64.144887 -13.738708 -74.729437
64.093617 -13.547366 -74.729437
63.953545 -13.407294 -74.729437
63.762203 -13.356024 -74.729437
63.570862 -13.407294 -74.729437
63.430790 -13.547366 -74.729437
63.379520 -13.738708 -74.729437
63.430790 -13.930049 -74.729437
63.570862 -14.070121 -74.729437
63.762203 -14.121391 -74.729437
63.953545 -14.070121 -74.729437
64.093617 -13.930049 -74.729437
63.762203 -13.738708 -74.805557
60.111866 -20.250164 -74.536423
60.494549 -20.250164 -74.612543
60.443280 -20.058822 -74.612543
60.303208 -19.918750 -74.612543
60.111866 -19.867481 -74.612543
59.920524 -19.918750 -74.612543
59.780452 -20.058822 -74.612543
59.729183 -20.250164 -74.612543
59.780452 -20.441506 -74.612543
59.920524 -20.581578 -74.612543
60.111866 -20.632847 -74.612543
60.303208 -20.581578 -74.612543
60.443280 -20.441506 -74.612543
60.818973 -20.250164 -74.829316
60.724238 -19.896611 -74.829316
60.465419 -19.637792 -74.829316
60.111866 -19.543057 -74.829316
59.758313 -19.637792 -74.829316
59.499494 -19.896611 -74.829316
59.404759 -20.250164 -74.829316
59.499494 -20.603717 -74.829316
59.758313 -20.862536 -74.829316
60.111866 -20.957271 -74.829316
60.465419 -20.862536 -74.829316
60.724238 -20.603717 -74.829316
61.035746 -20.250164 -75.153739
60.911969 -19.788224 -75.153739
60.573806 -19.450061 -75.153739
60.111866 -19.326284 -75.153739
59.649926 -19.450061 -75.153739
59.311763 -19.788224 -75.153739
59.187986 -20.250164 -75.153739
59.311763 -20.712104 -75.153739
59.649926 -21.050267 -75.153739
60.111866 -21.174044 -75.153739
60.573806 -21.050267 -75.153739
60.911969 -20.712104 -75.153739
61.111866 -20.250164 -75.536423
60.977891 -19.750164 -75.536423
60.611866 -19.384139 -75.536423
60.111866 -19.250164 -75.536423
59.611866 -19.384139 -75.536423
59.245841 -19.750164 -75.536423
59.111866 -20.250164 -75.536423
59.245841 -20.750164 -75.536423
59.611866 -21.116189 -75.536423
60.111866 -21.250164 -75.536423
60.611866 -21.116189 -75.536423
60.977891 -20.750164 -75.536423
61.035746 -20.250164 -75.919106
60.911969 -19.788224 -75.919106
60.573806 -19.450061 -75.919106
60.111866 -19.326284 -75.919106
59.649926 -19.450061 -75.919106
59.311763 -19.788224 -75.919106
59.187986 -20.250164 -75.919106
59.311763 -20.712104 -75.919106
59.649926 -21.050267 -75.919106
60.111866 -21.174044 -75.919106
60.573806 -21.050267 -75.919106
60.911969 -20.712104 -75.919106
60.818973 -20.250164 -76.243530
60.724238 -19.896611 -76.243530
60.465419 -19.637792 -76.243530
60.111866 -19.543057 -76.243530
59.758313 -19.637792 -76.243530
59.499494 -19.896611 -76.243530
59.404759 -20.250164 -76.243530
59.499494 -20.603717 -76.243530
59.758313 -20.862536 -76.243530
60.111866 -20.957271 -76.243530
60.465419 -20.862536 -76.243530
60.724238 -20.603717 -76.243530
60.494549 -20.250164 -76.460302
60.443280 -20.058822 -76.460302
60.303208 -19.918750 -76.460302
60.111866 -19.867481 -76.460302
59.920524 -19.918750 -76.460302
59.780452 -20.058822 -76.460302
59.729183 -20.250164 -76.460302
59.780452 -20.441506 -76.460302
59.920524 -20.581578 -76.460302
60.111866 -20.632847 -76.460302
60.303208 -20.581578 -76.460302
60.443280 -20.441506 -76.460302
60.111866 -20.250164 -76.536423
55.910645 -26.658800 -75.524025
56.293328 -26.658800 -75.600145
56.242058 -26.467458 -75.600145
56.101986 -26.327387 -75.600145
55.910645 -26.276117 -75.600145
55.719303 -26.327387 -75.600145
55.579231 -26.467458 -75.600145
55.527961 -26.658800 -75.600145
55.579231 -26.850142 -75.600145
55.719303 -26.990214 -75.600145
55.910645 -27.041484 -75.600145
56.101986 -26.990214 -75.600145
56.242058 -26.850142 -75.600145
56.617751 -26.658800 -75.816918
56.523017 -26.305247 -75.816918
56.264198 -26.046428 -75.816918
55.910645 -25.951693 -75.816918
55.557091 -26.046428 -75.816918
55.298272 -26.305247 -75.816918
55.203538 -26.658800 -75.816918
55.298272 -27.012354 -75.816918
55.557091 -27.271173 -75.816918
55.910645 -27.365907 -75.816918
56.264198 -27.271173 -75.816918
56.523017 -27.012354 -75.816918
56.834524 -26.658800 -76.141342
56.710748 -26.196860 -76.141342
56.372584 -25.858697 -76.141342
55.910645 -25.734921 -76.141342
55.448705 -25.858697 -76.141342
55.110541 -26.196860 -76.141342
54.986765 -26.658800 -76.141342
55.110541 -27.120740 -76.141342
55.448705 -27.458903 -76.141342
55.910645 -27.582680 -76.141342
56.372584 -27.458903 -76.141342
56.710748 -27.120740 -76.141342
56.910645 -26.658800 -76.524025
56.776670 -26.158800 -76.524025
56.410645 -25.792775 -76.524025
55.910645 -25.658800 -76.524025
55.410645 -25.792775 -76.524025
55.044619 -26.158800 -76.524025
54.910645 -26.658800 -76.524025
55.044619 -27.158800 -76.524025
55.410645 -27.524826 -76.524025
55.910645 -27.658800 -76.524025
56.410645 -27.524826 -76.524025
56.776670 -27.158800 -76.524025
56.834524 -26.658800 -76.906708
56.710748 -26.196860 -76.906708
56.372584 -25.858697 -76.906708
55.910645 -25.734921 -76.906708
55.448705 -25.858697 -76.906708
55.110541 -26.196860 -76.906708
54.986765 -26.658800 -76.906708
55.110541 -27.120740 -76.906708
55.448705 -27.458903 -76.906708
55.910645 -27.582680 -76.906708
56.372584 -27.458903 -76.906708
56.710748 -27.120740 -76.906708
56.617751 -26.658800 -77.231132
56.523017 -26.305247 -77.231132
56.264198 -26.046428 -77.231132
55.910645 -25.951693 -77.231132
55.557091 -26.046428 -77.231132
55.298272 -26.305247 -77.231132
55.203538 -26.658800 -77.231132
55.298272 -27.012354 -77.231132
55.557091 -27.271173 -77.231132
55.910645 -27.365907 -77.231132
56.264198 -27.271173 -77.231132
56.523017 -27.012354 -77.231132
56.293328 -26.658800 -77.447904
56.242058 -26.467458 -77.447904
56.101986 -26.327387 -77.447904
55.910645 -26.276117 -77.447904
55.719303 -26.327387 -77.447904
55.579231 -26.467458 -77.447904
55.527961 -26.658800 -77.447904
55.579231 -26.850142 -77.447904
55.719303 -26.990214 -77.447904
55.910645 -27.041484 -77.447904
56.101986 -26.990214 -77.447904
56.242058 -26.850142 -77.447904
55.910645 -26.658800 -77.524025
51.884548 -31.283274 -77.407295
52.267232 -31.283274 -77.483416
52.215962 -31.091932 -77.483416
52.075890 -30.951860 -77.483416
51.884548 -30.900590 -77.483416
51.693206 -30.951860 -77.483416
51.553135 -31.091932 -77.483416
51.501865 -31.283274 -77.483416
51.553135 -31.474615 -77.483416
51.693206 -31.614687 -77.483416
51.884548 -31.665957 -77.483416
52.075890 -31.614687 -77.483416
52.215962 -31.474615 -77.483416
52.591655 -31.283274 -77.700188
52.496921 -30.929720 -77.700188
52.238102 -30.670901 -77.700188
51.884548 -30.576167 -77.700188
51.530995 -30.670901 -77.700188
51.272176 -30.929720 -77.700188
51.177441 -31.283274 -77.700188
51.272176 -31.636827 -77.700188
51.530995 -31.895646 -77.700188
51.884548 -31.990380 -77.700188
52.238102 -31.895646 -77.700188
52.496921 -31.636827 -77.700188
52.808428 -31.283274 -78.024612
52.684651 -30.821334 -78.024612
52.346488 -30.483171 -78.024612
51.884548 -30.359394 -78.024612
51.422608 -30.483171 -78.024612
51.084445 -30.821334 -78.024612
50.960669 -31.283274 -78.024612
51.084445 -31.745213 -78.024612
51.422608 -32.083377 -78.024612
51.884548 -32.207153 -78.024612
52.346488 -32.083377 -78.024612
52.684651 -31.745213 -78.024612
52.884548 -31.283274 -78.407295
52.750574 -30.783274 -78.407295
52.384548 -30.417248 -78.407295
51.884548 -30.283274 -78.407295
51.384548 -30.417248 -78.407295
51.018523 -30.783274 -78.407295
50.884548 -31.283274 -78.407295
51.018523 -31.783274 -78.407295
51.384548 -32.149299 -78.407295
51.884548 -32.283274 -78.407295
52.384548 -32.149299 -78.407295
52.750574 -31.783274 -78.407295
52.808428 -31.283274 -78.789979
52.684651 -30.821334 -78.789979
52.346488 -30.483171 -78.789979
51.884548 -30.359394 -78.789979
51.422608 -30.483171 -78.789979
51.084445 -30.821334 -78.789979
50.960669 -31.283274 -78.789979
51.084445 -31.745213 -78.789979
51.422608 -32.083377 -78.789979
51.884548 -32.207153 -78.789979
52.346488 -32.083377 -78.789979
52.684651 -31.745213 -78.789979
52.591655 -31.283274 -79.114402
52.496921 -30.929720 -79.114402
52.238102 -30.670901 -79.114402
51.884548 -30.576167 -79.114402
51.530995 -30.670901 -79.114402
51.272176 -30.929720 -79.114402
51.177441 -31.283274 -79.114402
51.272176 -31.636827 -79.114402
51.530995 -31.895646 -79.114402
51.884548 -31.990380 -79.114402
52.238102 -31.895646 -79.114402
52.496921 -31.636827 -79.114402
52.267232 -31.283274 -79.331175
52.215962 -31.091932 -79.331175
52.075890 -30.951860 -79.331175
51.884548 -30.900590 -79.331175
51.693206 -30.951860 -79.331175
51.553135 -31.091932 -79.331175
51.501865 -31.283274 -79.331175
51.553135 -31.474615 -79.331175
51.693206 -31.614687 -79.331175
51.884548 -31.665957 -79.331175
52.075890 -31.614687 -79.331175
52.215962 -31.474615 -79.331175
51.884548 -31.283274 -79.407295
46.637897 -33.925732 -79.568001
47.020581 -33.925732 -79.644121
46.969311 -33.734390 -79.644121
46.829239 -33.594318 -79.644121
46.637897 -33.543048 -79.644121
46.446556 -33.594318 -79.644121
46.306484 -33.734390 -79.644121
46.255214 -33.925732 -79.644121
46.306484 -34.117073 -79.644121
46.446556 -34.257145 -79.644121
46.637897 -34.308415 -79.644121
46.829239 -34.257145 -79.644121
46.969311 -34.117073 -79.644121
47.345004 -33.925732 -79.860894
47.250270 -33.572178 -79.860894
46.991451 -33.313359 -79.860894
46.637897 -33.218625 -79.860894
46.284344 -33.313359 -79.860894
46.025525 -33.572178 -79.860894
45.930791 -33.925732 -79.860894
46.025525 -34.279285 -79.860894
46.284344 -34.538104 -79.860894
46.637897 -34.632838 -79.860894
46.991451 -34.538104 -79.860894
47.250270 -34.279285 -79.860894
47.561777 -33.925732 -80.185317
47.438001 -33.463792 -80.185317
47.099837 -33.125629 -80.185317
46.637897 -33.001852 -80.185317
46.175958 -33.125629 -80.185317
45.837794 -33.463792 -80.185317
45.714018 -33.925732 -80.185317
45.837794 -34.387671 -80.185317
46.175958 -34.725835 -80.185317
46.637897 -34.849611 -80.185317
47.099837 -34.725835 -80.185317
47.438001 -34.387671 -80.185317
47.637897 -33.925732 -80.568001
47.503923 -33.425732 -80.568001
47.137897 -33.059706 -80.568001
46.637897 -32.925732 -80.568001
46.137897 -33.059706 -80.568001
45.771872 -33.425732 -80.568001
45.637897 -33.925732 -80.568001
45.771872 -34.425732 -80.568001
46.137897 -34.791757 -80.568001
46.637897 -34.925732 -80.568001
47.137897 -34.791757 -80.568001
47.503923 -34.425732 -80.568001
47.561777 -33.925732 -80.950684
47.438001 -33.463792 -80.950684
47.099837 -33.125629 -80.950684
46.637897 -33.001852 -80.950684
46.175958 -33.125629 -80.950684
45.837794 -33.463792 -80.950684
45.714018 -33.925732 -80.950684
45.837794 -34.387671 -80.950684
46.175958 -34.725835 -80.950684
46.637897 -34.849611 -80.950684
47.099837 -34.725835 -80.950684
47.438001 -34.387671 -80.950684
47.345004 -33.925732 -81.275108
47.250270 -33.572178 -81.275108
46.991451 -33.313359 -81.275108
46.637897 -33.218625 -81.275108
46.284344 -33.313359 -81.275108
46.025525 -33.572178 -81.275108
45.930791 -33.925732 -81.275108
46.025525 -34.279285 -81.275108
46.284344 -34.538104 -81.275108
46.637897 -34.632838 -81.275108
46.991451 -34.538104 -81.275108
47.250270 -34.279285 -81.275108
47.020581 -33.925732 -81.491880
46.969311 -33.734390 -81.491880
46.829239 -33.594318 -81.491880
46.637897 -33.543048 -81.491880
46.446556 -33.594318 -81.491880
46.306484 -33.734390 -81.491880
46.255214 -33.925732 -81.491880
46.306484 -34.117073 -81.491880
46.446556 -34.257145 -81.491880
46.637897 -34.308415 -81.491880
46.829239 -34.257145 -81.491880
46.969311 -34.117073 -81.491880
46.637897 -33.925732 -81.568001
39.464535 -37.423702 -79.775612
39.847218 -37.423702 -79.851732
39.795948 -37.232361 -79.851732
39.655876 -37.092289 -79.851732
39.464535 -37.041019 -79.851732
39.273193 -37.092289 -79.851732
39.133121 -37.232361 -79.851732
39.081851 -37.423702 -79.851732
39.133121 -37.615044 -79.851732
39.273193 -37.755116 -79.851732
39.464535 -37.806386 -79.851732
39.655876 -37.755116 -79.851732
39.795948 -37.615044 -79.851732
40.171642 -37.423702 -80.068505
40.076907 -37.070149 -80.068505
39.818088 -36.811330 -80.068505
39.464535 -36.716595 -80.068505
39.110981 -36.811330 -80.068505
38.852162 -37.070149 -80.068505
38.757428 -37.423702 -80.068505
38.852162 -37.777256 -80.068505
39.110981 -38.036075 -80.068505
39.464535 -38.130809 -80.068505
39.818088 -38.036075 -80.068505
40.076907 -37.777256 -80.068505
40.388414 -37.423702 -80.392928
40.264638 -36.961762 -80.392928
39.926475 -36.623599 -80.392928
39.464535 -36.499823 -80.392928
39.002595 -36.623599 -80.392928
38.664432 -36.961762 -80.392928
38.540655 -37.423702 -80.392928
38.664432 -37.885642 -80.392928
39.002595 -38.223805 -80.392928
39.464535 -38.347582 -80.392928
39.926475 -38.223805 -80.392928
40.264638 -37.885642 -80.392928
40.464535 -37.423702 -80.775612
40.330560 -36.923702 -80.775612
39.964535 -36.557677 -80.775612
39.464535 -36.423702 -80.775612
38.964535 -36.557677 -80.775612
38.598509 -36.923702 -80.775612
38.464535 -37.423702 -80.775612
38.598509 -37.923702 -80.775612
38.964535 -38.289728 -80.775612
39.464535 -38.423702 -80.775612
39.964535 -38.289728 -80.775612
40.330560 -37.923702 -80.775612
40.388414 -37.423702 -81.158295
40.264638 -36.961762 -81.158295
39.926475 -36.623599 -81.158295
39.464535 -36.499823 -81.158295
39.002595 -36.623599 -81.158295
38.664432 -36.961762 -81.158295
38.540655 -37.423702 -81.158295
38.664432 -37.885642 -81.158295
39.002595 -38.223805 -81.158295
39.464535 -38.347582 -81.158295
39.926475 -38.223805 -81.158295
40.264638 -37.885642 -81.158295
40.171642 -37.423702 -81.482719
40.076907 -37.070149 -81.482719
39.818088 -36.811330 -81.482719
39.464535 -36.716595 -81.482719
39.110981 -36.811330 -81.482719
38.852162 -37.070149 -81.482719
38.757428 -37.423702 -81.482719
38.852162 -37.777256 -81.482719
39.110981 -38.036075 -81.482719
39.464535 -38.130809 -81.482719
39.818088 -38.036075 -81.482719
40.076907 -37.777256 -81.482719
39.847218 -37.423702 -81.699491
39.795948 -37.232361 -81.699491
39.655876 -37.092289 -81.699491
39.464535 -37.041019 -81.699491
39.273193 -37.092289 -81.699491
39.133121 -37.232361 -81.699491
39.081851 -37.423702 -81.699491
39.133121 -37.615044 -81.699491
39.273193 -37.755116 -81.699491
39.464535 -37.806386 -81.699491
39.655876 -37.755116 -81.699491
39.795948 -37.615044 -81.699491
39.464535 -37.423702 -81.775612
34.580830 -38.391769 -83.064682
34.963513 -38.391769 -83.140802
34.912243 -38.200428 -83.140802
34.772171 -38.060356 -83.140802
34.580830 -38.009086 -83.140802
34.389488 -38.060356 -83.140802
34.249416 -38.200428 -83.140802
34.198146 -38.391769 -83.140802
34.249416 -38.583111 -83.140802
34.389488 -38.723183 -83.140802
34.580830 -38.774453 -83.140802
34.772171 -38.723183 -83.140802
34.912243 -38.583111 -83.140802
35.287936 -38.391769 -83.357575
35.193202 -38.038216 -83.357575
34.934383 -37.779397 -83.357575
34.580830 -37.684663 -83.357575
34.227276 -37.779397 -83.357575
33.968457 -38.038216 -83.357575
33.873723 -38.391769 -83.357575
33.968457 -38.745323 -83.357575
34.227276 -39.004142 -83.357575
34.580830 -39.098876 -83.357575
34.934383 -39.004142 -83.357575
35.193202 -38.745323 -83.357575
35.504709 -38.391769 -83.681999
35.380933 -37.929830 -83.681999
35.042769 -37.591666 -83.681999
34.580830 -37.467890 -83.681999
34.118890 -37.591666 -83.681999
33.780726 -37.929830 -83.681999
33.656950 -38.391769 -83.681999
33.780726 -38.853709 -83.681999
34.118890 -39.191873 -83.681999
34.580830 -39.315649 -83.681999
35.042769 -39.191873 -83.681999
35.380933 -38.853709 -83.681999
35.580830 -38.391769 -84.064682
35.446855 -37.891769 -84.064682
35.080830 -37.525744 -84.064682
34.580830 -37.391769 -84.064682
34.080830 -37.525744 -84.064682
33.714804 -37.891769 -84.064682
33.580830 -38.391769 -84.064682
33.714804 -38.891769 -84.064682
34.080830 -39.257795 -84.064682
34.580830 -39.391769 -84.064682
35.080830 -39.257795 -84.064682
35.446855 -38.891769 -84.064682
35.504709 -38.391769 -84.447365
35.380933 -37.929830 -84.447365
35.042769 -37.591666 -84.447365
34.580830 -37.467890 -84.447365
34.118890 -37.591666 -84.447365
33.780726 -37.929830 -84.447365
33.656950 -38.391769 -84.447365
33.780726 -38.853709 -84.447365
34.118890 -39.191873 -84.447365
34.580830 -39.315649 -84.447365
35.042769 -39.191873 -84.447365
35.380933 -38.853709 -84.447365
35.287936 -38.391769 -84.771789
35.193202 -38.038216 -84.771789
34.934383 -37.779397 -84.771789
34.580830 -37.684663 -84.771789
34.227276 -37.779397 -84.771789
33.968457 -38.038216 -84.771789
33.873723 -38.391769 -84.771789
33.968457 -38.745323 -84.771789
34.227276 -39.004142 -84.771789
34.580830 -39.098876 -84.771789
34.934383 -39.004142 -84.771789
35.193202 -38.745323 -84.771789
34.963513 -38.391769 -84.988562
34.912243 -38.200428 -84.988562
34.772171 -38.060356 -84.988562
34.580830 -38.009086 -84.988562
34.389488 -38.060356 -84.988562
34.249416 -38.200428 -84.988562
34.198146 -38.391769 -84.988562
34.249416 -38.583111 -84.988562
34.389488 -38.723183 -84.988562
34.580830 -38.774453 -84.988562
34.772171 -38.723183 -84.988562
34.912243 -38.583111 -84.988562
34.580830 -38.391769 -85.064682
29.686934 -38.400478 -86.509689
30.069617 -38.400478 -86.585810
30.018347 -38.209137 -86.585810
29.878275 -38.069065 -86.585810
29.686934 -38.017795 -86.585810
29.495592 -38.069065 -86.585810
29.355520 -38.209137 -86.585810
29.304250 -38.400478 -86.585810
29.355520 -38.591820 -86.585810
29.495592 -38.731892 -86.585810
29.686934 -38.783162 -86.585810
29.878275 -38.731892 -86.585810
30.018347 -38.591820 -86.585810
30.394040 -38.400478 -86.802583
30.299306 -38.046925 -86.802583
30.040487 -37.788106 -86.802583
29.686934 -37.693372 -86.802583
29.333380 -37.788106 -86.802583
29.074561 -38.046925 -86.802583
28.979827 -38.400478 -86.802583
29.074561 -38.754032 -86.802583
29.333380 -39.012851 -86.802583
29.686934 -39.107585 -86.802583
30.040487 -39.012851 -86.802583
30.299306 -38.754032 -86.802583
30.610813 -38.400478 -87.127006
30.487037 -37.938539 -87.127006
30.148873 -37.600375 -87.127006
29.686934 -37.476599 -87.127006
29.224994 -37.600375 -87.127006
28.886830 -37.938539 -87.127006
28.763054 -38.400478 -87.127006
28.886830 -38.862418 -87.127006
29.224994 -39.200582 -87.127006
29.686934 -39.324358 -87.127006
30.148873 -39.200582 -87.127006
30.487037 -38.862418 -87.127006
30.686934 -38.400478 -87.509689
30.552959 -37.900478 -87.509689
30.186934 -37.534453 -87.509689
29.686934 -37.400478 -87.509689
29.186934 -37.534453 -87.509689
28.820908 -37.900478 -87.509689
28.686934 -38.400478 -87.509689
28.820908 -38.900478 -87.509689
29.186934 -39.266504 -87.509689
29.686934 -39.400478 -87.509689
30.186934 -39.266504 -87.509689
30.552959 -38.900478 -87.509689
30.610813 -38.400478 -87.892373
30.487037 -37.938539 -87.892373
30.148873 -37.600375 -87.892373
29.686934 -37.476599 -87.892373
29.224994 -37.600375 -87.892373
28.886830 -37.938539 -87.892373
28.763054 -38.400478 -87.892373
28.886830 -38.862418 -87.892373
29.224994 -39.200582 -87.892373
29.686934 -39.324358 -87.892373
30.148873 -39.200582 -87.892373
30.487037 -38.862418 -87.892373
30.394040 -38.400478 -88.216796
30.299306 -38.046925 -88.216796
30.040487 -37.788106 -88.216796
29.686934 -37.693372 -88.216796
29.333380 -37.788106 -88.216796
29.074561 -38.046925 -88.216796
28.979827 -38.400478 -88.216796
29.074561 -38.754032 -88.216796
29.333380 -39.012851 -88.216796
29.686934 -39.107585 -88.216796
30.040487 -39.012851 -88.216796
30.299306 -38.754032 -88.216796
30.069617 -38.400478 -88.433569
30.018347 -38.209137 -88.433569
29.878275 -38.069065 -88.433569
29.686934 -38.017795 -88.433569
29.495592 -38.069065 -88.433569
29.355520 -38.209137 -88.433569
29.304250 -38.400478 -88.433569
29.355520 -38.591820 -88.433569
29.495592 -38.731892 -88.433569
29.686934 -38.783162 -88.433569
29.878275 -38.731892 -88.433569
30.018347 -38.591820 -88.433569
29.686934 -38.400478 -88.509689
31.455894 6.761856 -94.079292
31.838578 6.761856 -94.155413
31.787308 6.953197 -94.155413
31.647236 7.093269 -94.155413
31.455894 7.144539 -94.155413
31.264553 7.093269 -94.155413
31.124481 6.953197 -94.155413
31.073211 6.761856 -94.155413
31.124481 6.570514 -94.155413
31.264553 6.430442 -94.155413
31.455894 6.379172 -94.155413
31.647236 6.430442 -94.155413
31.787308 6.570514 -94.155413
32.163001 6.761856 -94.372186
32.068267 7.115409 -94.372186
31.809448 7.374228 -94.372186
31.455894 7.468962 -94.372186
31.102341 7.374228 -94.372186
30.843522 7.115409 -94.372186
30.748788 6.761856 -94.372186
30.843522 6.408302 -94.372186
31.102341 6.149483 -94.372186
31.455894 6.054749 -94.372186
31.809448 6.149483 -94.372186
32.068267 6.408302 -94.372186
32.379774 6.761856 -94.696609
32.255998 7.223795 -94.696609
31.917834 7.561959 -94.696609
31.455894 7.685735 -94.696609
30.993955 7.561959 -94.696609
30.655791 7.223795 -94.696609
30.532015 6.761856 -94.696609
30.655791 6.299916 -94.696609
30.993955 5.961752 -94.696609
31.455894 5.837976 -94.696609
31.917834 5.961752 -94.696609
32.255998 6.299916 -94.696609
32.455894 6.761856 -95.079292
32.321920 7.261856 -95.079292
31.955894 7.627881 -95.079292
31.455894 7.761856 -95.079292
30.955894 7.627881 -95.079292
30.589869 7.261856 -95.079292
30.455894 6.761856 -95.079292
30.589869 6.261856 -95.079292
30.955894 5.895830 -95.079292
31.455894 5.761856 -95.079292
31.955894 5.895830 -95.079292
32.321920 6.261856 -95.079292
32.379774 6.761856 -95.461976
32.255998 7.223795 -95.461976
31.917834 7.561959 -95.461976
31.455894 7.685735 -95.461976
30.993955 7.561959 -95.461976
30.655791 7.223795 -95.461976
30.532015 6.761856 -95.461976
30.655791 6.299916 -95.461976
30.993955 5.961752 -95.461976
31.455894 5.837976 -95.461976
31.917834 5.961752 -95.461976
32.255998 6.299916 -95.461976
32.163001 6.761856 -95.786399
32.068267 7.115409 -95.786399
31.809448 7.374228 -95.786399
31.455894 7.468962 -95.786399
31.102341 7.374228 -95.786399
30.843522 7.115409 -95.786399
30.748788 6.761856 -95.786399
30.843522 6.408302 -95.786399
31.102341 6.149483 -95.786399
31.455894 6.054749 -95.786399
31.809448 6.149483 -95.786399
32.068267 6.408302 -95.786399
31.838578 6.761856 -96.003172
31.787308 6.953197 -96.003172
31.647236 7.093269 -96.003172
31.455894 7.144539 -96.003172
31.264553 7.093269 -96.003172
31.124481 6.953197 -96.003172
31.073211 6.761856 -96.003172
31.124481 6.570514 -96.003172
31.264553 6.430442 -96.003172
31.455894 6.379172 -96.003172
31.647236 6.430442 -96.003172
31.787308 6.570514 -96.003172
31.455894 6.761856 -96.079292
27.567045 3.422398 -98.170685
27.949729 3.422398 -98.246805
27.898459 3.613739 -98.246805
27.758387 3.753811 -98.246805
27.567045 3.805081 -98.246805
27.375703 3.753811 -98.246805
27.235632 3.613739 -98.246805
27.184362 3.422398 -98.246805
27.235632 3.231056 -98.246805
27.375703 3.090984 -98.246805
27.567045 3.039714 -98.246805
27.758387 3.090984 -98.246805
27.898459 3.231056 -98.246805
28.274152 3.422398 -98.463578
28.179418 3.775951 -98.463578
27.920599 4.034770 -98.463578
27.567045 4.129504 -98.463578
27.213492 4.034770 -98.463578
26.954673 3.775951 -98.463578
26.859938 3.422398 -98.463578
26.954673 3.068844 -98.463578
27.213492 2.810025 -98.463578
27.567045 2.715291 -98.463578
27.920599 2.810025 -98.463578
28.179418 3.068844 -98.463578
28.490925 3.422398 -98.788001
28.367148 3.884337 -98.788001
28.028985 4.222501 -98.788001
27.567045 4.346277 -98.788001
27.105105 4.222501 -98.788001
26.766942 3.884337 -98.788001
26.643166 3.422398 -98.788001
26.766942 2.960458 -98.788001
27.105105 2.622294 -98.788001
27.567045 2.498518 -98.788001
28.028985 2.622294 -98.788001
28.367148 2.960458 -98.788001
28.567045 3.422398 -99.170685
28.433071 3.922398 -99.170685
28.067045 4.288423 -99.170685
27.567045 4.422398 -99.170685
27.067045 4.288423 -99.170685
26.701020 3.922398 -99.170685
26.567045 3.422398 -99.170685
26.701020 2.922398 -99.170685
27.067045 2.556372 -99.170685
27.567045 2.422398 -99.170685
28.067045 2.556372 -99.170685
28.433071 2.922398 -99.170685
28.490925 3.422398 -99.553368
28.367148 3.884337 -99.553368
28.028985 4.222501 -99.553368
27.567045 4.346277 -99.553368
27.105105 4.222501 -99.553368
26.766942 3.884337 -99.553368
26.643166 3.422398 -99.553368
26.766942 2.960458 -99.553368
27.105105 2.622294 -99.553368
27.567045 2.498518 -99.553368
28.028985 2.622294 -99.553368
28.367148 2.960458 -99.553368
28.274152 3.422398 -99.877792
28.179418 3.775951 -99.877792
27.920599 4.034770 -99.877792
27.567045 4.129504 -99.877792
27.213492 4.034770 -99.877792
26.954673 3.775951 -99.877792
26.859938 3.422398 -99.877792
26.954673 3.068844 -99.877792
27.213492 2.810025 -99.877792
27.567045 2.715291 -99.877792
27.920599 2.810025 -99.877792
28.179418 3.068844 -99.877792
27.949729 3.422398 -100.094564
27.898459 3.613739 -100.094564
27.758387 3.753811 -100.094564
27.567045 3.805081 -100.094564
27.375703 3.753811 -100.094564
27.235632 3.613739 -100.094564
27.184362 3.422398 -100.094564
27.235632 3.231056 -100.094564
27.375703 3.090984 -100.094564
27.567045 3.039714 -100.094564
27.758387 3.090984 -100.094564
27.898459 3.231056 -100.094564
27.567045 3.422398 -100.170685
21.882511 0.688791 -99.276642
22.265195 0.688791 -99.352762
22.213925 0.880133 -99.352762
22.073853 1.020205 -99.352762
21.882511 1.071475 -99.352762
21.691169 1.020205 -99.352762
21.551098 0.880133 -99.352762
21.499828 0.688791 -99.352762
21.551098 0.497450 -99.352762
21.691169 0.357378 -99.352762
21.882511 0.306108 -99.352762
22.073853 0.357378 -99.352762
22.213925 0.497450 -99.352762
22.589618 0.688791 -99.569535
22.494884 1.042345 -99.569535
22.236065 1.301164 -99.569535
21.882511 1.395898 -99.569535
21.528958 1.301164 -99.569535
21.270139 1.042345 -99.569535
21.175404 0.688791 -99.569535
21.270139 0.335238 -99.569535
21.528958 0.076419 -99.569535
21.882511 -0.018315 -99.569535
22.236065 0.076419 -99.569535
22.494884 0.335238 -99.569535
22.806391 0.688791 -99.893958
22.682614 1.150731 -99.893958
22.344451 1.488895 -99.893958
21.882511 1.612671 -99.893958
21.420571 1.488895 -99.893958
21.082408 1.150731 -99.893958
20.958632 0.688791 -99.893958
21.082408 0.226852 -99.893958
21.420571 -0.111312 -99.893958
21.882511 -0.235088 -99.893958
22.344451 -0.111312 -99.893958
22.682614 0.226852 -99.893958
22.882511 0.688791 -100.276642
22.748537 1.188791 -100.276642
22.382511 1.554817 -100.276642
21.882511 1.688791 -100.276642
21.382511 1.554817 -100.276642
21.016486 1.188791 -100.276642
20.882511 0.688791 -100.276642
21.016486 0.188791 -100.276642
21.382511 -0.177234 -100.276642
21.882511 -0.311209 -100.276642
22.382511 -0.177234 -100.276642
22.748537 0.188791 -100.276642
22.806391 0.688791 -100.659325
22.682614 1.150731 -100.659325
22.344451 1.488895 -100.659325
21.882511 1.612671 -100.659325
21.420571 1.488895 -100.659325
21.082408 1.150731 -100.659325
20.958632 0.688791 -100.659325
21.082408 0.226852 -100.659325
21.420571 -0.111312 -100.659325
21.882511 -0.235088 -100.659325
22.344451 -0.111312 -100.659325
22.682614 0.226852 -100.659325
22.589618 0.688791 -100.983749
22.494884 1.042345 -100.983749
22.236065 1.301164 -100.983749
21.882511 1.395898 -100.983749
21.528958 1.301164 -100.983749
21.270139 1.042345 -100.983749
21.175404 0.688791 -100.983749
21.270139 0.335238 -100.983749
21.528958 0.076419 -100.983749
21.882511 -0.018315 -100.983749
22.236065 0.076419 -100.983749
22.494884 0.335238 -100.983749
22.265195 0.688791 -101.200521
22.213925 0.880133 -101.200521
22.073853 1.020205 -101.200521
21.882511 1.071475 -101.200521
21.691169 1.020205 -101.200521
21.551098 0.880133 -101.200521
21.499828 0.688791 -101.200521
21.551098 0.497450 -101.200521
21.691169 0.357378 -101.200521
21.882511 0.306108 -101.200521
22.073853 0.357378 -101.200521
22.213925 0.497450 -101.200521
21.882511 0.688791 -101.276642
15.464666 -4.073969 -95.502258
15.847350 -4.073969 -95.578379
15.796080 -3.882628 -95.578379
15.656008 -3.742556 -95.578379
15.464666 -3.691286 -95.578379
15.273325 -3.742556 -95.578379
15.133253 -3.882628 -95.578379
15.081983 -4.073969 -95.578379
15.133253 -4.265311 -95.578379
15.273325 -4.405383 -95.578379
15.464666 -4.456653 -95.578379
15.656008 -4.405383 -95.578379
15.796080 -4.265311 -95.578379
16.171773 -4.073969 -95.795152
16.077039 -3.720416 -95.795152
15.818220 -3.461597 -95.795152
15.464666 -3.366863 -95.795152
15.111113 -3.461597 -95.795152
14.852294 -3.720416 -95.795152
14.757560 -4.073969 -95.795152
14.852294 -4.427523 -95.795152
15.111113 -4.686342 -95.795152
15.464666 -4.781076 -95.795152
15.818220 -4.686342 -95.795152
16.077039 -4.427523 -95.795152
16.388546 -4.073969 -96.119575
16.264770 -3.612030 -96.119575
15.926606 -3.273866 -96.119575
15.464666 -3.150090 -96.119575
15.002727 -3.273866 -96.119575
14.664563 -3.612030 -96.119575
14.540787 -4.073969 -96.119575
14.664563 -4.535909 -96.119575
15.002727 -4.874073 -96.119575
15.464666 -4.997849 -96.119575
15.926606 -4.874073 -96.119575
16.264770 -4.535909 -96.119575
16.464666 -4.073969 -96.502258
16.330692 -3.573969 -96.502258
15.964666 -3.207944 -96.502258
15.464666 -3.073969 -96.502258
14.964666 -3.207944 -96.502258
14.598641 -3.573969 -96.502258
14.464666 -4.073969 -96.502258
14.598641 -4.573969 -96.502258
14.964666 -4.939995 -96.502258
15.464666 -5.073969 -96.502258
15.964666 -4.939995 -96.502258
16.330692 -4.573969 -96.502258
16.388546 -4.073969 -96.884942
16.264770 -3.612030 -96.884942
15.926606 -3.273866 -96.884942
15.464666 -3.150090 -96.884942
15.002727 -3.273866 -96.884942
14.664563 -3.612030 -96.884942
14.540787 -4.073969 -96.884942
14.664563 -4.535909 -96.884942
15.002727 -4.874073 -96.884942
15.464666 -4.997849 -96.884942
15.926606 -4.874073 -96.884942
16.264770 -4.535909 -96.884942
16.171773 -4.073969 -97.209365
16.077039 -3.720416 -97.209365
15.818220 -3.461597 -97.209365
15.464666 -3.366863 -97.209365
15.111113 -3.461597 -97.209365
14.852294 -3.720416 -97.209365
14.757560 -4.073969 -97.209365
14.852294 -4.427523 -97.209365
15.111113 -4.686342 -97.209365
15.464666 -4.781076 -97.209365
15.818220 -4.686342 -97.209365
16.077039 -4.427523 -97.209365
15.847350 -4.073969 -97.426138
15.796080 -3.882628 -97.426138
15.656008 -3.742556 -97.426138
15.464666 -3.691286 -97.426138
15.273325 -3.742556 -97.426138
15.133253 -3.882628 -97.426138
15.081983 -4.073969 -97.426138
15.133253 -4.265311 -97.426138
15.273325 -4.405383 -97.426138
15.464666 -4.456653 -97.426138
15.656008 -4.405383 -97.426138
15.796080 -4.265311 -97.426138
15.464666 -4.073969 -97.502258
10.602493 -9.544354 -94.981178
10.985177 -9.544354 -95.057299
10.933907 -9.353013 -95.057299
10.793835 -9.212941 -95.057299
10.602493 -9.161671 -95.057299
10.411152 -9.212941 -95.057299
10.271080 -9.353013 -95.057299
10.219810 -9.544354 -95.057299
10.271080 -9.735696 -95.057299
10.411152 -9.875768 -95.057299
10.602493 -9.927038 -95.057299
10.793835 -9.875768 -95.057299
10.933907 -9.735696 -95.057299
11.309600 -9.544354 -95.274072
11.214866 -9.190801 -95.274072
10.956047 -8.931982 -95.274072
10.602493 -8.837248 -95.274072
10.248940 -8.931982 -95.274072
9.990121 -9.190801 -95.274072
9.895387 -9.544354 -95.274072
9.990121 -9.897908 -95.274072
10.248940 -10.156727 -95.274072
10.602493 -10.251461 -95.274072
10.956047 -10.156727 -95.274072
11.214866 -9.897908 -95.274072
11.526373 -9.544354 -95.598495
11.402596 -9.082415 -95.598495
11.064433 -8.744251 -95.598495
10.602493 -8.620475 -95.598495
10.140554 -8.744251 -95.598495
9.802390 -9.082415 -95.598495
9.678614 -9.544354 -95.598495
9.802390 -10.006294 -95.598495
10.140554 -10.344458 -95.598495
10.602493 -10.468234 -95.598495
11.064433 -10.344458 -95.598495
11.402596 -10.006294 -95.598495
11.602493 -9.544354 -95.981178
11.468519 -9.044354 -95.981178
11.102493 -8.678329 -95.981178
10.602493 -8.544354 -95.981178
10.102493 -8.678329 -95.981178
9.736468 -9.044354 -95.981178
9.602493 -9.544354 -95.981178
9.736468 -10.044354 -95.981178
10.102493 -10.410380 -95.981178
10.602493 -10.544354 -95.981178
11.102493 -10.410380 -95.981178
11.468519 -10.044354 -95.981178
11.526373 -9.544354 -96.363862
11.402596 -9.082415 -96.363862
11.064433 -8.744251 -96.363862
10.602493 -8.620475 -96.363862
10.140554 -8.744251 -96.363862
9.802390 -9.082415 -96.363862
9.678614 -9.544354 -96.363862
9.802390 -10.006294 -96.363862
10.140554 -10.344458 -96.363862
10.602493 -10.468234 -96.363862
11.064433 -10.344458 -96.363862
11.402596 -10.006294 -96.363862
11.309600 -9.544354 -96.688285
11.214866 -9.190801 -96.688285
10.956047 -8.931982 -96.688285
10.602493 -8.837248 -96.688285
10.248940 -8.931982 -96.688285
9.990121 -9.190801 -96.688285
9.895387 -9.544354 -96.688285
9.990121 -9.897908 -96.688285
10.248940 -10.156727 -96.688285
10.602493 -10.251461 -96.688285
10.956047 -10.156727 -96.688285
11.214866 -9.897908 -96.688285
10.985177 -9.544354 -96.905058
10.933907 -9.353013 -96.905058
10.793835 -9.212941 -96.905058
10.602493 -9.161671 -96.905058
10.411152 -9.212941 -96.905058
10.271080 -9.353013 -96.905058
10.219810 -9.544354 -96.905058
10.271080 -9.735696 -96.905058
10.411152 -9.875768 -96.905058
10.602493 -9.927038 -96.905058
10.793835 -9.875768 -96.905058
10.933907 -9.735696 -96.905058
10.602493 -9.544354 -96.981178
7.358147 -15.229552 -95.974213
7.740830 -15.229552 -96.050333
7.689560 -15.038211 -96.050333
7.549488 -14.898139 -96.050333
7.358147 -14.846869 -96.050333
7.166805 -14.898139 -96.050333
7.026733 -15.038211 -96.050333
6.975463 -15.229552 -96.050333
7.026733 -15.420894 -96.050333
7.166805 -15.560966 -96.050333
7.358147 -15.612236 -96.050333
7.549488 -15.560966 -96.050333
7.689560 -15.420894 -96.050333
8.065253 -15.229552 -96.267106
7.970519 -14.875999 -96.267106
7.711700 -14.617180 -96.267106
7.358147 -14.522445 -96.267106
7.004593 -14.617180 -96.267106
6.745774 -14.875999 -96.267106
6.651040 -15.229552 -96.267106
6.745774 -15.583106 -96.267106
7.004593 -15.841925 -96.267106
7.358147 -15.936659 -96.267106
7.711700 -15.841925 -96.267106
7.970519 -15.583106 -96.267106
8.282026 -15.229552 -96.591529
8.158250 -14.767613 -96.591529
7.820086 -14.429449 -96.591529
7.358147 -14.305673 -96.591529
6.896207 -14.429449 -96.591529
6.558044 -14.767613 -96.591529
6.434267 -15.229552 -96.591529
6.558044 -15.691492 -96.591529
6.896207 -16.029655 -96.591529
7.358147 -16.153432 -96.591529
7.820086 -16.029655 -96.591529
8.158250 -15.691492 -96.591529
8.358147 -15.229552 -96.974213
8.224172 -14.729552 -96.974213
7.858147 -14.363527 -96.974213
7.358147 -14.229552 -96.974213
6.858147 -14.363527 -96.974213
6.492121 -14.729552 -96.974213
6.358147 -15.229552 -96.974213
6.492121 -15.729552 -96.974213
6.858147 -16.095578 -96.974213
7.358147 -16.229552 -96.974213
7.858147 -16.095578 -96.974213
8.224172 -15.729552 -96.974213
8.282026 -15.229552 -97.356896
8.158250 -14.767613 -97.356896
7.820086 -14.429449 -97.356896
7.358147 -14.305673 -97.356896
6.896207 -14.429449 -97.356896
6.558044 -14.767613 -97.356896
6.434267 -15.229552 -97.356896
6.558044 -15.691492 -97.356896
6.896207 -16.029655 -97.356896
7.358147 -16.153432 -97.356896
7.820086 -16.029655 -97.356896
8.158250 -15.691492 -97.356896
8.065253 -15.229552 -97.681319
7.970519 -14.875999 -97.681319
7.711700 -14.617180 -97.681319
7.358147 -14.522445 -97.681319
7.004593 -14.617180 -97.681319
6.745774 -14.875999 -97.681319
6.651040 -15.229552 -97.681319
6.745774 -15.583106 -97.681319
7.004593 -15.841925 -97.681319
7.358147 -15.936659 -97.681319
7.711700 -15.841925 -97.681319
7.970519 -15.583106 -97.681319
7.740830 -15.229552 -97.898092
7.689560 -15.038211 -97.898092
7.549488 -14.898139 -97.898092
7.358147 -14.846869 -97.898092
7.166805 -14.898139 -97.898092
7.026733 -15.038211 -97.898092
6.975463 -15.229552 -97.898092
7.026733 -15.420894 -97.898092
7.166805 -15.560966 -97.898092
7.358147 -15.612236 -97.898092
7.549488 -15.560966 -97.898092
7.689560 -15.420894 -97.898092
7.358147 -15.229552 -97.974213
4.434860 -20.374287 -93.392517
4.817544 -20.374287 -93.468638
4.766274 -20.182945 -93.468638
4.626202 -20.042873 -93.468638
4.434860 -19.991603 -93.468638
4.243519 -20.042873 -93.468638
4.103447 -20.182945 -93.468638
4.052177 -20.374287 -93.468638
4.103447 -20.565628 -93.468638
4.243519 -20.705700 -93.468638
4.434860 -20.756970 -93.468638
4.626202 -20.705700 -93.468638
4.766274 -20.565628 -93.468638
5.141967 -20.374287 -93.685410
5.047233 -20.020733 -93.685410
4.788414 -19.761914 -93.685410
4.434860 -19.667180 -93.685410
4.081307 -19.761914 -93.685410
3.822488 -20.020733 -93.685410
3.727753 -20.374287 -93.685410
3.822488 -20.727840 -93.685410
4.081307 -20.986659 -93.685410
4.434860 -21.081393 -93.685410
4.788414 -20.986659 -93.685410
5.047233 -20.727840 -93.685410
5.358740 -20.374287 -94.009834
5.234963 -19.912347 -94.009834
4.896800 -19.574184 -94.009834
4.434860 -19.450407 -94.009834
3.972920 -19.574184 -94.009834
3.634757 -19.912347 -94.009834
3.510981 -20.374287 -94.009834
3.634757 -20.836226 -94.009834
3.972920 -21.174390 -94.009834
4.434860 -21.298166 -94.009834
4.896800 -21.174390 -94.009834
5.234963 -20.836226 -94.009834
5.434860 -20.374287 -94.392517
5.300886 -19.874287 -94.392517
4.934860 -19.508261 -94.392517
4.434860 -19.374287 -94.392517
3.934860 -19.508261 -94.392517
3.568835 -19.874287 -94.392517
3.434860 -20.374287 -94.392517
3.568835 -20.874287 -94.392517
3.934860 -21.240312 -94.392517
4.434860 -21.374287 -94.392517
4.934860 -21.240312 -94.392517
5.300886 -20.874287 -94.392517
5.358740 -20.374287 -94.775201
5.234963 -19.912347 -94.775201
4.896800 -19.574184 -94.775201
4.434860 -19.450407 -94.775201
3.972920 -19.574184 -94.775201
3.634757 -19.912347 -94.775201
3.510981 -20.374287 -94.775201
3.634757 -20.836226 -94.775201
3.972920 -21.174390 -94.775201
4.434860 -21.298166 -94.775201
4.896800 -21.174390 -94.775201
5.234963 -20.836226 -94.775201
5.141967 -20.374287 -95.099624
5.047233 -20.020733 -95.099624
4.788414 -19.761914 -95.099624
4.434860 -19.667180 -95.099624
4.081307 -19.761914 -95.099624
3.822488 -20.020733 -95.099624
3.727753 -20.374287 -95.099624
3.822488 -20.727840 -95.099624
4.081307 -20.986659 -95.099624
4.434860 -21.081393 -95.099624
4.788414 -20.986659 -95.099624
5.047233 -20.727840 -95.099624
4.817544 -20.374287 -95.316397
4.766274 -20.182945 -95.316397
4.626202 -20.042873 -95.316397
4.434860 -19.991603 -95.316397
4.243519 -20.042873 -95.316397
4.103447 -20.182945 -95.316397
4.052177 -20.374287 -95.316397
4.103447 -20.565628 -95.316397
4.243519 -20.705700 -95.316397
4.434860 -20.756970 -95.316397
4.626202 -20.705700 -95.316397
4.766274 -20.565628 -95.316397
4.434860 -20.374287 -95.392517
7.280731 -26.091421 -93.199730
7.663414 -26.091421 -93.275850
7.612144 -25.900079 -93.275850
7.472072 -25.760008 -93.275850
7.280731 -25.708738 -93.275850
7.089389 -25.760008 -93.275850
6.949317 -25.900079 -93.275850
6.898047 -26.091421 -93.275850
6.949317 -26.282763 -93.275850
7.089389 -26.422835 -93.275850
7.280731 -26.474105 -93.275850
7.472072 -26.422835 -93.275850
7.612144 -26.282763 -93.275850
7.987838 -26.091421 -93.492623
7.893103 -25.737868 -93.492623
7.634284 -25.479049 -93.492623
7.280731 -25.384314 -93.492623
6.927177 -25.479049 -93.492623
6.668358 -25.737868 -93.492623
6.573624 -26.091421 -93.492623
6.668358 -26.444975 -93.492623
6.927177 -26.703794 -93.492623
7.280731 -26.798528 -93.492623
7.634284 -26.703794 -93.492623
7.893103 -26.444975 -93.492623
8.204610 -26.091421 -93.817046
8.080834 -25.629481 -93.817046
7.742670 -25.291318 -93.817046
7.280731 -25.167542 -93.817046
6.818791 -25.291318 -93.817046
6.480628 -25.629481 -93.817046
6.356851 -26.091421 -93.817046
6.480628 -26.553361 -93.817046
6.818791 -26.891524 -93.817046
7.280731 -27.015301 -93.817046
7.742670 -26.891524 -93.817046
8.080834 -26.553361 -93.817046
8.280731 -26.091421 -94.199730
8.146756 -25.591421 -94.199730
7.780731 -25.225396 -94.199730
7.280731 -25.091421 -94.199730
6.780731 -25.225396 -94.199730
6.414705 -25.591421 -94.199730
6.280731 -26.091421 -94.199730
6.414705 -26.591421 -94.199730
6.780731 -26.957447 -94.199730
7.280731 -27.091421 -94.199730
7.780731 -26.957447 -94.199730
8.146756 -26.591421 -94.199730
8.204610 -26.091421 -94.582413
8.080834 -25.629481 -94.582413
7.742670 -25.291318 -94.582413
7.280731 -25.167542 -94.582413
6.818791 -25.291318 -94.582413
6.480628 -25.629481 -94.582413
6.356851 -26.091421 -94.582413
6.480628 -26.553361 -94.582413
6.818791 -26.891524 -94.582413
7.280731 -27.015301 -94.582413
7.742670 -26.891524 -94.582413
8.080834 -26.553361 -94.582413
7.987838 -26.091421 -94.906837
7.893103 -25.737868 -94.906837
7.634284 -25.479049 -94.906837
7.280731 -25.384314 -94.906837
6.927177 -25.479049 -94.906837
6.668358 -25.737868 -94.906837
6.573624 -26.091421 -94.906837
6.668358 -26.444975 -94.906837
6.927177 -26.703794 -94.906837
7.280731 -26.798528 -94.906837
7.634284 -26.703794 -94.906837
7.893103 -26.444975 -94.906837
7.663414 -26.091421 -95.123609
7.612144 -25.900079 -95.123609
7.472072 -25.760008 -95.123609
7.280731 -25.708738 -95.123609
7.089389 -25.760008 -95.123609
6.949317 -25.900079 -95.123609
6.898047 -26.091421 -95.123609
6.949317 -26.282763 -95.123609
7.089389 -26.422835 -95.123609
7.280731 -26.474105 -95.123609
7.472072 -26.422835 -95.123609
7.612144 -26.282763 -95.123609
7.280731 -26.091421 -95.199730
13.401876 -32.145645 -92.768646
13.784560 -32.145645 -92.844767
13.733290 -31.954303 -92.844767
13.593218 -31.814232 -92.844767
13.401876 -31.762962 -92.844767
13.210535 -31.814232 -92.844767
13.070463 -31.954303 -92.844767
13.019193 -32.145645 -92.844767
13.070463 -32.336987 -92.844767
13.210535 -32.477059 -92.844767
13.401876 -32.528329 -92.844767
13.593218 -32.477059 -92.844767
13.733290 -32.336987 -92.844767
14.108983 -32.145645 -93.061539
14.014249 -31.792092 -93.061539
13.755430 -31.533273 -93.061539
13.401876 -31.438538 -93.061539
13.048323 -31.533273 -93.061539
12.789504 -31.792092 -93.061539
12.694770 -32.145645 -93.061539
12.789504 -32.499199 -93.061539
13.048323 -32.758018 -93.061539
13.401876 -32.852752 -93.061539
13.755430 -32.758018 -93.061539
14.014249 -32.499199 -93.061539
14.325756 -32.145645 -93.385963
14.201980 -31.683705 -93.385963
13.863816 -31.345542 -93.385963
13.401876 -31.221766 -93.385963
12.939937 -31.345542 -93.385963
12.601773 -31.683705 -93.385963
12.477997 -32.145645 -93.385963
12.601773 -32.607585 -93.385963
12.939937 -32.945748 -93.385963
13.401876 -33.069525 -93.385963
13.863816 -32.945748 -93.385963
14.201980 -32.607585 -93.385963
14.401876 -32.145645 -93.768646
14.267902 -31.645645 -93.768646
13.901876 -31.279620 -93.768646
13.401876 -31.145645 -93.768646
12.901876 -31.279620 -93.768646
12.535851 -31.645645 -93.768646
12.401876 -32.145645 -93.768646
12.535851 -32.645645 -93.768646
12.901876 -33.011671 -93.768646
13.401876 -33.145645 -93.768646
13.901876 -33.011671 -93.768646
14.267902 -32.645645 -93.768646
14.325756 -32.145645 -94.151330
14.201980 -31.683705 -94.151330
13.863816 -31.345542 -94.151330
13.401876 -31.221766 -94.151330
12.939937 -31.345542 -94.151330
12.601773 -31.683705 -94.151330
12.477997 -32.145645 -94.151330
12.601773 -32.607585 -94.151330
12.939937 -32.945748 -94.151330
13.401876 -33.069525 -94.151330
13.863816 -32.945748 -94.151330
14.201980 -32.607585 -94.151330
14.108983 -32.145645 -94.475753
14.014249 -31.792092 -94.475753
13.755430 -31.533273 -94.475753
13.401876 -31.438538 -94.475753
13.048323 -31.533273 -94.475753
12.789504 -31.792092 -94.475753
12.694770 -32.145645 -94.475753
12.789504 -32.499199 -94.475753
13.048323 -32.758018 -94.475753
13.401876 -32.852752 -94.475753
13.755430 -32.758018 -94.475753
14.014249 -32.499199 -94.475753
13.784560 -32.145645 -94.692526
13.733290 -31.954303 -94.692526
13.593218 -31.814232 -94.692526
13.401876 -31.762962 -94.692526
13.210535 -31.814232 -94.692526
13.070463 -31.954303 -94.692526
13.019193 -32.145645 -94.692526
13.070463 -32.336987 -94.692526
13.210535 -32.477059 -94.692526
13.401876 -32.528329 -94.692526
13.593218 -32.477059 -94.692526
13.733290 -32.336987 -94.692526
13.401876 -32.145645 -94.768646
25.225567 -38.798172 -86.767075
25.608250 -38.798172 -86.843195
25.556980 -38.606830 -86.843195
25.416909 -38.466758 -86.843195
25.225567 -38.415489 -86.843195
25.034225 -38.466758 -86.843195
24.894153 -38.606830 -86.843195
24.842883 -38.798172 -86.843195
24.894153 -38.989514 -86.843195
25.034225 -39.129586 -86.843195
25.225567 -39.180855 -86.843195
25.416909 -39.129586 -86.843195
25.556980 -38.989514 -86.843195
25.932674 -38.798172 -87.059968
25.837939 -38.444619 -87.059968
25.579120 -38.185800 -87.059968
25.225567 -38.091065 -87.059968
24.872013 -38.185800 -87.059968
24.613194 -38.444619 -87.059968
24.518460 -38.798172 -87.059968
24.613194 -39.151725 -87.059968
24.872013 -39.410544 -87.059968
25.225567 -39.505279 -87.059968
25.579120 -39.410544 -87.059968
25.837939 -39.151725 -87.059968
26.149446 -38.798172 -87.384391
26.025670 -38.336232 -87.384391
25.687507 -37.998069 -87.384391
25.225567 -37.874292 -87.384391
24.763627 -37.998069 -87.384391
24.425464 -38.336232 -87.384391
24.301687 -38.798172 -87.384391
24.425464 -39.260112 -87.384391
24.763627 -39.598275 -87.384391
25.225567 -39.722052 -87.384391
25.687507 -39.598275 -87.384391
26.025670 -39.260112 -87.384391
26.225567 -38.798172 -87.767075
26.091592 -38.298172 -87.767075
25.725567 -37.932147 -87.767075
25.225567 -37.798172 -87.767075
24.725567 -37.932147 -87.767075
24.359541 -38.298172 -87.767075
24.225567 -38.798172 -87.767075
24.359541 -39.298172 -87.767075
24.725567 -39.664197 -87.767075
25.225567 -39.798172 -87.767075
25.725567 -39.664197 -87.767075
26.091592 -39.298172 -87.767075
26.149446 -38.798172 -88.149758
26.025670 -38.336232 -88.149758
25.687507 -37.998069 -88.149758
25.225567 -37.874292 -88.149758
24.763627 -37.998069 -88.149758
24.425464 -38.336232 -88.149758
24.301687 -38.798172 -88.149758
24.425464 -39.260112 -88.149758
24.763627 -39.598275 -88.149758
25.225567 -39.722052 -88.149758
25.687507 -39.598275 -88.149758
26.025670 -39.260112 -88.149758
25.932674 -38.798172 -88.474181
25.837939 -38.444619 -88.474181
25.579120 -38.185800 -88.474181
25.225567 -38.091065 -88.474181
24.872013 -38.185800 -88.474181
24.613194 -38.444619 -88.474181
24.518460 -38.798172 -88.474181
24.613194 -39.151725 -88.474181
24.872013 -39.410544 -88.474181
25.225567 -39.505279 -88.474181
25.579120 -39.410544 -88.474181
25.837939 -39.151725 -88.474181
25.608250 -38.798172 -88.690954
25.556980 -38.606830 -88.690954
25.416909 -38.466758 -88.690954
25.225567 -38.415489 -88.690954
25.034225 -38.466758 -88.690954
24.894153 -38.606830 -88.690954
24.842883 -38.798172 -88.690954
24.894153 -38.989514 -88.690954
25.034225 -39.129586 -88.690954
25.225567 -39.180855 -88.690954
25.416909 -39.129586 -88.690954
25.556980 -38.989514 -88.690954
25.225567 -38.798172 -88.767075
21.548426 -38.949875 -87.073738
21.931109 -38.949875 -87.149859
21.879839 -38.758533 -87.149859
21.739767 -38.618461 -87.149859
21.548426 -38.567191 -87.149859
21.357084 -38.618461 -87.149859
21.217012 -38.758533 -87.149859
21.165742 -38.949875 -87.149859
21.217012 -39.141217 -87.149859
21.357084 -39.281288 -87.149859
21.548426 -39.332558 -87.149859
21.739767 -39.281288 -87.149859
21.879839 -39.141217 -87.149859
22.255532 -38.949875 -87.366631
22.160798 -38.596321 -87.366631
21.901979 -38.337502 -87.366631
21.548426 -38.242768 -87.366631
21.194872 -38.337502 -87.366631
20.936053 -38.596321 -87.366631
20.841319 -38.949875 -87.366631
20.936053 -39.303428 -87.366631
21.194872 -39.562247 -87.366631
21.548426 -39.656982 -87.366631
21.901979 -39.562247 -87.366631
22.160798 -39.303428 -87.366631
22.472305 -38.949875 -87.691055
22.348529 -38.487935 -87.691055
22.010365 -38.149772 -87.691055
21.548426 -38.025995 -87.691055
21.086486 -38.149772 -87.691055
20.748323 -38.487935 -87.691055
20.624546 -38.949875 -87.691055
20.748323 -39.411815 -87.691055
21.086486 -39.749978 -87.691055
21.548426 -39.873754 -87.691055
22.010365 -39.749978 -87.691055
22.348529 -39.411815 -87.691055
22.548426 -38.949875 -88.073738
22.414451 -38.449875 -88.073738
22.048426 -38.083849 -88.073738
21.548426 -37.949875 -88.073738
21.048426 -38.083849 -88.073738
20.682400 -38.449875 -88.073738
20.548426 -38.949875 -88.073738
20.682400 -39.449875 -88.073738
21.048426 -39.815900 -88.073738
21.548426 -39.949875 -88.073738
22.048426 -39.815900 -88.073738
22.414451 -39.449875 -88.073738
22.472305 -38.949875 -88.456422
22.348529 -38.487935 -88.456422
22.010365 -38.149772 -88.456422
21.548426 -38.025995 -88.456422
21.086486 -38.149772 -88.456422
20.748323 -38.487935 -88.456422
20.624546 -38.949875 -88.456422
20.748323 -39.411815 -88.456422
21.086486 -39.749978 -88.456422
21.548426 -39.873754 -88.456422
22.010365 -39.749978 -88.456422
22.348529 -39.411815 -88.456422
22.255532 -38.949875 -88.780845
22.160798 -38.596321 -88.780845
21.901979 -38.337502 -88.780845
21.548426 -38.242768 -88.780845
21.194872 -38.337502 -88.780845
20.936053 -38.596321 -88.780845
20.841319 -38.949875 -88.780845
20.936053 -39.303428 -88.780845
21.194872 -39.562247 -88.780845
21.548426 -39.656982 -88.780845
21.901979 -39.562247 -88.780845
22.160798 -39.303428 -88.780845
21.931109 -38.949875 -88.997618
21.879839 -38.758533 -88.997618
21.739767 -38.618461 -88.997618
21.548426 -38.567191 -88.997618
21.357084 -38.618461 -88.997618
21.217012 -38.758533 -88.997618
21.165742 -38.949875 -88.997618
21.217012 -39.141217 -88.997618
21.357084 -39.281288 -88.997618
21.548426 -39.332558 -88.997618
21.739767 -39.281288 -88.997618
21.879839 -39.141217 -88.997618
21.548426 -38.949875 -89.073738
17.052752 -35.929520 -91.985268
17.435435 -35.929520 -92.061388
17.384165 -35.738178 -92.061388
17.244093 -35.598106 -92.061388
17.052752 -35.546836 -92.061388
16.861410 -35.598106 -92.061388
16.721338 -35.738178 -92.061388
16.670068 -35.929520 -92.061388
16.721338 -36.120861 -92.061388
16.861410 -36.260933 -92.061388
17.052752 -36.312203 -92.061388
17.244093 -36.260933 -92.061388
17.384165 -36.120861 -92.061388
17.759858 -35.929520 -92.278161
17.665124 -35.575966 -92.278161
17.406305 -35.317147 -92.278161
17.052752 -35.222413 -92.278161
16.699198 -35.317147 -92.278161
16.440379 -35.575966 -92.278161
16.345645 -35.929520 -92.278161
16.440379 -36.283073 -92.278161
16.699198 -36.541892 -92.278161
17.052752 -36.636626 -92.278161
17.406305 -36.541892 -92.278161
17.665124 -36.283073 -92.278161
17.976631 -35.929520 -92.602584
17.852855 -35.467580 -92.602584
17.514691 -35.129417 -92.602584
17.052752 -35.005640 -92.602584
16.590812 -35.129417 -92.602584
16.252648 -35.467580 -92.602584
16.128872 -35.929520 -92.602584
16.252648 -36.391459 -92.602584
16.590812 -36.729623 -92.602584
17.052752 -36.853399 -92.602584
17.514691 -36.729623 -92.602584
17.852855 -36.391459 -92.602584
18.052752 -35.929520 -92.985268
17.918777 -35.429520 -92.985268
17.552752 -35.063494 -92.985268
17.052752 -34.929520 -92.985268
16.552752 -35.063494 -92.985268
16.186726 -35.429520 -92.985268
16.052752 -35.929520 -92.985268
16.186726 -36.429520 -92.985268
16.552752 -36.795545 -92.985268
17.052752 -36.929520 -92.985268
17.552752 -36.795545 -92.985268
17.918777 -36.429520 -92.985268
17.976631 -35.929520 -93.367951
17.852855 -35.467580 -93.367951
17.514691 -35.129417 -93.367951
17.052752 -35.005640 -93.367951
16.590812 -35.129417 -93.367951
16.252648 -35.467580 -93.367951
16.128872 -35.929520 -93.367951
16.252648 -36.391459 -93.367951
16.590812 -36.729623 -93.367951
17.052752 -36.853399 -93.367951
17.514691 -36.729623 -93.367951
17.852855 -36.391459 -93.367951
17.759858 -35.929520 -93.692374
17.665124 -35.575966 -93.692374
17.406305 -35.317147 -93.692374
17.052752 -35.222413 -93.692374
16.699198 -35.317147 -93.692374
16.440379 -35.575966 -93.692374
16.345645 -35.929520 -93.692374
16.440379 -36.283073 -93.692374
16.699198 -36.541892 -93.692374
17.052752 -36.636626 -93.692374
17.406305 -36.541892 -93.692374
17.665124 -36.283073 -93.692374
17.435435 -35.929520 -93.909147
17.384165 -35.738178 -93.909147
17.244093 -35.598106 -93.909147
17.052752 -35.546836 -93.909147
16.861410 -35.598106 -93.909147
16.721338 -35.738178 -93.909147
16.670068 -35.929520 -93.909147
16.721338 -36.120861 -93.909147
16.861410 -36.260933 -93.909147
17.052752 -36.312203 -93.909147
17.244093 -36.260933 -93.909147
17.384165 -36.120861 -93.909147
17.052752 -35.929520 -93.985268
-22.260542 -13.324737 -83.565117
-21.877858 -13.324737 -83.641237
-21.929128 -13.133395 -83.641237
-22.069200 -12.993323 -83.641237
-22.260542 -12.942053 -83.641237
-22.451884 -12.993323 -83.641237
-22.591955 -13.133395 -83.641237
-22.643225 -13.324737 -83.641237
-22.591955 -13.516078 -83.641237
-22.451884 -13.656150 -83.641237
-22.260542 -13.707420 -83.641237
-22.069200 -13.656150 -83.641237
-21.929128 -13.516078 -83.641237
-21.553435 -13.324737 -83.858010
-21.648169 -12.971183 -83.858010
-21.906989 -12.712364 -83.858010
-22.260542 -12.617630 -83.858010
-22.614095 -12.712364 -83.858010
-22.872914 -12.971183 -83.858010
-22.967649 -13.324737 -83.858010
-22.872914 -13.678290 -83.858010
-22.614095 -13.937109 -83.858010
-22.260542 -14.031843 -83.858010
-21.906989 -13.937109 -83.858010
-21.648169 -13.678290 -83.858010
-21.336662 -13.324737 -84.182433
-21.460439 -12.862797 -84.182433
-21.798602 -12.524633 -84.182433
-22.260542 -12.400857 -84.182433
-22.722482 -12.524633 -84.182433
-23.060645 -12.862797 -84.182433
-23.184421 -13.324737 -84.182433
-23.060645 -13.786676 -84.182433
-22.722482 -14.124840 -84.182433
-22.260542 -14.248616 -84.182433
-21.798602 -14.124840 -84.182433
-21.460439 -13.786676 -84.182433
-21.260542 -13.324737 -84.565117
-21.394517 -12.824737 -84.565117
-21.760542 -12.458711 -84.565117
-22.260542 -12.324737 -84.565117
-22.760542 -12.458711 -84.565117
-23.126567 -12.824737 -84.565117
-23.260542 -13.324737 -84.565117
-23.126567 -13.824737 -84.565117
-22.760542 -14.190762 -84.565117
-22.260542 -14.324737 -84.565117
-21.760542 -14.190762 -84.565117
-21.394517 -13.824737 -84.565117
-21.336662 -13.324737 -84.947800
-21.460439 -12.862797 -84.947800
-21.798602 -12.524633 -84.947800
-22.260542 -12.400857 -84.947800
-22.722482 -12.524633 -84.947800
-23.060645 -12.862797 -84.947800
-23.184421 -13.324737 -84.947800
-23.060645 -13.786676 -84.947800
-22.722482 -14.124840 -84.947800
-22.260542 -14.248616 -84.947800
-21.798602 -14.124840 -84.947800
-21.460439 -13.786676 -84.947800
-21.553435 -13.324737 -85.272224
-21.648169 -12.971183 -85.272224
-21.906989 -12.712364 -85.272224
-22.260542 -12.617630 -85.272224
-22.614095 -12.712364 -85.272224
-22.872914 -12.971183 -85.272224
-22.967649 -13.324737 -85.272224
-22.872914 -13.678290 -85.272224
-22.614095 -13.937109 -85.272224
-22.260542 -14.031843 -85.272224
-21.906989 -13.937109 -85.272224
-21.648169 -13.678290 -85.272224
-21.877858 -13.324737 -85.488996
-21.929128 -13.133395 -85.488996
-22.069200 -12.993323 -85.488996
-22.260542 -12.942053 -85.488996
-22.451884 -12.993323 -85.488996
-22.591955 -13.133395 -85.488996
-22.643225 -13.324737 -85.488996
-22.591955 -13.516078 -85.488996
-22.451884 -13.656150 -85.488996
-22.260542 -13.707420 -85.488996
-22.069200 -13.656150 -85.488996
-21.929128 -13.516078 -85.488996
-22.260542 -13.324737 -85.565117
-17.423815 -17.587542 -85.011917
-17.041131 -17.587542 -85.088038
-17.092401 -17.396200 -85.088038
-17.232473 -17.256128 -85.088038
-17.423815 -17.204858 -85.088038
-17.615156 -17.256128 -85.088038
-17.755228 -17.396200 -85.088038
-17.806498 -17.587542 -85.088038
-17.755228 -17.778883 -85.088038
-17.615156 -17.918955 -85.088038
-17.423815 -17.970225 -85.088038
-17.232473 -17.918955 -85.088038
-17.092401 -17.778883 -85.088038
-16.716708 -17.587542 -85.304810
-16.811442 -17.233988 -85.304810
-17.070261 -16.975169 -85.304810
-17.423815 -16.880435 -85.304810
-17.777368 -16.975169 -85.304810
-18.036187 -17.233988 -85.304810
-18.130922 -17.587542 -85.304810
-18.036187 -17.941095 -85.304810
-17.777368 -18.199914 -85.304810
-17.423815 -18.294648 -85.304810
-17.070261 -18.199914 -85.304810
-16.811442 -17.941095 -85.304810
-16.499935 -17.587542 -85.629234
-16.623712 -17.125602 -85.629234
-16.961875 -16.787438 -85.629234
-17.423815 -16.663662 -85.629234
-17.885755 -16.787438 -85.629234
-18.223918 -17.125602 -85.629234
-18.347694 -17.587542 -85.629234
-18.223918 -18.049481 -85.629234
-17.885755 -18.387645 -85.629234
-17.423815 -18.511421 -85.629234
-16.961875 -18.387645 -85.629234
-16.623712 -18.049481 -85.629234
-16.423815 -17.587542 -86.011917
-16.557789 -17.087542 -86.011917
-16.923815 -16.721516 -86.011917
-17.423815 -16.587542 -86.011917
-17.923815 -16.721516 -86.011917
-18.289840 -17.087542 -86.011917
-18.423815 -17.587542 -86.011917
-18.289840 -18.087542 -86.011917
-17.923815 -18.453567 -86.011917
-17.423815 -18.587542 -86.011917
-16.923815 -18.453567 -86.011917
-16.557789 -18.087542 -86.011917
-16.499935 -17.587542 -86.394601
-16.623712 -17.125602 -86.394601
-16.961875 -16.787438 -86.394601
-17.423815 -16.663662 -86.394601
-17.885755 -16.787438 -86.394601
-18.223918 -17.125602 -86.394601
-18.347694 -17.587542 -86.394601
-18.223918 -18.049481 -86.394601
-17.885755 -18.387645 -86.394601
-17.423815 -18.511421 -86.394601
-16.961875 -18.387645 -86.394601
-16.623712 -18.049481 -86.394601
-16.716708 -17.587542 -86.719024
-16.811442 -17.233988 -86.719024
-17.070261 -16.975169 -86.719024
-17.423815 -16.880435 -86.719024
-17.777368 -16.975169 -86.719024
-18.036187 -17.233988 -86.719024
-18.130922 -17.587542 -86.719024
-18.036187 -17.941095 -86.719024
-17.777368 -18.199914 -86.719024
-17.423815 -18.294648 -86.719024
-17.070261 -18.199914 -86.719024
-16.811442 -17.941095 -86.719024
-17.041131 -17.587542 -86.935797
-17.092401 -17.396200 -86.935797
-17.232473 -17.256128 -86.935797
-17.423815 -17.204858 -86.935797
-17.615156 -17.256128 -86.935797
-17.755228 -17.396200 -86.935797
-17.806498 -17.587542 -86.935797
-17.755228 -17.778883 -86.935797
-17.615156 -17.918955 -86.935797
-17.423815 -17.970225 -86.935797
-17.232473 -17.918955 -86.935797
-17.092401 -17.778883 -86.935797
-17.423815 -17.587542 -87.011917
-12.066916 -21.770754 -87.077156
-11.684232 -21.770754 -87.153277
-11.735502 -21.579412 -87.153277
-11.875574 -21.439340 -87.153277
-12.066916 -21.388070 -87.153277
-12.258257 -21.439340 -87.153277
-12.398329 -21.579412 -87.153277
-12.449599 -21.770754 -87.153277
-12.398329 -21.962096 -87.153277
-12.258257 -22.102167 -87.153277
-12.066916 -22.153437 -87.153277
-11.875574 -22.102167 -87.153277
-11.735502 -21.962096 -87.153277
-11.359809 -21.770754 -87.370049
-11.454543 -21.417200 -87.370049
-11.713362 -21.158381 -87.370049
-12.066916 -21.063647 -87.370049
-12.420469 -21.158381 -87.370049
-12.679288 -21.417200 -87.370049
-12.774022 -21.770754 -87.370049
-12.679288 -22.124307 -87.370049
-12.420469 -22.383126 -87.370049
-12.066916 -22.477861 -87.370049
-11.713362 -22.383126 -87.370049
-11.454543 -22.124307 -87.370049
-11.143036 -21.770754 -87.694473
-11.266812 -21.308814 -87.694473
-11.604976 -20.970651 -87.694473
-12.066916 -20.846874 -87.694473
-12.528855 -20.970651 -87.694473
-12.867019 -21.308814 -87.694473
-12.990795 -21.770754 -87.694473
-12.867019 -22.232694 -87.694473
-12.528855 -22.570857 -87.694473
-12.066916 -22.694633 -87.694473
-11.604976 -22.570857 -87.694473
-11.266812 -22.232694 -87.694473
-11.066916 -21.770754 -88.077156
-11.200890 -21.270754 -88.077156
-11.566916 -20.904728 -88.077156
-12.066916 -20.770754 -88.077156
-12.566916 -20.904728 -88.077156
-12.932941 -21.270754 -88.077156
-13.066916 -21.770754 -88.077156
-12.932941 -22.270754 -88.077156
-12.566916 -22.636779 -88.077156
-12.066916 -22.770754 -88.077156
-11.566916 -22.636779 -88.077156
-11.200890 -22.270754 -88.077156
-11.143036 -21.770754 -88.459839
-11.266812 -21.308814 -88.459839
-11.604976 -20.970651 -88.459839
-12.066916 -20.846874 -88.459839
-12.528855 -20.970651 -88.459839
-12.867019 -21.308814 -88.459839
-12.990795 -21.770754 -88.459839
-12.867019 -22.232694 -88.459839
-12.528855 -22.570857 -88.459839
-12.066916 -22.694633 -88.459839
-11.604976 -22.570857 -88.459839
-11.266812 -22.232694 -88.459839
-11.359809 -21.770754 -88.784263
-11.454543 -21.417200 -88.784263
-11.713362 -21.158381 -88.784263
-12.066916 -21.063647 -88.784263
-12.420469 -21.158381 -88.784263
-12.679288 -21.417200 -88.784263
-12.774022 -21.770754 -88.784263
-12.679288 -22.124307 -88.784263
-12.420469 -22.383126 -88.784263
-12.066916 -22.477861 -88.784263
-11.713362 -22.383126 -88.784263
-11.454543 -22.124307 -88.784263
-11.684232 -21.770754 -89.001036
-11.735502 -21.579412 -89.001036
-11.875574 -21.439340 -89.001036
-12.066916 -21.388070 -89.001036
-12.258257 -21.439340 -89.001036
-12.398329 -21.579412 -89.001036
-12.449599 -21.770754 -89.001036
-12.398329 -21.962096 -89.001036
-12.258257 -22.102167 -89.001036
-12.066916 -22.153437 -89.001036
-11.875574 -22.102167 -89.001036
-11.735502 -21.962096 -89.001036
-12.066916 -21.770754 -89.077156
-6.818672 -24.956573 -89.619835
-6.435988 -24.956573 -89.695955
-6.487258 -24.765232 -89.695955
-6.627330 -24.625160 -89.695955
-6.818672 -24.573890 -89.695955
-7.010013 -24.625160 -89.695955
-7.150085 -24.765232 -89.695955
-7.201355 -24.956573 -89.695955
-7.150085 -25.147915 -89.695955
-7.010013 -25.287987 -89.695955
-6.818672 -25.339257 -89.695955
-6.627330 -25.287987 -89.695955
-6.487258 -25.147915 -89.695955
-6.111565 -24.956573 -89.912728
-6.206299 -24.603020 -89.912728
-6.465118 -24.344201 -89.912728
-6.818672 -24.249467 -89.912728
-7.172225 -24.344201 -89.912728
-7.431044 -24.603020 -89.912728
-7.525778 -24.956573 -89.912728
-7.431044 -25.310127 -89.912728
-7.172225 -25.568946 -89.912728
-6.818672 -25.663680 -89.912728
-6.465118 -25.568946 -89.912728
-6.206299 -25.310127 -89.912728
-5.894792 -24.956573 -90.237151
-6.018569 -24.494634 -90.237151
-6.356732 -24.156470 -90.237151
-6.818672 -24.032694 -90.237151
-7.280611 -24.156470 -90.237151
-7.618775 -24.494634 -90.237151
-7.742551 -24.956573 -90.237151
-7.618775 -25.418513 -90.237151
-7.280611 -25.756677 -90.237151
-6.818672 -25.880453 -90.237151
-6.356732 -25.756677 -90.237151
-6.018569 -25.418513 -90.237151
-5.818672 -24.956573 -90.619835
-5.952646 -24.456573 -90.619835
-6.318672 -24.090548 -90.619835
-6.818672 -23.956573 -90.619835
-7.318672 -24.090548 -90.619835
-7.684697 -24.456573 -90.619835
-7.818672 -24.956573 -90.619835
-7.684697 -25.456573 -90.619835
-7.318672 -25.822599 -90.619835
-6.818672 -25.956573 -90.619835
-6.318672 -25.822599 -90.619835
-5.952646 -25.456573 -90.619835
-5.894792 -24.956573 -91.002518
-6.018569 -24.494634 -91.002518
-6.356732 -24.156470 -91.002518
-6.818672 -24.032694 -91.002518
-7.280611 -24.156470 -91.002518
-7.618775 -24.494634 -91.002518
-7.742551 -24.956573 -91.002518
-7.618775 -25.418513 -91.002518
-7.280611 -25.756677 -91.002518
-6.818672 -25.880453 -91.002518
-6.356732 -25.756677 -91.002518
-6.018569 -25.418513 -91.002518
-6.111565 -24.956573 -91.326942
-6.206299 -24.603020 -91.326942
-6.465118 -24.344201 -91.326942
-6.818672 -24.249467 -91.326942
-7.172225 -24.344201 -91.326942
-7.431044 -24.603020 -91.326942
-7.525778 -24.956573 -91.326942
-7.431044 -25.310127 -91.326942
-7.172225 -25.568946 -91.326942
-6.818672 -25.663680 -91.326942
-6.465118 -25.568946 -91.326942
-6.206299 -25.310127 -91.326942
-6.435988 -24.956573 -91.543714
-6.487258 -24.765232 -91.543714
-6.627330 -24.625160 -91.543714
-6.818672 -24.573890 -91.543714
-7.010013 -24.625160 -91.543714
-7.150085 -24.765232 -91.543714
-7.201355 -24.956573 -91.543714
-7.150085 -25.147915 -91.543714
-7.010013 -25.287987 -91.543714
-6.818672 -25.339257 -91.543714
-6.627330 -25.287987 -91.543714
-6.487258 -25.147915 -91.543714
-6.818672 -24.956573 -91.619835
-3.240561 -28.840717 -88.894745
-2.857878 -28.840717 -88.970865
-2.909147 -28.649376 -88.970865
-3.049219 -28.509304 -88.970865
-3.240561 -28.458034 -88.970865
-3.431903 -28.509304 -88.970865
-3.571975 -28.649376 -88.970865
-3.623244 -28.840717 -88.970865
-3.571975 -29.032059 -88.970865
-3.431903 -29.172131 -88.970865
-3.240561 -29.223401 -88.970865
-3.049219 -29.172131 -88.970865
-2.909147 -29.032059 -88.970865
-2.533454 -28.840717 -89.187638
-2.628189 -28.487164 -89.187638
-2.887008 -28.228345 -89.187638
-3.240561 -28.133611 -89.187638
-3.594114 -28.228345 -89.187638
-3.852933 -28.487164 -89.187638
-3.947668 -28.840717 -89.187638
-3.852933 -29.194271 -89.187638
-3.594114 -29.453090 -89.187638
-3.240561 -29.547824 -89.187638
-2.887008 -29.453090 -89.187638
-2.628189 -29.194271 -89.187638
-2.316681 -28.840717 -89.512061
-2.440458 -28.378778 -89.512061
-2.778621 -28.040614 -89.512061
-3.240561 -27.916838 -89.512061
-3.702501 -28.040614 -89.512061
-4.040664 -28.378778 -89.512061
-4.164441 -28.840717 -89.512061
-4.040664 -29.302657 -89.512061
-3.702501 -29.640820 -89.512061
-3.240561 -29.764597 -89.512061
-2.778621 -29.640820 -89.512061
-2.440458 -29.302657 -89.512061
-2.240561 -28.840717 -89.894745
-2.374536 -28.340717 -89.894745
-2.740561 -27.974692 -89.894745
-3.240561 -27.840717 -89.894745
-3.740561 -27.974692 -89.894745
-4.106586 -28.340717 -89.894745
-4.240561 -28.840717 -89.894745
-4.106586 -29.340717 -89.894745
-3.740561 -29.706743 -89.894745
-3.240561 -29.840717 -89.894745
-2.740561 -29.706743 -89.894745
-2.374536 -29.340717 -89.894745
-2.316681 -28.840717 -90.277428
-2.440458 -28.378778 -90.277428
-2.778621 -28.040614 -90.277428
-3.240561 -27.916838 -90.277428
-3.702501 -28.040614 -90.277428
-4.040664 -28.378778 -90.277428
-4.164441 -28.840717 -90.277428
-4.040664 -29.302657 -90.277428
-3.702501 -29.640820 -90.277428
-3.240561 -29.764597 -90.277428
-2.778621 -29.640820 -90.277428
-2.440458 -29.302657 -90.277428
-2.533454 -28.840717 -90.601852
-2.628189 -28.487164 -90.601852
-2.887008 -28.228345 -90.601852
-3.240561 -28.133611 -90.601852
-3.594114 -28.228345 -90.601852
-3.852933 -28.487164 -90.601852
-3.947668 -28.840717 -90.601852
-3.852933 -29.194271 -90.601852
-3.594114 -29.453090 -90.601852
-3.240561 -29.547824 -90.601852
-2.887008 -29.453090 -90.601852
-2.628189 -29.194271 -90.601852
-2.857878 -28.840717 -90.818624
-2.909147 -28.649376 -90.818624
-3.049219 -28.509304 -90.818624
-3.240561 -28.458034 -90.818624
-3.431903 -28.509304 -90.818624
-3.571975 -28.649376 -90.818624
-3.623244 -28.840717 -90.818624
-3.571975 -29.032059 -90.818624
-3.431903 -29.172131 -90.818624
-3.240561 -29.223401 -90.818624
-3.049219 -29.172131 -90.818624
-2.909147 -29.032059 -90.818624
-3.240561 -28.840717 -90.894745
2.309323 -31.631638 -89.603760
2.692006 -31.631638 -89.679880
2.640736 -31.440296 -89.679880
2.500665 -31.300224 -89.679880
2.309323 -31.248954 -89.679880
2.117981 -31.300224 -89.679880
1.977909 -31.440296 -89.679880
1.926639 -31.631638 -89.679880
1.977909 -31.822979 -89.679880
2.117981 -31.963051 -89.679880
2.309323 -32.014321 -89.679880
2.500665 -31.963051 -89.679880
2.640736 -31.822979 -89.679880
3.016430 -31.631638 -89.896653
2.921695 -31.278084 -89.896653
2.662876 -31.019265 -89.896653
2.309323 -30.924531 -89.896653
1.955769 -31.019265 -89.896653
1.696950 -31.278084 -89.896653
1.602216 -31.631638 -89.896653
1.696950 -31.985191 -89.896653
1.955769 -32.244010 -89.896653
2.309323 -32.338744 -89.896653
2.662876 -32.244010 -89.896653
2.921695 -31.985191 -89.896653
3.233202 -31.631638 -90.221076
3.109426 -31.169698 -90.221076
2.771263 -30.831534 -90.221076
2.309323 -30.707758 -90.221076
1.847383 -30.831534 -90.221076
1.509220 -31.169698 -90.221076
1.385443 -31.631638 -90.221076
1.509220 -32.093577 -90.221076
1.847383 -32.431741 -90.221076
2.309323 -32.555517 -90.221076
2.771263 -32.431741 -90.221076
3.109426 -32.093577 -90.221076
3.309323 -31.631638 -90.603760
3.175348 -31.131638 -90.603760
2.809323 -30.765612 -90.603760
2.309323 -30.631638 -90.603760
1.809323 -30.765612 -90.603760
1.443297 -31.131638 -90.603760
1.309323 -31.631638 -90.603760
1.443297 -32.131638 -90.603760
1.809323 -32.497663 -90.603760
2.309323 -32.631638 -90.603760
2.809323 -32.497663 -90.603760
3.175348 -32.131638 -90.603760
3.233202 -31.631638 -90.986443
3.109426 -31.169698 -90.986443
2.771263 -30.831534 -90.986443
2.309323 -30.707758 -90.986443
1.847383 -30.831534 -90.986443
1.509220 -31.169698 -90.986443
1.385443 -31.631638 -90.986443
1.509220 -32.093577 -90.986443
1.847383 -32.431741 -90.986443
2.309323 -32.555517 -90.986443
2.771263 -32.431741 -90.986443
3.109426 -32.093577 -90.986443
3.016430 -31.631638 -91.310867
2.921695 -31.278084 -91.310867
2.662876 -31.019265 -91.310867
2.309323 -30.924531 -91.310867
1.955769 -31.019265 -91.310867
1.696950 -31.278084 -91.310867
1.602216 -31.631638 -91.310867
1.696950 -31.985191 -91.310867
1.955769 -32.244010 -91.310867
2.309323 -32.338744 -91.310867
2.662876 -32.244010 -91.310867
2.921695 -31.985191 -91.310867
2.692006 -31.631638 -91.527639
2.640736 -31.440296 -91.527639
2.500665 -31.300224 -91.527639
2.309323 -31.248954 -91.527639
2.117981 -31.300224 -91.527639
1.977909 -31.440296 -91.527639
1.926639 -31.631638 -91.527639
1.977909 -31.822979 -91.527639
2.117981 -31.963051 -91.527639
2.309323 -32.014321 -91.527639
2.500665 -31.963051 -91.527639
2.640736 -31.822979 -91.527639
2.309323 -31.631638 -91.603760
6.172812 -34.313744 -90.359985
6.555496 -34.313744 -90.436106
6.504226 -34.122402 -90.436106
6.364154 -33.982330 -90.436106
6.172812 -33.931060 -90.436106
5.981471 -33.982330 -90.436106
5.841399 -34.122402 -90.436106
5.790129 -34.313744 -90.436106
5.841399 -34.505085 -90.436106
5.981471 -34.645157 -90.436106
6.172812 -34.696427 -90.436106
6.364154 -34.645157 -90.436106
6.504226 -34.505085 -90.436106
6.879919 -34.313744 -90.652879
6.785185 -33.960190 -90.652879
6.526366 -33.701371 -90.652879
6.172812 -33.606637 -90.652879
5.819259 -33.701371 -90.652879
5.560440 -33.960190 -90.652879
5.465706 -34.313744 -90.652879
5.560440 -34.667297 -90.652879
5.819259 -34.926116 -90.652879
6.172812 -35.020850 -90.652879
6.526366 -34.926116 -90.652879
6.785185 -34.667297 -90.652879
7.096692 -34.313744 -90.977302
6.972916 -33.851804 -90.977302
6.634752 -33.513640 -90.977302
6.172812 -33.389864 -90.977302
5.710873 -33.513640 -90.977302
5.372709 -33.851804 -90.977302
5.248933 -34.313744 -90.977302
5.372709 -34.775683 -90.977302
5.710873 -35.113847 -90.977302
6.172812 -35.237623 -90.977302
6.634752 -35.113847 -90.977302
6.972916 -34.775683 -90.977302
7.172812 -34.313744 -91.359985
7.038838 -33.813744 -91.359985
6.672812 -33.447718 -91.359985
6.172812 -33.313744 -91.359985
5.672812 -33.447718 -91.359985
5.306787 -33.813744 -91.359985
5.172812 -34.313744 -91.359985
5.306787 -34.813744 -91.359985
5.672812 -35.179769 -91.359985
6.172812 -35.313744 -91.359985
6.672812 -35.179769 -91.359985
7.038838 -34.813744 -91.359985
7.096692 -34.313744 -91.742669
6.972916 -33.851804 -91.742669
6.634752 -33.513640 -91.742669
6.172812 -33.389864 -91.742669
5.710873 -33.513640 -91.742669
5.372709 -33.851804 -91.742669
5.248933 -34.313744 -91.742669
5.372709 -34.775683 -91.742669
5.710873 -35.113847 -91.742669
6.172812 -35.237623 -91.742669
6.634752 -35.113847 -91.742669
6.972916 -34.775683 -91.742669
6.879919 -34.313744 -92.067092
6.785185 -33.960190 -92.067092
6.526366 -33.701371 -92.067092
6.172812 -33.606637 -92.067092
5.819259 -33.701371 -92.067092
5.560440 -33.960190 -92.067092
5.465706 -34.313744 -92.067092
5.560440 -34.667297 -92.067092
5.819259 -34.926116 -92.067092
6.172812 -35.020850 -92.067092
6.526366 -34.926116 -92.067092
6.785185 -34.667297 -92.067092
6.555496 -34.313744 -92.283865
6.504226 -34.122402 -92.283865
6.364154 -33.982330 -92.283865
6.172812 -33.931060 -92.283865
5.981471 -33.982330 -92.283865
5.841399 -34.122402 -92.283865
5.790129 -34.313744 -92.283865
5.841399 -34.505085 -92.283865
5.981471 -34.645157 -92.283865
6.172812 -34.696427 -92.283865
6.364154 -34.645157 -92.283865
6.504226 -34.505085 -92.283865
6.172812 -34.313744 -92.359985
3 0 1 2
3 0 2 3
3 0 3 4
3 0 4 5
3 0 5 6
3 0 6 7
3 0 7 8
3 0 8 9
3 0 9 10
3 0 10 11
3 0 11 12
3 0 12 1
3 1 13 2
3 2 13 14
3 2 14 3
3 3 14 15
3 3 15 4
3 4 15 16
3 4 16 5
3 5 16 17
3 5 17 6
3 6 17 18
3 6 18 7
3 7 18 19
3 7 19 8
3 8 19 20
3 8 20 9
3 9 20 21
3 9 21 10
3 10 21 22
3 10 22 11
3 11 22 23
3 11 23 12
3 12 23 24
3 12 24 1
3 1 24 13
3 13 25 14
3 14 25 26
3 14 26 15
3 15 26 27
3 15 27 16
3 16 27 28
3 16 28 17
3 17 28 29
3 17 29 18
3 18 29 30
3 18 30 19
3 19 30 31
3 19 31 20
3 20 31 32
3 20 32 21
3 21 32 33
3 21 33 22
3 22 33 34
3 22 34 23
3 23 34 35
3 23 35 24
3 24 35 36
3 24 36 13
3 13 36 25
3 25 37 26
3 26 37 38
3 26 38 27
3 27 38 39
3 27 39 28
3 28 39 40
3 28 40 29
3 29 40 41
3 29 41 30
3 30 41 42
3 30 42 31
3 31 42 43
3 31 43 32
3 32 43 44
3 32 44 33
3 33 44 45
3 33 45 34
3 34 45 46
3 34 46 35
3 35 46 47
3 35 47 36
3 36 47 48
3 36 48 25
3 25 48 37
3 37 49 38
3 38 49 50
3 38 50 39
3 39 50 51
3 39 51 40
3 40 51 52
3 40 52 41
3 41 52 53
3 41 53 42
3 42 53 54
3 42 54 43
3 43 54 55
3 43 55 44
3 44 55 56
3 44 56 45
3 45 56 57
3 45 57 46
3 46 57 58
3 46 58 47
3 47 58 59
3 47 59 48
3 48 59 60
3 48 60 37
3 37 60 49
3 49 61 50
3 50 61 62
3 50 62 51
3 51 62 63
3 51 63 52
3 52 63 64
3 52 64 53
3 53 64 65
3 53 65 54
3 54 65 66
3 54 66 55
3 55 66 67
3 55 67 56
3 56 67 68
3 56 68 57
3 57 68 69
3 57 69 58
3 58 69 70
3 58 70 59
3 59 70 71
3 59 71 60
3 60 71 72
3 60 72 49
3 49 72 61
3 61 73 62
3 62 73 74
3 62 74 63
3 63 74 75
3 63 75 64
3 64 75 76
3 64 76 65
3 65 76 77
3 65 77 66
3 66 77 78
3 66 78 67
3 67 78 79
3 67 79 68
3 68 79 80
3 68 80 69
3 69 80 81
3 69 81 70
3 70 81 82
3 70 82 71
3 71 82 83
3 71 83 72
3 72 83 84
3 72 84 61
3 61 84 73
3 85 74 73
3 85 75 74
3 85 76 75
3 85 77 76
3 85 78 77
3 85 79 78
3 85 80 79
3 85 81 80
3 85 82 81
3 85 83 82
3 85 84 83
3 85 73 84
3 86 87 88
3 86 88 89
3 86 89 90
3 86 90 91
3 86 91 92
3 86 92 93
3 86 93 94
3 86 94 95
3 86 95 96
3 86 96 97
3 86 97 98
3 86 98 87
3 87 99 88
3 88 99 100
3 88 100 89
3 89 100 101
3 89 101 90
3 90 101 102
3 90 102 91
3 91 102 103
3 91 103 92
3 92 103 104
3 92 104 93
3 93 104 105
3 93 105 94
3 94 105 106
3 94 106 95
3 95 106 107
3 95 107 96
3 96 107 108
3 96 108 97
3 97 108 109
3 97 109 98
3 98 109 110
3 98 110 87
3 87 110 99
3 99 111 100
3 100 111 112
3 100 112 101
3 101 112 113
3 101 113 102
3 102 113 114
3 102 114 103
3 103 114 115
3 103 115 104
3 104 115 116
3 104 116 105
3 105 116 117
3 105 117 106
3 106 117 118
3 106 118 107
3 107 118 119
3 107 119 108
3 108 119 120
3 108 120 109
3 109 120 121
3 109 121 110
3 110 121 122
3 110 122 99
3 99 122 111
3 111 123 112
3 112 123 124
3 112 124 113
3 113 124 125
3 113 125 114
3 114 125 126
3 114 126 115
3 115 126 127
3 115 127 116
3 116 127 128
3 116 128 117
3 117 128 129
3 117 129 118
3 118 129 130
3 118 130 119
3 119 130 131
3 119 131 120
3 120 131 132
3 120 132 121
3 121 132 133
3 121 133 122
3 122 133 134
3 122 134 111
3 111 134 123
3 123 135 124
3 124 135 136
3 124 136 125
3 125 136 137
3 125 137 126
3 126 137 138
3 126 138 127
3 127 138 139
3 127 139 128
3 128 139 140
3 128 140 129
3 129 140 141
3 129 141 130
3 130 141 142
3 130 142 131
3 131 142 143
3 131 143 132
3 132 143 144
3 132 144 133
3 133 144 145
3 133 145 134
3 134 145 146
3 134 146 123
3 123 146 135
3 135 147 136
3 136 147 148
3 136 148 137
3 137 148 149
3 137 149 138
3 138 149 150
3 138 150 139
3 139 150 151
3 139 151 140
3 140 151 152
3 140 152 141
3 141 152 153
3 141 153 142
3 142 153 154
3 142 154 143
3 143 154 155
3 143 155 144
3 144 155 156
3 144 156 145
3 145 156 157
3 145 157 146
3 146 157 158
3 146 158 135
3 135 158 147
3 147 159 148
3 148 159 160
3 148 160 149
3 149 160 161
3 149 161 150
3 150 161 162
3 150 162 151
3 151 162 163
3 151 163 152
3 152 163 164
3 152 164 153
3 153 164 165
3 153 165 154
3 154 165 166
3 154 166 155
3 155 166 167
3 155 167 156
3 156 167 168
3 156 168 157
3 157 168 169
3 157 169 158
3 158 169 170
3 158 170 147
3 147 170 159
3 171 160 159
3 171 161 160
3 171 162 161
3 171 163 162
3 171 164 163
3 171 165 164
3 171 166 165
3 171 167 166
3 171 168 167
3 171 169 168
3 171 170 169
3 171 159 170
3 172 173 174
3 172 174 175
3 172 175 176
3 172 176 177
3 172 177 178
3 172 178 179
3 172 179 180
3 172 180 181
3 172 181 182
3 172 182 183
3 172 183 184
3 172 184 173
3 173 185 174
3 174 185 186
3 174 186 175
3 175 186 187
3 175 187 176
3 176 187 188
3 176 188 177
3 177 188 189
3 177 189 178
3 178 189 190
3 178 190 179
3 179 190 191
3 179 191 180
3 180 191 192
3 180 192 181
3 181 192 193
3 181 193 182
3 182 193 194
3 182 194 183
3 183 194 195
3 183 195 184
3 184 195 196
3 184 196 173
3 173 196 185
3 185 197 186
3 186 197 198
3 186 198 187
3 187 198 199
3 187 199 188
3 188 199 200
3 188 200 189
3 189 200 201
3 189 201 190
3 190 201 202
3 190 202 191
3 191 202 203
3 191 203 192
3 192 203 204
3 192 204 193
3 193 204 205
3 193 205 194
3 194 205 206
3 194 206 195
3 195 206 207
3 195 207 196
3 196 207 208
3 196 208 185
3 185 208 197
3 197 209 198
3 198 209 210
3 198 210 199
3 199 210 211
3 199 211 200
3 200 211 212
3 200 212 201
3 201 212 213
3 201 213 202
3 202 213 214
3 202 214 203
3 203 214 215
3 203 215 204
3 204 215 216
3 204 216 205
3 205 216 217
3 205 217 206
3 206 217 218
3 206 218 207
3 207 218 219
3 207 219 208
3 208 219 220
3 208 220 197
3 197 220 209
3 209 221 210
3 210 221 222
3 210 222 211
3 211 222 223
3 211 223 212
3 212 223 224
3 212 224 213
3 213 224 225
3 213 225 214
3 214 225 226
3 214 226 215
3 215 226 227
3 215 227 216
3 216 227 228
3 216 228 217
3 217 228 229
3 217 229 218
3 218 229 230
3 218 230 219
3 219 230 231
3 219 231 220
3 220 231 232
3 220 232 209
3 209 232 221
3 221 233 222
3 222 233 234
3 222 234 223
3 223 234 235
3 223 235 224
3 224 235 236
3 224 236 225
3 225 236 237
3 225 237 226
3 226 237 238
3 226 238 227
3 227 238 239
3 227 239 228
3 228 239 240
3 228 240 229
3 229 240 241
3 229 241 230
3 230 241 242
3 230 242 231
3 231 242 243
3 231 243 232
3 232 243 244
3 232 244 221
3 221 244 233
3 233 245 234
3 234 245 246
3 234 246 235
3 235 246 247
3 235 247 236
3 236 247 248
3 236 248 237
3 237 248 249
3 237 249 238
3 238 249 250
3 238 250 239
3 239 250 251
3 239 251 240
3 240 251 252
3 240 252 241
3 241 252 253
3 241 253 242
3 242 253 254
3 242 254 243
3 243 254 255
3 243 255 244
3 244 255 256
3 244 256 233
3 233 256 245
3 257 246 245
3 257 247 246
3 257 248 247
3 257 249 248
3 257 250 249
3 257 251 250
3 257 252 251
3 257 253 252
3 257 254 253
3 257 255 254
3 257 256 255
3 257 245 256
3 258 259 260
3 258 260 261
3 258 261 262
3 258 262 263
3 258 263 264
3 258 264 265
3 258 265 266
3 258 266 267
3 258 267 268
3 258 268 269
3 258 269 270
3 258 270 259
3 259 271 260
3 260 271 272
3 260 272 261
3 261 272 273
3 261 273 262
3 262 273 274
3 262 274 263
3 263 274 275
3 263 275 264
3 264 275 276
3 264 276 265
3 265 276 277
3 265 277 266
3 266 277 278
3 266 278 267
3 267 278 279
3 267 279 268
3 268 279 280
3 268 280 269
3 269 280 281
3 269 281 270
3 270 281 282
3 270 282 259
3 259 282 271
3 271 283 272
3 272 283 284
3 272 284 273
3 273 284 285
3 273 285 274
3 274 285 286
3 274 286 275
3 275 286 287
3 275 287 276
3 276 287 288
3 276 288 277
3 277 288 289
3 277 289 278
3 278 289 290
3 278 290 279
3 279 290 291
3 279 291 280
3 280 291 292
3 280 292 281
3 281 292 293
3 281 293 282
3 282 293 294
3 282 294 271
3 271 294 283
3 283 295 284
3 284 295 296
3 284 296 285
3 285 296 297
3 285 297 286
3 286 297 298
3 286 298 287
3 287 298 299
3 287 299 288
3 288 299 300
3 288 300 289
3 289 300 301
3 289 301 290
3 290 301 302
3 290 302 291
3 291 302 303
3 291 303 292
3 292 303 304
3 292 304 293
3 293 304 305
3 293 305 294
3 294 305 306
3 294 306 283
3 283 306 295
3 295 307 296
3 296 307 308
3 296 308 297
3 297 308 309
3 297 309 298
3 298 309 310
3 298 310 299
3 299 310 311
3 299 311 300
3 300 311 312
3 300 312 301
3 301 312 313
3 301 313 302
3 302 313 314
3 302 314 303
3 303 314 315
3 303 315 304
3 304 315 316
3 304 316 305
3 305 316 317
3 305 317 306
3 306 317 318
3 306 318 295
3 295 318 307
3 307 319 308
3 308 319 320
3 308 320 309
3 309 320 321
3 309 321 310
3 310 321 322
3 310 322 311
3 311 322 323
3 311 323 312
3 312 323 324
3 312 324 313
3 313 324 325
3 313 325 314
3 314 325 326
3 314 326 315
3 315 326 327
3 315 327 316
3 316 327 328
3 316 328 317
3 317 328 329
3 317 329 318
3 318 329 330
3 318 330 307
3 307 330 319
3 319 331 320
3 320 331 332
3 320 332 321
3 321 332 333
3 321 333 322
3 322 333 334
3 322 334 323
3 323 334 335
3 323 335 324
3 324 335 336
3 324 336 325
3 325 336 337
3 325 337 326
3 326 337 338
3 326 338 327
3 327 338 339
3 327 339 328
3 328 339 340
3 328 340 329
3 329 340 341
3 329 341 330
3 330 341 342
3 330 342 319
3 319 342 331
3 343 332 331
3 343 333 332
3 343 334 333
3 343 335 334
3 343 336 335
3 343 337 336
3 343 338 337
3 343 339 338
3 343 340 339
3 343 341 340
3 343 342 341
3 343 331 342
3 344 345 346
3 344 346 347
3 344 347 348
3 344 348 349
3 344 349 350
3 344 350 351
3 344 351 352
3 344 352 353
3 344 353 354
3 344 354 355
3 344 355 356
3 344 356 345
3 345 357 346
3 346 357 358
3 346 358 347
3 347 358 359
3 347 359 348
3 348 359 360
3 348 360 349
3 349 360 361
3 349 361 350
3 350 361 362
3 350 362 351
3 351 362 363
3 351 363 352
3 352 363 364
3 352 364 353
3 353 364 365
3 353 365 354
3 354 365 366
3 354 366 355
3 355 366 367
3 355 367 356
3 356 367 368
3 356 368 345
3 345 368 357
3 357 369 358
3 358 369 370
3 358 370 359
3 359 370 371
3 359 371 360
3 360 371 372
3 360 372 361
3 361 372 373
3 361 373 362
3 362 373 374
3 362 374 363
3 363 374 375
3 363 375 364
3 364 375 376
3 364 376 365
3 365 376 377
3 365 377 366
3 366 377 378
3 366 378 367
3 367 378 379
3 367 379 368
3 368 379 380
3 368 380 357
3 357 380 369
3 369 381 370
3 370 381 382
3 370 382 371
3 371 382 383
3 371 383 372
3 372 383 384
3 372 384 373
3 373 384 385
3 373 385 374
3 374 385 386
3 374 386 375
3 375 386 387
3 375 387 376
3 376 387 388
3 376 388 377
3 377 388 389
3 377 389 378
3 378 389 390
3 378 390 379
3 379 390 391
3 379 391 380
3 380 391 392
3 380 392 369
3 369 392 381
3 381 393 382
3 382 393 394
3 382 394 383
3 383 394 395
3 383 395 384
3 384 395 396
3 384 396 385
3 385 396 397
3 385 397 386
3 386 397 398
3 386 398 387
3 387 398 399
3 387 399 388
3 388 399 400
3 388 400 389
3 389 400 401
3 389 401 390
3 390 401 402
3 390 402 391
3 391 402 403
3 391 403 392
3 392 403 404
3 392 404 381
3 381 404 393
3 393 405 394
3 394 405 406
3 394 406 395
3 395 406 407
3 395 407 396
3 396 407 408
3 396 408 397
3 397 408 409
3 397 409 398
3 398 409 410
3 398 410 399
3 399 410 411
3 399 411 400
3 400 411 412
3 400 412 401
3 401 412 413
3 401 413 402
3 402 413 414
3 402 414 403
3 403 414 415
3 403 415 404
3 404 415 416
3 404 416 393
3 393 416 405
3 405 417 406
3 406 417 418
3 406 418 407
3 407 418 419
3 407 419 408
3 408 419 420
3 408 420 409
3 409 420 421
3 409 421 410
3 410 421 422
3 410 422 411
3 411 422 423
3 411 423 412
3 412 423 424
3 412 424 413
3 413 424 425
3 413 425 414
3 414 425 426
3 414 426 415
3 415 426 427
3 415 427 416
3 416 427 428
3 416 428 405
3 405 428 417
3 429 418 417
3 429 419 418
3 429 420 419
3 429 421 420
3 429 422 421
3 429 423 422
3 429 424 423
3 429 425 424
3 429 426 425
3 429 427 426
3 429 428 427
3 429 417 428
3 430 431 432
3 430 432 433
3 430 433 434
3 430 434 435
3 430 435 436
3 430 436 437
3 430 437 438
3 430 438 439
3 430 439 440
3 430 440 441
3 430 441 442
3 430 442 431
3 431 443 432
3 432 443 444
3 432 444 433
3 433 444 445
3 433 445 434
3 434 445 446
3 434 446 435
3 435 446 447
3 435 447 436
3 436 447 448
3 436 448 437
3 437 448 449
3 437 449 438
3 438 449 450
3 438 450 439
3 439 450 451
3 439 451 440
3 440 451 452
3 440 452 441
3 441 452 453
3 441 453 442
3 442 453 454
3 442 454 431
3 431 454 443
3 443 455 444
3 444 455 456
3 444 456 445
3 445 456 457
3 445 457 446
3 446 457 458
3 446 458 447
3 447 458 459
3 447 459 448
3 448 459 460
3 448 460 449
3 449 460 461
3 449 461 450
3 450 461 462
3 450 462 451
3 451 462 463
3 451 463 452
3 452 463 464
3 452 464 453
3 453 464 465
3 453 465 454
3 454 465 466
3 454 466 443
3 443 466 455
3 455 467 456
3 456 467 468
3 456 468 457
3 457 468 469
3 457 469 458
3 458 469 470
3 458 470 459
3 459 470 471
3 459 471 460
3 460 471 472
3 460 472 461
3 461 472 473
3 461 473 462
3 462 473 474
3 462 474 463
3 463 474 475
3 463 475 464
3 464 475 476
3 464 476 465
3 465 476 477
3 465 477 466
3 466 477 478
3 466 478 455
3 455 478 467
3 467 479 468
3 468 479 480
3 468 480 469
3 469 480 481
3 469 481 470
3 470 481 482
3 470 482 471
3 471 482 483
3 471 483 472
3 472 483 484
3 472 484 473
3 473 484 485
3 473 485 474
3 474 485 486
3 474 486 475
3 475 486 487
3 475 487 476
3 476 487 488
3 476 488 477
3 477 488 489
3 477 489 478
3 478 489 490
3 478 490 467
3 467 490 479
3 479 491 480
3 480 491 492
3 480 492 481
3 481 492 493
3 481 493 482
3 482 493 494
3 482 494 483
3 483 494 495
3 483 495 484
3 484 495 496
3 484 496 485
3 485 496 497
3 485 497 486
3 486 497 498
3 486 498 487
3 487 498 499
3 487 499 488
3 488 499 500
3 488 500 489
3 489 500 501
3 489 501 490
3 490 501 502
3 490 502 479
3 479 502 491
3 491 503 492
3 492 503 504
3 492 504 493
3 493 504 505
3 493 505 494
3 494 505 506
3 494 506 495
3 495 506 507
3 495 507 496
3 496 507 508
3 496 508 497
3 497 508 509
3 497 509 498
3 498 509 510
3 498 510 499
3 499 510 511
3 499 511 500
3 500 511 512
3 500 512 501
3 501 512 513
3 501 513 502
3 502 513 514
3 502 514 491
3 491 514 503
3 515 504 503
3 515 505 504
3 515 506 505
3 515 507 506
3 515 508 507
3 515 509 508
3 515 510 509
3 515 511 510
3 515 512 511
3 515 513 512
3 515 514 513
3 515 503 514
3 516 517 518
3 516 518 519
3 516 519 520
3 516 520 521
3 516 521 522
3 516 522 523
3 516 523 524
3 516 524 525
3 516 525 526
3 516 526 527
3 516 527 528
3 516 528 517
3 517 529 518
3 518 529 530
3 518 530 519
3 519 530 531
3 519 531 520
3 520 531 532
3 520 532 521
3 521 532 533
3 521 533 522
3 522 533 534
3 522 534 523
3 523 534 535
3 523 535 524
3 524 535 536
3 524 536 525
3 525 536 537
3 525 537 526
3 526 537 538
3 526 538 527
3 527 538 539
3 527 539 528
3 528 539 540
3 528 540 517
3 517 540 529
3 529 541 530
3 530 541 542
3 530 542 531
3 531 542 543
3 531 543 532
3 532 543 544
3 532 544 533
3 533 544 545
3 533 545 534
3 534 545 546
3 534 546 535
3 535 546 547
3 535 547 536
3 536 547 548
3 536 548 537
3 537 548 549
3 537 549 538
3 538 549 550
3 538 550 539
3 539 550 551
3 539 551 540
3 540 551 552
3 540 552 529
3 529 552 541
3 541 553 542
3 542 553 554
3 542 554 543
3 543 554 555
3 543 555 544
3 544 555 556
3 544 556 545
3 545 556 557
3 545 557 546
3 546 557 558
3 546 558 547
3 547 558 559
3 547 559 548
3 548 559 560
3 548 560 549
3 549 560 561
3 549 561 550
3 550 561 562
3 550 562 551
3 551 562 563
3 551 563 552
3 552 563 564
3 552 564 541
3 541 564 553
3 553 565 554
3 554 565 566
3 554 566 555
3 555 566 567
3 555 567 556
3 556 567 568
3 556 568 557
3 557 568 569
3 557 569 558
3 558 569 570
3 558 570 559
3 559 570 571
3 559 571 560
3 560 571 572
3 560 572 561
3 561 572 573
3 561 573 562
3 562 573 574
3 562 574 563
3 563 574 575
3 563 575 564
3 564 575 576
3 564 576 553
3 553 576 565
3 565 577 566
3 566 577 578
3 566 578 567
3 567 578 579
3 567 579 568
3 568 579 580
3 568 580 569
3 569 580 581
3 569 581 570
3 570 581 582
3 570 582 571
3 571 582 583
3 571 583 572
3 572 583 584
3 572 584 573
3 573 584 585
3 573 585 574
3 574 585 586
3 574 586 575
3 575 586 587
3 575 587 576
3 576 587 588
3 576 588 565
3 565 588 577
3 577 589 578
3 578 589 590
3 578 590 579
3 579 590 591
3 579 591 580
3 580 591 592
3 580 592 581
3 581 592 593
3 581 593 582
3 582 593 594
3 582 594 583
3 583 594 595
3 583 595 584
3 584 595 596
3 584 596 585
3 585 596 597
3 585 597 586
3 586 597 598
3 586 598 587
3 587 598 599
3 587 599 588
3 588 599 600
3 588 600 577
3 577 600 589
3 601 590 589
3 601 591 590
3 601 592 591
3 601 593 592
3 601 594 593
3 601 595 594
3 601 596 595
3 601 597 596
3 601 598 597
3 601 599 598
3 601 600 599
3 601 589 600
3 602 603 604
3 602 604 605
3 602 605 606
3 602 606 607
3 602 607 608
3 602 608 609
3 602 609 610
3 602 610 611
3 602 611 612
3 602 612 613
3 602 613 614
3 602 614 603
3 603 615 604
3 604 615 616
3 604 616 605
3 605 616 617
3 605 617 606
3 606 617 618
3 606 618 607
3 607 618 619
3 607 619 608
3 608 619 620
3 608 620 609
3 609 620 621
3 609 621 610
3 610 621 622
3 610 622 611
3 611 622 623
3 611 623 612
3 612 623 624
3 612 624 613
3 613 624 625
3 613 625 614
3 614 625 626
3 614 626 603
3 603 626 615
3 615 627 616
3 616 627 628
3 616 628 617
3 617 628 629
3 617 629 618
3 618 629 630
3 618 630 619
3 619 630 631
3 619 631 620
3 620 631 632
3 620 632 621
3 621 632 633
3 621 633 622
3 622 633 634
3 622 634 623
3 623 634 635
3 623 635 624
3 624 635 636
3 624 636 625
3 625 636 637
3 625 637 626
3 626 637 638
3 626 638 615
3 615 638 627
3 627 639 628
3 628 639 640
3 628 640 629
3 629 640 641
3 629 641 630
3 630 641 642
3 630 642 631
3 631 642 643
3 631 643 632
3 632 643 644
3 632 644 633
3 633 644 645
3 633 645 634
3 634 645 646
3 634 646 635
3 635 646 647
3 635 647 636
3 636 647 648
3 636 648 637
3 637 648 649
3 637 649 638
3 638 649 650
3 638 650 627
3 627 650 639
3 639 651 640
3 640 651 652
3 640 652 641
3 641 652 653
3 641 653 642
3 642 653 654
3 642 654 643
3 643 654 655
3 643 655 644
3 644 655 656
3 644 656 645
3 645 656 657
3 645 657 646
3 646 657 658
3 646 658 647
3 647 658 659
3 647 659 648
3 648 659 660
3 648 660 649
3 649 660 661
3 649 661 650
3 650 661 662
3 650 662 639
3 639 662 651
3 651 663 652
3 652 663 664
3 652 664 653
3 653 664 665
3 653 665 654
3 654 665 666
3 654 666 655
3 655 666 667
3 655 667 656
3 656 667 668
3 656 668 657
3 657 668 669
3 657 669 658
3 658 669 670
3 658 670 659
3 659 670 671
3 659 671 660
3 660 671 672
3 660 672 661
3 661 672 673
3 661 673 662
3 662 673 674
3 662 674 651
3 651 674 663
3 663 675 664
3 664 675 676
3 664 676 665
3 665 676 677
3 665 677 666
3 666 677 678
3 666 678 667
3 667 678 679
3 667 679 668
3 668 679 680
3 668 680 669
3 669 680 681
3 669 681 670
3 670 681 682
3 670 682 671
3 671 682 683
3 671 683 672
3 672 683 684
3 672 684 673
3 673 684 685
3 673 685 674
3 674 685 686
3 674 686 663
3 663 686 675
3 687 676 675
3 687 677 676
3 687 678 677
3 687 679 678
3 687 680 679
3 687 681 680
3 687 682 681
3 687 683 682
3 687 684 683
3 687 685 684
3 687 686 685
3 687 675 686
3 688 689 690
3 688 690 691
3 688 691 692
3 688 692 693
3 688 693 694
3 688 694 695
3 688 695 696
3 688 696 697
3 688 697 698
3 688 698 699
3 688 699 700
3 688 700 689
3 689 701 690
3 690 701 702
3 690 702 691
3 691 702 703
3 691 703 692
3 692 703 704
3 692 704 693
3 693 704 705
3 693 705 694
3 694 705 706
3 694 706 695
3 695 706 707
3 695 707 696
3 696 707 708
3 696 708 697
3 697 708 709
3 697 709 698
3 698 709 710
3 698 710 699
3 699 710 711
3 699 711 700
3 700 711 712
3 700 712 689
3 689 712 701
3 701 713 702
3 702 713 714
3 702 714 703
3 703 714 715
3 703 715 704
3 704 715 716
3 704 716 705
3 705 716 717
3 705 717 706
3 706 717 718
3 706 718 707
3 707 718 719
3 707 719 708
3 708 719 720
3 708 720 709
3 709 720 721
3 709 721 710
3 710 721 722
3 710 722 711
3 711 722 723
3 711 723 712
3 712 723 724
3 712 724 701
3 701 724 713
3 713 725 714
3 714 725 726
3 714 726 715
3 715 726 727
3 715 727 716
3 716 727 728
3 716 728 717
3 717 728 729
3 717 729 718
3 718 729 730
3 718 730 719
3 719 730 731
3 719 731 720
3 720 731 732
3 720 732 721
3 721 732 733
3 721 733 722
3 722 733 734
3 722 734 723
3 723 734 735
3 723 735 724
3 724 735 736
3 724 736 713
3 713 736 725
3 725 737 726
3 726 737 738
3 726 738 727
3 727 738 739
3 727 739 728
3 728 739 740
3 728 740 729
3 729 740 741
3 729 741 730
3 730 741 742
3 730 742 731
3 731 742 743
3 731 743 732
3 732 743 744
3 732 744 733
3 733 744 745
3 733 745 734
3 734 745 746
3 734 746 735
3 735 746 747
3 735 747 736
3 736 747 748
3 736 748 725
3 725 748 737
3 737 749 738
3 738 749 750
3 738 750 739
3 739 750 751
3 739 751 740
3 740 751 752
3 740 752 741
3 741 752 753
3 741 753 742
3 742 753 754
3 742 754 743
3 743 754 755
3 743 755 744
3 744 755 756
3 744 756 745
3 745 756 757
3 745 757 746
3 746 757 758
3 746 758 747
3 747 758 759
3 747 759 748
3 748 759 760
3 748 760 737
3 737 760 749
3 749 761 750
3 750 761 762
3 750 762 751
3 751 762 763
3 751 763 752
3 752 763 764
3 752 764 753
3 753 764 765
3 753 765 754
3 754 765 766
3 754 766 755
3 755 766 767
3 755 767 756
3 756 767 768
3 756 768 757
3 757 768 769
3 757 769 758
3 758 769 770
3 758 770 759
3 759 770 771
3 759 771 760
3 760 771 772
3 760 772 749
3 749 772 761
3 773 762 761
3 773 763 762
3 773 764 763
3 773 765 764
3 773 766 765
3 773 767 766
3 773 768 767
3 773 769 768
3 773 770 769
3 773 771 770
3 773 772 771
3 773 761 772
3 774 775 776
3 774 776 777
3 774 777 778
3 774 778 779
3 774 779 780
3 774 780 781
3 774 781 782
3 774 782 783
3 774 783 784
3 774 784 785
3 774 785 786
3 774 786 775
3 775 787 776
3 776 787 788
3 776 788 777
3 777 788 789
3 777 789 778
3 778 789 790
3 778 790 779
3 779 790 791
3 779 791 780
3 780 791 792
3 780 792 781
3 781 792 793
3 781 793 782
3 782 793 794
3 782 794 783
3 783 794 795
3 783 795 784
3 784 795 796
3 784 796 785
3 785 796 797
3 785 797 786
3 786 797 798
3 786 798 775
3 775 798 787
3 787 799 788
3 788 799 800
3 788 800 789
3 789 800 801
3 789 801 790
3 790 801 802
3 790 802 791
3 791 802 803
3 791 803 792
3 792 803 804
3 792 804 793
3 793 804 805
3 793 805 794
3 794 805 806
3 794 806 795
3 795 806 807
3 795 807 796
3 796 807 808
3 796 808 797
3 797 808 809
3 797 809 798
3 798 809 810
3 798 810 787
3 787 810 799
3 799 811 800
3 800 811 812
3 800 812 801
3 801 812 813
3 801 813 802
3 802 813 814
3 802 814 803
3 803 814 815
3 803 815 804
3 804 815 816
3 804 816 805
3 805 816 817
3 805 817 806
3 806 817 818
3 806 818 807
3 807 818 819
3 807 819 808
3 808 819 820
3 808 820 809
3 809 820 821
3 809 821 810
3 810 821 822
3 810 822 799
3 799 822 811
3 811 823 812
3 812 823 824
3 812 824 813
3 813 824 825
3 813 825 814
3 814 825 826
3 814 826 815
3 815 826 827
3 815 827 816
3 816 827 828
3 816 828 817
3 817 828 829
3 817 829 818
3 818 829 830
3 818 830 819
3 819 830 831
3 819 831 820
3 820 831 832
3 820 832 821
3 821 832 833
3 821 833 822
3 822 833 834
3 822 834 811
3 811 834 823
3 823 835 824
3 824 835 836
3 824 836 825
3 825 836 837
3 825 837 826
3 826 837 838
3 826 838 827
3 827 838 839
3 827 839 828
3 828 839 840
3 828 840 829
3 829 840 841
3 829 841 830
3 830 841 842
3 830 842 831
3 831 842 843
3 831 843 832
3 832 843 844
3 832 844 833
3 833 844 845
3 833 845 834
3 834 845 846
3 834 846 823
3 823 846 835
3 835 847 836
3 836 847 848
3 836 848 837
3 837 848 849
3 837 849 838
3 838 849 850
3 838 850 839
3 839 850 851
3 839 851 840
3 840 851 852
3 840 852 841
3 841 852 853
3 841 853 842
3 842 853 854
3 842 854 843
3 843 854 855
3 843 855 844
3 844 855 856
3 844 856 845
3 845 856 857
3 845 857 846
3 846 857 858
3 846 858 835
3 835 858 847
3 859 848 847
3 859 849 848
3 859 850 849
3 859 851 850
3 859 852 851
3 859 853 852
3 859 854 853
3 859 855 854
3 859 856 855
3 859 857 856
3 859 858 857
3 859 847 858
3 860 861 862
3 860 862 863
3 860 863 864
3 860 864 865
3 860 865 866
3 860 866 867
3 860 867 868
3 860 868 869
3 860 869 870
3 860 870 871
3 860 871 872
3 860 872 861
3 861 873 862
3 862 873 874
3 862 874 863
3 863 874 875
3 863 875 864
3 864 875 876
3 864 876 865
3 865 876 877
3 865 877 866
3 866 877 878
3 866 878 867
3 867 878 879
3 867 879 868
3 868 879 880
3 868 880 869
3 869 880 881
3 869 881 870
3 870 881 882
3 870 882 871
3 871 882 883
3 871 883 872
3 872 883 884
3 872 884 861
3 861 884 873
3 873 885 874
3 874 885 886
3 874 886 875
3 875 886 887
3 875 887 876
3 876 887 888
3 876 888 877
3 877 888 889
3 877 889 878
3 878 889 890
3 878 890 879
3 879 890 891
3 879 891 880
3 880 891 892
3 880 892 881
3 881 892 893
3 881 893 882
3 882 893 894
3 882 894 883
3 883 894 895
3 883 895 884
3 884 895 896
3 884 896 873
3 873 896 885
3 885 897 886
3 886 897 898
3 886 898 887
3 887 898 899
3 887 899 888
3 888 899 900
3 888 900 889
3 889 900 901
3 889 901 890
3 890 901 902
3 890 902 891
3 891 902 903
3 891 903 892
3 892 903 904
3 892 904 893
3 893 904 905
3 893 905 894
3 894 905 906
3 894 906 895
3 895 906 907
3 895 907 896
3 896 907 908
3 896 908 885
3 885 908 897
3 897 909 898
3 898 909 910
3 898 910 899
3 899 910 911
3 899 911 900
3 900 911 912
3 900 912 901
3 901 912 913
3 901 913 902
3 902 913 914
3 902 914 903
3 903 914 915
3 903 915 904
3 904 915 916
3 904 916 905
3 905 916 917
3 905 917 906
3 906 917 918
3 906 918 907
3 907 918 919
3 907 919 908
3 908 919 920
3 908 920 897
3 897 920 909
3 909 921 910
3 910 921 922
3 910 922 911
3 911 922 923
3 911 923 912
3 912 923 924
3 912 924 913
3 913 924 925
3 913 925 914
3 914 925 926
3 914 926 915
3 915 926 927
3 915 927 916
3 916 927 928
3 916 928 917
3 917 928 929
3 917 929 918
3 918 929 930
3 918 930 919
3 919 930 931
3 919 931 920
3 920 931 932
3 920 932 909
3 909 932 921
3 921 933 922
3 922 933 934
3 922 934 923
3 923 934 935
3 923 935 924
3 924 935 936
3 924 936 925
3 925 936 937
3 925 937 926
3 926 937 938
3 926 938 927
3 927 938 939
3 927 939 928
3 928 939 940
3 928 940 929
3 929 940 941
3 929 941 930
3 930 941 942
3 930 942 931
3 931 942 943
3 931 943 932
3 932 943 944
3 932 944 921
3 921 944 933
3 945 934 933
3 945 935 934
3 945 936 935
3 945 937 936
3 945 938 937
3 945 939 938
3 945 940 939
3 945 941 940
3 945 942 941
3 945 943 942
3 945 944 943
3 945 933 944
3 946 947 948
3 946 948 949
3 946 949 950
3 946 950 951
3 946 951 952
3 946 952 953
3 946 953 954
3 946 954 955
3 946 955 956
3 946 956 957
3 946 957 958
3 946 958 947
3 947 959 948
3 948 959 960
3 948 960 949
3 949 960 961
3 949 961 950
3 950 961 962
3 950 962 951
3 951 962 963
3 951 963 952
3 952 963 964
3 952 964 953
3 953 964 965
3 953 965 954
3 954 965 966
3 954 966 955
3 955 966 967
3 955 967 956
3 956 967 968
3 956 968 957
3 957 968 969
3 957 969 958
3 958 969 970
3 958 970 947
3 947 970 959
3 959 971 960
3 960 971 972
3 960 972 961
3 961 972 973
3 961 973 962
3 962 973 974
3 962 974 963
3 963 974 975
3 963 975 964
3 964 975 976
3 964 976 965
3 965 976 977
3 965 977 966
3 966 977 978
3 966 978 967
3 967 978 979
3 967 979 968
3 968 979 980
3 968 980 969
3 969 980 981
3 969 981 970
3 970 981 982
3 970 982 959
3 959 982 971
3 971 983 972
3 972 983 984
3 972 984 973
3 973 984 985
3 973 985 974
3 974 985 986
3 974 986 975
3 975 986 987
3 975 987 976
3 976 987 988
3 976 988 977
3 977 988 989
3 977 989 978
3 978 989 990
3 978 990 979
3 979 990 991
3 979 991 980
3 980 991 992
3 980 992 981
3 981 992 993
3 981 993 982
3 982 993 994
3 982 994 971
3 971 994 983
3 983 995 984
3 984 995 996
3 984 996 985
3 985 996 997
3 985 997 986
3 986 997 998
3 986 998 987
3 987 998 999
3 987 999 988
3 988 999 1000
3 988 1000 989
3 989 1000 1001
3 989 1001 990
3 990 1001 1002
3 990 1002 991
3 991 1002 1003
3 991 1003 992
3 992 1003 1004
3 992 1004 993
3 993 1004 1005
3 993 1005 994
3 994 1005 1006
3 994 1006 983
3 983 1006 995
3 995 1007 996
3 996 1007 1008
3 996 1008 997
3 997 1008 1009
3 997 1009 998
3 998 1009 1010
3 998 1010 999
3 999 1010 1011
3 999 1011 1000
3 1000 1011 1012
3 1000 1012 1001
3 1001 1012 1013
3 1001 1013 1002
3 1002 1013 1014
3 1002 1014 1003
3 1003 1014 1015
3 1003 1015 1004
3 1004 1015 1016
3 1004 1016 1005
3 1005 1016 1017
3 1005 1017 1006
3 1006 1017 1018
3 1006 1018 995
3 995 1018 1007
3 1007 1019 1008
3 1008 1019 1020
3 1008 1020 1009
3 1009 1020 1021
3 1009 1021 1010
3 1010 1021 1022
3 1010 1022 1011
3 1011 1022 1023
3 1011 1023 1012
3 1012 1023 1024
3 1012 1024 1013
3 1013 1024 1025
3 1013 1025 1014
3 1014 1025 1026
3 1014 1026 1015
3 1015 1026 1027
3 1015 1027 1016
3 1016 1027 1028
3 1016 1028 1017
3 1017 1028 1029
3 1017 1029 1018
3 1018 1029 1030
3 1018 1030 1007
3 1007 1030 1019
3 1031 1020 1019
3 1031 1021 1020
3 1031 1022 1021
3 1031 1023 1022
3 1031 1024 1023
3 1031 1025 1024
3 1031 1026 1025
3 1031 1027 1026
3 1031 1028 1027
3 1031 1029 1028
3 1031 1030 1029
3 1031 1019 1030
3 1032 1033 1034
3 1032 1034 1035
3 1032 1035 1036
3 1032 1036 1037
3 1032 1037 1038
3 1032 1038 1039
3 1032 1039 1040
3 1032 1040 1041
3 1032 1041 1042
3 1032 1042 1043
3 1032 1043 1044
3 1032 1044 1033
3 1033 1045 1034
3 1034 1045 1046
3 1034 1046 1035
3 1035 1046 1047
3 1035 1047 1036
3 1036 1047 1048
3 1036 1048 1037
3 1037 1048 1049
3 1037 1049 1038
3 1038 1049 1050
3 1038 1050 1039
3 1039 1050 1051
3 1039 1051 1040
3 1040 1051 1052
3 1040 1052 1041
3 1041 1052 1053
3 1041 1053 1042
3 1042 1053 1054
3 1042 1054 1043
3 1043 1054 1055
3 1043 1055 1044
3 1044 1055 1056
3 1044 1056 1033
3 1033 1056 1045
3 1045 1057 1046
3 1046 1057 1058
3 1046 1058 1047
3 1047 1058 1059
3 1047 1059 1048
3 1048 1059 1060
3 1048 1060 1049
3 1049 1060 1061
3 1049 1061 1050
3 1050 1061 1062
3 1050 1062 1051
3 1051 1062 1063
3 1051 1063 1052
3 1052 1063 1064
3 1052 1064 1053
3 1053 1064 1065
3 1053 1065 1054
3 1054 1065 1066
3 1054 1066 1055
3 1055 1066 1067
3 1055 1067 1056
3 1056 1067 1068
3 1056 1068 1045
3 1045 1068 1057
3 1057 1069 1058
3 1058 1069 1070
3 1058 1070 1059
3 1059 1070 1071
3 1059 1071 1060
3 1060 1071 1072
3 1060 1072 1061
3 1061 1072 1073
3 1061 1073 1062
3 1062 1073 1074
3 1062 1074 1063
3 1063 1074 1075
3 1063 1075 1064
3 1064 1075 1076
3 1064 1076 1065
3 1065 1076 1077
3 1065 1077 1066
3 1066 1077 1078
3 1066 1078 1067
3 1067 1078 1079
3 1067 1079 1068
3 1068 1079 1080
3 1068 1080 1057
3 1057 1080 1069
3 1069 1081 1070
3 1070 1081 1082
3 1070 1082 1071
3 1071 1082 1083
3 1071 1083 1072
3 1072 1083 1084
3 1072 1084 1073
3 1073 1084 1085
3 1073 1085 1074
3 1074 1085 1086
3 1074 1086 1075
3 1075 1086 1087
3 1075 1087 1076
3 1076 1087 1088
3 1076 1088 1077
3 1077 1088 1089
3 1077 1089 1078
3 1078 1089 1090
3 1078 1090 1079
3 1079 1090 1091
3 1079 1091 1080
3 1080 1091 1092
3 1080 1092 1069
3 1069 1092 1081
3 1081 1093 1082
3 1082 1093 1094
3 1082 1094 1083
3 1083 1094 1095
3 1083 1095 1084
3 1084 1095 1096
3 1084 1096 1085
3 1085 1096 1097
3 1085 1097 1086
3 1086 1097 1098
3 1086 1098 1087
3 1087 1098 1099
3 1087 1099 1088
3 1088 1099 1100
3 1088 1100 1089
3 1089 1100 1101
3 1089 1101 1090
3 1090 1101 1102
3 1090 1102 1091
3 1091 1102 1103
3 1091 1103 1092
3 1092 1103 1104
3 1092 1104 1081
3 1081 1104 1093
3 1093 1105 1094
3 1094 1105 1106
3 1094 1106 1095
3 1095 1106 1107
3 1095 1107 1096
3 1096 1107 1108
3 1096 1108 1097
3 1097 1108 1109
3 1097 1109 1098
3 1098 1109 1110
3 1098 1110 1099
3 1099 1110 1111
3 1099 1111 1100
3 1100 1111 1112
3 1100 1112 1101
3 1101 1112 1113
3 1101 1113 1102
3 1102 1113 1114
3 1102 1114 1103
3 1103 1114 1115
3 1103 1115 1104
3 1104 1115 1116
3 1104 1116 1093
3 1093 1116 1105
3 1117 1106 1105
3 1117 1107 1106
3 1117 1108 1107
3 1117 1109 1108
3 1117 1110 1109
3 1117 1111 1110
3 1117 1112 1111
3 1117 1113 1112
3 1117 1114 1113
3 1117 1115 1114
3 1117 1116 1115
3 1117 1105 1116
3 1118 1119 1120
3 1118 1120 1121
3 1118 1121 1122
3 1118 1122 1123
3 1118 1123 1124
3 1118 1124 1125
3 1118 1125 1126
3 1118 1126 1127
3 1118 1127 1128
3 1118 1128 1129
3 1118 1129 1130
3 1118 1130 1119
3 1119 1131 1120
3 1120 1131 1132
3 1120 1132 1121
3 1121 1132 1133
3 1121 1133 1122
3 1122 1133 1134
3 1122 1134 1123
3 1123 1134 1135
3 1123 1135 1124
3 1124 1135 1136
3 1124 1136 1125
3 1125 1136 1137
3 1125 1137 1126
3 1126 1137 1138
3 1126 1138 1127
3 1127 1138 1139
3 1127 1139 1128
3 1128 1139 1140
3 1128 1140 1129
3 1129 1140 1141
3 1129 1141 1130
3 1130 1141 1142
3 1130 1142 1119
3 1119 1142 1131
3 1131 1143 1132
3 1132 1143 1144
3 1132 1144 1133
3 1133 1144 1145
3 1133 1145 1134
3 1134 1145 1146
3 1134 1146 1135
3 1135 1146 1147
3 1135 1147 1136
3 1136 1147 1148
3 1136 1148 1137
3 1137 1148 1149
3 1137 1149 1138
3 1138 1149 1150
3 1138 1150 1139
3 1139 1150 1151
3 1139 1151 1140
3 1140 1151 1152
3 1140 1152 1141
3 1141 1152 1153
3 1141 1153 1142
3 1142 1153 1154
3 1142 1154 1131
3 1131 1154 1143
3 1143 1155 1144
3 1144 1155 1156
3 1144 1156 1145
3 1145 1156 1157
3 1145 1157 1146
3 1146 1157 1158
3 1146 1158 1147
3 1147 1158 1159
3 1147 1159 1148
3 1148 1159 1160
3 1148 1160 1149
3 1149 1160 1161
3 1149 1161 1150
3 1150 1161 1162
3 1150 1162 1151
3 1151 1162 1163
3 1151 1163 1152
3 1152 1163 1164
3 1152 1164 1153
3 1153 1164 1165
3 1153 1165 1154
3 1154 1165 1166
3 1154 1166 1143
3 1143 1166 1155
3 1155 1167 1156
3 1156 1167 1168
3 1156 1168 1157
3 1157 1168 1169
3 1157 1169 1158
3 1158 1169 1170
3 1158 1170 1159
3 1159 1170 1171
3 1159 1171 1160
3 1160 1171 1172
3 1160 1172 1161
3 1161 1172 1173
3 1161 1173 1162
3 1162 1173 1174
3 1162 1174 1163
3 1163 1174 1175
3 1163 1175 1164
3 1164 1175 1176
3 1164 1176 1165
3 1165 1176 1177
3 1165 1177 1166
3 1166 1177 1178
3 1166 1178 1155
3 1155 1178 1167
3 1167 1179 1168
3 1168 1179 1180
3 1168 1180 1169
3 1169 1180 1181
3 1169 1181 1170
3 1170 1181 1182
3 1170 1182 1171
3 1171 1182 1183
3 1171 1183 1172
3 1172 1183 1184
3 1172 1184 1173
3 1173 1184 1185
3 1173 1185 1174
3 1174 1185 1186
3 1174 1186 1175
3 1175 1186 1187
3 1175 1187 1176
3 1176 1187 1188
3 1176 1188 1177
3 1177 1188 1189
3 1177 1189 1178
3 1178 1189 1190
3 1178 1190 1167
3 1167 1190 1179
3 1179 1191 1180
3 1180 1191 1192
3 1180 1192 1181
3 1181 1192 1193
3 1181 1193 1182
3 1182 1193 1194
3 1182 1194 1183
3 1183 1194 1195
3 1183 1195 1184
3 1184 1195 1196
3 1184 1196 1185
3 1185 1196 1197
3 1185 1197 1186
3 1186 1197 1198
3 1186 1198 1187
3 1187 1198 1199
3 1187 1199 1188
3 1188 1199 1200
3 1188 1200 1189
3 1189 1200 1201
3 1189 1201 1190
3 1190 1201 1202
3 1190 1202 1179
3 1179 1202 1191
3 1203 1192 1191
3 1203 1193 1192
3 1203 1194 1193
3 1203 1195 1194
3 1203 1196 1195
3 1203 1197 1196
3 1203 1198 1197
3 1203 1199 1198
3 1203 1200 1199
3 1203 1201 1200
3 1203 1202 1201
3 1203 1191 1202
3 1204 1205 1206
3 1204 1206 1207
3 1204 1207 1208
3 1204 1208 1209
3 1204 1209 1210
3 1204 1210 1211
3 1204 1211 1212
3 1204 1212 1213
3 1204 1213 1214
3 1204 1214 1215
3 1204 1215 1216
3 1204 1216 1205
3 1205 1217 1206
3 1206 1217 1218
3 1206 1218 1207
3 1207 1218 1219
3 1207 1219 1208
3 1208 1219 1220
3 1208 1220 1209
3 1209 1220 1221
3 1209 1221 1210
3 1210 1221 1222
3 1210 1222 1211
3 1211 1222 1223
3 1211 1223 1212
3 1212 1223 1224
3 1212 1224 1213
3 1213 1224 1225
3 1213 1225 1214
3 1214 1225 1226
3 1214 1226 1215
3 1215 1226 1227
3 1215 1227 1216
3 1216 1227 1228
3 1216 1228 1205
3 1205 1228 1217
3 1217 1229 1218
3 1218 1229 1230
3 1218 1230 1219
3 1219 1230 1231
3 1219 1231 1220
3 1220 1231 1232
3 1220 1232 1221
3 1221 1232 1233
3 1221 1233 1222
3 1222 1233 1234
3 1222 1234 1223
3 1223 1234 1235
3 1223 1235 1224
3 1224 1235 1236
3 1224 1236 1225
3 1225 1236 1237
3 1225 1237 1226
3 1226 1237 1238
3 1226 1238 1227
3 1227 1238 1239
3 1227 1239 1228
3 1228 1239 1240
3 1228 1240 1217
3 1217 1240 1229
3 1229 1241 1230
3 1230 1241 1242
3 1230 1242 1231
3 1231 1242 1243
3 1231 1243 1232
3 1232 1243 1244
3 1232 1244 1233
3 1233 1244 1245
3 1233 1245 1234
3 1234 1245 1246
3 1234 1246 1235
3 1235 1246 1247
3 1235 1247 1236
3 1236 1247 1248
3 1236 1248 1237
3 1237 1248 1249
3 1237 1249 1238
3 1238 1249 1250
3 1238 1250 1239
3 1239 1250 1251
3 1239 1251 1240
3 1240 1251 1252
3 1240 1252 1229
3 1229 1252 1241
3 1241 1253 1242
3 1242 1253 1254
3 1242 1254 1243
3 1243 1254 1255
3 1243 1255 1244
3 1244 1255 1256
3 1244 1256 1245
3 1245 1256 1257
3 1245 1257 1246
3 1246 1257 1258
3 1246 1258 1247
3 1247 1258 1259
3 1247 1259 1248
3 1248 1259 1260
3 1248 1260 1249
3 1249 1260 1261
3 1249 1261 1250
3 1250 1261 1262
3 1250 1262 1251
3 1251 1262 1263
3 1251 1263 1252
3 1252 1263 1264
3 1252 1264 1241
3 1241 1264 1253
3 1253 1265 1254
3 1254 1265 1266
3 1254 1266 1255
3 1255 1266 1267
3 1255 1267 1256
3 1256 1267 1268
3 1256 1268 1257
3 1257 1268 1269
3 1257 1269 1258
3 1258 1269 1270
3 1258 1270 1259
3 1259 1270 1271
3 1259 1271 1260
3 1260 1271 1272
3 1260 1272 1261
3 1261 1272 1273
3 1261 1273 1262
3 1262 1273 1274
3 1262 1274 1263
3 1263 1274 1275
3 1263 1275 1264
3 1264 1275 1276
3 1264 1276 1253
3 1253 1276 1265
3 1265 1277 1266
3 1266 1277 1278
3 1266 1278 1267
3 1267 1278 1279
3 1267 1279 1268
3 1268 1279 1280
3 1268 1280 1269
3 1269 1280 1281
3 1269 1281 1270
3 1270 1281 1282
3 1270 1282 1271
3 1271 1282 1283
3 1271 1283 1272
3 1272 1283 1284
3 1272 1284 1273
3 1273 1284 1285
3 1273 1285 1274
3 1274 1285 1286
3 1274 1286 1275
3 1275 1286 1287
3 1275 1287 1276
3 1276 1287 1288
3 1276 1288 1265
3 1265 1288 1277
3 1289 1278 1277
3 1289 1279 1278
3 1289 1280 1279
3 1289 1281 1280
3 1289 1282 1281
3 1289 1283 1282
3 1289 1284 1283
3 1289 1285 1284
3 1289 1286 1285
3 1289 1287 1286
3 1289 1288 1287
3 1289 1277 1288
3 1290 1291 1292
3 1290 1292 1293
3 1290 1293 1294
3 1290 1294 1295
3 1290 1295 1296
3 1290 1296 1297
3 1290 1297 1298
3 1290 1298 1299
3 1290 1299 1300
3 1290 1300 1301
3 1290 1301 1302
3 1290 1302 1291
3 1291 1303 1292
3 1292 1303 1304
3 1292 1304 1293
3 1293 1304 1305
3 1293 1305 1294
3 1294 1305 1306
3 1294 1306 1295
3 1295 1306 1307
3 1295 1307 1296
3 1296 1307 1308
3 1296 1308 1297
3 1297 1308 1309
3 1297 1309 1298
3 1298 1309 1310
3 1298 1310 1299
3 1299 1310 1311
3 1299 1311 1300
3 1300 1311 1312
3 1300 1312 1301
3 1301 1312 1313
3 1301 1313 1302
3 1302 1313 1314
3 1302 1314 1291
3 1291 1314 1303
3 1303 1315 1304
3 1304 1315 1316
3 1304 1316 1305
3 1305 1316 1317
3 1305 1317 1306
3 1306 1317 1318
3 1306 1318 1307
3 1307 1318 1319
3 1307 1319 1308
3 1308 1319 1320
3 1308 1320 1309
3 1309 1320 1321
3 1309 1321 1310
3 1310 1321 1322
3 1310 1322 1311
3 1311 1322 1323
3 1311 1323 1312
3 1312 1323 1324
3 1312 1324 1313
3 1313 1324 1325
3 1313 1325 1314
3 1314 1325 1326
3 1314 1326 1303
3 1303 1326 1315
3 1315 1327 1316
3 1316 1327 1328
3 1316 1328 1317
3 1317 1328 1329
3 1317 1329 1318
3 1318 1329 1330
3 1318 1330 1319
3 1319 1330 1331
3 1319 1331 1320
3 1320 1331 1332
3 1320 1332 1321
3 1321 1332 1333
3 1321 1333 1322
3 1322 1333 1334
3 1322 1334 1323
3 1323 1334 1335
3 1323 1335 1324
3 1324 1335 1336
3 1324 1336 1325
3 1325 1336 1337
3 1325 1337 1326
3 1326 1337 1338
3 1326 1338 1315
3 1315 1338 1327
3 1327 1339 1328
3 1328 1339 1340
3 1328 1340 1329
3 1329 1340 1341
3 1329 1341 1330
3 1330 1341 1342
3 1330 1342 1331
3 1331 1342 1343
3 1331 1343 1332
3 1332 1343 1344
3 1332 1344 1333
3 1333 1344 1345
3 1333 1345 1334
3 1334 1345 1346
3 1334 1346 1335
3 1335 1346 1347
3 1335 1347 1336
3 1336 1347 1348
3 1336 1348 1337
3 1337 1348 1349
3 1337 1349 1338
3 1338 1349 1350
3 1338 1350 1327
3 1327 1350 1339
3 1339 1351 1340
3 1340 1351 1352
3 1340 1352 1341
3 1341 1352 1353
3 1341 1353 1342
3 1342 1353 1354
3 1342 1354 1343
3 1343 1354 1355
3 1343 1355 1344
3 1344 1355 1356
3 1344 1356 1345
3 1345 1356 1357
3 1345 1357 1346
3 1346 1357 1358
3 1346 1358 1347
3 1347 1358 1359
3 1347 1359 1348
3 1348 1359 1360
3 1348 1360 1349
3 1349 1360 1361
3 1349 1361 1350
3 1350 1361 1362
3 1350 1362 1339
3 1339 1362 1351
3 1351 1363 1352
3 1352 1363 1364
3 1352 1364 1353
3 1353 1364 1365
3 1353 1365 1354
3 1354 1365 1366
3 1354 1366 1355
3 1355 1366 1367
3 1355 1367 1356
3 1356 1367 1368
3 1356 1368 1357
3 1357 1368 1369
3 1357 1369 1358
3 1358 1369 1370
3 1358 1370 1359
3 1359 1370 1371
3 1359 1371 1360
3 1360 1371 1372
3 1360 1372 1361
3 1361 1372 1373
3 1361 1373 1362
3 1362 1373 1374
3 1362 1374 1351
3 1351 1374 1363
3 1375 1364 1363
3 1375 1365 1364
3 1375 1366 1365
3 1375 1367 1366
3 1375 1368 1367
3 1375 1369 1368
3 1375 1370 1369
3 1375 1371 1370
3 1375 1372 1371
3 1375 1373 1372
3 1375 1374 1373
3 1375 1363 1374
3 1376 1377 1378
3 1376 1378 1379
3 1376 1379 1380
3 1376 1380 1381
3 1376 1381 1382
3 1376 1382 1383
3 1376 1383 1384
3 1376 1384 1385
3 1376 1385 1386
3 1376 1386 1387
3 1376 1387 1388
3 1376 1388 1377
3 1377 1389 1378
3 1378 1389 1390
3 1378 1390 1379
3 1379 1390 1391
3 1379 1391 1380
3 1380 1391 1392
3 1380 1392 1381
3 1381 1392 1393
3 1381 1393 1382
3 1382 1393 1394
3 1382 1394 1383
3 1383 1394 1395
3 1383 1395 1384
3 1384 1395 1396
3 1384 1396 1385
3 1385 1396 1397
3 1385 1397 1386
3 1386 1397 1398
3 1386 1398 1387
3 1387 1398 1399
3 1387 1399 1388
3 1388 1399 1400
3 1388 1400 1377
3 1377 1400 1389
3 1389 1401 1390
3 1390 1401 1402
3 1390 1402 1391
3 1391 1402 1403
3 1391 1403 1392
3 1392 1403 1404
3 1392 1404 1393
3 1393 1404 1405
3 1393 1405 1394
3 1394 1405 1406
3 1394 1406 1395
3 1395 1406 1407
3 1395 1407 1396
3 1396 1407 1408
3 1396 1408 1397
3 1397 1408 1409
3 1397 1409 1398
3 1398 1409 1410
3 1398 1410 1399
3 1399 1410 1411
3 1399 1411 1400
3 1400 1411 1412
3 1400 1412 1389
3 1389 1412 1401
3 1401 1413 1402
3 1402 1413 1414
3 1402 1414 1403
3 1403 1414 1415
3 1403 1415 1404
3 1404 1415 1416
3 1404 1416 1405
3 1405 1416 1417
3 1405 1417 1406
3 1406 1417 1418
3 1406 1418 1407
3 1407 1418 1419
3 1407 1419 1408
3 1408 1419 1420
3 1408 1420 1409
3 1409 1420 1421
3 1409 1421 1410
3 1410 1421 1422
3 1410 1422 1411
3 1411 1422 1423
3 1411 1423 1412
3 1412 1423 1424
3 1412 1424 1401
3 1401 1424 1413
3 1413 1425 1414
3 1414 1425 1426
3 1414 1426 1415
3 1415 1426 1427
3 1415 1427 1416
3 1416 1427 1428
3 1416 1428 1417
3 1417 1428 1429
3 1417 1429 1418
3 1418 1429 1430
3 1418 1430 1419
3 1419 1430 1431
3 1419 1431 1420
3 1420 1431 1432
3 1420 1432 1421
3 1421 1432 1433
3 1421 1433 1422
3 1422 1433 1434
3 1422 1434 1423
3 1423 1434 1435
3 1423 1435 1424
3 1424 1435 1436
3 1424 1436 1413
3 1413 1436 1425
3 1425 1437 1426
3 1426 1437 1438
3 1426 1438 1427
3 1427 1438 1439
3 1427 1439 1428
3 1428 1439 1440
3 1428 1440 1429
3 1429 1440 1441
3 1429 1441 1430
3 1430 1441 1442
3 1430 1442 1431
3 1431 1442 1443
3 1431 1443 1432
3 1432 1443 1444
3 1432 1444 1433
3 1433 1444 1445
3 1433 1445 1434
3 1434 1445 1446
3 1434 1446 1435
3 1435 1446 1447
3 1435 1447 1436
3 1436 1447 1448
3 1436 1448 1425
3 1425 1448 1437
3 1437 1449 1438
3 1438 1449 1450
3 1438 1450 1439
3 1439 1450 1451
3 1439 1451 1440
3 1440 1451 1452
3 1440 1452 1441
3 1441 1452 1453
3 1441 1453 1442
3 1442 1453 1454
3 1442 1454 1443
3 1443 1454 1455
3 1443 1455 1444
3 1444 1455 1456
3 1444 1456 1445
3 1445 1456 1457
3 1445 1457 1446
3 1446 1457 1458
3 1446 1458 1447
3 1447 1458 1459
3 1447 1459 1448
3 1448 1459 1460
3 1448 1460 1437
3 1437 1460 1449
3 1461 1450 1449
3 1461 1451 1450
3 1461 1452 1451
3 1461 1453 1452
3 1461 1454 1453
3 1461 1455 1454
3 1461 1456 1455
3 1461 1457 1456
3 1461 1458 1457
3 1461 1459 1458
3 1461 1460 1459
3 1461 1449 1460
3 1462 1463 1464
3 1462 1464 1465
3 1462 1465 1466
3 1462 1466 1467
3 1462 1467 1468
3 1462 1468 1469
3 1462 1469 1470
3 1462 1470 1471
3 1462 1471 1472
3 1462 1472 1473
3 1462 1473 1474
3 1462 1474 1463
3 1463 1475 1464
3 1464 1475 1476
3 1464 1476 1465
3 1465 1476 1477
3 1465 1477 1466
3 1466 1477 1478
3 1466 1478 1467
3 1467 1478 1479
3 1467 1479 1468
3 1468 1479 1480
3 1468 1480 1469
3 1469 1480 1481
3 1469 1481 1470
3 1470 1481 1482
3 1470 1482 1471
3 1471 1482 1483
3 1471 1483 1472
3 1472 1483 1484
3 1472 1484 1473
3 1473 1484 1485
3 1473 1485 1474
3 1474 1485 1486
3 1474 1486 1463
3 1463 1486 1475
3 1475 1487 1476
3 1476 1487 1488
3 1476 1488 1477
3 1477 1488 1489
3 1477 1489 1478
3 1478 1489 1490
3 1478 1490 1479
3 1479 1490 1491
3 1479 1491 1480
3 1480 1491 1492
3 1480 1492 1481
3 1481 1492 1493
3 1481 1493 1482
3 1482 1493 1494
3 1482 1494 1483
3 1483 1494 1495
3 1483 1495 1484
3 1484 1495 1496
3 1484 1496 1485
3 1485 1496 1497
3 1485 1497 1486
3 1486 1497 1498
3 1486 1498 1475
3 1475 1498 1487
3 1487 1499 1488
3 1488 1499 1500
3 1488 1500 1489
3 1489 1500 1501
3 1489 1501 1490
3 1490 1501 1502
3 1490 1502 1491
3 1491 1502 1503
3 1491 1503 1492
3 1492 1503 1504
3 1492 1504 1493
3 1493 1504 1505
3 1493 1505 1494
3 1494 1505 1506
3 1494 1506 1495
3 1495 1506 1507
3 1495 1507 1496
3 1496 1507 1508
3 1496 1508 1497
3 1497 1508 1509
3 1497 1509 1498
3 1498 1509 1510
3 1498 1510 1487
3 1487 1510 1499
3 1499 1511 1500
3 1500 1511 1512
3 1500 1512 1501
3 1501 1512 1513
3 1501 1513 1502
3 1502 1513 1514
3 1502 1514 1503
3 1503 1514 1515
3 1503 1515 1504
3 1504 1515 1516
3 1504 1516 1505
3 1505 1516 1517
3 1505 1517 1506
3 1506 1517 1518
3 1506 1518 1507
3 1507 1518 1519
3 1507 1519 1508
3 1508 1519 1520
3 1508 1520 1509
3 1509 1520 1521
3 1509 1521 1510
3 1510 1521 1522
3 1510 1522 1499
3 1499 1522 1511
3 1511 1523 1512
3 1512 1523 1524
3 1512 1524 1513
3 1513 1524 1525
3 1513 1525 1514
3 1514 1525 1526
3 1514 1526 1515
3 1515 1526 1527
3 1515 1527 1516
3 1516 1527 1528
3 1516 1528 1517
3 1517 1528 1529
3 1517 1529 1518
3 1518 1529 1530
3 1518 1530 1519
3 1519 1530 1531
3 1519 1531 1520
3 1520 1531 1532
3 1520 1532 1521
3 1521 1532 1533
3 1521 1533 1522
3 1522 1533 1534
3 1522 1534 1511
3 1511 1534 1523
3 1523 1535 1524
3 1524 1535 1536
3 1524 1536 1525
3 1525 1536 1537
3 1525 1537 1526
3 1526 1537 1538
3 1526 1538 1527
3 1527 1538 1539
3 1527 1539 1528
3 1528 1539 1540
3 1528 1540 1529
3 1529 1540 1541
3 1529 1541 1530
3 1530 1541 1542
3 1530 1542 1531
3 1531 1542 1543
3 1531 1543 1532
3 1532 1543 1544
3 1532 1544 1533
3 1533 1544 1545
3 1533 1545 1534
3 1534 1545 1546
3 1534 1546 1523
3 1523 1546 1535
3 1547 1536 1535
3 1547 1537 1536
3 1547 1538 1537
3 1547 1539 1538
3 1547 1540 1539
3 1547 1541 1540
3 1547 1542 1541
3 1547 1543 1542
3 1547 1544 1543
3 1547 1545 1544
3 1547 1546 1545
3 1547 1535 1546
3 1548 1549 1550
3 1548 1550 1551
3 1548 1551 1552
3 1548 1552 1553
3 1548 1553 1554
3 1548 1554 1555
3 1548 1555 1556
3 1548 1556 1557
3 1548 1557 1558
3 1548 1558 1559
3 1548 1559 1560
3 1548 1560 1549
3 1549 1561 1550
3 1550 1561 1562
3 1550 1562 1551
3 1551 1562 1563
3 1551 1563 1552
3 1552 1563 1564
3 1552 1564 1553
3 1553 1564 1565
3 1553 1565 1554
3 1554 1565 1566
3 1554 1566 1555
3 1555 1566 1567
3 1555 1567 1556
3 1556 1567 1568
3 1556 1568 1557
3 1557 1568 1569
3 1557 1569 1558
3 1558 1569 1570
3 1558 1570 1559
3 1559 1570 1571
3 1559 1571 1560
3 1560 1571 1572
3 1560 1572 1549
3 1549 1572 1561
3 1561 1573 1562
3 1562 1573 1574
3 1562 1574 1563
3 1563 1574 1575
3 1563 1575 1564
3 1564 1575 1576
3 1564 1576 1565
3 1565 1576 1577
3 1565 1577 1566
3 1566 1577 1578
3 1566 1578 1567
3 1567 1578 1579
3 1567 1579 1568
3 1568 1579 1580
3 1568 1580 1569
3 1569 1580 1581
3 1569 1581 1570
3 1570 1581 1582
3 1570 1582 1571
3 1571 1582 1583
3 1571 1583 1572
3 1572 1583 1584
3 1572 1584 1561
3 1561 1584 1573
3 1573 1585 1574
3 1574 1585 1586
3 1574 1586 1575
3 1575 1586 1587
3 1575 1587 1576
3 1576 1587 1588
3 1576 1588 1577
3 1577 1588 1589
3 1577 1589 1578
3 1578 1589 1590
3 1578 1590 1579
3 1579 1590 1591
3 1579 1591 1580
3 1580 1591 1592
3 1580 1592 1581
3 1581 1592 1593
3 1581 1593 1582
3 1582 1593 1594
3 1582 1594 1583
3 1583 1594 1595
3 1583 1595 1584
3 1584 1595 1596
3 1584 1596 1573
3 1573 1596 1585
3 1585 1597 1586
3 1586 1597 1598
3 1586 1598 1587
3 1587 1598 1599
3 1587 1599 1588
3 1588 1599 1600
3 1588 1600 1589
3 1589 1600 1601
3 1589 1601 1590
3 1590 1601 1602
3 1590 1602 1591
3 1591 1602 1603
3 1591 1603 1592
3 1592 1603 1604
3 1592 1604 1593
3 1593 1604 1605
3 1593 1605 1594
3 1594 1605 1606
3 1594 1606 1595
3 1595 1606 1607
3 1595 1607 1596
3 1596 1607 1608
3 1596 1608 1585
3 1585 1608 1597
3 1597 1609 1598
3 1598 1609 1610
3 1598 1610 1599
3 1599 1610 1611
3 1599 1611 1600
3 1600 1611 1612
3 1600 1612 1601
3 1601 1612 1613
3 1601 1613 1602
3 1602 1613 1614
3 1602 1614 1603
3 1603 1614 1615
3 1603 1615 1604
3 1604 1615 1616
3 1604 1616 1605
3 1605 1616 1617
3 1605 1617 1606
3 1606 1617 1618
3 1606 1618 1607
3 1607 1618 1619
3 1607 1619 1608
3 1608 1619 1620
3 1608 1620 1597
3 1597 1620 1609
3 1609 1621 1610
3 1610 1621 1622
3 1610 1622 1611
3 1611 1622 1623
3 1611 1623 1612
3 1612 1623 1624
3 1612 1624 1613
3 1613 1624 1625
3 1613 1625 1614
3 1614 1625 1626
3 1614 1626 1615
3 1615 1626 1627
3 1615 1627 1616
3 1616 1627 1628
3 1616 1628 1617
3 1617 1628 1629
3 1617 1629 1618
3 1618 1629 1630
3 1618 1630 1619
3 1619 1630 1631
3 1619 1631 1620
3 1620 1631 1632
3 1620 1632 1609
3 1609 1632 1621
3 1633 1622 1621
3 1633 1623 1622
3 1633 1624 1623
3 1633 1625 1624
3 1633 1626 1625
3 1633 1627 1626
3 1633 1628 1627
3 1633 1629 1628
3 1633 1630 1629
3 1633 1631 1630
3 1633 1632 1631
3 1633 1621 1632
3 1634 1635 1636
3 1634 1636 1637
3 1634 1637 1638
3 1634 1638 1639
3 1634 1639 1640
3 1634 1640 1641
3 1634 1641 1642
3 1634 1642 1643
3 1634 1643 1644
3 1634 1644 1645
3 1634 1645 1646
3 1634 1646 1635
3 1635 1647 1636
3 1636 1647 1648
3 1636 1648 1637
3 1637 1648 1649
3 1637 1649 1638
3 1638 1649 1650
3 1638 1650 1639
3 1639 1650 1651
3 1639 1651 1640
3 1640 1651 1652
3 1640 1652 1641
3 1641 1652 1653
3 1641 1653 1642
3 1642 1653 1654
3 1642 1654 1643
3 1643 1654 1655
3 1643 1655 1644
3 1644 1655 1656
3 1644 1656 1645
3 1645 1656 1657
3 1645 1657 1646
3 1646 1657 1658
3 1646 1658 1635
3 1635 1658 1647
3 1647 1659 1648
3 1648 1659 1660
3 1648 1660 1649
3 1649 1660 1661
3 1649 1661 1650
3 1650 1661 1662
3 1650 1662 1651
3 1651 1662 1663
3 1651 1663 1652
3 1652 1663 1664
3 1652 1664 1653
3 1653 1664 1665
3 1653 1665 1654
3 1654 1665 1666
3 1654 1666 1655
3 1655 1666 1667
3 1655 1667 1656
3 1656 1667 1668
3 1656 1668 1657
3 1657 1668 1669
3 1657 1669 1658
3 1658 1669 1670
3 1658 1670 1647
3 1647 1670 1659
3 1659 1671 1660
3 1660 1671 1672
3 1660 1672 1661
3 1661 1672 1673
3 1661 1673 1662
3 1662 1673 1674
3 1662 1674 1663
3 1663 1674 1675
3 1663 1675 1664
3 1664 1675 1676
3 1664 1676 1665
3 1665 1676 1677
3 1665 1677 1666
3 1666 1677 1678
3 1666 1678 1667
3 1667 1678 1679
3 1667 1679 1668
3 1668 1679 1680
3 1668 1680 1669
3 1669 1680 1681
3 1669 1681 1670
3 1670 1681 1682
3 1670 1682 1659
3 1659 1682 1671
3 1671 1683 1672
3 1672 1683 1684
3 1672 1684 1673
3 1673 1684 1685
3 1673 1685 1674
3 1674 1685 1686
3 1674 1686 1675
3 1675 1686 1687
3 1675 1687 1676
3 1676 1687 1688
3 1676 1688 1677
3 1677 1688 1689
3 1677 1689 1678
3 1678 1689 1690
3 1678 1690 1679
3 1679 1690 1691
3 1679 1691 1680
3 1680 1691 1692
3 1680 1692 1681
3 1681 1692 1693
3 1681 1693 1682
3 1682 1693 1694
3 1682 1694 1671
3 1671 1694 1683
3 1683 1695 1684
3 1684 1695 1696
3 1684 1696 1685
3 1685 1696 1697
3 1685 1697 1686
3 1686 1697 1698
3 1686 1698 1687
3 1687 1698 1699
3 1687 1699 1688
3 1688 1699 1700
3 1688 1700 1689
3 1689 1700 1701
3 1689 1701 1690
3 1690 1701 1702
3 1690 1702 1691
3 1691 1702 1703
3 1691 1703 1692
3 1692 1703 1704
3 1692 1704 1693
3 1693 1704 1705
3 1693 1705 1694
3 1694 1705 1706
3 1694 1706 1683
3 1683 1706 1695
3 1695 1707 1696
3 1696 1707 1708
3 1696 1708 1697
3 1697 1708 1709
3 1697 1709 1698
3 1698 1709 1710
3 1698 1710 1699
3 1699 1710 1711
3 1699 1711 1700
3 1700 1711 1712
3 1700 1712 1701
3 1701 1712 1713
3 1701 1713 1702
3 1702 1713 1714
3 1702 1714 1703
3 1703 1714 1715
3 1703 1715 1704
3 1704 1715 1716
3 1704 1716 1705
3 1705 1716 1717
3 1705 1717 1706
3 1706 1717 1718
3 1706 1718 1695
3 1695 1718 1707
3 1719 1708 1707
3 1719 1709 1708
3 1719 1710 1709
3 1719 1711 1710
3 1719 1712 1711
3 1719 1713 1712
3 1719 1714 1713
3 1719 1715 1714
3 1719 1716 1715
3 1719 1717 1716
3 1719 1718 1717
3 1719 1707 1718
3 1720 1721 1722
3 1720 1722 1723
3 1720 1723 1724
3 1720 1724 1725
3 1720 1725 1726
3 1720 1726 1727
3 1720 1727 1728
3 1720 1728 1729
3 1720 1729 1730
3 1720 1730 1731
3 1720 1731 1732
3 1720 1732 1721
3 1721 1733 1722
3 1722 1733 1734
3 1722 1734 1723
3 1723 1734 1735
3 1723 1735 1724
3 1724 1735 1736
3 1724 1736 1725
3 1725 1736 1737
3 1725 1737 1726
3 1726 1737 1738
3 1726 1738 1727
3 1727 1738 1739
3 1727 1739 1728
3 1728 1739 1740
3 1728 1740 1729
3 1729 1740 1741
3 1729 1741 1730
3 1730 1741 1742
3 1730 1742 1731
3 1731 1742 1743
3 1731 1743 1732
3 1732 1743 1744
3 1732 1744 1721
3 1721 1744 1733
3 1733 1745 1734
3 1734 1745 1746
3 1734 1746 1735
3 1735 1746 1747
3 1735 1747 1736
3 1736 1747 1748
3 1736 1748 1737
3 1737 1748 1749
3 1737 1749 1738
3 1738 1749 1750
3 1738 1750 1739
3 1739 1750 1751
3 1739 1751 1740
3 1740 1751 1752
3 1740 1752 1741
3 1741 1752 1753
3 1741 1753 1742
3 1742 1753 1754
3 1742 1754 1743
3 1743 1754 1755
3 1743 1755 1744
3 1744 1755 1756
3 1744 1756 1733
3 1733 1756 1745
3 1745 1757 1746
3 1746 1757 1758
3 1746 1758 1747
3 1747 1758 1759
3 1747 1759 1748
3 1748 1759 1760
3 1748 1760 1749
3 1749 1760 1761
3 1749 1761 1750
3 1750 1761 1762
3 1750 1762 1751
3 1751 1762 1763
3 1751 1763 1752
3 1752 1763 1764
3 1752 1764 1753
3 1753 1764 1765
3 1753 1765 1754
3 1754 1765 1766
3 1754 1766 1755
3 1755 1766 1767
3 1755 1767 1756
3 1756 1767 1768
3 1756 1768 1745
3 1745 1768 1757
3 1757 1769 1758
3 1758 1769 1770
3 1758 1770 1759
3 1759 1770 1771
3 1759 1771 1760
3 1760 1771 1772
3 1760 1772 1761
3 1761 1772 1773
3 1761 1773 1762
3 1762 1773 1774
3 1762 1774 1763
3 1763 1774 1775
3 1763 1775 1764
3 1764 1775 1776
3 1764 1776 1765
3 1765 1776 1777
3 1765 1777 1766
3 1766 1777 1778
3 1766 1778 1767
3 1767 1778 1779
3 1767 1779 1768
3 1768 1779 1780
3 1768 1780 1757
3 1757 1780 1769
3 1769 1781 1770
3 1770 1781 1782
3 1770 1782 1771
3 1771 1782 1783
3 1771 1783 1772
3 1772 1783 1784
3 1772 1784 1773
3 1773 1784 1785
3 1773 1785 1774
3 1774 1785 1786
3 1774 1786 1775
3 1775 1786 1787
3 1775 1787 1776
3 1776 1787 1788
3 1776 1788 1777
3 1777 1788 1789
3 1777 1789 1778
3 1778 1789 1790
3 1778 1790 1779
3 1779 1790 1791
3 1779 1791 1780
3 1780 1791 1792
3 1780 1792 1769
3 1769 1792 1781
3 1781 1793 1782
3 1782 1793 1794
3 1782 1794 1783
3 1783 1794 1795
3 1783 1795 1784
3 1784 1795 1796
3 1784 1796 1785
3 1785 1796 1797
3 1785 1797 1786
3 1786 1797 1798
3 1786 1798 1787
3 1787 1798 1799
3 1787 1799 1788
3 1788 1799 1800
3 1788 1800 1789
3 1789 1800 1801
3 1789 1801 1790
3 1790 1801 1802
3 1790 1802 1791
3 1791 1802 1803
3 1791 1803 1792
3 1792 1803 1804
3 1792 1804 1781
3 1781 1804 1793
3 1805 1794 1793
3 1805 1795 1794
3 1805 1796 1795
3 1805 1797 1796
3 1805 1798 1797
3 1805 1799 1798
3 1805 1800 1799
3 1805 1801 1800
3 1805 1802 1801
3 1805 1803 1802
3 1805 1804 1803
3 1805 1793 1804
3 1806 1807 1808
3 1806 1808 1809
3 1806 1809 1810
3 1806 1810 1811
3 1806 1811 1812
3 1806 1812 1813
3 1806 1813 1814
3 1806 1814 1815
3 1806 1815 1816
3 1806 1816 1817
3 1806 1817 1818
3 1806 1818 1807
3 1807 1819 1808
3 1808 1819 1820
3 1808 1820 1809
3 1809 1820 1821
3 1809 1821 1810
3 1810 1821 1822
3 1810 1822 1811
3 1811 1822 1823
3 1811 1823 1812
3 1812 1823 1824
3 1812 1824 1813
3 1813 1824 1825
3 1813 1825 1814
3 1814 1825 1826
3 1814 1826 1815
3 1815 1826 1827
3 1815 1827 1816
3 1816 1827 1828
3 1816 1828 1817
3 1817 1828 1829
3 1817 1829 1818
3 1818 1829 1830
3 1818 1830 1807
3 1807 1830 1819
3 1819 1831 1820
3 1820 1831 1832
3 1820 1832 1821
3 1821 1832 1833
3 1821 1833 1822
3 1822 1833 1834
3 1822 1834 1823
3 1823 1834 1835
3 1823 1835 1824
3 1824 1835 1836
3 1824 1836 1825
3 1825 1836 1837
3 1825 1837 1826
3 1826 1837 1838
3 1826 1838 1827
3 1827 1838 1839
3 1827 1839 1828
3 1828 1839 1840
3 1828 1840 1829
3 1829 1840 1841
3 1829 1841 1830
3 1830 1841 1842
3 1830 1842 1819
3 1819 1842 1831
3 1831 1843 1832
3 1832 1843 1844
3 1832 1844 1833
3 1833 1844 1845
3 1833 1845 1834
3 1834 1845 1846
3 1834 1846 1835
3 1835 1846 1847
3 1835 1847 1836
3 1836 1847 1848
3 1836 1848 1837
3 1837 1848 1849
3 1837 1849 1838
3 1838 1849 1850
3 1838 1850 1839
3 1839 1850 1851
3 1839 1851 1840
3 1840 1851 1852
3 1840 1852 1841
3 1841 1852 1853
3 1841 1853 1842
3 1842 1853 1854
3 1842 1854 1831
3 1831 1854 1843
3 1843 1855 1844
3 1844 1855 1856
3 1844 1856 1845
3 1845 1856 1857
3 1845 1857 1846
3 1846 1857 1858
3 1846 1858 1847
3 1847 1858 1859
3 1847 1859 1848
3 1848 1859 1860
3 1848 1860 1849
3 1849 1860 1861
3 1849 1861 1850
3 1850 1861 1862
3 1850 1862 1851
3 1851 1862 1863
3 1851 1863 1852
3 1852 1863 1864
3 1852 1864 1853
3 1853 1864 1865
3 1853 1865 1854
3 1854 1865 1866
3 1854 1866 1843
3 1843 1866 1855
3 1855 1867 1856
3 1856 1867 1868
3 1856 1868 1857
3 1857 1868 1869
3 1857 1869 1858
3 1858 1869 1870
3 1858 1870 1859
3 1859 1870 1871
3 1859 1871 1860
3 1860 1871 1872
3 1860 1872 1861
3 1861 1872 1873
3 1861 1873 1862
3 1862 1873 1874
3 1862 1874 1863
3 1863 1874 1875
3 1863 1875 1864
3 1864 1875 1876
3 1864 1876 1865
3 1865 1876 1877
3 1865 1877 1866
3 1866 1877 1878
3 1866 1878 1855
3 1855 1878 1867
3 1867 1879 1868
3 1868 1879 1880
3 1868 1880 1869
3 1869 1880 1881
3 1869 1881 1870
3 1870 1881 1882
3 1870 1882 1871
3 1871 1882 1883
3 1871 1883 1872
3 1872 1883 1884
3 1872 1884 1873
3 1873 1884 1885
3 1873 1885 1874
3 1874 1885 1886
3 1874 1886 1875
3 1875 1886 1887
3 1875 1887 1876
3 1876 1887 1888
3 1876 1888 1877
3 1877 1888 1889
3 1877 1889 1878
3 1878 1889 1890
3 1878 1890 1867
3 1867 1890 1879
3 1891 1880 1879
3 1891 1881 1880
3 1891 1882 1881
3 1891 1883 1882
3 1891 1884 1883
3 1891 1885 1884
3 1891 1886 1885
3 1891 1887 1886
3 1891 1888 1887
3 1891 1889 1888
3 1891 1890 1889
3 1891 1879 1890
3 1892 1893 1894
3 1892 1894 1895
3 1892 1895 1896
3 1892 1896 1897
3 1892 1897 1898
3 1892 1898 1899
3 1892 1899 1900
3 1892 1900 1901
3 1892 1901 1902
3 1892 1902 1903
3 1892 1903 1904
3 1892 1904 1893
3 1893 1905 1894
3 1894 1905 1906
3 1894 1906 1895
3 1895 1906 1907
3 1895 1907 1896
3 1896 1907 1908
3 1896 1908 1897
3 1897 1908 1909
3 1897 1909 1898
3 1898 1909 1910
3 1898 1910 1899
3 1899 1910 1911
3 1899 1911 1900
3 1900 1911 1912
3 1900 1912 1901
3 1901 1912 1913
3 1901 1913 1902
3 1902 1913 1914
3 1902 1914 1903
3 1903 1914 1915
3 1903 1915 1904
3 1904 1915 1916
3 1904 1916 1893
3 1893 1916 1905
3 1905 1917 1906
3 1906 1917 1918
3 1906 1918 1907
3 1907 1918 1919
3 1907 1919 1908
3 1908 1919 1920
3 1908 1920 1909
3 1909 1920 1921
3 1909 1921 1910
3 1910 1921 1922
3 1910 1922 1911
3 1911 1922 1923
3 1911 1923 1912
3 1912 1923 1924
3 1912 1924 1913
3 1913 1924 1925
3 1913 1925 1914
3 1914 1925 1926
3 1914 1926 1915
3 1915 1926 1927
3 1915 1927 1916
3 1916 1927 1928
3 1916 1928 1905
3 1905 1928 1917
3 1917 1929 1918
3 1918 1929 1930
3 1918 1930 1919
3 1919 1930 1931
3 1919 1931 1920
3 1920 1931 1932
3 1920 1932 1921
3 1921 1932 1933
3 1921 1933 1922
3 1922 1933 1934
3 1922 1934 1923
3 1923 1934 1935
3 1923 1935 1924
3 1924 1935 1936
3 1924 1936 1925
3 1925 1936 1937
3 1925 1937 1926
3 1926 1937 1938
3 1926 1938 1927
3 1927 1938 1939
3 1927 1939 1928
3 1928 1939 1940
3 1928 1940 1917
3 1917 1940 1929
3 1929 1941 1930
3 1930 1941 1942
3 1930 1942 1931
3 1931 1942 1943
3 1931 1943 1932
3 1932 1943 1944
3 1932 1944 1933
3 1933 1944 1945
3 1933 1945 1934
3 1934 1945 1946
3 1934 1946 1935
3 1935 1946 1947
3 1935 1947 1936
3 1936 1947 1948
3 1936 1948 1937
3 1937 1948 1949
3 1937 1949 1938
3 1938 1949 1950
3 1938 1950 1939
3 1939 1950 1951
3 1939 1951 1940
3 1940 1951 1952
3 1940 1952 1929
3 1929 1952 1941
3 1941 1953 1942
3 1942 1953 1954
3 1942 1954 1943
3 1943 1954 1955
3 1943 1955 1944
3 1944 1955 1956
3 1944 1956 1945
3 1945 1956 1957
3 1945 1957 1946
3 1946 1957 1958
3 1946 1958 1947
3 1947 1958 1959
3 1947 1959 1948
3 1948 1959 1960
3 1948 1960 1949
3 1949 1960 1961
3 1949 1961 1950
3 1950 1961 1962
3 1950 1962 1951
3 1951 1962 1963
3 1951 1963 1952
3 1952 1963 1964
3 1952 1964 1941
3 1941 1964 1953
3 1953 1965 1954
3 1954 1965 1966
3 1954 1966 1955
3 1955 1966 1967
3 1955 1967 1956
3 1956 1967 1968
3 1956 1968 1957
3 1957 1968 1969
3 1957 1969 1958
3 1958 1969 1970
3 1958 1970 1959
3 1959 1970 1971
3 1959 1971 1960
3 1960 1971 1972
3 1960 1972 1961
3 1961 1972 1973
3 1961 1973 1962
3 1962 1973 1974
3 1962 1974 1963
3 1963 1974 1975
3 1963 1975 1964
3 1964 1975 1976
3 1964 1976 1953
3 1953 1976 1965
3 1977 1966 1965
3 1977 1967 1966
3 1977 1968 1967
3 1977 1969 1968
3 1977 1970 1969
3 1977 1971 1970
3 1977 1972 1971
3 1977 1973 1972
3 1977 1974 1973
3 1977 1975 1974
3 1977 1976 1975
3 1977 1965 1976
3 1978 1979 1980
3 1978 1980 1981
3 1978 1981 1982
3 1978 1982 1983
3 1978 1983 1984
3 1978 1984 1985
3 1978 1985 1986
3 1978 1986 1987
3 1978 1987 1988
3 1978 1988 1989
3 1978 1989 1990
3 1978 1990 1979
3 1979 1991 1980
3 1980 1991 1992
3 1980 1992 1981
3 1981 1992 1993
3 1981 1993 1982
3 1982 1993 1994
3 1982 1994 1983
3 1983 1994 1995
3 1983 1995 1984
3 1984 1995 1996
3 1984 1996 1985
3 1985 1996 1997
3 1985 1997 1986
3 1986 1997 1998
3 1986 1998 1987
3 1987 1998 1999
3 1987 1999 1988
3 1988 1999 2000
3 1988 2000 1989
3 1989 2000 2001
3 1989 2001 1990
3 1990 2001 2002
3 1990 2002 1979
3 1979 2002 1991
3 1991 2003 1992
3 1992 2003 2004
3 1992 2004 1993
3 1993 2004 2005
3 1993 2005 1994
3 1994 2005 2006
3 1994 2006 1995
3 1995 2006 2007
3 1995 2007 1996
3 1996 2007 2008
3 1996 2008 1997
3 1997 2008 2009
3 1997 2009 1998
3 1998 2009 2010
3 1998 2010 1999
3 1999 2010 2011
3 1999 2011 2000
3 2000 2011 2012
3 2000 2012 2001
3 2001 2012 2013
3 2001 2013 2002
3 2002 2013 2014
3 2002 2014 1991
3 1991 2014 2003
3 2003 2015 2004
3 2004 2015 2016
3 2004 2016 2005
3 2005 2016 2017
3 2005 2017 2006
3 2006 2017 2018
3 2006 2018 2007
3 2007 2018 2019
3 2007 2019 2008
3 2008 2019 2020
3 2008 2020 2009
3 2009 2020 2021
3 2009 2021 2010
3 2010 2021 2022
3 2010 2022 2011
3 2011 2022 2023
3 2011 2023 2012
3 2012 2023 2024
3 2012 2024 2013
3 2013 2024 2025
3 2013 2025 2014
3 2014 2025 2026
3 2014 2026 2003
3 2003 2026 2015
3 2015 2027 2016
3 2016 2027 2028
3 2016 2028 2017
3 2017 2028 2029
3 2017 2029 2018
3 2018 2029 2030
3 2018 2030 2019
3 2019 2030 2031
3 2019 2031 2020
3 2020 2031 2032
3 2020 2032 2021
3 2021 2032 2033
3 2021 2033 2022
3 2022 2033 2034
3 2022 2034 2023
3 2023 2034 2035
3 2023 2035 2024
3 2024 2035 2036
3 2024 2036 2025
3 2025 2036 2037
3 2025 2037 2026
3 2026 2037 2038
3 2026 2038 2015
3 2015 2038 2027
3 2027 2039 2028
3 2028 2039 2040
3 2028 2040 2029
3 2029 2040 2041
3 2029 2041 2030
3 2030 2041 2042
3 2030 2042 2031
3 2031 2042 2043
3 2031 2043 2032
3 2032 2043 2044
3 2032 2044 2033
3 2033 2044 2045
3 2033 2045 2034
3 2034 2045 2046
3 2034 2046 2035
3 2035 2046 2047
3 2035 2047 2036
3 2036 2047 2048
3 2036 2048 2037
3 2037 2048 2049
3 2037 2049 2038
3 2038 2049 2050
3 2038 2050 2027
3 2027 2050 2039
3 2039 2051 2040
3 2040 2051 2052
3 2040 2052 2041
3 2041 2052 2053
3 2041 2053 2042
3 2042 2053 2054
3 2042 2054 2043
3 2043 2054 2055
3 2043 2055 2044
3 2044 2055 2056
3 2044 2056 2045
3 2045 2056 2057
3 2045 2057 2046
3 2046 2057 2058
3 2046 2058 2047
3 2047 2058 2059
3 2047 2059 2048
3 2048 2059 2060
3 2048 2060 2049
3 2049 2060 2061
3 2049 2061 2050
3 2050 2061 2062
3 2050 2062 2039
3 2039 2062 2051
3 2063 2052 2051
3 2063 2053 2052
3 2063 2054 2053
3 2063 2055 2054
3 2063 2056 2055
3 2063 2057 2056
3 2063 2058 2057
3 2063 2059 2058
3 2063 2060 2059
3 2063 2061 2060
3 2063 2062 2061
3 2063 2051 2062
3 2064 2065 2066
3 2064 2066 2067
3 2064 2067 2068
3 2064 2068 2069
3 2064 2069 2070
3 2064 2070 2071
3 2064 2071 2072
3 2064 2072 2073
3 2064 2073 2074
3 2064 2074 2075
3 2064 2075 2076
3 2064 2076 2065
3 2065 2077 2066
3 2066 2077 2078
3 2066 2078 2067
3 2067 2078 2079
3 2067 2079 2068
3 2068 2079 2080
3 2068 2080 2069
3 2069 2080 2081
3 2069 2081 2070
3 2070 2081 2082
3 2070 2082 2071
3 2071 2082 2083
3 2071 2083 2072
3 2072 2083 2084
3 2072 2084 2073
3 2073 2084 2085
3 2073 2085 2074
3 2074 2085 2086
3 2074 2086 2075
3 2075 2086 2087
3 2075 2087 2076
3 2076 2087 2088
3 2076 2088 2065
3 2065 2088 2077
3 2077 2089 2078
3 2078 2089 2090
3 2078 2090 2079
3 2079 2090 2091
3 2079 2091 2080
3 2080 2091 2092
3 2080 2092 2081
3 2081 2092 2093
3 2081 2093 2082
3 2082 2093 2094
3 2082 2094 2083
3 2083 2094 2095
3 2083 2095 2084
3 2084 2095 2096
3 2084 2096 2085
3 2085 2096 2097
3 2085 2097 2086
3 2086 2097 2098
3 2086 2098 2087
3 2087 2098 2099
3 2087 2099 2088
3 2088 2099 2100
3 2088 2100 2077
3 2077 2100 2089
3 2089 2101 2090
3 2090 2101 2102
3 2090 2102 2091
3 2091 2102 2103
3 2091 2103 2092
3 2092 2103 2104
3 2092 2104 2093
3 2093 2104 2105
3 2093 2105 2094
3 2094 2105 2106
3 2094 2106 2095
3 2095 2106 2107
3 2095 2107 2096
3 2096 2107 2108
3 2096 2108 2097
3 2097 2108 2109
3 2097 2109 2098
3 2098 2109 2110
3 2098 2110 2099
3 2099 2110 2111
3 2099 2111 2100
3 2100 2111 2112
3 2100 2112 2089
3 2089 2112 2101
3 2101 2113 2102
3 2102 2113 2114
3 2102 2114 2103
3 2103 2114 2115
3 2103 2115 2104
3 2104 2115 2116
3 2104 2116 2105
3 2105 2116 2117
3 2105 2117 2106
3 2106 2117 2118
3 2106 2118 2107
3 2107 2118 2119
3 2107 2119 2108
3 2108 2119 2120
3 2108 2120 2109
3 2109 2120 2121
3 2109 2121 2110
3 2110 2121 2122
3 2110 2122 2111
3 2111 2122 2123
3 2111 2123 2112
3 2112 2123 2124
3 2112 2124 2101
3 2101 2124 2113
3 2113 2125 2114
3 2114 2125 2126
3 2114 2126 2115
3 2115 2126 2127
3 2115 2127 2116
3 2116 2127 2128
3 2116 2128 2117
3 2117 2128 2129
3 2117 2129 2118
3 2118 2129 2130
3 2118 2130 2119
3 2119 2130 2131
3 2119 2131 2120
3 2120 2131 2132
3 2120 2132 2121
3 2121 2132 2133
3 2121 2133 2122
3 2122 2133 2134
3 2122 2134 2123
3 2123 2134 2135
3 2123 2135 2124
3 2124 2135 2136
3 2124 2136 2113
3 2113 2136 2125
3 2125 2137 2126
3 2126 2137 2138
3 2126 2138 2127
3 2127 2138 2139
3 2127 2139 2128
3 2128 2139 2140
3 2128 2140 2129
3 2129 2140 2141
3 2129 2141 2130
3 2130 2141 2142
3 2130 2142 2131
3 2131 2142 2143
3 2131 2143 2132
3 2132 2143 2144
3 2132 2144 2133
3 2133 2144 2145
3 2133 2145 2134
3 2134 2145 2146
3 2134 2146 2135
3 2135 2146 2147
3 2135 2147 2136
3 2136 2147 2148
3 2136 2148 2125
3 2125 2148 2137
3 2149 2138 2137
3 2149 2139 2138
3 2149 2140 2139
3 2149 2141 2140
3 2149 2142 2141
3 2149 2143 2142
3 2149 2144 2143
3 2149 2145 2144
3 2149 2146 2145
3 2149 2147 2146
3 2149 2148 2147
3 2149 2137 2148
3 2150 2151 2152
3 2150 2152 2153
3 2150 2153 2154
3 2150 2154 2155
3 2150 2155 2156
3 2150 2156 2157
3 2150 2157 2158
3 2150 2158 2159
3 2150 2159 2160
3 2150 2160 2161
3 2150 2161 2162
3 2150 2162 2151
3 2151 2163 2152
3 2152 2163 2164
3 2152 2164 2153
3 2153 2164 2165
3 2153 2165 2154
3 2154 2165 2166
3 2154 2166 2155
3 2155 2166 2167
3 2155 2167 2156
3 2156 2167 2168
3 2156 2168 2157
3 2157 2168 2169
3 2157 2169 2158
3 2158 2169 2170
3 2158 2170 2159
3 2159 2170 2171
3 2159 2171 2160
3 2160 2171 2172
3 2160 2172 2161
3 2161 2172 2173
3 2161 2173 2162
3 2162 2173 2174
3 2162 2174 2151
3 2151 2174 2163
3 2163 2175 2164
3 2164 2175 2176
3 2164 2176 2165
3 2165 2176 2177
3 2165 2177 2166
3 2166 2177 2178
3 2166 2178 2167
3 2167 2178 2179
3 2167 2179 2168
3 2168 2179 2180
3 2168 2180 2169
3 2169 2180 2181
3 2169 2181 2170
3 2170 2181 2182
3 2170 2182 2171
3 2171 2182 2183
3 2171 2183 2172
3 2172 2183 2184
3 2172 2184 2173
3 2173 2184 2185
3 2173 2185 2174
3 2174 2185 2186
3 2174 2186 2163
3 2163 2186 2175
3 2175 2187 2176
3 2176 2187 2188
3 2176 2188 2177
3 2177 2188 2189
3 2177 2189 2178
3 2178 2189 2190
3 2178 2190 2179
3 2179 2190 2191
3 2179 2191 2180
3 2180 2191 2192
3 2180 2192 2181
3 2181 2192 2193
3 2181 2193 2182
3 2182 2193 2194
3 2182 2194 2183
3 2183 2194 2195
3 2183 2195 2184
3 2184 2195 2196
3 2184 2196 2185
3 2185 2196 2197
3 2185 2197 2186
3 2186 2197 2198
3 2186 2198 2175
3 2175 2198 2187
3 2187 2199 2188
3 2188 2199 2200
3 2188 2200 2189
3 2189 2200 2201
3 2189 2201 2190
3 2190 2201 2202
3 2190 2202 2191
3 2191 2202 2203
3 2191 2203 2192
3 2192 2203 2204
3 2192 2204 2193
3 2193 2204 2205
3 2193 2205 2194
3 2194 2205 2206
3 2194 2206 2195
3 2195 2206 2207
3 2195 2207 2196
3 2196 2207 2208
3 2196 2208 2197
3 2197 2208 2209
3 2197 2209 2198
3 2198 2209 2210
3 2198 2210 2187
3 2187 2210 2199
3 2199 2211 2200
3 2200 2211 2212
3 2200 2212 2201
3 2201 2212 2213
3 2201 2213 2202
3 2202 2213 2214
3 2202 2214 2203
3 2203 2214 2215
3 2203 2215 2204
3 2204 2215 2216
3 2204 2216 2205
3 2205 2216 2217
3 2205 2217 2206
3 2206 2217 2218
3 2206 2218 2207
3 2207 2218 2219
3 2207 2219 2208
3 2208 2219 2220
3 2208 2220 2209
3 2209 2220 2221
3 2209 2221 2210
3 2210 2221 2222
3 2210 2222 2199
3 2199 2222 2211
3 2211 2223 2212
3 2212 2223 2224
3 2212 2224 2213
3 2213 2224 2225
3 2213 2225 2214
3 2214 2225 2226
3 2214 2226 2215
3 2215 2226 2227
3 2215 2227 2216
3 2216 2227 2228
3 2216 2228 2217
3 2217 2228 2229
3 2217 2229 2218
3 2218 2229 2230
3 2218 2230 2219
3 2219 2230 2231
3 2219 2231 2220
3 2220 2231 2232
3 2220 2232 2221
3 2221 2232 2233
3 2221 2233 2222
3 2222 2233 2234
3 2222 2234 2211
3 2211 2234 2223
3 2235 2224 2223
3 2235 2225 2224
3 2235 2226 2225
3 2235 2227 2226
3 2235 2228 2227
3 2235 2229 2228
3 2235 2230 2229
3 2235 2231 2230
3 2235 2232 2231
3 2235 2233 2232
3 2235 2234 2233
3 2235 2223 2234
3 2236 2237 2238
3 2236 2238 2239
3 2236 2239 2240
3 2236 2240 2241
3 2236 2241 2242
3 2236 2242 2243
3 2236 2243 2244
3 2236 2244 2245
3 2236 2245 2246
3 2236 2246 2247
3 2236 2247 2248
3 2236 2248 2237
3 2237 2249 2238
3 2238 2249 2250
3 2238 2250 2239
3 2239 2250 2251
3 2239 2251 2240
3 2240 2251 2252
3 2240 2252 2241
3 2241 2252 2253
3 2241 2253 2242
3 2242 2253 2254
3 2242 2254 2243
3 2243 2254 2255
3 2243 2255 2244
3 2244 2255 2256
3 2244 2256 2245
3 2245 2256 2257
3 2245 2257 2246
3 2246 2257 2258
3 2246 2258 2247
3 2247 2258 2259
3 2247 2259 2248
3 2248 2259 2260
3 2248 2260 2237
3 2237 2260 2249
3 2249 2261 2250
3 2250 2261 2262
3 2250 2262 2251
3 2251 2262 2263
3 2251 2263 2252
3 2252 2263 2264
3 2252 2264 2253
3 2253 2264 2265
3 2253 2265 2254
3 2254 2265 2266
3 2254 2266 2255
3 2255 2266 2267
3 2255 2267 2256
3 2256 2267 2268
3 2256 2268 2257
3 2257 2268 2269
3 2257 2269 2258
3 2258 2269 2270
3 2258 2270 2259
3 2259 2270 2271
3 2259 2271 2260
3 2260 2271 2272
3 2260 2272 2249
3 2249 2272 2261
3 2261 2273 2262
3 2262 2273 2274
3 2262 2274 2263
3 2263 2274 2275
3 2263 2275 2264
3 2264 2275 2276
3 2264 2276 2265
3 2265 2276 2277
3 2265 2277 2266
3 2266 2277 2278
3 2266 2278 2267
3 2267 2278 2279
3 2267 2279 2268
3 2268 2279 2280
3 2268 2280 2269
3 2269 2280 2281
3 2269 2281 2270
3 2270 2281 2282
3 2270 2282 2271
3 2271 2282 2283
3 2271 2283 2272
3 2272 2283 2284
3 2272 2284 2261
3 2261 2284 2273
3 2273 2285 2274
3 2274 2285 2286
3 2274 2286 2275
3 2275 2286 2287
3 2275 2287 2276
3 2276 2287 2288
3 2276 2288 2277
3 2277 2288 2289
3 2277 2289 2278
3 2278 2289 2290
3 2278 2290 2279
3 2279 2290 2291
3 2279 2291 2280
3 2280 2291 2292
3 2280 2292 2281
3 2281 2292 2293
3 2281 2293 2282
3 2282 2293 2294
3 2282 2294 2283
3 2283 2294 2295
3 2283 2295 2284
3 2284 2295 2296
3 2284 2296 2273
3 2273 2296 2285
3 2285 2297 2286
3 2286 2297 2298
3 2286 2298 2287
3 2287 2298 2299
3 2287 2299 2288
3 2288 2299 2300
3 2288 2300 2289
3 2289 2300 2301
3 2289 2301 2290
3 2290 2301 2302
3 2290 2302 2291
3 2291 2302 2303
3 2291 2303 2292
3 2292 2303 2304
3 2292 2304 2293
3 2293 2304 2305
3 2293 2305 2294
3 2294 2305 2306
3 2294 2306 2295
3 2295 2306 2307
3 2295 2307 2296
3 2296 2307 2308
3 2296 2308 2285
3 2285 2308 2297
3 2297 2309 2298
3 2298 2309 2310
3 2298 2310 2299
3 2299 2310 2311
3 2299 2311 2300
3 2300 2311 2312
3 2300 2312 2301
3 2301 2312 2313
3 2301 2313 2302
3 2302 2313 2314
3 2302 2314 2303
3 2303 2314 2315
3 2303 2315 2304
3 2304 2315 2316
3 2304 2316 2305
3 2305 2316 2317
3 2305 2317 2306
3 2306 2317 2318
3 2306 2318 2307
3 2307 2318 2319
3 2307 2319 2308
3 2308 2319 2320
3 2308 2320 2297
3 2297 2320 2309
3 2321 2310 2309
3 2321 2311 2310
3 2321 2312 2311
3 2321 2313 2312
3 2321 2314 2313
3 2321 2315 2314
3 2321 2316 2315
3 2321 2317 2316
3 2321 2318 2317
3 2321 2319 2318
3 2321 2320 2319
3 2321 2309 2320
3 2322 2323 2324
3 2322 2324 2325
3 2322 2325 2326
3 2322 2326 2327
3 2322 2327 2328
3 2322 2328 2329
3 2322 2329 2330
3 2322 2330 2331
3 2322 2331 2332
3 2322 2332 2333
3 2322 2333 2334
3 2322 2334 2323
3 2323 2335 2324
3 2324 2335 2336
3 2324 2336 2325
3 2325 2336 2337
3 2325 2337 2326
3 2326 2337 2338
3 2326 2338 2327
3 2327 2338 2339
3 2327 2339 2328
3 2328 2339 2340
3 2328 2340 2329
3 2329 2340 2341
3 2329 2341 2330
3 2330 2341 2342
3 2330 2342 2331
3 2331 2342 2343
3 2331 2343 2332
3 2332 2343 2344
3 2332 2344 2333
3 2333 2344 2345
3 2333 2345 2334
3 2334 2345 2346
3 2334 2346 2323
3 2323 2346 2335
3 2335 2347 2336
3 2336 2347 2348
3 2336 2348 2337
3 2337 2348 2349
3 2337 2349 2338
3 2338 2349 2350
3 2338 2350 2339
3 2339 2350 2351
3 2339 2351 2340
3 2340 2351 2352
3 2340 2352 2341
3 2341 2352 2353
3 2341 2353 2342
3 2342 2353 2354
3 2342 2354 2343
3 2343 2354 2355
3 2343 2355 2344
3 2344 2355 2356
3 2344 2356 2345
3 2345 2356 2357
3 2345 2357 2346
3 2346 2357 2358
3 2346 2358 2335
3 2335 2358 2347
3 2347 2359 2348
3 2348 2359 2360
3 2348 2360 2349
3 2349 2360 2361
3 2349 2361 2350
3 2350 2361 2362
3 2350 2362 2351
3 2351 2362 2363
3 2351 2363 2352
3 2352 2363 2364
3 2352 2364 2353
3 2353 2364 2365
3 2353 2365 2354
3 2354 2365 2366
3 2354 2366 2355
3 2355 2366 2367
3 2355 2367 2356
3 2356 2367 2368
3 2356 2368 2357
3 2357 2368 2369
3 2357 2369 2358
3 2358 2369 2370
3 2358 2370 2347
3 2347 2370 2359
3 2359 2371 2360
3 2360 2371 2372
3 2360 2372 2361
3 2361 2372 2373
3 2361 2373 2362
3 2362 2373 2374
3 2362 2374 2363
3 2363 2374 2375
3 2363 2375 2364
3 2364 2375 2376
3 2364 2376 2365
3 2365 2376 2377
3 2365 2377 2366
3 2366 2377 2378
3 2366 2378 2367
3 2367 2378 2379
3 2367 2379 2368
3 2368 2379 2380
3 2368 2380 2369
3 2369 2380 2381
3 2369 2381 2370
3 2370 2381 2382
3 2370 2382 2359
3 2359 2382 2371
3 2371 2383 2372
3 2372 2383 2384
3 2372 2384 2373
3 2373 2384 2385
3 2373 2385 2374
3 2374 2385 2386
3 2374 2386 2375
3 2375 2386 2387
3 2375 2387 2376
3 2376 2387 2388
3 2376 2388 2377
3 2377 2388 2389
3 2377 2389 2378
3 2378 2389 2390
3 2378 2390 2379
3 2379 2390 2391
3 2379 2391 2380
3 2380 2391 2392
3 2380 2392 2381
3 2381 2392 2393
3 2381 2393 2382
3 2382 2393 2394
3 2382 2394 2371
3 2371 2394 2383
3 2383 2395 2384
3 2384 2395 2396
3 2384 2396 2385
3 2385 2396 2397
3 2385 2397 2386
3 2386 2397 2398
3 2386 2398 2387
3 2387 2398 2399
3 2387 2399 2388
3 2388 2399 2400
3 2388 2400 2389
3 2389 2400 2401
3 2389 2401 2390
3 2390 2401 2402
3 2390 2402 2391
3 2391 2402 2403
3 2391 2403 2392
3 2392 2403 2404
3 2392 2404 2393
3 2393 2404 2405
3 2393 2405 2394
3 2394 2405 2406
3 2394 2406 2383
3 2383 2406 2395
3 2407 2396 2395
3 2407 2397 2396
3 2407 2398 2397
3 2407 2399 2398
3 2407 2400 2399
3 2407 2401 2400
3 2407 2402 2401
3 2407 2403 2402
3 2407 2404 2403
3 2407 2405 2404
3 2407 2406 2405
3 2407 2395 2406
3 2408 2409 2410
3 2408 2410 2411
3 2408 2411 2412
3 2408 2412 2413
3 2408 2413 2414
3 2408 2414 2415
3 2408 2415 2416
3 2408 2416 2417
3 2408 2417 2418
3 2408 2418 2419
3 2408 2419 2420
3 2408 2420 2409
3 2409 2421 2410
3 2410 2421 2422
3 2410 2422 2411
3 2411 2422 2423
3 2411 2423 2412
3 2412 2423 2424
3 2412 2424 2413
3 2413 2424 2425
3 2413 2425 2414
3 2414 2425 2426
3 2414 2426 2415
3 2415 2426 2427
3 2415 2427 2416
3 2416 2427 2428
3 2416 2428 2417
3 2417 2428 2429
3 2417 2429 2418
3 2418 2429 2430
3 2418 2430 2419
3 2419 2430 2431
3 2419 2431 2420
3 2420 2431 2432
3 2420 2432 2409
3 2409 2432 2421
3 2421 2433 2422
3 2422 2433 2434
3 2422 2434 2423
3 2423 2434 2435
3 2423 2435 2424
3 2424 2435 2436
3 2424 2436 2425
3 2425 2436 2437
3 2425 2437 2426
3 2426 2437 2438
3 2426 2438 2427
3 2427 2438 2439
3 2427 2439 2428
3 2428 2439 2440
3 2428 2440 2429
3 2429 2440 2441
3 2429 2441 2430
3 2430 2441 2442
3 2430 2442 2431
3 2431 2442 2443
3 2431 2443 2432
3 2432 2443 2444
3 2432 2444 2421
3 2421 2444 2433
3 2433 2445 2434
3 2434 2445 2446
3 2434 2446 2435
3 2435 2446 2447
3 2435 2447 2436
3 2436 2447 2448
3 2436 2448 2437
3 2437 2448 2449
3 2437 2449 2438
3 2438 2449 2450
3 2438 2450 2439
3 2439 2450 2451
3 2439 2451 2440
3 2440 2451 2452
3 2440 2452 2441
3 2441 2452 2453
3 2441 2453 2442
3 2442 2453 2454
3 2442 2454 2443
3 2443 2454 2455
3 2443 2455 2444
3 2444 2455 2456
3 2444 2456 2433
3 2433 2456 2445
3 2445 2457 2446
3 2446 2457 2458
3 2446 2458 2447
3 2447 2458 2459
3 2447 2459 2448
3 2448 2459 2460
3 2448 2460 2449
3 2449 2460 2461
3 2449 2461 2450
3 2450 2461 2462
3 2450 2462 2451
3 2451 2462 2463
3 2451 2463 2452
3 2452 2463 2464
3 2452 2464 2453
3 2453 2464 2465
3 2453 2465 2454
3 2454 2465 2466
3 2454 2466 2455
3 2455 2466 2467
3 2455 2467 2456
3 2456 2467 2468
3 2456 2468 2445
3 2445 2468 2457
3 2457 2469 2458
3 2458 2469 2470
3 2458 2470 2459
3 2459 2470 2471
3 2459 2471 2460
3 2460 2471 2472
3 2460 2472 2461
3 2461 2472 2473
3 2461 2473 2462
3 2462 2473 2474
3 2462 2474 2463
3 2463 2474 2475
3 2463 2475 2464
3 2464 2475 2476
3 2464 2476 2465
3 2465 2476 2477
3 2465 2477 2466
3 2466 2477 2478
3 2466 2478 2467
3 2467 2478 2479
3 2467 2479 2468
3 2468 2479 2480
3 2468 2480 2457
3 2457 2480 2469
3 2469 2481 2470
3 2470 2481 2482
3 2470 2482 2471
3 2471 2482 2483
3 2471 2483 2472
3 2472 2483 2484
3 2472 2484 2473
3 2473 2484 2485
3 2473 2485 2474
3 2474 2485 2486
3 2474 2486 2475
3 2475 2486 2487
3 2475 2487 2476
3 2476 2487 2488
3 2476 2488 2477
3 2477 2488 2489
3 2477 2489 2478
3 2478 2489 2490
3 2478 2490 2479
3 2479 2490 2491
3 2479 2491 2480
3 2480 2491 2492
3 2480 2492 2469
3 2469 2492 2481
3 2493 2482 2481
3 2493 2483 2482
3 2493 2484 2483
3 2493 2485 2484
3 2493 2486 2485
3 2493 2487 2486
3 2493 2488 2487
3 2493 2489 2488
3 2493 2490 2489
3 2493 2491 2490
3 2493 2492 2491
3 2493 2481 2492
3 2494 2495 2496
3 2494 2496 2497
3 2494 2497 2498
3 2494 2498 2499
3 2494 2499 2500
3 2494 2500 2501
3 2494 2501 2502
3 2494 2502 2503
3 2494 2503 2504
3 2494 2504 2505
3 2494 2505 2506
3 2494 2506 2495
3 2495 2507 2496
3 2496 2507 2508
3 2496 2508 2497
3 2497 2508 2509
3 2497 2509 2498
3 2498 2509 2510
3 2498 2510 2499
3 2499 2510 2511
3 2499 2511 2500
3 2500 2511 2512
3 2500 2512 2501
3 2501 2512 2513
3 2501 2513 2502
3 2502 2513 2514
3 2502 2514 2503
3 2503 2514 2515
3 2503 2515 2504
3 2504 2515 2516
3 2504 2516 2505
3 2505 2516 2517
3 2505 2517 2506
3 2506 2517 2518
3 2506 2518 2495
3 2495 2518 2507
3 2507 2519 2508
3 2508 2519 2520
3 2508 2520 2509
3 2509 2520 2521
3 2509 2521 2510
3 2510 2521 2522
3 2510 2522 2511
3 2511 2522 2523
3 2511 2523 2512
3 2512 2523 2524
3 2512 2524 2513
3 2513 2524 2525
3 2513 2525 2514
3 2514 2525 2526
3 2514 2526 2515
3 2515 2526 2527
3 2515 2527 2516
3 2516 2527 2528
3 2516 2528 2517
3 2517 2528 2529
3 2517 2529 2518
3 2518 2529 2530
3 2518 2530 2507
3 2507 2530 2519
3 2519 2531 2520
3 2520 2531 2532
3 2520 2532 2521
3 2521 2532 2533
3 2521 2533 2522
3 2522 2533 2534
3 2522 2534 2523
3 2523 2534 2535
3 2523 2535 2524
3 2524 2535 2536
3 2524 2536 2525
3 2525 2536 2537
3 2525 2537 2526
3 2526 2537 2538
3 2526 2538 2527
3 2527 2538 2539
3 2527 2539 2528
3 2528 2539 2540
3 2528 2540 2529
3 2529 2540 2541
3 2529 2541 2530
3 2530 2541 2542
3 2530 2542 2519
3 2519 2542 2531
3 2531 2543 2532
3 2532 2543 2544
3 2532 2544 2533
3 2533 2544 2545
3 2533 2545 2534
3 2534 2545 2546
3 2534 2546 2535
3 2535 2546 2547
3 2535 2547 2536
3 2536 2547 2548
3 2536 2548 2537
3 2537 2548 2549
3 2537 2549 2538
3 2538 2549 2550
3 2538 2550 2539
3 2539 2550 2551
3 2539 2551 2540
3 2540 2551 2552
3 2540 2552 2541
3 2541 2552 2553
3 2541 2553 2542
3 2542 2553 2554
3 2542 2554 2531
3 2531 2554 2543
3 2543 2555 2544
3 2544 2555 2556
3 2544 2556 2545
3 2545 2556 2557
3 2545 2557 2546
3 2546 2557 2558
3 2546 2558 2547
3 2547 2558 2559
3 2547 2559 2548
3 2548 2559 2560
3 2548 2560 2549
3 2549 2560 2561
3 2549 2561 2550
3 2550 2561 2562
3 2550 2562 2551
3 2551 2562 2563
3 2551 2563 2552
3 2552 2563 2564
3 2552 2564 2553
3 2553 2564 2565
3 2553 2565 2554
3 2554 2565 2566
3 2554 2566 2543
3 2543 2566 2555
3 2555 2567 2556
3 2556 2567 2568
3 2556 2568 2557
3 2557 2568 2569
3 2557 2569 2558
3 2558 2569 2570
3 2558 2570 2559
3 2559 2570 2571
3 2559 2571 2560
3 2560 2571 2572
3 2560 2572 2561
3 2561 2572 2573
3 2561 2573 2562
3 2562 2573 2574
3 2562 2574 2563
3 2563 2574 2575
3 2563 2575 2564
3 2564 2575 2576
3 2564 2576 2565
3 2565 2576 2577
3 2565 2577 2566
3 2566 2577 2578
3 2566 2578 2555
3 2555 2578 2567
3 2579 2568 2567
3 2579 2569 2568
3 2579 2570 2569
3 2579 2571 2570
3 2579 2572 2571
3 2579 2573 2572
3 2579 2574 2573
3 2579 2575 2574
3 2579 2576 2575
3 2579 2577 2576
3 2579 2578 2577
3 2579 2567 2578
3 2580 2581 2582
3 2580 2582 2583
3 2580 2583 2584
3 2580 2584 2585
3 2580 2585 2586
3 2580 2586 2587
3 2580 2587 2588
3 2580 2588 2589
3 2580 2589 2590
3 2580 2590 2591
3 2580 2591 2592
3 2580 2592 2581
3 2581 2593 2582
3 2582 2593 2594
3 2582 2594 2583
3 2583 2594 2595
3 2583 2595 2584
3 2584 2595 2596
3 2584 2596 2585
3 2585 2596 2597
3 2585 2597 2586
3 2586 2597 2598
3 2586 2598 2587
3 2587 2598 2599
3 2587 2599 2588
3 2588 2599 2600
3 2588 2600 2589
3 2589 2600 2601
3 2589 2601 2590
3 2590 2601 2602
3 2590 2602 2591
3 2591 2602 2603
3 2591 2603 2592
3 2592 2603 2604
3 2592 2604 2581
3 2581 2604 2593
3 2593 2605 2594
3 2594 2605 2606
3 2594 2606 2595
3 2595 2606 2607
3 2595 2607 2596
3 2596 2607 2608
3 2596 2608 2597
3 2597 2608 2609
3 2597 2609 2598
3 2598 2609 2610
3 2598 2610 2599
3 2599 2610 2611
3 2599 2611 2600
3 2600 2611 2612
3 2600 2612 2601
3 2601 2612 2613
3 2601 2613 2602
3 2602 2613 2614
3 2602 2614 2603
3 2603 2614 2615
3 2603 2615 2604
3 2604 2615 2616
3 2604 2616 2593
3 2593 2616 2605
3 2605 2617 2606
3 2606 2617 2618
3 2606 2618 2607
3 2607 2618 2619
3 2607 2619 2608
3 2608 2619 2620
3 2608 2620 2609
3 2609 2620 2621
3 2609 2621 2610
3 2610 2621 2622
3 2610 2622 2611
3 2611 2622 2623
3 2611 2623 2612
3 2612 2623 2624
3 2612 2624 2613
3 2613 2624 2625
3 2613 2625 2614
3 2614 2625 2626
3 2614 2626 2615
3 2615 2626 2627
3 2615 2627 2616
3 2616 2627 2628
3 2616 2628 2605
3 2605 2628 2617
3 2617 2629 2618
3 2618 2629 2630
3 2618 2630 2619
3 2619 2630 2631
3 2619 2631 2620
3 2620 2631 2632
3 2620 2632 2621
3 2621 2632 2633
3 2621 2633 2622
3 2622 2633 2634
3 2622 2634 2623
3 2623 2634 2635
3 2623 2635 2624
3 2624 2635 2636
3 2624 2636 2625
3 2625 2636 2637
3 2625 2637 2626
3 2626 2637 2638
3 2626 2638 2627
3 2627 2638 2639
3 2627 2639 2628
3 2628 2639 2640
3 2628 2640 2617
3 2617 2640 2629
3 2629 2641 2630
3 2630 2641 2642
3 2630 2642 2631
3 2631 2642 2643
3 2631 2643 2632
3 2632 2643 2644
3 2632 2644 2633
3 2633 2644 2645
3 2633 2645 2634
3 2634 2645 2646
3 2634 2646 2635
3 2635 2646 2647
3 2635 2647 2636
3 2636 2647 2648
3 2636 2648 2637
3 2637 2648 2649
3 2637 2649 2638
3 2638 2649 2650
3 2638 2650 2639
3 2639 2650 2651
3 2639 2651 2640
3 2640 2651 2652
3 2640 2652 2629
3 2629 2652 2641
3 2641 2653 2642
3 2642 2653 2654
3 2642 2654 2643
3 2643 2654 2655
3 2643 2655 2644
3 2644 2655 2656
3 2644 2656 2645
3 2645 2656 2657
3 2645 2657 2646
3 2646 2657 2658
3 2646 2658 2647
3 2647 2658 2659
3 2647 2659 2648
3 2648 2659 2660
3 2648 2660 2649
3 2649 2660 2661
3 2649 2661 2650
3 2650 2661 2662
3 2650 2662 2651
3 2651 2662 2663
3 2651 2663 2652
3 2652 2663 2664
3 2652 2664 2641
3 2641 2664 2653
3 2665 2654 2653
3 2665 2655 2654
3 2665 2656 2655
3 2665 2657 2656
3 2665 2658 2657
3 2665 2659 2658
3 2665 2660 2659
3 2665 2661 2660
3 2665 2662 2661
3 2665 2663 2662
3 2665 2664 2663
3 2665 2653 2664
3 2666 2667 2668
3 2666 2668 2669
3 2666 2669 2670
3 2666 2670 2671
3 2666 2671 2672
3 2666 2672 2673
3 2666 2673 2674
3 2666 2674 2675
3 2666 2675 2676
3 2666 2676 2677
3 2666 2677 2678
3 2666 2678 2667
3 2667 2679 2668
3 2668 2679 2680
3 2668 2680 2669
3 2669 2680 2681
3 2669 2681 2670
3 2670 2681 2682
3 2670 2682 2671
3 2671 2682 2683
3 2671 2683 2672
3 2672 2683 2684
3 2672 2684 2673
3 2673 2684 2685
3 2673 2685 2674
3 2674 2685 2686
3 2674 2686 2675
3 2675 2686 2687
3 2675 2687 2676
3 2676 2687 2688
3 2676 2688 2677
3 2677 2688 2689
3 2677 2689 2678
3 2678 2689 2690
3 2678 2690 2667
3 2667 2690 2679
3 2679 2691 2680
3 2680 2691 2692
3 2680 2692 2681
3 2681 2692 2693
3 2681 2693 2682
3 2682 2693 2694
3 2682 2694 2683
3 2683 2694 2695
3 2683 2695 2684
3 2684 2695 2696
3 2684 2696 2685
3 2685 2696 2697
3 2685 2697 2686
3 2686 2697 2698
3 2686 2698 2687
3 2687 2698 2699
3 2687 2699 2688
3 2688 2699 2700
3 2688 2700 2689
3 2689 2700 2701
3 2689 2701 2690
3 2690 2701 2702
3 2690 2702 2679
3 2679 2702 2691
3 2691 2703 2692
3 2692 2703 2704
3 2692 2704 2693
3 2693 2704 2705
3 2693 2705 2694
3 2694 2705 2706
3 2694 2706 2695
3 2695 2706 2707
3 2695 2707 2696
3 2696 2707 2708
3 2696 2708 2697
3 2697 2708 2709
3 2697 2709 2698
3 2698 2709 2710
3 2698 2710 2699
3 2699 2710 2711
3 2699 2711 2700
3 2700 2711 2712
3 2700 2712 2701
3 2701 2712 2713
3 2701 2713 2702
3 2702 2713 2714
3 2702 2714 2691
3 2691 2714 2703
3 2703 2715 2704
3 2704 2715 2716
3 2704 2716 2705
3 2705 2716 2717
3 2705 2717 2706
3 2706 2717 2718
3 2706 2718 2707
3 2707 2718 2719
3 2707 2719 2708
3 2708 2719 2720
3 2708 2720 2709
3 2709 2720 2721
3 2709 2721 2710
3 2710 2721 2722
3 2710 2722 2711
3 2711 2722 2723
3 2711 2723 2712
3 2712 2723 2724
3 2712 2724 2713
3 2713 2724 2725
3 2713 2725 2714
3 2714 2725 2726
3 2714 2726 2703
3 2703 2726 2715
3 2715 2727 2716
3 2716 2727 2728
3 2716 2728 2717
3 2717 2728 2729
3 2717 2729 2718
3 2718 2729 2730
3 2718 2730 2719
3 2719 2730 2731
3 2719 2731 2720
3 2720 2731 2732
3 2720 2732 2721
3 2721 2732 2733
3 2721 2733 2722
3 2722 2733 2734
3 2722 2734 2723
3 2723 2734 2735
3 2723 2735 2724
3 2724 2735 2736
3 2724 2736 2725
3 2725 2736 2737
3 2725 2737 2726
3 2726 2737 2738
3 2726 2738 2715
3 2715 2738 2727
3 2727 2739 2728
3 2728 2739 2740
3 2728 2740 2729
3 2729 2740 2741
3 2729 2741 2730
3 2730 2741 2742
3 2730 2742 2731
3 2731 2742 2743
3 2731 2743 2732
3 2732 2743 2744
3 2732 2744 2733
3 2733 2744 2745
3 2733 2745 2734
3 2734 2745 2746
3 2734 2746 2735
3 2735 2746 2747
3 2735 2747 2736
3 2736 2747 2748
3 2736 2748 2737
3 2737 2748 2749
3 2737 2749 2738
3 2738 2749 2750
3 2738 2750 2727
3 2727 2750 2739
3 2751 2740 2739
3 2751 2741 2740
3 2751 2742 2741
3 2751 2743 2742
3 2751 2744 2743
3 2751 2745 2744
3 2751 2746 2745
3 2751 2747 2746
3 2751 2748 2747
3 2751 2749 2748
3 2751 2750 2749
3 2751 2739 2750
3 2752 2753 2754
3 2752 2754 2755
3 2752 2755 2756
3 2752 2756 2757
3 2752 2757 2758
3 2752 2758 2759
3 2752 2759 2760
3 2752 2760 2761
3 2752 2761 2762
3 2752 2762 2763
3 2752 2763 2764
3 2752 2764 2753
3 2753 2765 2754
3 2754 2765 2766
3 2754 2766 2755
3 2755 2766 2767
3 2755 2767 2756
3 2756 2767 2768
3 2756 2768 2757
3 2757 2768 2769
3 2757 2769 2758
3 2758 2769 2770
3 2758 2770 2759
3 2759 2770 2771
3 2759 2771 2760
3 2760 2771 2772
3 2760 2772 2761
3 2761 2772 2773
3 2761 2773 2762
3 2762 2773 2774
3 2762 2774 2763
3 2763 2774 2775
3 2763 2775 2764
3 2764 2775 2776
3 2764 2776 2753
3 2753 2776 2765
3 2765 2777 2766
3 2766 2777 2778
3 2766 2778 2767
3 2767 2778 2779
3 2767 2779 2768
3 2768 2779 2780
3 2768 2780 2769
3 2769 2780 2781
3 2769 2781 2770
3 2770 2781 2782
3 2770 2782 2771
3 2771 2782 2783
3 2771 2783 2772
3 2772 2783 2784
3 2772 2784 2773
3 2773 2784 2785
3 2773 2785 2774
3 2774 2785 2786
3 2774 2786 2775
3 2775 2786 2787
3 2775 2787 2776
3 2776 2787 2788
3 2776 2788 2765
3 2765 2788 2777
3 2777 2789 2778
3 2778 2789 2790
3 2778 2790 2779
3 2779 2790 2791
3 2779 2791 2780
3 2780 2791 2792
3 2780 2792 2781
3 2781 2792 2793
3 2781 2793 2782
3 2782 2793 2794
3 2782 2794 2783
3 2783 2794 2795
3 2783 2795 2784
3 2784 2795 2796
3 2784 2796 2785
3 2785 2796 2797
3 2785 2797 2786
3 2786 2797 2798
3 2786 2798 2787
3 2787 2798 2799
3 2787 2799 2788
3 2788 2799 2800
3 2788 2800 2777
3 2777 2800 2789
3 2789 2801 2790
3 2790 2801 2802
3 2790 2802 2791
3 2791 2802 2803
3 2791 2803 2792
3 2792 2803 2804
3 2792 2804 2793
3 2793 2804 2805
3 2793 2805 2794
3 2794 2805 2806
3 2794 2806 2795
3 2795 2806 2807
3 2795 2807 2796
3 2796 2807 2808
3 2796 2808 2797
3 2797 2808 2809
3 2797 2809 2798
3 2798 2809 2810
3 2798 2810 2799
3 2799 2810 2811
3 2799 2811 2800
3 2800 2811 2812
3 2800 2812 2789
3 2789 2812 2801
3 2801 2813 2802
3 2802 2813 2814
3 2802 2814 2803
3 2803 2814 2815
3 2803 2815 2804
3 2804 2815 2816
3 2804 2816 2805
3 2805 2816 2817
3 2805 2817 2806
3 2806 2817 2818
3 2806 2818 2807
3 2807 2818 2819
3 2807 2819 2808
3 2808 2819 2820
3 2808 2820 2809
3 2809 2820 2821
3 2809 2821 2810
3 2810 2821 2822
3 2810 2822 2811
3 2811 2822 2823
3 2811 2823 2812
3 2812 2823 2824
3 2812 2824 2801
3 2801 2824 2813
3 2813 2825 2814
3 2814 2825 2826
3 2814 2826 2815
3 2815 2826 2827
3 2815 2827 2816
3 2816 2827 2828
3 2816 2828 2817
3 2817 2828 2829
3 2817 2829 2818
3 2818 2829 2830
3 2818 2830 2819
3 2819 2830 2831
3 2819 2831 2820
3 2820 2831 2832
3 2820 2832 2821
3 2821 2832 2833
3 2821 2833 2822
3 2822 2833 2834
3 2822 2834 2823
3 2823 2834 2835
3 2823 2835 2824
3 2824 2835 2836
3 2824 2836 2813
3 2813 2836 2825
3 2837 2826 2825
3 2837 2827 2826
3 2837 2828 2827
3 2837 2829 2828
3 2837 2830 2829
3 2837 2831 2830
3 2837 2832 2831
3 2837 2833 2832
3 2837 2834 2833
3 2837 2835 2834
3 2837 2836 2835
3 2837 2825 2836
3 2838 2839 2840
3 2838 2840 2841
3 2838 2841 2842
3 2838 2842 2843
3 2838 2843 2844
3 2838 2844 2845
3 2838 2845 2846
3 2838 2846 2847
3 2838 2847 2848
3 2838 2848 2849
3 2838 2849 2850
3 2838 2850 2839
3 2839 2851 2840
3 2840 2851 2852
3 2840 2852 2841
3 2841 2852 2853
3 2841 2853 2842
3 2842 2853 2854
3 2842 2854 2843
3 2843 2854 2855
3 2843 2855 2844
3 2844 2855 2856
3 2844 2856 2845
3 2845 2856 2857
3 2845 2857 2846
3 2846 2857 2858
3 2846 2858 2847
3 2847 2858 2859
3 2847 2859 2848
3 2848 2859 2860
3 2848 2860 2849
3 2849 2860 2861
3 2849 2861 2850
3 2850 2861 2862
3 2850 2862 2839
3 2839 2862 2851
3 2851 2863 2852
3 2852 2863 2864
3 2852 2864 2853
3 2853 2864 2865
3 2853 2865 2854
3 2854 2865 2866
3 2854 2866 2855
3 2855 2866 2867
3 2855 2867 2856
3 2856 2867 2868
3 2856 2868 2857
3 2857 2868 2869
3 2857 2869 2858
3 2858 2869 2870
3 2858 2870 2859
3 2859 2870 2871
3 2859 2871 2860
3 2860 2871 2872
3 2860 2872 2861
3 2861 2872 2873
3 2861 2873 2862
3 2862 2873 2874
3 2862 2874 2851
3 2851 2874 2863
3 2863 2875 2864
3 2864 2875 2876
3 2864 2876 2865
3 2865 2876 2877
3 2865 2877 2866
3 2866 2877 2878
3 2866 2878 2867
3 2867 2878 2879
3 2867 2879 2868
3 2868 2879 2880
3 2868 2880 2869
3 2869 2880 2881
3 2869 2881 2870
3 2870 2881 2882
3 2870 2882 2871
3 2871 2882 2883
3 2871 2883 2872
3 2872 2883 2884
3 2872 2884 2873
3 2873 2884 2885
3 2873 2885 2874
3 2874 2885 2886
3 2874 2886 2863
3 2863 2886 2875
3 2875 2887 2876
3 2876 2887 2888
3 2876 2888 2877
3 2877 2888 2889
3 2877 2889 2878
3 2878 2889 2890
3 2878 2890 2879
3 2879 2890 2891
3 2879 2891 2880
3 2880 2891 2892
3 2880 2892 2881
3 2881 2892 2893
3 2881 2893 2882
3 2882 2893 2894
3 2882 2894 2883
3 2883 2894 2895
3 2883 2895 2884
3 2884 2895 2896
3 2884 2896 2885
3 2885 2896 2897
3 2885 2897 2886
3 2886 2897 2898
3 2886 2898 2875
3 2875 2898 2887
3 2887 2899 2888
3 2888 2899 2900
3 2888 2900 2889
3 2889 2900 2901
3 2889 2901 2890
3 2890 2901 2902
3 2890 2902 2891
3 2891 2902 2903
3 2891 2903 2892
3 2892 2903 2904
3 2892 2904 2893
3 2893 2904 2905
3 2893 2905 2894
3 2894 2905 2906
3 2894 2906 2895
3 2895 2906 2907
3 2895 2907 2896
3 2896 2907 2908
3 2896 2908 2897
3 2897 2908 2909
3 2897 2909 2898
3 2898 2909 2910
3 2898 2910 2887
3 2887 2910 2899
3 2899 2911 2900
3 2900 2911 2912
3 2900 2912 2901
3 2901 2912 2913
3 2901 2913 2902
3 2902 2913 2914
3 2902 2914 2903
3 2903 2914 2915
3 2903 2915 2904
3 2904 2915 2916
3 2904 2916 2905
3 2905 2916 2917
3 2905 2917 2906
3 2906 2917 2918
3 2906 2918 2907
3 2907 2918 2919
3 2907 2919 2908
3 2908 2919 2920
3 2908 2920 2909
3 2909 2920 2921
3 2909 2921 2910
3 2910 2921 2922
3 2910 2922 2899
3 2899 2922 2911
3 2923 2912 2911
3 2923 2913 2912
3 2923 2914 2913
3 2923 2915 2914
3 2923 2916 2915
3 2923 2917 2916
3 2923 2918 2917
3 2923 2919 2918
3 2923 2920 2919
3 2923 2921 2920
3 2923 2922 2921
3 2923 2911 2922
3 2924 2925 2926
3 2924 2926 2927
3 2924 2927 2928
3 2924 2928 2929
3 2924 2929 2930
3 2924 2930 2931
3 2924 2931 2932
3 2924 2932 2933
3 2924 2933 2934
3 2924 2934 2935
3 2924 2935 2936
3 2924 2936 2925
3 2925 2937 2926
3 2926 2937 2938
3 2926 2938 2927
3 2927 2938 2939
3 2927 2939 2928
3 2928 2939 2940
3 2928 2940 2929
3 2929 2940 2941
3 2929 2941 2930
3 2930 2941 2942
3 2930 2942 2931
3 2931 2942 2943
3 2931 2943 2932
3 2932 2943 2944
3 2932 2944 2933
3 2933 2944 2945
3 2933 2945 2934
3 2934 2945 2946
3 2934 2946 2935
3 2935 2946 2947
3 2935 2947 2936
3 2936 2947 2948
3 2936 2948 2925
3 2925 2948 2937
3 2937 2949 2938
3 2938 2949 2950
3 2938 2950 2939
3 2939 2950 2951
3 2939 2951 2940
3 2940 2951 2952
3 2940 2952 2941
3 2941 2952 2953
3 2941 2953 2942
3 2942 2953 2954
3 2942 2954 2943
3 2943 2954 2955
3 2943 2955 2944
3 2944 2955 2956
3 2944 2956 2945
3 2945 2956 2957
3 2945 2957 2946
3 2946 2957 2958
3 2946 2958 2947
3 2947 2958 2959
3 2947 2959 2948
3 2948 2959 2960
3 2948 2960 2937
3 2937 2960 2949
3 2949 2961 2950
3 2950 2961 2962
3 2950 2962 2951
3 2951 2962 2963
3 2951 2963 2952
3 2952 2963 2964
3 2952 2964 2953
3 2953 2964 2965
3 2953 2965 2954
3 2954 2965 2966
3 2954 2966 2955
3 2955 2966 2967
3 2955 2967 2956
3 2956 2967 2968
3 2956 2968 2957
3 2957 2968 2969
3 2957 2969 2958
3 2958 2969 2970
3 2958 2970 2959
3 2959 2970 2971
3 2959 2971 2960
3 2960 2971 2972
3 2960 2972 2949
3 2949 2972 2961
3 2961 2973 2962
3 2962 2973 2974
3 2962 2974 2963
3 2963 2974 2975
3 2963 2975 2964
3 2964 2975 2976
3 2964 2976 2965
3 2965 2976 2977
3 2965 2977 2966
3 2966 2977 2978
3 2966 2978 2967
3 2967 2978 2979
3 2967 2979 2968
3 2968 2979 2980
3 2968 2980 2969
3 2969 2980 2981
3 2969 2981 2970
3 2970 2981 2982
3 2970 2982 2971
3 2971 2982 2983
3 2971 2983 2972
3 2972 2983 2984
3 2972 2984 2961
3 2961 2984 2973
3 2973 2985 2974
3 2974 2985 2986
3 2974 2986 2975
3 2975 2986 2987
3 2975 2987 2976
3 2976 2987 2988
3 2976 2988 2977
3 2977 2988 2989
3 2977 2989 2978
3 2978 2989 2990
3 2978 2990 2979
3 2979 2990 2991
3 2979 2991 2980
3 2980 2991 2992
3 2980 2992 2981
3 2981 2992 2993
3 2981 2993 2982
3 2982 2993 2994
3 2982 2994 2983
3 2983 2994 2995
3 2983 2995 2984
3 2984 2995 2996
3 2984 2996 2973
3 2973 2996 2985
3 2985 2997 2986
3 2986 2997 2998
3 2986 2998 2987
3 2987 2998 2999
3 2987 2999 2988
3 2988 2999 3000
3 2988 3000 2989
3 2989 3000 3001
3 2989 3001 2990
3 2990 3001 3002
3 2990 3002 2991
3 2991 3002 3003
3 2991 3003 2992
3 2992 3003 3004
3 2992 3004 2993
3 2993 3004 3005
3 2993 3005 2994
3 2994 3005 3006
3 2994 3006 2995
3 2995 3006 3007
3 2995 3007 2996
3 2996 3007 3008
3 2996 3008 2985
3 2985 3008 2997
3 3009 2998 2997
3 3009 2999 2998
3 3009 3000 2999
3 3009 3001 3000
3 3009 3002 3001
3 3009 3003 3002
3 3009 3004 3003
3 3009 3005 3004
3 3009 3006 3005
3 3009 3007 3006
3 3009 3008 3007
3 3009 2997 3008
3 3010 3011 3012
3 3010 3012 3013
3 3010 3013 3014
3 3010 3014 3015
3 3010 3015 3016
3 3010 3016 3017
3 3010 3017 3018
3 3010 3018 3019
3 3010 3019 3020
3 3010 3020 3021
3 3010 3021 3022
3 3010 3022 3011
3 3011 3023 3012
3 3012 3023 3024
3 3012 3024 3013
3 3013 3024 3025
3 3013 3025 3014
3 3014 3025 3026
3 3014 3026 3015
3 3015 3026 3027
3 3015 3027 3016
3 3016 3027 3028
3 3016 3028 3017
3 3017 3028 3029
3 3017 3029 3018
3 3018 3029 3030
3 3018 3030 3019
3 3019 3030 3031
3 3019 3031 3020
3 3020 3031 3032
3 3020 3032 3021
3 3021 3032 3033
3 3021 3033 3022
3 3022 3033 3034
3 3022 3034 3011
3 3011 3034 3023
3 3023 3035 3024
3 3024 3035 3036
3 3024 3036 3025
3 3025 3036 3037
3 3025 3037 3026
3 3026 3037 3038
3 3026 3038 3027
3 3027 3038 3039
3 3027 3039 3028
3 3028 3039 3040
3 3028 3040 3029
3 3029 3040 3041
3 3029 3041 3030
3 3030 3041 3042
3 3030 3042 3031
3 3031 3042 3043
3 3031 3043 3032
3 3032 3043 3044
3 3032 3044 3033
3 3033 3044 3045
3 3033 3045 3034
3 3034 3045 3046
3 3034 3046 3023
3 3023 3046 3035
3 3035 3047 3036
3 3036 3047 3048
3 3036 3048 3037
3 3037 3048 3049
3 3037 3049 3038
3 3038 3049 3050
3 3038 3050 3039
3 3039 3050 3051
3 3039 3051 3040
3 3040 3051 3052
3 3040 3052 3041
3 3041 3052 3053
3 3041 3053 3042
3 3042 3053 3054
3 3042 3054 3043
3 3043 3054 3055
3 3043 3055 3044
3 3044 3055 3056
3 3044 3056 3045
3 3045 3056 3057
3 3045 3057 3046
3 3046 3057 3058
3 3046 3058 3035
3 3035 3058 3047
3 3047 3059 3048
3 3048 3059 3060
3 3048 3060 3049
3 3049 3060 3061
3 3049 3061 3050
3 3050 3061 3062
3 3050 3062 3051
3 3051 3062 3063
3 3051 3063 3052
3 3052 3063 3064
3 3052 3064 3053
3 3053 3064 3065
3 3053 3065 3054
3 3054 3065 3066
3 3054 3066 3055
3 3055 3066 3067
3 3055 3067 3056
3 3056 3067 3068
3 3056 3068 3057
3 3057 3068 3069
3 3057 3069 3058
3 3058 3069 3070
3 3058 3070 3047
3 3047 3070 3059
3 3059 3071 3060
3 3060 3071 3072
3 3060 3072 3061
3 3061 3072 3073
3 3061 3073 3062
3 3062 3073 3074
3 3062 3074 3063
3 3063 3074 3075
3 3063 3075 3064
3 3064 3075 3076
3 3064 3076 3065
3 3065 3076 3077
3 3065 3077 3066
3 3066 3077 3078
3 3066 3078 3067
3 3067 3078 3079
3 3067 3079 3068
3 3068 3079 3080
3 3068 3080 3069
3 3069 3080 3081
3 3069 3081 3070
3 3070 3081 3082
3 3070 3082 3059
3 3059 3082 3071
3 3071 3083 3072
3 3072 3083 3084
3 3072 3084 3073
3 3073 3084 3085
3 3073 3085 3074
3 3074 3085 3086
3 3074 3086 3075
3 3075 3086 3087
3 3075 3087 3076
3 3076 3087 3088
3 3076 3088 3077
3 3077 3088 3089
3 3077 3089 3078
3 3078 3089 3090
3 3078 3090 3079
3 3079 3090 3091
3 3079 3091 3080
3 3080 3091 3092
3 3080 3092 3081
3 3081 3092 3093
3 3081 3093 3082
3 3082 3093 3094
3 3082 3094 3071
3 3071 3094 3083
3 3095 3084 3083
3 3095 3085 3084
3 3095 3086 3085
3 3095 3087 3086
3 3095 3088 3087
3 3095 3089 3088
3 3095 3090 3089
3 3095 3091 3090
3 3095 3092 3091
3 3095 3093 3092
3 3095 3094 3093
3 3095 3083 3094
3 3096 3097 3098
3 3096 3098 3099
3 3096 3099 3100
3 3096 3100 3101
3 3096 3101 3102
3 3096 3102 3103
3 3096 3103 3104
3 3096 3104 3105
3 3096 3105 3106
3 3096 3106 3107
3 3096 3107 3108
3 3096 3108 3097
3 3097 3109 3098
3 3098 3109 3110
3 3098 3110 3099
3 3099 3110 3111
3 3099 3111 3100
3 3100 3111 3112
3 3100 3112 3101
3 3101 3112 3113
3 3101 3113 3102
3 3102 3113 3114
3 3102 3114 3103
3 3103 3114 3115
3 3103 3115 3104
3 3104 3115 3116
3 3104 3116 3105
3 3105 3116 3117
3 3105 3117 3106
3 3106 3117 3118
3 3106 3118 3107
3 3107 3118 3119
3 3107 3119 3108
3 3108 3119 3120
3 3108 3120 3097
3 3097 3120 3109
3 3109 3121 3110
3 3110 3121 3122
3 3110 3122 3111
3 3111 3122 3123
3 3111 3123 3112
3 3112 3123 3124
3 3112 3124 3113
3 3113 3124 3125
3 3113 3125 3114
3 3114 3125 3126
3 3114 3126 3115
3 3115 3126 3127
3 3115 3127 3116
3 3116 3127 3128
3 3116 3128 3117
3 3117 3128 3129
3 3117 3129 3118
3 3118 3129 3130
3 3118 3130 3119
3 3119 3130 3131
3 3119 3131 3120
3 3120 3131 3132
3 3120 3132 3109
3 3109 3132 3121
3 3121 3133 3122
3 3122 3133 3134
3 3122 3134 3123
3 3123 3134 3135
3 3123 3135 3124
3 3124 3135 3136
3 3124 3136 3125
3 3125 3136 3137
3 3125 3137 3126
3 3126 3137 3138
3 3126 3138 3127
3 3127 3138 3139
3 3127 3139 3128
3 3128 3139 3140
3 3128 3140 3129
3 3129 3140 3141
3 3129 3141 3130
3 3130 3141 3142
3 3130 3142 3131
3 3131 3142 3143
3 3131 3143 3132
3 3132 3143 3144
3 3132 3144 3121
3 3121 3144 3133
3 3133 3145 3134
3 3134 3145 3146
3 3134 3146 3135
3 3135 3146 3147
3 3135 3147 3136
3 3136 3147 3148
3 3136 3148 3137
3 3137 3148 3149
3 3137 3149 3138
3 3138 3149 3150
3 3138 3150 3139
3 3139 3150 3151
3 3139 3151 3140
3 3140 3151 3152
3 3140 3152 3141
3 3141 3152 3153
3 3141 3153 3142
3 3142 3153 3154
3 3142 3154 3143
3 3143 3154 3155
3 3143 3155 3144
3 3144 3155 3156
3 3144 3156 3133
3 3133 3156 3145
3 3145 3157 3146
3 3146 3157 3158
3 3146 3158 3147
3 3147 3158 3159
3 3147 3159 3148
3 3148 3159 3160
3 3148 3160 3149
3 3149 3160 3161
3 3149 3161 3150
3 3150 3161 3162
3 3150 3162 3151
3 3151 3162 3163
3 3151 3163 3152
3 3152 3163 3164
3 3152 3164 3153
3 3153 3164 3165
3 3153 3165 3154
3 3154 3165 3166
3 3154 3166 3155
3 3155 3166 3167
3 3155 3167 3156
3 3156 3167 3168
3 3156 3168 3145
3 3145 3168 3157
3 3157 3169 3158
3 3158 3169 3170
3 3158 3170 3159
3 3159 3170 3171
3 3159 3171 3160
3 3160 3171 3172
3 3160 3172 3161
3 3161 3172 3173
3 3161 3173 3162
3 3162 3173 3174
3 3162 3174 3163
3 3163 3174 3175
3 3163 3175 3164
3 3164 3175 3176
3 3164 3176 3165
3 3165 3176 3177
3 3165 3177 3166
3 3166 3177 3178
3 3166 3178 3167
3 3167 3178 3179
3 3167 3179 3168
3 3168 3179 3180
3 3168 3180 3157
3 3157 3180 3169
3 3181 3170 3169
3 3181 3171 3170
3 3181 3172 3171
3 3181 3173 3172
3 3181 3174 3173
3 3181 3175 3174
3 3181 3176 3175
3 3181 3177 3176
3 3181 3178 3177
3 3181 3179 3178
3 3181 3180 3179
3 3181 3169 3180
3 3182 3183 3184
3 3182 3184 3185
3 3182 3185 3186
3 3182 3186 3187
3 3182 3187 3188
3 3182 3188 3189
3 3182 3189 3190
3 3182 3190 3191
3 3182 3191 3192
3 3182 3192 3193
3 3182 3193 3194
3 3182 3194 3183
3 3183 3195 3184
3 3184 3195 3196
3 3184 3196 3185
3 3185 3196 3197
3 3185 3197 3186
3 3186 3197 3198
3 3186 3198 3187
3 3187 3198 3199
3 3187 3199 3188
3 3188 3199 3200
3 3188 3200 3189
3 3189 3200 3201
3 3189 3201 3190
3 3190 3201 3202
3 3190 3202 3191
3 3191 3202 3203
3 3191 3203 3192
3 3192 3203 3204
3 3192 3204 3193
3 3193 3204 3205
3 3193 3205 3194
3 3194 3205 3206
3 3194 3206 3183
3 3183 3206 3195
3 3195 3207 3196
3 3196 3207 3208
3 3196 3208 3197
3 3197 3208 3209
3 3197 3209 3198
3 3198 3209 3210
3 3198 3210 3199
3 3199 3210 3211
3 3199 3211 3200
3 3200 3211 3212
3 3200 3212 3201
3 3201 3212 3213
3 3201 3213 3202
3 3202 3213 3214
3 3202 3214 3203
3 3203 3214 3215
3 3203 3215 3204
3 3204 3215 3216
3 3204 3216 3205
3 3205 3216 3217
3 3205 3217 3206
3 3206 3217 3218
3 3206 3218 3195
3 3195 3218 3207
3 3207 3219 3208
3 3208 3219 3220
3 3208 3220 3209
3 3209 3220 3221
3 3209 3221 3210
3 3210 3221 3222
3 3210 3222 3211
3 3211 3222 3223
3 3211 3223 3212
3 3212 3223 3224
3 3212 3224 3213
3 3213 3224 3225
3 3213 3225 3214
3 3214 3225 3226
3 3214 3226 3215
3 3215 3226 3227
3 3215 3227 3216
3 3216 3227 3228
3 3216 3228 3217
3 3217 3228 3229
3 3217 3229 3218
3 3218 3229 3230
3 3218 3230 3207
3 3207 3230 3219
3 3219 3231 3220
3 3220 3231 3232
3 3220 3232 3221
3 3221 3232 3233
3 3221 3233 3222
3 3222 3233 3234
3 3222 3234 3223
3 3223 3234 3235
3 3223 3235 3224
3 3224 3235 3236
3 3224 3236 3225
3 3225 3236 3237
3 3225 3237 3226
3 3226 3237 3238
3 3226 3238 3227
3 3227 3238 3239
3 3227 3239 3228
3 3228 3239 3240
3 3228 3240 3229
3 3229 3240 3241
3 3229 3241 3230
3 3230 3241 3242
3 3230 3242 3219
3 3219 3242 3231
3 3231 3243 3232
3 3232 3243 3244
3 3232 3244 3233
3 3233 3244 3245
3 3233 3245 3234
3 3234 3245 3246
3 3234 3246 3235
3 3235 3246 3247
3 3235 3247 3236
3 3236 3247 3248
3 3236 3248 3237
3 3237 3248 3249
3 3237 3249 3238
3 3238 3249 3250
3 3238 3250 3239
3 3239 3250 3251
3 3239 3251 3240
3 3240 3251 3252
3 3240 3252 3241
3 3241 3252 3253
3 3241 3253 3242
3 3242 3253 3254
3 3242 3254 3231
3 3231 3254 3243
3 3243 3255 3244
3 3244 3255 3256
3 3244 3256 3245
3 3245 3256 3257
3 3245 3257 3246
3 3246 3257 3258
3 3246 3258 3247
3 3247 3258 3259
3 3247 3259 3248
3 3248 3259 3260
3 3248 3260 3249
3 3249 3260 3261
3 3249 3261 3250
3 3250 3261 3262
3 3250 3262 3251
3 3251 3262 3263
3 3251 3263 3252
3 3252 3263 3264
3 3252 3264 3253
3 3253 3264 3265
3 3253 3265 3254
3 3254 3265 3266
3 3254 3266 3243
3 3243 3266 3255
3 3267 3256 3255
3 3267 3257 3256
3 3267 3258 3257
3 3267 3259 3258
3 3267 3260 3259
3 3267 3261 3260
3 3267 3262 3261
3 3267 3263 3262
3 3267 3264 3263
3 3267 3265 3264
3 3267 3266 3265
3 3267 3255 3266
3 3268 3269 3270
3 3268 3270 3271
3 3268 3271 3272
3 3268 3272 3273
3 3268 3273 3274
3 3268 3274 3275
3 3268 3275 3276
3 3268 3276 3277
3 3268 3277 3278
3 3268 3278 3279
3 3268 3279 3280
3 3268 3280 3269
3 3269 3281 3270
3 3270 3281 3282
3 3270 3282 3271
3 3271 3282 3283
3 3271 3283 3272
3 3272 3283 3284
3 3272 3284 3273
3 3273 3284 3285
3 3273 3285 3274
3 3274 3285 3286
3 3274 3286 3275
3 3275 3286 3287
3 3275 3287 3276
3 3276 3287 3288
3 3276 3288 3277
3 3277 3288 3289
3 3277 3289 3278
3 3278 3289 3290
3 3278 3290 3279
3 3279 3290 3291
3 3279 3291 3280
3 3280 3291 3292
3 3280 3292 3269
3 3269 3292 3281
3 3281 3293 3282
3 3282 3293 3294
3 3282 3294 3283
3 3283 3294 3295
3 3283 3295 3284
3 3284 3295 3296
3 3284 3296 3285
3 3285 3296 3297
3 3285 3297 3286
3 3286 3297 3298
3 3286 3298 3287
3 3287 3298 3299
3 3287 3299 3288
3 3288 3299 3300
3 3288 3300 3289
3 3289 3300 3301
3 3289 3301 3290
3 3290 3301 3302
3 3290 3302 3291
3 3291 3302 3303
3 3291 3303 3292
3 3292 3303 3304
3 3292 3304 3281
3 3281 3304 3293
3 3293 3305 3294
3 3294 3305 3306
3 3294 3306 3295
3 3295 3306 3307
3 3295 3307 3296
3 3296 3307 3308
3 3296 3308 3297
3 3297 3308 3309
3 3297 3309 3298
3 3298 3309 3310
3 3298 3310 3299
3 3299 3310 3311
3 3299 3311 3300
3 3300 3311 3312
3 3300 3312 3301
3 3301 3312 3313
3 3301 3313 3302
3 3302 3313 3314
3 3302 3314 3303
3 3303 3314 3315
3 3303 3315 3304
3 3304 3315 3316
3 3304 3316 3293
3 3293 3316 3305
3 3305 3317 3306
3 3306 3317 3318
3 3306 3318 3307
3 3307 3318 3319
3 3307 3319 3308
3 3308 3319 3320
3 3308 3320 3309
3 3309 3320 3321
3 3309 3321 3310
3 3310 3321 3322
3 3310 3322 3311
3 3311 3322 3323
3 3311 3323 3312
3 3312 3323 3324
3 3312 3324 3313
3 3313 3324 3325
3 3313 3325 3314
3 3314 3325 3326
3 3314 3326 3315
3 3315 3326 3327
3 3315 3327 3316
3 3316 3327 3328
3 3316 3328 3305
3 3305 3328 3317
3 3317 3329 3318
3 3318 3329 3330
3 3318 3330 3319
3 3319 3330 3331
3 3319 3331 3320
3 3320 3331 3332
3 3320 3332 3321
3 3321 3332 3333
3 3321 3333 3322
3 3322 3333 3334
3 3322 3334 3323
3 3323 3334 3335
3 3323 3335 3324
3 3324 3335 3336
3 3324 3336 3325
3 3325 3336 3337
3 3325 3337 3326
3 3326 3337 3338
3 3326 3338 3327
3 3327 3338 3339
3 3327 3339 3328
3 3328 3339 3340
3 3328 3340 3317
3 3317 3340 3329
3 3329 3341 3330
3 3330 3341 3342
3 3330 3342 3331
3 3331 3342 3343
3 3331 3343 3332
3 3332 3343 3344
3 3332 3344 3333
3 3333 3344 3345
3 3333 3345 3334
3 3334 3345 3346
3 3334 3346 3335
3 3335 3346 3347
3 3335 3347 3336
3 3336 3347 3348
3 3336 3348 3337
3 3337 3348 3349
3 3337 3349 3338
3 3338 3349 3350
3 3338 3350 3339
3 3339 3350 3351
3 3339 3351 3340
3 3340 3351 3352
3 3340 3352 3329
3 3329 3352 3341
3 3353 3342 3341
3 3353 3343 3342
3 3353 3344 3343
3 3353 3345 3344
3 3353 3346 3345
3 3353 3347 3346
3 3353 3348 3347
3 3353 3349 3348
3 3353 3350 3349
3 3353 3351 3350
3 3353 3352 3351
3 3353 3341 3352
3 3354 3355 3356
3 3354 3356 3357
3 3354 3357 3358
3 3354 3358 3359
3 3354 3359 3360
3 3354 3360 3361
3 3354 3361 3362
3 3354 3362 3363
3 3354 3363 3364
3 3354 3364 3365
3 3354 3365 3366
3 3354 3366 3355
3 3355 3367 3356
3 3356 3367 3368
3 3356 3368 3357
3 3357 3368 3369
3 3357 3369 3358
3 3358 3369 3370
3 3358 3370 3359
3 3359 3370 3371
3 3359 3371 3360
3 3360 3371 3372
3 3360 3372 3361
3 3361 3372 3373
3 3361 3373 3362
3 3362 3373 3374
3 3362 3374 3363
3 3363 3374 3375
3 3363 3375 3364
3 3364 3375 3376
3 3364 3376 3365
3 3365 3376 3377
3 3365 3377 3366
3 3366 3377 3378
3 3366 3378 3355
3 3355 3378 3367
3 3367 3379 3368
3 3368 3379 3380
3 3368 3380 3369
3 3369 3380 3381
3 3369 3381 3370
3 3370 3381 3382
3 3370 3382 3371
3 3371 3382 3383
3 3371 3383 3372
3 3372 3383 3384
3 3372 3384 3373
3 3373 3384 3385
3 3373 3385 3374
3 3374 3385 3386
3 3374 3386 3375
3 3375 3386 3387
3 3375 3387 3376
3 3376 3387 3388
3 3376 3388 3377
3 3377 3388 3389
3 3377 3389 3378
3 3378 3389 3390
3 3378 3390 3367
3 3367 3390 3379
3 3379 3391 3380
3 3380 3391 3392
3 3380 3392 3381
3 3381 3392 3393
3 3381 3393 3382
3 3382 3393 3394
3 3382 3394 3383
3 3383 3394 3395
3 3383 3395 3384
3 3384 3395 3396
3 3384 3396 3385
3 3385 3396 3397
3 3385 3397 3386
3 3386 3397 3398
3 3386 3398 3387
3 3387 3398 3399
3 3387 3399 3388
3 3388 3399 3400
3 3388 3400 3389
3 3389 3400 3401
3 3389 3401 3390
3 3390 3401 3402
3 3390 3402 3379
3 3379 3402 3391
3 3391 3403 3392
3 3392 3403 3404
3 3392 3404 3393
3 3393 3404 3405
3 3393 3405 3394
3 3394 3405 3406
3 3394 3406 3395
3 3395 3406 3407
3 3395 3407 3396
3 3396 3407 3408
3 3396 3408 3397
3 3397 3408 3409
3 3397 3409 3398
3 3398 3409 3410
3 3398 3410 3399
3 3399 3410 3411
3 3399 3411 3400
3 3400 3411 3412
3 3400 3412 3401
3 3401 3412 3413
3 3401 3413 3402
3 3402 3413 3414
3 3402 3414 3391
3 3391 3414 3403
3 3403 3415 3404
3 3404 3415 3416
3 3404 3416 3405
3 3405 3416 3417
3 3405 3417 3406
3 3406 3417 3418
3 3406 3418 3407
3 3407 3418 3419
3 3407 3419 3408
3 3408 3419 3420
3 3408 3420 3409
3 3409 3420 3421
3 3409 3421 3410
3 3410 3421 3422
3 3410 3422 3411
3 3411 3422 3423
3 3411 3423 3412
3 3412 3423 3424
3 3412 3424 3413
3 3413 3424 3425
3 3413 3425 3414
3 3414 3425 3426
3 3414 3426 3403
3 3403 3426 3415
3 3415 3427 3416
3 3416 3427 3428
3 3416 3428 3417
3 3417 3428 3429
3 3417 3429 3418
3 3418 3429 3430
3 3418 3430 3419
3 3419 3430 3431
3 3419 3431 3420
3 3420 3431 3432
3 3420 3432 3421
3 3421 3432 3433
3 3421 3433 3422
3 3422 3433 3434
3 3422 3434 3423
3 3423 3434 3435
3 3423 3435 3424
3 3424 3435 3436
3 3424 3436 3425
3 3425 3436 3437
3 3425 3437 3426
3 3426 3437 3438
3 3426 3438 3415
3 3415 3438 3427
3 3439 3428 3427
3 3439 3429 3428
3 3439 3430 3429
3 3439 3431 3430
3 3439 3432 3431
3 3439 3433 3432
3 3439 3434 3433
3 3439 3435 3434
3 3439 3436 3435
3 3439 3437 3436
3 3439 3438 3437
3 3439 3427 3438
3 3440 3441 3442
3 3440 3442 3443
3 3440 3443 3444
3 3440 3444 3445
3 3440 3445 3446
3 3440 3446 3447
3 3440 3447 3448
3 3440 3448 3449
3 3440 3449 3450
3 3440 3450 3451
3 3440 3451 3452
3 3440 3452 3441
3 3441 3453 3442
3 3442 3453 3454
3 3442 3454 3443
3 3443 3454 3455
3 3443 3455 3444
3 3444 3455 3456
3 3444 3456 3445
3 3445 3456 3457
3 3445 3457 3446
3 3446 3457 3458
3 3446 3458 3447
3 3447 3458 3459
3 3447 3459 3448
3 3448 3459 3460
3 3448 3460 3449
3 3449 3460 3461
3 3449 3461 3450
3 3450 3461 3462
3 3450 3462 3451
3 3451 3462 3463
3 3451 3463 3452
3 3452 3463 3464
3 3452 3464 3441
3 3441 3464 3453
3 3453 3465 3454
3 3454 3465 3466
3 3454 3466 3455
3 3455 3466 3467
3 3455 3467 3456
3 3456 3467 3468
3 3456 3468 3457
3 3457 3468 3469
3 3457 3469 3458
3 3458 3469 3470
3 3458 3470 3459
3 3459 3470 3471
3 3459 3471 3460
3 3460 3471 3472
3 3460 3472 3461
3 3461 3472 3473
3 3461 3473 3462
3 3462 3473 3474
3 3462 3474 3463
3 3463 3474 3475
3 3463 3475 3464
3 3464 3475 3476
3 3464 3476 3453
3 3453 3476 3465
3 3465 3477 3466
3 3466 3477 3478
3 3466 3478 3467
3 3467 3478 3479
3 3467 3479 3468
3 3468 3479 3480
3 3468 3480 3469
3 3469 3480 3481
3 3469 3481 3470
3 3470 3481 3482
3 3470 3482 3471
3 3471 3482 3483
3 3471 3483 3472
3 3472 3483 3484
3 3472 3484 3473
3 3473 3484 3485
3 3473 3485 3474
3 3474 3485 3486
3 3474 3486 3475
3 3475 3486 3487
3 3475 3487 3476
3 3476 3487 3488
3 3476 3488 3465
3 3465 3488 3477
3 3477 3489 3478
3 3478 3489 3490
3 3478 3490 3479
3 3479 3490 3491
3 3479 3491 3480
3 3480 3491 3492
3 3480 3492 3481
3 3481 3492 3493
3 3481 3493 3482
3 3482 3493 3494
3 3482 3494 3483
3 3483 3494 3495
3 3483 3495 3484
3 3484 3495 3496
3 3484 3496 3485
3 3485 3496 3497
3 3485 3497 3486
3 3486 3497 3498
3 3486 3498 3487
3 3487 3498 3499
3 3487 3499 3488
3 3488 3499 3500
3 3488 3500 3477
3 3477 3500 3489
3 3489 3501 3490
3 3490 3501 3502
3 3490 3502 3491
3 3491 3502 3503
3 3491 3503 3492
3 3492 3503 3504
3 3492 3504 3493
3 3493 3504 3505
3 3493 3505 3494
3 3494 3505 3506
3 3494 3506 3495
3 3495 3506 3507
3 3495 3507 3496
3 3496 3507 3508
3 3496 3508 3497
3 3497 3508 3509
3 3497 3509 3498
3 3498 3509 3510
3 3498 3510 3499
3 3499 3510 3511
3 3499 3511 3500
3 3500 3511 3512
3 3500 3512 3489
3 3489 3512 3501
3 3501 3513 3502
3 3502 3513 3514
3 3502 3514 3503
3 3503 3514 3515
3 3503 3515 3504
3 3504 3515 3516
3 3504 3516 3505
3 3505 3516 3517
3 3505 3517 3506
3 3506 3517 3518
3 3506 3518 3507
3 3507 3518 3519
3 3507 3519 3508
3 3508 3519 3520
3 3508 3520 3509
3 3509 3520 3521
3 3509 3521 3510
3 3510 3521 3522
3 3510 3522 3511
3 3511 3522 3523
3 3511 3523 3512
3 3512 3523 3524
3 3512 3524 3501
3 3501 3524 3513
3 3525 3514 3513
3 3525 3515 3514
3 3525 3516 3515
3 3525 3517 3516
3 3525 3518 3517
3 3525 3519 3518
3 3525 3520 3519
3 3525 3521 3520
3 3525 3522 3521
3 3525 3523 3522
3 3525 3524 3523
3 3525 3513 3524
3 3526 3527 3528
3 3526 3528 3529
3 3526 3529 3530
3 3526 3530 3531
3 3526 3531 3532
3 3526 3532 3533
3 3526 3533 3534
3 3526 3534 3535
3 3526 3535 3536
3 3526 3536 3537
3 3526 3537 3538
3 3526 3538 3527
3 3527 3539 3528
3 3528 3539 3540
3 3528 3540 3529
3 3529 3540 3541
3 3529 3541 3530
3 3530 3541 3542
3 3530 3542 3531
3 3531 3542 3543
3 3531 3543 3532
3 3532 3543 3544
3 3532 3544 3533
3 3533 3544 3545
3 3533 3545 3534
3 3534 3545 3546
3 3534 3546 3535
3 3535 3546 3547
3 3535 3547 3536
3 3536 3547 3548
3 3536 3548 3537
3 3537 3548 3549
3 3537 3549 3538
3 3538 3549 3550
3 3538 3550 3527
3 3527 3550 3539
3 3539 3551 3540
3 3540 3551 3552
3 3540 3552 3541
3 3541 3552 3553
3 3541 3553 3542
3 3542 3553 3554
3 3542 3554 3543
3 3543 3554 3555
3 3543 3555 3544
3 3544 3555 3556
3 3544 3556 3545
3 3545 3556 3557
3 3545 3557 3546
3 3546 3557 3558
3 3546 3558 3547
3 3547 3558 3559
3 3547 3559 3548
3 3548 3559 3560
3 3548 3560 3549
3 3549 3560 3561
3 3549 3561 3550
3 3550 3561 3562
3 3550 3562 3539
3 3539 3562 3551
3 3551 3563 3552
3 3552 3563 3564
3 3552 3564 3553
3 3553 3564 3565
3 3553 3565 3554
3 3554 3565 3566
3 3554 3566 3555
3 3555 3566 3567
3 3555 3567 3556
3 3556 3567 3568
3 3556 3568 3557
3 3557 3568 3569
3 3557 3569 3558
3 3558 3569 3570
3 3558 3570 3559
3 3559 3570 3571
3 3559 3571 3560
3 3560 3571 3572
3 3560 3572 3561
3 3561 3572 3573
3 3561 3573 3562
3 3562 3573 3574
3 3562 3574 3551
3 3551 3574 3563
3 3563 3575 3564
3 3564 3575 3576
3 3564 3576 3565
3 3565 3576 3577
3 3565 3577 3566
3 3566 3577 3578
3 3566 3578 3567
3 3567 3578 3579
3 3567 3579 3568
3 3568 3579 3580
3 3568 3580 3569
3 3569 3580 3581
3 3569 3581 3570
3 3570 3581 3582
3 3570 3582 3571
3 3571 3582 3583
3 3571 3583 3572
3 3572 3583 3584
3 3572 3584 3573
3 3573 3584 3585
3 3573 3585 3574
3 3574 3585 3586
3 3574 3586 3563
3 3563 3586 3575
3 3575 3587 3576
3 3576 3587 3588
3 3576 3588 3577
3 3577 3588 3589
3 3577 3589 3578
3 3578 3589 3590
3 3578 3590 3579
3 3579 3590 3591
3 3579 3591 3580
3 3580 3591 3592
3 3580 3592 3581
3 3581 3592 3593
3 3581 3593 3582
3 3582 3593 3594
3 3582 3594 3583
3 3583 3594 3595
3 3583 3595 3584
3 3584 3595 3596
3 3584 3596 3585
3 3585 3596 3597
3 3585 3597 3586
3 3586 3597 3598
3 3586 3598 3575
3 3575 3598 3587
3 3587 3599 3588
3 3588 3599 3600
3 3588 3600 3589
3 3589 3600 3601
3 3589 3601 3590
3 3590 3601 3602
3 3590 3602 3591
3 3591 3602 3603
3 3591 3603 3592
3 3592 3603 3604
3 3592 3604 3593
3 3593 3604 3605
3 3593 3605 3594
3 3594 3605 3606
3 3594 3606 3595
3 3595 3606 3607
3 3595 3607 3596
3 3596 3607 3608
3 3596 3608 3597
3 3597 3608 3609
3 3597 3609 3598
3 3598 3609 3610
3 3598 3610 3587
3 3587 3610 3599
3 3611 3600 3599
3 3611 3601 3600
3 3611 3602 3601
3 3611 3603 3602
3 3611 3604 3603
3 3611 3605 3604
3 3611 3606 3605
3 3611 3607 3606
3 3611 3608 3607
3 3611 3609 3608
3 3611 3610 3609
3 3611 3599 3610
3 3612 3613 3614
3 3612 3614 3615
3 3612 3615 3616
3 3612 3616 3617
3 3612 3617 3618
3 3612 3618 3619
3 3612 3619 3620
3 3612 3620 3621
3 3612 3621 3622
3 3612 3622 3623
3 3612 3623 3624
3 3612 3624 3613
3 3613 3625 3614
3 3614 3625 3626
3 3614 3626 3615
3 3615 3626 3627
3 3615 3627 3616
3 3616 3627 3628
3 3616 3628 3617
3 3617 3628 3629
3 3617 3629 3618
3 3618 3629 3630
3 3618 3630 3619
3 3619 3630 3631
3 3619 3631 3620
3 3620 3631 3632
3 3620 3632 3621
3 3621 3632 3633
3 3621 3633 3622
3 3622 3633 3634
3 3622 3634 3623
3 3623 3634 3635
3 3623 3635 3624
3 3624 3635 3636
3 3624 3636 3613
3 3613 3636 3625
3 3625 3637 3626
3 3626 3637 3638
3 3626 3638 3627
3 3627 3638 3639
3 3627 3639 3628
3 3628 3639 3640
3 3628 3640 3629
3 3629 3640 3641
3 3629 3641 3630
3 3630 3641 3642
3 3630 3642 3631
3 3631 3642 3643
3 3631 3643 3632
3 3632 3643 3644
3 3632 3644 3633
3 3633 3644 3645
3 3633 3645 3634
3 3634 3645 3646
3 3634 3646 3635
3 3635 3646 3647
3 3635 3647 3636
3 3636 3647 3648
3 3636 3648 3625
3 3625 3648 3637
3 3637 3649 3638
3 3638 3649 3650
3 3638 3650 3639
3 3639 3650 3651
3 3639 3651 3640
3 3640 3651 3652
3 3640 3652 3641
3 3641 3652 3653
3 3641 3653 3642
3 3642 3653 3654
3 3642 3654 3643
3 3643 3654 3655
3 3643 3655 3644
3 3644 3655 3656
3 3644 3656 3645
3 3645 3656 3657
3 3645 3657 3646
3 3646 3657 3658
3 3646 3658 3647
3 3647 3658 3659
3 3647 3659 3648
3 3648 3659 3660
3 3648 3660 3637
3 3637 3660 3649
3 3649 3661 3650
3 3650 3661 3662
3 3650 3662 3651
3 3651 3662 3663
3 3651 3663 3652
3 3652 3663 3664
3 3652 3664 3653
3 3653 3664 3665
3 3653 3665 3654
3 3654 3665 3666
3 3654 3666 3655
3 3655 3666 3667
3 3655 3667 3656
3 3656 3667 3668
3 3656 3668 3657
3 3657 3668 3669
3 3657 3669 3658
3 3658 3669 3670
3 3658 3670 3659
3 3659 3670 3671
3 3659 3671 3660
3 3660 3671 3672
3 3660 3672 3649
3 3649 3672 3661
3 3661 3673 3662
3 3662 3673 3674
3 3662 3674 3663
3 3663 3674 3675
3 3663 3675 3664
3 3664 3675 3676
3 3664 3676 3665
3 3665 3676 3677
3 3665 3677 3666
3 3666 3677 3678
3 3666 3678 3667
3 3667 3678 3679
3 3667 3679 3668
3 3668 3679 3680
3 3668 3680 3669
3 3669 3680 3681
3 3669 3681 3670
3 3670 3681 3682
3 3670 3682 3671
3 3671 3682 3683
3 3671 3683 3672
3 3672 3683 3684
3 3672 3684 3661
3 3661 3684 3673
3 3673 3685 3674
3 3674 3685 3686
3 3674 3686 3675
3 3675 3686 3687
3 3675 3687 3676
3 3676 3687 3688
3 3676 3688 3677
3 3677 3688 3689
3 3677 3689 3678
3 3678 3689 3690
3 3678 3690 3679
3 3679 3690 3691
3 3679 3691 3680
3 3680 3691 3692
3 3680 3692 3681
3 3681 3692 3693
3 3681 3693 3682
3 3682 3693 3694
3 3682 3694 3683
3 3683 3694 3695
3 3683 3695 3684
3 3684 3695 3696
3 3684 3696 3673
3 3673 3696 3685
3 3697 3686 3685
3 3697 3687 3686
3 3697 3688 3687
3 3697 3689 3688
3 3697 3690 3689
3 3697 3691 3690
3 3697 3692 3691
3 3697 3693 3692
3 3697 3694 3693
3 3697 3695 3694
3 3697 3696 3695
3 3697 3685 3696
3 3698 3699 3700
3 3698 3700 3701
3 3698 3701 3702
3 3698 3702 3703
3 3698 3703 3704
3 3698 3704 3705
3 3698 3705 3706
3 3698 3706 3707
3 3698 3707 3708
3 3698 3708 3709
3 3698 3709 3710
3 3698 3710 3699
3 3699 3711 3700
3 3700 3711 3712
3 3700 3712 3701
3 3701 3712 3713
3 3701 3713 3702
3 3702 3713 3714
3 3702 3714 3703
3 3703 3714 3715
3 3703 3715 3704
3 3704 3715 3716
3 3704 3716 3705
3 3705 3716 3717
3 3705 3717 3706
3 3706 3717 3718
3 3706 3718 3707
3 3707 3718 3719
3 3707 3719 3708
3 3708 3719 3720
3 3708 3720 3709
3 3709 3720 3721
3 3709 3721 3710
3 3710 3721 3722
3 3710 3722 3699
3 3699 3722 3711
3 3711 3723 3712
3 3712 3723 3724
3 3712 3724 3713
3 3713 3724 3725
3 3713 3725 3714
3 3714 3725 3726
3 3714 3726 3715
3 3715 3726 3727
3 3715 3727 3716
3 3716 3727 3728
3 3716 3728 3717
3 3717 3728 3729
3 3717 3729 3718
3 3718 3729 3730
3 3718 3730 3719
3 3719 3730 3731
3 3719 3731 3720
3 3720 3731 3732
3 3720 3732 3721
3 3721 3732 3733
3 3721 3733 3722
3 3722 3733 3734
3 3722 3734 3711
3 3711 3734 3723
3 3723 3735 3724
3 3724 3735 3736
3 3724 3736 3725
3 3725 3736 3737
3 3725 3737 3726
3 3726 3737 3738
3 3726 3738 3727
3 3727 3738 3739
3 3727 3739 3728
3 3728 3739 3740
3 3728 3740 3729
3 3729 3740 3741
3 3729 3741 3730
3 3730 3741 3742
3 3730 3742 3731
3 3731 3742 3743
3 3731 3743 3732
3 3732 3743 3744
3 3732 3744 3733
3 3733 3744 3745
3 3733 3745 3734
3 3734 3745 3746
3 3734 3746 3723
3 3723 3746 3735
3 3735 3747 3736
3 3736 3747 3748
3 3736 3748 3737
3 3737 3748 3749
3 3737 3749 3738
3 3738 3749 3750
3 3738 3750 3739
3 3739 3750 3751
3 3739 3751 3740
3 3740 3751 3752
3 3740 3752 3741
3 3741 3752 3753
3 3741 3753 3742
3 3742 3753 3754
3 3742 3754 3743
3 3743 3754 3755
3 3743 3755 3744
3 3744 3755 3756
3 3744 3756 3745
3 3745 3756 3757
3 3745 3757 3746
3 3746 3757 3758
3 3746 3758 3735
3 3735 3758 3747
3 3747 3759 3748
3 3748 3759 3760
3 3748 3760 3749
3 3749 3760 3761
3 3749 3761 3750
3 3750 3761 3762
3 3750 3762 3751
3 3751 3762 3763
3 3751 3763 3752
3 3752 3763 3764
3 3752 3764 3753
3 3753 3764 3765
3 3753 3765 3754
3 3754 3765 3766
3 3754 3766 3755
3 3755 3766 3767
3 3755 3767 3756
3 3756 3767 3768
3 3756 3768 3757
3 3757 3768 3769
3 3757 3769 3758
3 3758 3769 3770
3 3758 3770 3747
3 3747 3770 3759
3 3759 3771 3760
3 3760 3771 3772
3 3760 3772 3761
3 3761 3772 3773
3 3761 3773 3762
3 3762 3773 3774
3 3762 3774 3763
3 3763 3774 3775
3 3763 3775 3764
3 3764 3775 3776
3 3764 3776 3765
3 3765 3776 3777
3 3765 3777 3766
3 3766 3777 3778
3 3766 3778 3767
3 3767 3778 3779
3 3767 3779 3768
3 3768 3779 3780
3 3768 3780 3769
3 3769 3780 3781
3 3769 3781 3770
3 3770 3781 3782
3 3770 3782 3759
3 3759 3782 3771
3 3783 3772 3771
3 3783 3773 3772
3 3783 3774 3773
3 3783 3775 3774
3 3783 3776 3775
3 3783 3777 3776
3 3783 3778 3777
3 3783 3779 3778
3 3783 3780 3779
3 3783 3781 3780
3 3783 3782 3781
3 3783 3771 3782
3 3784 3785 3786
3 3784 3786 3787
3 3784 3787 3788
3 3784 3788 3789
3 3784 3789 3790
3 3784 3790 3791
3 3784 3791 3792
3 3784 3792 3793
3 3784 3793 3794
3 3784 3794 3795
3 3784 3795 3796
3 3784 3796 3785
3 3785 3797 3786
3 3786 3797 3798
3 3786 3798 3787
3 3787 3798 3799
3 3787 3799 3788
3 3788 3799 3800
3 3788 3800 3789
3 3789 3800 3801
3 3789 3801 3790
3 3790 3801 3802
3 3790 3802 3791
3 3791 3802 3803
3 3791 3803 3792
3 3792 3803 3804
3 3792 3804 3793
3 3793 3804 3805
3 3793 3805 3794
3 3794 3805 3806
3 3794 3806 3795
3 3795 3806 3807
3 3795 3807 3796
3 3796 3807 3808
3 3796 3808 3785
3 3785 3808 3797
3 3797 3809 3798
3 3798 3809 3810
3 3798 3810 3799
3 3799 3810 3811
3 3799 3811 3800
3 3800 3811 3812
3 3800 3812 3801
3 3801 3812 3813
3 3801 3813 3802
3 3802 3813 3814
3 3802 3814 3803
3 3803 3814 3815
3 3803 3815 3804
3 3804 3815 3816
3 3804 3816 3805
3 3805 3816 3817
3 3805 3817 3806
3 3806 3817 3818
3 3806 3818 3807
3 3807 3818 3819
3 3807 3819 3808
3 3808 3819 3820
3 3808 3820 3797
3 3797 3820 3809
3 3809 3821 3810
3 3810 3821 3822
3 3810 3822 3811
3 3811 3822 3823
3 3811 3823 3812
3 3812 3823 3824
3 3812 3824 3813
3 3813 3824 3825
3 3813 3825 3814
3 3814 3825 3826
3 3814 3826 3815
3 3815 3826 3827
3 3815 3827 3816
3 3816 3827 3828
3 3816 3828 3817
3 3817 3828 3829
3 3817 3829 3818
3 3818 3829 3830
3 3818 3830 3819
3 3819 3830 3831
3 3819 3831 3820
3 3820 3831 3832
3 3820 3832 3809
3 3809 3832 3821
3 3821 3833 3822
3 3822 3833 3834
3 3822 3834 3823
3 3823 3834 3835
3 3823 3835 3824
3 3824 3835 3836
3 3824 3836 3825
3 3825 3836 3837
3 3825 3837 3826
3 3826 3837 3838
3 3826 3838 3827
3 3827 3838 3839
3 3827 3839 3828
3 3828 3839 3840
3 3828 3840 3829
3 3829 3840 3841
3 3829 3841 3830
3 3830 3841 3842
3 3830 3842 3831
3 3831 3842 3843
3 3831 3843 3832
3 3832 3843 3844
3 3832 3844 3821
3 3821 3844 3833
3 3833 3845 3834
3 3834 3845 3846
3 3834 3846 3835
3 3835 3846 3847
3 3835 3847 3836
3 3836 3847 3848
3 3836 3848 3837
3 3837 3848 3849
3 3837 3849 3838
3 3838 3849 3850
3 3838 3850 3839
3 3839 3850 3851
3 3839 3851 3840
3 3840 3851 3852
3 3840 3852 3841
3 3841 3852 3853
3 3841 3853 3842
3 3842 3853 3854
3 3842 3854 3843
3 3843 3854 3855
3 3843 3855 3844
3 3844 3855 3856
3 3844 3856 3833
3 3833 3856 3845
3 3845 3857 3846
3 3846 3857 3858
3 3846 3858 3847
3 3847 3858 3859
3 3847 3859 3848
3 3848 3859 3860
3 3848 3860 3849
3 3849 3860 3861
3 3849 3861 3850
3 3850 3861 3862
3 3850 3862 3851
3 3851 3862 3863
3 3851 3863 3852
3 3852 3863 3864
3 3852 3864 3853
3 3853 3864 3865
3 3853 3865 3854
3 3854 3865 3866
3 3854 3866 3855
3 3855 3866 3867
3 3855 3867 3856
3 3856 3867 3868
3 3856 3868 3845
3 3845 3868 3857
3 3869 3858 3857
3 3869 3859 3858
3 3869 3860 3859
3 3869 3861 3860
3 3869 3862 3861
3 3869 3863 3862
3 3869 3864 3863
3 3869 3865 3864
3 3869 3866 3865
3 3869 3867 3866
3 3869 3868 3867
3 3869 3857 3868
3 3870 3871 3872
3 3870 3872 3873
3 3870 3873 3874
3 3870 3874 3875
3 3870 3875 3876
3 3870 3876 3877
3 3870 3877 3878
3 3870 3878 3879
3 3870 3879 3880
3 3870 3880 3881
3 3870 3881 3882
3 3870 3882 3871
3 3871 3883 3872
3 3872 3883 3884
3 3872 3884 3873
3 3873 3884 3885
3 3873 3885 3874
3 3874 3885 3886
3 3874 3886 3875
3 3875 3886 3887
3 3875 3887 3876
3 3876 3887 3888
3 3876 3888 3877
3 3877 3888 3889
3 3877 3889 3878
3 3878 3889 3890
3 3878 3890 3879
3 3879 3890 3891
3 3879 3891 3880
3 3880 3891 3892
3 3880 3892 3881
3 3881 3892 3893
3 3881 3893 3882
3 3882 3893 3894
3 3882 3894 3871
3 3871 3894 3883
3 3883 3895 3884
3 3884 3895 3896
3 3884 3896 3885
3 3885 3896 3897
3 3885 3897 3886
3 3886 3897 3898
3 3886 3898 3887
3 3887 3898 3899
3 3887 3899 3888
3 3888 3899 3900
3 3888 3900 3889
3 3889 3900 3901
3 3889 3901 3890
3 3890 3901 3902
3 3890 3902 3891
3 3891 3902 3903
3 3891 3903 3892
3 3892 3903 3904
3 3892 3904 3893
3 3893 3904 3905
3 3893 3905 3894
3 3894 3905 3906
3 3894 3906 3883
3 3883 3906 3895
3 3895 3907 3896
3 3896 3907 3908
3 3896 3908 3897
3 3897 3908 3909
3 3897 3909 3898
3 3898 3909 3910
3 3898 3910 3899
3 3899 3910 3911
3 3899 3911 3900
3 3900 3911 3912
3 3900 3912 3901
3 3901 3912 3913
3 3901 3913 3902
3 3902 3913 3914
3 3902 3914 3903
3 3903 3914 3915
3 3903 3915 3904
3 3904 3915 3916
3 3904 3916 3905
3 3905 3916 3917
3 3905 3917 3906
3 3906 3917 3918
3 3906 3918 3895
3 3895 3918 3907
3 3907 3919 3908
3 3908 3919 3920
3 3908 3920 3909
3 3909 3920 3921
3 3909 3921 3910
3 3910 3921 3922
3 3910 3922 3911
3 3911 3922 3923
3 3911 3923 3912
3 3912 3923 3924
3 3912 3924 3913
3 3913 3924 3925
3 3913 3925 3914
3 3914 3925 3926
3 3914 3926 3915
3 3915 3926 3927
3 3915 3927 3916
3 3916 3927 3928
3 3916 3928 3917
3 3917 3928 3929
3 3917 3929 3918
3 3918 3929 3930
3 3918 3930 3907
3 3907 3930 3919
3 3919 3931 3920
3 3920 3931 3932
3 3920 3932 3921
3 3921 3932 3933
3 3921 3933 3922
3 3922 3933 3934
3 3922 3934 3923
3 3923 3934 3935
3 3923 3935 3924
3 3924 3935 3936
3 3924 3936 3925
3 3925 3936 3937
3 3925 3937 3926
3 3926 3937 3938
3 3926 3938 3927
3 3927 3938 3939
3 3927 3939 3928
3 3928 3939 3940
3 3928 3940 3929
3 3929 3940 3941
3 3929 3941 3930
3 3930 3941 3942
3 3930 3942 3919
3 3919 3942 3931
3 3931 3943 3932
3 3932 3943 3944
3 3932 3944 3933
3 3933 3944 3945
3 3933 3945 3934
3 3934 3945 3946
3 3934 3946 3935
3 3935 3946 3947
3 3935 3947 3936
3 3936 3947 3948
3 3936 3948 3937
3 3937 3948 3949
3 3937 3949 3938
3 3938 3949 3950
3 3938 3950 3939
3 3939 3950 3951
3 3939 3951 3940
3 3940 3951 3952
3 3940 3952 3941
3 3941 3952 3953
3 3941 3953 3942
3 3942 3953 3954
3 3942 3954 3931
3 3931 3954 3943
3 3955 3944 3943
3 3955 3945 3944
3 3955 3946 3945
3 3955 3947 3946
3 3955 3948 3947
3 3955 3949 3948
3 3955 3950 3949
3 3955 3951 3950
3 3955 3952 3951
3 3955 3953 3952
3 3955 3954 3953
3 3955 3943 3954
3 3956 3957 3958
3 3956 3958 3959
3 3956 3959 3960
3 3956 3960 3961
3 3956 3961 3962
3 3956 3962 3963
3 3956 3963 3964
3 3956 3964 3965
3 3956 3965 3966
3 3956 3966 3967
3 3956 3967 3968
3 3956 3968 3957
3 3957 3969 3958
3 3958 3969 3970
3 3958 3970 3959
3 3959 3970 3971
3 3959 3971 3960
3 3960 3971 3972
3 3960 3972 3961
3 3961 3972 3973
3 3961 3973 3962
3 3962 3973 3974
3 3962 3974 3963
3 3963 3974 3975
3 3963 3975 3964
3 3964 3975 3976
3 3964 3976 3965
3 3965 3976 3977
3 3965 3977 3966
3 3966 3977 3978
3 3966 3978 3967
3 3967 3978 3979
3 3967 3979 3968
3 3968 3979 3980
3 3968 3980 3957
3 3957 3980 3969
3 3969 3981 3970
3 3970 3981 3982
3 3970 3982 3971
3 3971 3982 3983
3 3971 3983 3972
3 3972 3983 3984
3 3972 3984 3973
3 3973 3984 3985
3 3973 3985 3974
3 3974 3985 3986
3 3974 3986 3975
3 3975 3986 3987
3 3975 3987 3976
3 3976 3987 3988
3 3976 3988 3977
3 3977 3988 3989
3 3977 3989 3978
3 3978 3989 3990
3 3978 3990 3979
3 3979 3990 3991
3 3979 3991 3980
3 3980 3991 3992
3 3980 3992 3969
3 3969 3992 3981
3 3981 3993 3982
3 3982 3993 3994
3 3982 3994 3983
3 3983 3994 3995
3 3983 3995 3984
3 3984 3995 3996
3 3984 3996 3985
3 3985 3996 3997
3 3985 3997 3986
3 3986 3997 3998
3 3986 3998 3987
3 3987 3998 3999
3 3987 3999 3988
3 3988 3999 4000
3 3988 4000 3989
3 3989 4000 4001
3 3989 4001 3990
3 3990 4001 4002
3 3990 4002 3991
3 3991 4002 4003
3 3991 4003 3992
3 3992 4003 4004
3 3992 4004 3981
3 3981 4004 3993
3 3993 4005 3994
3 3994 4005 4006
3 3994 4006 3995
3 3995 4006 4007
3 3995 4007 3996
3 3996 4007 4008
3 3996 4008 3997
3 3997 4008 4009
3 3997 4009 3998
3 3998 4009 4010
3 3998 4010 3999
3 3999 4010 4011
3 3999 4011 4000
3 4000 4011 4012
3 4000 4012 4001
3 4001 4012 4013
3 4001 4013 4002
3 4002 4013 4014
3 4002 4014 4003
3 4003 4014 4015
3 4003 4015 4004
3 4004 4015 4016
3 4004 4016 3993
3 3993 4016 4005
3 4005 4017 4006
3 4006 4017 4018
3 4006 4018 4007
3 4007 4018 4019
3 4007 4019 4008
3 4008 4019 4020
3 4008 4020 4009
3 4009 4020 4021
3 4009 4021 4010
3 4010 4021 4022
3 4010 4022 4011
3 4011 4022 4023
3 4011 4023 4012
3 4012 4023 4024
3 4012 4024 4013
3 4013 4024 4025
3 4013 4025 4014
3 4014 4025 4026
3 4014 4026 4015
3 4015 4026 4027
3 4015 4027 4016
3 4016 4027 4028
3 4016 4028 4005
3 4005 4028 4017
3 4017 4029 4018
3 4018 4029 4030
3 4018 4030 4019
3 4019 4030 4031
3 4019 4031 4020
3 4020 4031 4032
3 4020 4032 4021
3 4021 4032 4033
3 4021 4033 4022
3 4022 4033 4034
3 4022 4034 4023
3 4023 4034 4035
3 4023 4035 4024
3 4024 4035 4036
3 4024 4036 4025
3 4025 4036 4037
3 4025 4037 4026
3 4026 4037 4038
3 4026 4038 4027
3 4027 4038 4039
3 4027 4039 4028
3 4028 4039 4040
3 4028 4040 4017
3 4017 4040 4029
3 4041 4030 4029
3 4041 4031 4030
3 4041 4032 4031
3 4041 4033 4032
3 4041 4034 4033
3 4041 4035 4034
3 4041 4036 4035
3 4041 4037 4036
3 4041 4038 4037
3 4041 4039 4038
3 4041 4040 4039
3 4041 4029 4040
3 4042 4043 4044
3 4042 4044 4045
3 4042 4045 4046
3 4042 4046 4047
3 4042 4047 4048
3 4042 4048 4049
3 4042 4049 4050
3 4042 4050 4051
3 4042 4051 4052
3 4042 4052 4053
3 4042 4053 4054
3 4042 4054 4043
3 4043 4055 4044
3 4044 4055 4056
3 4044 4056 4045
3 4045 4056 4057
3 4045 4057 4046
3 4046 4057 4058
3 4046 4058 4047
3 4047 4058 4059
3 4047 4059 4048
3 4048 4059 4060
3 4048 4060 4049
3 4049 4060 4061
3 4049 4061 4050
3 4050 4061 4062
3 4050 4062 4051
3 4051 4062 4063
3 4051 4063 4052
3 4052 4063 4064
3 4052 4064 4053
3 4053 4064 4065
3 4053 4065 4054
3 4054 4065 4066
3 4054 4066 4043
3 4043 4066 4055
3 4055 4067 4056
3 4056 4067 4068
3 4056 4068 4057
3 4057 4068 4069
3 4057 4069 4058
3 4058 4069 4070
3 4058 4070 4059
3 4059 4070 4071
3 4059 4071 4060
3 4060 4071 4072
3 4060 4072 4061
3 4061 4072 4073
3 4061 4073 4062
3 4062 4073 4074
3 4062 4074 4063
3 4063 4074 4075
3 4063 4075 4064
3 4064 4075 4076
3 4064 4076 4065
3 4065 4076 4077
3 4065 4077 4066
3 4066 4077 4078
3 4066 4078 4055
3 4055 4078 4067
3 4067 4079 4068
3 4068 4079 4080
3 4068 4080 4069
3 4069 4080 4081
3 4069 4081 4070
3 4070 4081 4082
3 4070 4082 4071
3 4071 4082 4083
3 4071 4083 4072
3 4072 4083 4084
3 4072 4084 4073
3 4073 4084 4085
3 4073 4085 4074
3 4074 4085 4086
3 4074 4086 4075
3 4075 4086 4087
3 4075 4087 4076
3 4076 4087 4088
3 4076 4088 4077
3 4077 4088 4089
3 4077 4089 4078
3 4078 4089 4090
3 4078 4090 4067
3 4067 4090 4079
3 4079 4091 4080
3 4080 4091 4092
3 4080 4092 4081
3 4081 4092 4093
3 4081 4093 4082
3 4082 4093 4094
3 4082 4094 4083
3 4083 4094 4095
3 4083 4095 4084
3 4084 4095 4096
3 4084 4096 4085
3 4085 4096 4097
3 4085 4097 4086
3 4086 4097 4098
3 4086 4098 4087
3 4087 4098 4099
3 4087 4099 4088
3 4088 4099 4100
3 4088 4100 4089
3 4089 4100 4101
3 4089 4101 4090
3 4090 4101 4102
3 4090 4102 4079
3 4079 4102 4091
3 4091 4103 4092
3 4092 4103 4104
3 4092 4104 4093
3 4093 4104 4105
3 4093 4105 4094
3 4094 4105 4106
3 4094 4106 4095
3 4095 4106 4107
3 4095 4107 4096
3 4096 4107 4108
3 4096 4108 4097
3 4097 4108 4109
3 4097 4109 4098
3 4098 4109 4110
3 4098 4110 4099
3 4099 4110 4111
3 4099 4111 4100
3 4100 4111 4112
3 4100 4112 4101
3 4101 4112 4113
3 4101 4113 4102
3 4102 4113 4114
3 4102 4114 4091
3 4091 4114 4103
3 4103 4115 4104
3 4104 4115 4116
3 4104 4116 4105
3 4105 4116 4117
3 4105 4117 4106
3 4106 4117 4118
3 4106 4118 4107
3 4107 4118 4119
3 4107 4119 4108
3 4108 4119 4120
3 4108 4120 4109
3 4109 4120 4121
3 4109 4121 4110
3 4110 4121 4122
3 4110 4122 4111
3 4111 4122 4123
3 4111 4123 4112
3 4112 4123 4124
3 4112 4124 4113
3 4113 4124 4125
3 4113 4125 4114
3 4114 4125 4126
3 4114 4126 4103
3 4103 4126 4115
3 4127 4116 4115
3 4127 4117 4116
3 4127 4118 4117
3 4127 4119 4118
3 4127 4120 4119
3 4127 4121 4120
3 4127 4122 4121
3 4127 4123 4122
3 4127 4124 4123
3 4127 4125 4124
3 4127 4126 4125
3 4127 4115 4126
3 4128 4129 4130
3 4128 4130 4131
3 4128 4131 4132
3 4128 4132 4133
3 4128 4133 4134
3 4128 4134 4135
3 4128 4135 4136
3 4128 4136 4137
3 4128 4137 4138
3 4128 4138 4139
3 4128 4139 4140
3 4128 4140 4129
3 4129 4141 4130
3 4130 4141 4142
3 4130 4142 4131
3 4131 4142 4143
3 4131 4143 4132
3 4132 4143 4144
3 4132 4144 4133
3 4133 4144 4145
3 4133 4145 4134
3 4134 4145 4146
3 4134 4146 4135
3 4135 4146 4147
3 4135 4147 4136
3 4136 4147 4148
3 4136 4148 4137
3 4137 4148 4149
3 4137 4149 4138
3 4138 4149 4150
3 4138 4150 4139
3 4139 4150 4151
3 4139 4151 4140
3 4140 4151 4152
3 4140 4152 4129
3 4129 4152 4141
3 4141 4153 4142
3 4142 4153 4154
3 4142 4154 4143
3 4143 4154 4155
3 4143 4155 4144
3 4144 4155 4156
3 4144 4156 4145
3 4145 4156 4157
3 4145 4157 4146
3 4146 4157 4158
3 4146 4158 4147
3 4147 4158 4159
3 4147 4159 4148
3 4148 4159 4160
3 4148 4160 4149
3 4149 4160 4161
3 4149 4161 4150
3 4150 4161 4162
3 4150 4162 4151
3 4151 4162 4163
3 4151 4163 4152
3 4152 4163 4164
3 4152 4164 4141
3 4141 4164 4153
3 4153 4165 4154
3 4154 4165 4166
3 4154 4166 4155
3 4155 4166 4167
3 4155 4167 4156
3 4156 4167 4168
3 4156 4168 4157
3 4157 4168 4169
3 4157 4169 4158
3 4158 4169 4170
3 4158 4170 4159
3 4159 4170 4171
3 4159 4171 4160
3 4160 4171 4172
3 4160 4172 4161
3 4161 4172 4173
3 4161 4173 4162
3 4162 4173 4174
3 4162 4174 4163
3 4163 4174 4175
3 4163 4175 4164
3 4164 4175 4176
3 4164 4176 4153
3 4153 4176 4165
3 4165 4177 4166
3 4166 4177 4178
3 4166 4178 4167
3 4167 4178 4179
3 4167 4179 4168
3 4168 4179 4180
3 4168 4180 4169
3 4169 4180 4181
3 4169 4181 4170
3 4170 4181 4182
3 4170 4182 4171
3 4171 4182 4183
3 4171 4183 4172
3 4172 4183 4184
3 4172 4184 4173
3 4173 4184 4185
3 4173 4185 4174
3 4174 4185 4186
3 4174 4186 4175
3 4175 4186 4187
3 4175 4187 4176
3 4176 4187 4188
3 4176 4188 4165
3 4165 4188 4177
3 4177 4189 4178
3 4178 4189 4190
3 4178 4190 4179
3 4179 4190 4191
3 4179 4191 4180
3 4180 4191 4192
3 4180 4192 4181
3 4181 4192 4193
3 4181 4193 4182
3 4182 4193 4194
3 4182 4194 4183
3 4183 4194 4195
3 4183 4195 4184
3 4184 4195 4196
3 4184 4196 4185
3 4185 4196 4197
3 4185 4197 4186
3 4186 4197 4198
3 4186 4198 4187
3 4187 4198 4199
3 4187 4199 4188
3 4188 4199 4200
3 4188 4200 4177
3 4177 4200 4189
3 4189 4201 4190
3 4190 4201 4202
3 4190 4202 4191
3 4191 4202 4203
3 4191 4203 4192
3 4192 4203 4204
3 4192 4204 4193
3 4193 4204 4205
3 4193 4205 4194
3 4194 4205 4206
3 4194 4206 4195
3 4195 4206 4207
3 4195 4207 4196
3 4196 4207 4208
3 4196 4208 4197
3 4197 4208 4209
3 4197 4209 4198
3 4198 4209 4210
3 4198 4210 4199
3 4199 4210 4211
3 4199 4211 4200
3 4200 4211 4212
3 4200 4212 4189
3 4189 4212 4201
3 4213 4202 4201
3 4213 4203 4202
3 4213 4204 4203
3 4213 4205 4204
3 4213 4206 4205
3 4213 4207 4206
3 4213 4208 4207
3 4213 4209 4208
3 4213 4210 4209
3 4213 4211 4210
3 4213 4212 4211
3 4213 4201 4212
3 4214 4215 4216
3 4214 4216 4217
3 4214 4217 4218
3 4214 4218 4219
3 4214 4219 4220
3 4214 4220 4221
3 4214 4221 4222
3 4214 4222 4223
3 4214 4223 4224
3 4214 4224 4225
3 4214 4225 4226
3 4214 4226 4215
3 4215 4227 4216
3 4216 4227 4228
3 4216 4228 4217
3 4217 4228 4229
3 4217 4229 4218
3 4218 4229 4230
3 4218 4230 4219
3 4219 4230 4231
3 4219 4231 4220
3 4220 4231 4232
3 4220 4232 4221
3 4221 4232 4233
3 4221 4233 4222
3 4222 4233 4234
3 4222 4234 4223
3 4223 4234 4235
3 4223 4235 4224
3 4224 4235 4236
3 4224 4236 4225
3 4225 4236 4237
3 4225 4237 4226
3 4226 4237 4238
3 4226 4238 4215
3 4215 4238 4227
3 4227 4239 4228
3 4228 4239 4240
3 4228 4240 4229
3 4229 4240 4241
3 4229 4241 4230
3 4230 4241 4242
3 4230 4242 4231
3 4231 4242 4243
3 4231 4243 4232
3 4232 4243 4244
3 4232 4244 4233
3 4233 4244 4245
3 4233 4245 4234
3 4234 4245 4246
3 4234 4246 4235
3 4235 4246 4247
3 4235 4247 4236
3 4236 4247 4248
3 4236 4248 4237
3 4237 4248 4249
3 4237 4249 4238
3 4238 4249 4250
3 4238 4250 4227
3 4227 4250 4239
3 4239 4251 4240
3 4240 4251 4252
3 4240 4252 4241
3 4241 4252 4253
3 4241 4253 4242
3 4242 4253 4254
3 4242 4254 4243
3 4243 4254 4255
3 4243 4255 4244
3 4244 4255 4256
3 4244 4256 4245
3 4245 4256 4257
3 4245 4257 4246
3 4246 4257 4258
3 4246 4258 4247
3 4247 4258 4259
3 4247 4259 4248
3 4248 4259 4260
3 4248 4260 4249
3 4249 4260 4261
3 4249 4261 4250
3 4250 4261 4262
3 4250 4262 4239
3 4239 4262 4251
3 4251 4263 4252
3 4252 4263 4264
3 4252 4264 4253
3 4253 4264 4265
3 4253 4265 4254
3 4254 4265 4266
3 4254 4266 4255
3 4255 4266 4267
3 4255 4267 4256
3 4256 4267 4268
3 4256 4268 4257
3 4257 4268 4269
3 4257 4269 4258
3 4258 4269 4270
3 4258 4270 4259
3 4259 4270 4271
3 4259 4271 4260
3 4260 4271 4272
3 4260 4272 4261
3 4261 4272 4273
3 4261 4273 4262
3 4262 4273 4274
3 4262 4274 4251
3 4251 4274 4263
3 4263 4275 4264
3 4264 4275 4276
3 4264 4276 4265
3 4265 4276 4277
3 4265 4277 4266
3 4266 4277 4278
3 4266 4278 4267
3 4267 4278 4279
3 4267 4279 4268
3 4268 4279 4280
3 4268 4280 4269
3 4269 4280 4281
3 4269 4281 4270
3 4270 4281 4282
3 4270 4282 4271
3 4271 4282 4283
3 4271 4283 4272
3 4272 4283 4284
3 4272 4284 4273
3 4273 4284 4285
3 4273 4285 4274
3 4274 4285 4286
3 4274 4286 4263
3 4263 4286 4275
3 4275 4287 4276
3 4276 4287 4288
3 4276 4288 4277
3 4277 4288 4289
3 4277 4289 4278
3 4278 4289 4290
3 4278 4290 4279
3 4279 4290 4291
3 4279 4291 4280
3 4280 4291 4292
3 4280 4292 4281
3 4281 4292 4293
3 4281 4293 4282
3 4282 4293 4294
3 4282 4294 4283
3 4283 4294 4295
3 4283 4295 4284
3 4284 4295 4296
3 4284 4296 4285
3 4285 4296 4297
3 4285 4297 4286
3 4286 4297 4298
3 4286 4298 4275
3 4275 4298 4287
3 4299 4288 4287
3 4299 4289 4288
3 4299 4290 4289
3 4299 4291 4290
3 4299 4292 4291
3 4299 4293 4292
3 4299 4294 4293
3 4299 4295 4294
3 4299 4296 4295
3 4299 4297 4296
3 4299 4298 4297
3 4299 4287 4298
3 4300 4301 4302
3 4300 4302 4303
3 4300 4303 4304
3 4300 4304 4305
3 4300 4305 4306
3 4300 4306 4307
3 4300 4307 4308
3 4300 4308 4309
3 4300 4309 4310
3 4300 4310 4311
3 4300 4311 4312
3 4300 4312 4301
3 4301 4313 4302
3 4302 4313 4314
3 4302 4314 4303
3 4303 4314 4315
3 4303 4315 4304
3 4304 4315 4316
3 4304 4316 4305
3 4305 4316 4317
3 4305 4317 4306
3 4306 4317 4318
3 4306 4318 4307
3 4307 4318 4319
3 4307 4319 4308
3 4308 4319 4320
3 4308 4320 4309
3 4309 4320 4321
3 4309 4321 4310
3 4310 4321 4322
3 4310 4322 4311
3 4311 4322 4323
3 4311 4323 4312
3 4312 4323 4324
3 4312 4324 4301
3 4301 4324 4313
3 4313 4325 4314
3 4314 4325 4326
3 4314 4326 4315
3 4315 4326 4327
3 4315 4327 4316
3 4316 4327 4328
3 4316 4328 4317
3 4317 4328 4329
3 4317 4329 4318
3 4318 4329 4330
3 4318 4330 4319
3 4319 4330 4331
3 4319 4331 4320
3 4320 4331 4332
3 4320 4332 4321
3 4321 4332 4333
3 4321 4333 4322
3 4322 4333 4334
3 4322 4334 4323
3 4323 4334 4335
3 4323 4335 4324
3 4324 4335 4336
3 4324 4336 4313
3 4313 4336 4325
3 4325 4337 4326
3 4326 4337 4338
3 4326 4338 4327
3 4327 4338 4339
3 4327 4339 4328
3 4328 4339 4340
3 4328 4340 4329
3 4329 4340 4341
3 4329 4341 4330
3 4330 4341 4342
3 4330 4342 4331
3 4331 4342 4343
3 4331 4343 4332
3 4332 4343 4344
3 4332 4344 4333
3 4333 4344 4345
3 4333 4345 4334
3 4334 4345 4346
3 4334 4346 4335
3 4335 4346 4347
3 4335 4347 4336
3 4336 4347 4348
3 4336 4348 4325
3 4325 4348 4337
3 4337 4349 4338
3 4338 4349 4350
3 4338 4350 4339
3 4339 4350 4351
3 4339 4351 4340
3 4340 4351 4352
3 4340 4352 4341
3 4341 4352 4353
3 4341 4353 4342
3 4342 4353 4354
3 4342 4354 4343
3 4343 4354 4355
3 4343 4355 4344
3 4344 4355 4356
3 4344 4356 4345
3 4345 4356 4357
3 4345 4357 4346
3 4346 4357 4358
3 4346 4358 4347
3 4347 4358 4359
3 4347 4359 4348
3 4348 4359 4360
3 4348 4360 4337
3 4337 4360 4349
3 4349 4361 4350
3 4350 4361 4362
3 4350 4362 4351
3 4351 4362 4363
3 4351 4363 4352
3 4352 4363 4364
3 4352 4364 4353
3 4353 4364 4365
3 4353 4365 4354
3 4354 4365 4366
3 4354 4366 4355
3 4355 4366 4367
3 4355 4367 4356
3 4356 4367 4368
3 4356 4368 4357
3 4357 4368 4369
3 4357 4369 4358
3 4358 4369 4370
3 4358 4370 4359
3 4359 4370 4371
3 4359 4371 4360
3 4360 4371 4372
3 4360 4372 4349
3 4349 4372 4361
3 4361 4373 4362
3 4362 4373 4374
3 4362 4374 4363
3 4363 4374 4375
3 4363 4375 4364
3 4364 4375 4376
3 4364 4376 4365
3 4365 4376 4377
3 4365 4377 4366
3 4366 4377 4378
3 4366 4378 4367
3 4367 4378 4379
3 4367 4379 4368
3 4368 4379 4380
3 4368 4380 4369
3 4369 4380 4381
3 4369 4381 4370
3 4370 4381 4382
3 4370 4382 4371
3 4371 4382 4383
3 4371 4383 4372
3 4372 4383 4384
3 4372 4384 4361
3 4361 4384 4373
3 4385 4374 4373
3 4385 4375 4374
3 4385 4376 4375
3 4385 4377 4376
3 4385 4378 4377
3 4385 4379 4378
3 4385 4380 4379
3 4385 4381 4380
3 4385 4382 4381
3 4385 4383 4382
3 4385 4384 4383
3 4385 4373 4384
3 4386 4387 4388
3 4386 4388 4389
3 4386 4389 4390
3 4386 4390 4391
3 4386 4391 4392
3 4386 4392 4393
3 4386 4393 4394
3 4386 4394 4395
3 4386 4395 4396
3 4386 4396 4397
3 4386 4397 4398
3 4386 4398 4387
3 4387 4399 4388
3 4388 4399 4400
3 4388 4400 4389
3 4389 4400 4401
3 4389 4401 4390
3 4390 4401 4402
3 4390 4402 4391
3 4391 4402 4403
3 4391 4403 4392
3 4392 4403 4404
3 4392 4404 4393
3 4393 4404 4405
3 4393 4405 4394
3 4394 4405 4406
3 4394 4406 4395
3 4395 4406 4407
3 4395 4407 4396
3 4396 4407 4408
3 4396 4408 4397
3 4397 4408 4409
3 4397 4409 4398
3 4398 4409 4410
3 4398 4410 4387
3 4387 4410 4399
3 4399 4411 4400
3 4400 4411 4412
3 4400 4412 4401
3 4401 4412 4413
3 4401 4413 4402
3 4402 4413 4414
3 4402 4414 4403
3 4403 4414 4415
3 4403 4415 4404
3 4404 4415 4416
3 4404 4416 4405
3 4405 4416 4417
3 4405 4417 4406
3 4406 4417 4418
3 4406 4418 4407
3 4407 4418 4419
3 4407 4419 4408
3 4408 4419 4420
3 4408 4420 4409
3 4409 4420 4421
3 4409 4421 4410
3 4410 4421 4422
3 4410 4422 4399
3 4399 4422 4411
3 4411 4423 4412
3 4412 4423 4424
3 4412 4424 4413
3 4413 4424 4425
3 4413 4425 4414
3 4414 4425 4426
3 4414 4426 4415
3 4415 4426 4427
3 4415 4427 4416
3 4416 4427 4428
3 4416 4428 4417
3 4417 4428 4429
3 4417 4429 4418
3 4418 4429 4430
3 4418 4430 4419
3 4419 4430 4431
3 4419 4431 4420
3 4420 4431 4432
3 4420 4432 4421
3 4421 4432 4433
3 4421 4433 4422
3 4422 4433 4434
3 4422 4434 4411
3 4411 4434 4423
3 4423 4435 4424
3 4424 4435 4436
3 4424 4436 4425
3 4425 4436 4437
3 4425 4437 4426
3 4426 4437 4438
3 4426 4438 4427
3 4427 4438 4439
3 4427 4439 4428
3 4428 4439 4440
3 4428 4440 4429
3 4429 4440 4441
3 4429 4441 4430
3 4430 4441 4442
3 4430 4442 4431
3 4431 4442 4443
3 4431 4443 4432
3 4432 4443 4444
3 4432 4444 4433
3 4433 4444 4445
3 4433 4445 4434
3 4434 4445 4446
3 4434 4446 4423
3 4423 4446 4435
3 4435 4447 4436
3 4436 4447 4448
3 4436 4448 4437
3 4437 4448 4449
3 4437 4449 4438
3 4438 4449 4450
3 4438 4450 4439
3 4439 4450 4451
3 4439 4451 4440
3 4440 4451 4452
3 4440 4452 4441
3 4441 4452 4453
3 4441 4453 4442
3 4442 4453 4454
3 4442 4454 4443
3 4443 4454 4455
3 4443 4455 4444
3 4444 4455 4456
3 4444 4456 4445
3 4445 4456 4457
3 4445 4457 4446
3 4446 4457 4458
3 4446 4458 4435
3 4435 4458 4447
3 4447 4459 4448
3 4448 4459 4460
3 4448 4460 4449
3 4449 4460 4461
3 4449 4461 4450
3 4450 4461 4462
3 4450 4462 4451
3 4451 4462 4463
3 4451 4463 4452
3 4452 4463 4464
3 4452 4464 4453
3 4453 4464 4465
3 4453 4465 4454
3 4454 4465 4466
3 4454 4466 4455
3 4455 4466 4467
3 4455 4467 4456
3 4456 4467 4468
3 4456 4468 4457
3 4457 4468 4469
3 4457 4469 4458
3 4458 4469 4470
3 4458 4470 4447
3 4447 4470 4459
3 4471 4460 4459
3 4471 4461 4460
3 4471 4462 4461
3 4471 4463 4462
3 4471 4464 4463
3 4471 4465 4464
3 4471 4466 4465
3 4471 4467 4466
3 4471 4468 4467
3 4471 4469 4468
3 4471 4470 4469
3 4471 4459 4470
3 4472 4473 4474
3 4472 4474 4475
3 4472 4475 4476
3 4472 4476 4477
3 4472 4477 4478
3 4472 4478 4479
3 4472 4479 4480
3 4472 4480 4481
3 4472 4481 4482
3 4472 4482 4483
3 4472 4483 4484
3 4472 4484 4473
3 4473 4485 4474
3 4474 4485 4486
3 4474 4486 4475
3 4475 4486 4487
3 4475 4487 4476
3 4476 4487 4488
3 4476 4488 4477
3 4477 4488 4489
3 4477 4489 4478
3 4478 4489 4490
3 4478 4490 4479
3 4479 4490 4491
3 4479 4491 4480
3 4480 4491 4492
3 4480 4492 4481
3 4481 4492 4493
3 4481 4493 4482
3 4482 4493 4494
3 4482 4494 4483
3 4483 4494 4495
3 4483 4495 4484
3 4484 4495 4496
3 4484 4496 4473
3 4473 4496 4485
3 4485 4497 4486
3 4486 4497 4498
3 4486 4498 4487
3 4487 4498 4499
3 4487 4499 4488
3 4488 4499 4500
3 4488 4500 4489
3 4489 4500 4501
3 4489 4501 4490
3 4490 4501 4502
3 4490 4502 4491
3 4491 4502 4503
3 4491 4503 4492
3 4492 4503 4504
3 4492 4504 4493
3 4493 4504 4505
3 4493 4505 4494
3 4494 4505 4506
3 4494 4506 4495
3 4495 4506 4507
3 4495 4507 4496
3 4496 4507 4508
3 4496 4508 4485
3 4485 4508 4497
3 4497 4509 4498
3 4498 4509 4510
3 4498 4510 4499
3 4499 4510 4511
3 4499 4511 4500
3 4500 4511 4512
3 4500 4512 4501
3 4501 4512 4513
3 4501 4513 4502
3 4502 4513 4514
3 4502 4514 4503
3 4503 4514 4515
3 4503 4515 4504
3 4504 4515 4516
3 4504 4516 4505
3 4505 4516 4517
3 4505 4517 4506
3 4506 4517 4518
3 4506 4518 4507
3 4507 4518 4519
3 4507 4519 4508
3 4508 4519 4520
3 4508 4520 4497
3 4497 4520 4509
3 4509 4521 4510
3 4510 4521 4522
3 4510 4522 4511
3 4511 4522 4523
3 4511 4523 4512
3 4512 4523 4524
3 4512 4524 4513
3 4513 4524 4525
3 4513 4525 4514
3 4514 4525 4526
3 4514 4526 4515
3 4515 4526 4527
3 4515 4527 4516
3 4516 4527 4528
3 4516 4528 4517
3 4517 4528 4529
3 4517 4529 4518
3 4518 4529 4530
3 4518 4530 4519
3 4519 4530 4531
3 4519 4531 4520
3 4520 4531 4532
3 4520 4532 4509
3 4509 4532 4521
3 4521 4533 4522
3 4522 4533 4534
3 4522 4534 4523
3 4523 4534 4535
3 4523 4535 4524
3 4524 4535 4536
3 4524 4536 4525
3 4525 4536 4537
3 4525 4537 4526
3 4526 4537 4538
3 4526 4538 4527
3 4527 4538 4539
3 4527 4539 4528
3 4528 4539 4540
3 4528 4540 4529
3 4529 4540 4541
3 4529 4541 4530
3 4530 4541 4542
3 4530 4542 4531
3 4531 4542 4543
3 4531 4543 4532
3 4532 4543 4544
3 4532 4544 4521
3 4521 4544 4533
3 4533 4545 4534
3 4534 4545 4546
3 4534 4546 4535
3 4535 4546 4547
3 4535 4547 4536
3 4536 4547 4548
3 4536 4548 4537
3 4537 4548 4549
3 4537 4549 4538
3 4538 4549 4550
3 4538 4550 4539
3 4539 4550 4551
3 4539 4551 4540
3 4540 4551 4552
3 4540 4552 4541
3 4541 4552 4553
3 4541 4553 4542
3 4542 4553 4554
3 4542 4554 4543
3 4543 4554 4555
3 4543 4555 4544
3 4544 4555 4556
3 4544 4556 4533
3 4533 4556 4545
3 4557 4546 4545
3 4557 4547 4546
3 4557 4548 4547
3 4557 4549 4548
3 4557 4550 4549
3 4557 4551 4550
3 4557 4552 4551
3 4557 4553 4552
3 4557 4554 4553
3 4557 4555 4554
3 4557 4556 4555
3 4557 4545 4556
3 4558 4559 4560
3 4558 4560 4561
3 4558 4561 4562
3 4558 4562 4563
3 4558 4563 4564
3 4558 4564 4565
3 4558 4565 4566
3 4558 4566 4567
3 4558 4567 4568
3 4558 4568 4569
3 4558 4569 4570
3 4558 4570 4559
3 4559 4571 4560
3 4560 4571 4572
3 4560 4572 4561
3 4561 4572 4573
3 4561 4573 4562
3 4562 4573 4574
3 4562 4574 4563
3 4563 4574 4575
3 4563 4575 4564
3 4564 4575 4576
3 4564 4576 4565
3 4565 4576 4577
3 4565 4577 4566
3 4566 4577 4578
3 4566 4578 4567
3 4567 4578 4579
3 4567 4579 4568
3 4568 4579 4580
3 4568 4580 4569
3 4569 4580 4581
3 4569 4581 4570
3 4570 4581 4582
3 4570 4582 4559
3 4559 4582 4571
3 4571 4583 4572
3 4572 4583 4584
3 4572 4584 4573
3 4573 4584 4585
3 4573 4585 4574
3 4574 4585 4586
3 4574 4586 4575
3 4575 4586 4587
3 4575 4587 4576
3 4576 4587 4588
3 4576 4588 4577
3 4577 4588 4589
3 4577 4589 4578
3 4578 4589 4590
3 4578 4590 4579
3 4579 4590 4591
3 4579 4591 4580
3 4580 4591 4592
3 4580 4592 4581
3 4581 4592 4593
3 4581 4593 4582
3 4582 4593 4594
3 4582 4594 4571
3 4571 4594 4583
3 4583 4595 4584
3 4584 4595 4596
3 4584 4596 4585
3 4585 4596 4597
3 4585 4597 4586
3 4586 4597 4598
3 4586 4598 4587
3 4587 4598 4599
3 4587 4599 4588
3 4588 4599 4600
3 4588 4600 4589
3 4589 4600 4601
3 4589 4601 4590
3 4590 4601 4602
3 4590 4602 4591
3 4591 4602 4603
3 4591 4603 4592
3 4592 4603 4604
3 4592 4604 4593
3 4593 4604 4605
3 4593 4605 4594
3 4594 4605 4606
3 4594 4606 4583
3 4583 4606 4595
3 4595 4607 4596
3 4596 4607 4608
3 4596 4608 4597
3 4597 4608 4609
3 4597 4609 4598
3 4598 4609 4610
3 4598 4610 4599
3 4599 4610 4611
3 4599 4611 4600
3 4600 4611 4612
3 4600 4612 4601
3 4601 4612 4613
3 4601 4613 4602
3 4602 4613 4614
3 4602 4614 4603
3 4603 4614 4615
3 4603 4615 4604
3 4604 4615 4616
3 4604 4616 4605
3 4605 4616 4617
3 4605 4617 4606
3 4606 4617 4618
3 4606 4618 4595
3 4595 4618 4607
3 4607 4619 4608
3 4608 4619 4620
3 4608 4620 4609
3 4609 4620 4621
3 4609 4621 4610
3 4610 4621 4622
3 4610 4622 4611
3 4611 4622 4623
3 4611 4623 4612
3 4612 4623 4624
3 4612 4624 4613
3 4613 4624 4625
3 4613 4625 4614
3 4614 4625 4626
3 4614 4626 4615
3 4615 4626 4627
3 4615 4627 4616
3 4616 4627 4628
3 4616 4628 4617
3 4617 4628 4629
3 4617 4629 4618
3 4618 4629 4630
3 4618 4630 4607
3 4607 4630 4619
3 4619 4631 4620
3 4620 4631 4632
3 4620 4632 4621
3 4621 4632 4633
3 4621 4633 4622
3 4622 4633 4634
3 4622 4634 4623
3 4623 4634 4635
3 4623 4635 4624
3 4624 4635 4636
3 4624 4636 4625
3 4625 4636 4637
3 4625 4637 4626
3 4626 4637 4638
3 4626 4638 4627
3 4627 4638 4639
3 4627 4639 4628
3 4628 4639 4640
3 4628 4640 4629
3 4629 4640 4641
3 4629 4641 4630
3 4630 4641 4642
3 4630 4642 4619
3 4619 4642 4631
3 4643 4632 4631
3 4643 4633 4632
3 4643 4634 4633
3 4643 4635 4634
3 4643 4636 4635
3 4643 4637 4636
3 4643 4638 4637
3 4643 4639 4638
3 4643 4640 4639
3 4643 4641 4640
3 4643 4642 4641
3 4643 4631 4642
3 4644 4645 4646
3 4644 4646 4647
3 4644 4647 4648
3 4644 4648 4649
3 4644 4649 4650
3 4644 4650 4651
3 4644 4651 4652
3 4644 4652 4653
3 4644 4653 4654
3 4644 4654 4655
3 4644 4655 4656
3 4644 4656 4645
3 4645 4657 4646
3 4646 4657 4658
3 4646 4658 4647
3 4647 4658 4659
3 4647 4659 4648
3 4648 4659 4660
3 4648 4660 4649
3 4649 4660 4661
3 4649 4661 4650
3 4650 4661 4662
3 4650 4662 4651
3 4651 4662 4663
3 4651 4663 4652
3 4652 4663 4664
3 4652 4664 4653
3 4653 4664 4665
3 4653 4665 4654
3 4654 4665 4666
3 4654 4666 4655
3 4655 4666 4667
3 4655 4667 4656
3 4656 4667 4668
3 4656 4668 4645
3 4645 4668 4657
3 4657 4669 4658
3 4658 4669 4670
3 4658 4670 4659
3 4659 4670 4671
3 4659 4671 4660
3 4660 4671 4672
3 4660 4672 4661
3 4661 4672 4673
3 4661 4673 4662
3 4662 4673 4674
3 4662 4674 4663
3 4663 4674 4675
3 4663 4675 4664
3 4664 4675 4676
3 4664 4676 4665
3 4665 4676 4677
3 4665 4677 4666
3 4666 4677 4678
3 4666 4678 4667
3 4667 4678 4679
3 4667 4679 4668
3 4668 4679 4680
3 4668 4680 4657
3 4657 4680 4669
3 4669 4681 4670
3 4670 4681 4682
3 4670 4682 4671
3 4671 4682 4683
3 4671 4683 4672
3 4672 4683 4684
3 4672 4684 4673
3 4673 4684 4685
3 4673 4685 4674
3 4674 4685 4686
3 4674 4686 4675
3 4675 4686 4687
3 4675 4687 4676
3 4676 4687 4688
3 4676 4688 4677
3 4677 4688 4689
3 4677 4689 4678
3 4678 4689 4690
3 4678 4690 4679
3 4679 4690 4691
3 4679 4691 4680
3 4680 4691 4692
3 4680 4692 4669
3 4669 4692 4681
3 4681 4693 4682
3 4682 4693 4694
3 4682 4694 4683
3 4683 4694 4695
3 4683 4695 4684
3 4684 4695 4696
3 4684 4696 4685
3 4685 4696 4697
3 4685 4697 4686
3 4686 4697 4698
3 4686 4698 4687
3 4687 4698 4699
3 4687 4699 4688
3 4688 4699 4700
3 4688 4700 4689
3 4689 4700 4701
3 4689 4701 4690
3 4690 4701 4702
3 4690 4702 4691
3 4691 4702 4703
3 4691 4703 4692
3 4692 4703 4704
3 4692 4704 4681
3 4681 4704 4693
3 4693 4705 4694
3 4694 4705 4706
3 4694 4706 4695
3 4695 4706 4707
3 4695 4707 4696
3 4696 4707 4708
3 4696 4708 4697
3 4697 4708 4709
3 4697 4709 4698
3 4698 4709 4710
3 4698 4710 4699
3 4699 4710 4711
3 4699 4711 4700
3 4700 4711 4712
3 4700 4712 4701
3 4701 4712 4713
3 4701 4713 4702
3 4702 4713 4714
3 4702 4714 4703
3 4703 4714 4715
3 4703 4715 4704
3 4704 4715 4716
3 4704 4716 4693
3 4693 4716 4705
3 4705 4717 4706
3 4706 4717 4718
3 4706 4718 4707
3 4707 4718 4719
3 4707 4719 4708
3 4708 4719 4720
3 4708 4720 4709
3 4709 4720 4721
3 4709 4721 4710
3 4710 4721 4722
3 4710 4722 4711
3 4711 4722 4723
3 4711 4723 4712
3 4712 4723 4724
3 4712 4724 4713
3 4713 4724 4725
3 4713 4725 4714
3 4714 4725 4726
3 4714 4726 4715
3 4715 4726 4727
3 4715 4727 4716
3 4716 4727 4728
3 4716 4728 4705
3 4705 4728 4717
3 4729 4718 4717
3 4729 4719 4718
3 4729 4720 4719
3 4729 4721 4720
3 4729 4722 4721
3 4729 4723 4722
3 4729 4724 4723
3 4729 4725 4724
3 4729 4726 4725
3 4729 4727 4726
3 4729 4728 4727
3 4729 4717 4728
3 4730 4731 4732
3 4730 4732 4733
3 4730 4733 4734
3 4730 4734 4735
3 4730 4735 4736
3 4730 4736 4737
3 4730 4737 4738
3 4730 4738 4739
3 4730 4739 4740
3 4730 4740 4741
3 4730 4741 4742
3 4730 4742 4731
3 4731 4743 4732
3 4732 4743 4744
3 4732 4744 4733
3 4733 4744 4745
3 4733 4745 4734
3 4734 4745 4746
3 4734 4746 4735
3 4735 4746 4747
3 4735 4747 4736
3 4736 4747 4748
3 4736 4748 4737
3 4737 4748 4749
3 4737 4749 4738
3 4738 4749 4750
3 4738 4750 4739
3 4739 4750 4751
3 4739 4751 4740
3 4740 4751 4752
3 4740 4752 4741
3 4741 4752 4753
3 4741 4753 4742
3 4742 4753 4754
3 4742 4754 4731
3 4731 4754 4743
3 4743 4755 4744
3 4744 4755 4756
3 4744 4756 4745
3 4745 4756 4757
3 4745 4757 4746
3 4746 4757 4758
3 4746 4758 4747
3 4747 4758 4759
3 4747 4759 4748
3 4748 4759 4760
3 4748 4760 4749
3 4749 4760 4761
3 4749 4761 4750
3 4750 4761 4762
3 4750 4762 4751
3 4751 4762 4763
3 4751 4763 4752
3 4752 4763 4764
3 4752 4764 4753
3 4753 4764 4765
3 4753 4765 4754
3 4754 4765 4766
3 4754 4766 4743
3 4743 4766 4755
3 4755 4767 4756
3 4756 4767 4768
3 4756 4768 4757
3 4757 4768 4769
3 4757 4769 4758
3 4758 4769 4770
3 4758 4770 4759
3 4759 4770 4771
3 4759 4771 4760
3 4760 4771 4772
3 4760 4772 4761
3 4761 4772 4773
3 4761 4773 4762
3 4762 4773 4774
3 4762 4774 4763
3 4763 4774 4775
3 4763 4775 4764
3 4764 4775 4776
3 4764 4776 4765
3 4765 4776 4777
3 4765 4777 4766
3 4766 4777 4778
3 4766 4778 4755
3 4755 4778 4767
3 4767 4779 4768
3 4768 4779 4780
3 4768 4780 4769
3 4769 4780 4781
3 4769 4781 4770
3 4770 4781 4782
3 4770 4782 4771
3 4771 4782 4783
3 4771 4783 4772
3 4772 4783 4784
3 4772 4784 4773
3 4773 4784 4785
3 4773 4785 4774
3 4774 4785 4786
3 4774 4786 4775
3 4775 4786 4787
3 4775 4787 4776
3 4776 4787 4788
3 4776 4788 4777
3 4777 4788 4789
3 4777 4789 4778
3 4778 4789 4790
3 4778 4790 4767
3 4767 4790 4779
3 4779 4791 4780
3 4780 4791 4792
3 4780 4792 4781
3 4781 4792 4793
3 4781 4793 4782
3 4782 4793 4794
3 4782 4794 4783
3 4783 4794 4795
3 4783 4795 4784
3 4784 4795 4796
3 4784 4796 4785
3 4785 4796 4797
3 4785 4797 4786
3 4786 4797 4798
3 4786 4798 4787
3 4787 4798 4799
3 4787 4799 4788
3 4788 4799 4800
3 4788 4800 4789
3 4789 4800 4801
3 4789 4801 4790
3 4790 4801 4802
3 4790 4802 4779
3 4779 4802 4791
3 4791 4803 4792
3 4792 4803 4804
3 4792 4804 4793
3 4793 4804 4805
3 4793 4805 4794
3 4794 4805 4806
3 4794 4806 4795
3 4795 4806 4807
3 4795 4807 4796
3 4796 4807 4808
3 4796 4808 4797
3 4797 4808 4809
3 4797 4809 4798
3 4798 4809 4810
3 4798 4810 4799
3 4799 4810 4811
3 4799 4811 4800
3 4800 4811 4812
3 4800 4812 4801
3 4801 4812 4813
3 4801 4813 4802
3 4802 4813 4814
3 4802 4814 4791
3 4791 4814 4803
3 4815 4804 4803
3 4815 4805 4804
3 4815 4806 4805
3 4815 4807 4806
3 4815 4808 4807
3 4815 4809 4808
3 4815 4810 4809
3 4815 4811 4810
3 4815 4812 4811
3 4815 4813 4812
3 4815 4814 4813
3 4815 4803 4814
3 4816 4817 4818
3 4816 4818 4819
3 4816 4819 4820
3 4816 4820 4821
3 4816 4821 4822
3 4816 4822 4823
3 4816 4823 4824
3 4816 4824 4825
3 4816 4825 4826
3 4816 4826 4827
3 4816 4827 4828
3 4816 4828 4817
3 4817 4829 4818
3 4818 4829 4830
3 4818 4830 4819
3 4819 4830 4831
3 4819 4831 4820
3 4820 4831 4832
3 4820 4832 4821
3 4821 4832 4833
3 4821 4833 4822
3 4822 4833 4834
3 4822 4834 4823
3 4823 4834 4835
3 4823 4835 4824
3 4824 4835 4836
3 4824 4836 4825
3 4825 4836 4837
3 4825 4837 4826
3 4826 4837 4838
3 4826 4838 4827
3 4827 4838 4839
3 4827 4839 4828
3 4828 4839 4840
3 4828 4840 4817
3 4817 4840 4829
3 4829 4841 4830
3 4830 4841 4842
3 4830 4842 4831
3 4831 4842 4843
3 4831 4843 4832
3 4832 4843 4844
3 4832 4844 4833
3 4833 4844 4845
3 4833 4845 4834
3 4834 4845 4846
3 4834 4846 4835
3 4835 4846 4847
3 4835 4847 4836
3 4836 4847 4848
3 4836 4848 4837
3 4837 4848 4849
3 4837 4849 4838
3 4838 4849 4850
3 4838 4850 4839
3 4839 4850 4851
3 4839 4851 4840
3 4840 4851 4852
3 4840 4852 4829
3 4829 4852 4841
3 4841 4853 4842
3 4842 4853 4854
3 4842 4854 4843
3 4843 4854 4855
3 4843 4855 4844
3 4844 4855 4856
3 4844 4856 4845
3 4845 4856 4857
3 4845 4857 4846
3 4846 4857 4858
3 4846 4858 4847
3 4847 4858 4859
3 4847 4859 4848
3 4848 4859 4860
3 4848 4860 4849
3 4849 4860 4861
3 4849 4861 4850
3 4850 4861 4862
3 4850 4862 4851
3 4851 4862 4863
3 4851 4863 4852
3 4852 4863 4864
3 4852 4864 4841
3 4841 4864 4853
3 4853 4865 4854
3 4854 4865 4866
3 4854 4866 4855
3 4855 4866 4867
3 4855 4867 4856
3 4856 4867 4868
3 4856 4868 4857
3 4857 4868 4869
3 4857 4869 4858
3 4858 4869 4870
3 4858 4870 4859
3 4859 4870 4871
3 4859 4871 4860
3 4860 4871 4872
3 4860 4872 4861
3 4861 4872 4873
3 4861 4873 4862
3 4862 4873 4874
3 4862 4874 4863
3 4863 4874 4875
3 4863 4875 4864
3 4864 4875 4876
3 4864 4876 4853
3 4853 4876 4865
3 4865 4877 4866
3 4866 4877 4878
3 4866 4878 4867
3 4867 4878 4879
3 4867 4879 4868
3 4868 4879 4880
3 4868 4880 4869
3 4869 4880 4881
3 4869 4881 4870
3 4870 4881 4882
3 4870 4882 4871
3 4871 4882 4883
3 4871 4883 4872
3 4872 4883 4884
3 4872 4884 4873
3 4873 4884 4885
3 4873 4885 4874
3 4874 4885 4886
3 4874 4886 4875
3 4875 4886 4887
3 4875 4887 4876
3 4876 4887 4888
3 4876 4888 4865
3 4865 4888 4877
3 4877 4889 4878
3 4878 4889 4890
3 4878 4890 4879
3 4879 4890 4891
3 4879 4891 4880
3 4880 4891 4892
3 4880 4892 4881
3 4881 4892 4893
3 4881 4893 4882
3 4882 4893 4894
3 4882 4894 4883
3 4883 4894 4895
3 4883 4895 4884
3 4884 4895 4896
3 4884 4896 4885
3 4885 4896 4897
3 4885 4897 4886
3 4886 4897 4898
3 4886 4898 4887
3 4887 4898 4899
3 4887 4899 4888
3 4888 4899 4900
3 4888 4900 4877
3 4877 4900 4889
3 4901 4890 4889
3 4901 4891 4890
3 4901 4892 4891
3 4901 4893 4892
3 4901 4894 4893
3 4901 4895 4894
3 4901 4896 4895
3 4901 4897 4896
3 4901 4898 4897
3 4901 4899 4898
3 4901 4900 4899
3 4901 4889 4900
3 4902 4903 4904
3 4902 4904 4905
3 4902 4905 4906
3 4902 4906 4907
3 4902 4907 4908
3 4902 4908 4909
3 4902 4909 4910
3 4902 4910 4911
3 4902 4911 4912
3 4902 4912 4913
3 4902 4913 4914
3 4902 4914 4903
3 4903 4915 4904
3 4904 4915 4916
3 4904 4916 4905
3 4905 4916 4917
3 4905 4917 4906
3 4906 4917 4918
3 4906 4918 4907
3 4907 4918 4919
3 4907 4919 4908
3 4908 4919 4920
3 4908 4920 4909
3 4909 4920 4921
3 4909 4921 4910
3 4910 4921 4922
3 4910 4922 4911
3 4911 4922 4923
3 4911 4923 4912
3 4912 4923 4924
3 4912 4924 4913
3 4913 4924 4925
3 4913 4925 4914
3 4914 4925 4926
3 4914 4926 4903
3 4903 4926 4915
3 4915 4927 4916
3 4916 4927 4928
3 4916 4928 4917
3 4917 4928 4929
3 4917 4929 4918
3 4918 4929 4930
3 4918 4930 4919
3 4919 4930 4931
3 4919 4931 4920
3 4920 4931 4932
3 4920 4932 4921
3 4921 4932 4933
3 4921 4933 4922
3 4922 4933 4934
3 4922 4934 4923
3 4923 4934 4935
3 4923 4935 4924
3 4924 4935 4936
3 4924 4936 4925
3 4925 4936 4937
3 4925 4937 4926
3 4926 4937 4938
3 4926 4938 4915
3 4915 4938 4927
3 4927 4939 4928
3 4928 4939 4940
3 4928 4940 4929
3 4929 4940 4941
3 4929 4941 4930
3 4930 4941 4942
3 4930 4942 4931
3 4931 4942 4943
3 4931 4943 4932
3 4932 4943 4944
3 4932 4944 4933
3 4933 4944 4945
3 4933 4945 4934
3 4934 4945 4946
3 4934 4946 4935
3 4935 4946 4947
3 4935 4947 4936
3 4936 4947 4948
3 4936 4948 4937
3 4937 4948 4949
3 4937 4949 4938
3 4938 4949 4950
3 4938 4950 4927
3 4927 4950 4939
3 4939 4951 4940
3 4940 4951 4952
3 4940 4952 4941
3 4941 4952 4953
3 4941 4953 4942
3 4942 4953 4954
3 4942 4954 4943
3 4943 4954 4955
3 4943 4955 4944
3 4944 4955 4956
3 4944 4956 4945
3 4945 4956 4957
3 4945 4957 4946
3 4946 4957 4958
3 4946 4958 4947
3 4947 4958 4959
3 4947 4959 4948
3 4948 4959 4960
3 4948 4960 4949
3 4949 4960 4961
3 4949 4961 4950
3 4950 4961 4962
3 4950 4962 4939
3 4939 4962 4951
3 4951 4963 4952
3 4952 4963 4964
3 4952 4964 4953
3 4953 4964 4965
3 4953 4965 4954
3 4954 4965 4966
3 4954 4966 4955
3 4955 4966 4967
3 4955 4967 4956
3 4956 4967 4968
3 4956 4968 4957
3 4957 4968 4969
3 4957 4969 4958
3 4958 4969 4970
3 4958 4970 4959
3 4959 4970 4971
3 4959 4971 4960
3 4960 4971 4972
3 4960 4972 4961
3 4961 4972 4973
3 4961 4973 4962
3 4962 4973 4974
3 4962 4974 4951
3 4951 4974 4963
3 4963 4975 4964
3 4964 4975 4976
3 4964 4976 4965
3 4965 4976 4977
3 4965 4977 4966
3 4966 4977 4978
3 4966 4978 4967
3 4967 4978 4979
3 4967 4979 4968
3 4968 4979 4980
3 4968 4980 4969
3 4969 4980 4981
3 4969 4981 4970
3 4970 4981 4982
3 4970 4982 4971
3 4971 4982 4983
3 4971 4983 4972
3 4972 4983 4984
3 4972 4984 4973
3 4973 4984 4985
3 4973 4985 4974
3 4974 4985 4986
3 4974 4986 4963
3 4963 4986 4975
3 4987 4976 4975
3 4987 4977 4976
3 4987 4978 4977
3 4987 4979 4978
3 4987 4980 4979
3 4987 4981 4980
3 4987 4982 4981
3 4987 4983 4982
3 4987 4984 4983
3 4987 4985 4984
3 4987 4986 4985
3 4987 4975 4986
3 4988 4989 4990
3 4988 4990 4991
3 4988 4991 4992
3 4988 4992 4993
3 4988 4993 4994
3 4988 4994 4995
3 4988 4995 4996
3 4988 4996 4997
3 4988 4997 4998
3 4988 4998 4999
3 4988 4999 5000
3 4988 5000 4989
3 4989 5001 4990
3 4990 5001 5002
3 4990 5002 4991
3 4991 5002 5003
3 4991 5003 4992
3 4992 5003 5004
3 4992 5004 4993
3 4993 5004 5005
3 4993 5005 4994
3 4994 5005 5006
3 4994 5006 4995
3 4995 5006 5007
3 4995 5007 4996
3 4996 5007 5008
3 4996 5008 4997
3 4997 5008 5009
3 4997 5009 4998
3 4998 5009 5010
3 4998 5010 4999
3 4999 5010 5011
3 4999 5011 5000
3 5000 5011 5012
3 5000 5012 4989
3 4989 5012 5001
3 5001 5013 5002
3 5002 5013 5014
3 5002 5014 5003
3 5003 5014 5015
3 5003 5015 5004
3 5004 5015 5016
3 5004 5016 5005
3 5005 5016 5017
3 5005 5017 5006
3 5006 5017 5018
3 5006 5018 5007
3 5007 5018 5019
3 5007 5019 5008
3 5008 5019 5020
3 5008 5020 5009
3 5009 5020 5021
3 5009 5021 5010
3 5010 5021 5022
3 5010 5022 5011
3 5011 5022 5023
3 5011 5023 5012
3 5012 5023 5024
3 5012 5024 5001
3 5001 5024 5013
3 5013 5025 5014
3 5014 5025 5026
3 5014 5026 5015
3 5015 5026 5027
3 5015 5027 5016
3 5016 5027 5028
3 5016 5028 5017
3 5017 5028 5029
3 5017 5029 5018
3 5018 5029 5030
3 5018 5030 5019
3 5019 5030 5031
3 5019 5031 5020
3 5020 5031 5032
3 5020 5032 5021
3 5021 5032 5033
3 5021 5033 5022
3 5022 5033 5034
3 5022 5034 5023
3 5023 5034 5035
3 5023 5035 5024
3 5024 5035 5036
3 5024 5036 5013
3 5013 5036 5025
3 5025 5037 5026
3 5026 5037 5038
3 5026 5038 5027
3 5027 5038 5039
3 5027 5039 5028
3 5028 5039 5040
3 5028 5040 5029
3 5029 5040 5041
3 5029 5041 5030
3 5030 5041 5042
3 5030 5042 5031
3 5031 5042 5043
3 5031 5043 5032
3 5032 5043 5044
3 5032 5044 5033
3 5033 5044 5045
3 5033 5045 5034
3 5034 5045 5046
3 5034 5046 5035
3 5035 5046 5047
3 5035 5047 5036
3 5036 5047 5048
3 5036 5048 5025
3 5025 5048 5037
3 5037 5049 5038
3 5038 5049 5050
3 5038 5050 5039
3 5039 5050 5051
3 5039 5051 5040
3 5040 5051 5052
3 5040 5052 5041
3 5041 5052 5053
3 5041 5053 5042
3 5042 5053 5054
3 5042 5054 5043
3 5043 5054 5055
3 5043 5055 5044
3 5044 5055 5056
3 5044 5056 5045
3 5045 5056 5057
3 5045 5057 5046
3 5046 5057 5058
3 5046 5058 5047
3 5047 5058 5059
3 5047 5059 5048
3 5048 5059 5060
3 5048 5060 5037
3 5037 5060 5049
3 5049 5061 5050
3 5050 5061 5062
3 5050 5062 5051
3 5051 5062 5063
3 5051 5063 5052
3 5052 5063 5064
3 5052 5064 5053
3 5053 5064 5065
3 5053 5065 5054
3 5054 5065 5066
3 5054 5066 5055
3 5055 5066 5067
3 5055 5067 5056
3 5056 5067 5068
3 5056 5068 5057
3 5057 5068 5069
3 5057 5069 5058
3 5058 5069 5070
3 5058 5070 5059
3 5059 5070 5071
3 5059 5071 5060
3 5060 5071 5072
3 5060 5072 5049
3 5049 5072 5061
3 5073 5062 5061
3 5073 5063 5062
3 5073 5064 5063
3 5073 5065 5064
3 5073 5066 5065
3 5073 5067 5066
3 5073 5068 5067
3 5073 5069 5068
3 5073 5070 5069
3 5073 5071 5070
3 5073 5072 5071
3 5073 5061 5072
3 5074 5075 5076
3 5074 5076 5077
3 5074 5077 5078
3 5074 5078 5079
3 5074 5079 5080
3 5074 5080 5081
3 5074 5081 5082
3 5074 5082 5083
3 5074 5083 5084
3 5074 5084 5085
3 5074 5085 5086
3 5074 5086 5075
3 5075 5087 5076
3 5076 5087 5088
3 5076 5088 5077
3 5077 5088 5089
3 5077 5089 5078
3 5078 5089 5090
3 5078 5090 5079
3 5079 5090 5091
3 5079 5091 5080
3 5080 5091 5092
3 5080 5092 5081
3 5081 5092 5093
3 5081 5093 5082
3 5082 5093 5094
3 5082 5094 5083
3 5083 5094 5095
3 5083 5095 5084
3 5084 5095 5096
3 5084 5096 5085
3 5085 5096 5097
3 5085 5097 5086
3 5086 5097 5098
3 5086 5098 5075
3 5075 5098 5087
3 5087 5099 5088
3 5088 5099 5100
3 5088 5100 5089
3 5089 5100 5101
3 5089 5101 5090
3 5090 5101 5102
3 5090 5102 5091
3 5091 5102 5103
3 5091 5103 5092
3 5092 5103 5104
3 5092 5104 5093
3 5093 5104 5105
3 5093 5105 5094
3 5094 5105 5106
3 5094 5106 5095
3 5095 5106 5107
3 5095 5107 5096
3 5096 5107 5108
3 5096 5108 5097
3 5097 5108 5109
3 5097 5109 5098
3 5098 5109 5110
3 5098 5110 5087
3 5087 5110 5099
3 5099 5111 5100
3 5100 5111 5112
3 5100 5112 5101
3 5101 5112 5113
3 5101 5113 5102
3 5102 5113 5114
3 5102 5114 5103
3 5103 5114 5115
3 5103 5115 5104
3 5104 5115 5116
3 5104 5116 5105
3 5105 5116 5117
3 5105 5117 5106
3 5106 5117 5118
3 5106 5118 5107
3 5107 5118 5119
3 5107 5119 5108
3 5108 5119 5120
3 5108 5120 5109
3 5109 5120 5121
3 5109 5121 5110
3 5110 5121 5122
3 5110 5122 5099
3 5099 5122 5111
3 5111 5123 5112
3 5112 5123 5124
3 5112 5124 5113
3 5113 5124 5125
3 5113 5125 5114
3 5114 5125 5126
3 5114 5126 5115
3 5115 5126 5127
3 5115 5127 5116
3 5116 5127 5128
3 5116 5128 5117
3 5117 5128 5129
3 5117 5129 5118
3 5118 5129 5130
3 5118 5130 5119
3 5119 5130 5131
3 5119 5131 5120
3 5120 5131 5132
3 5120 5132 5121
3 5121 5132 5133
3 5121 5133 5122
3 5122 5133 5134
3 5122 5134 5111
3 5111 5134 5123
3 5123 5135 5124
3 5124 5135 5136
3 5124 5136 5125
3 5125 5136 5137
3 5125 5137 5126
3 5126 5137 5138
3 5126 5138 5127
3 5127 5138 5139
3 5127 5139 5128
3 5128 5139 5140
3 5128 5140 5129
3 5129 5140 5141
3 5129 5141 5130
3 5130 5141 5142
3 5130 5142 5131
3 5131 5142 5143
3 5131 5143 5132
3 5132 5143 5144
3 5132 5144 5133
3 5133 5144 5145
3 5133 5145 5134
3 5134 5145 5146
3 5134 5146 5123
3 5123 5146 5135
3 5135 5147 5136
3 5136 5147 5148
3 5136 5148 5137
3 5137 5148 5149
3 5137 5149 5138
3 5138 5149 5150
3 5138 5150 5139
3 5139 5150 5151
3 5139 5151 5140
3 5140 5151 5152
3 5140 5152 5141
3 5141 5152 5153
3 5141 5153 5142
3 5142 5153 5154
3 5142 5154 5143
3 5143 5154 5155
3 5143 5155 5144
3 5144 5155 5156
3 5144 5156 5145
3 5145 5156 5157
3 5145 5157 5146
3 5146 5157 5158
3 5146 5158 5135
3 5135 5158 5147
3 5159 5148 5147
3 5159 5149 5148
3 5159 5150 5149
3 5159 5151 5150
3 5159 5152 5151
3 5159 5153 5152
3 5159 5154 5153
3 5159 5155 5154
3 5159 5156 5155
3 5159 5157 5156
3 5159 5158 5157
3 5159 5147 5158
3 5160 5161 5162
3 5160 5162 5163
3 5160 5163 5164
3 5160 5164 5165
3 5160 5165 5166
3 5160 5166 5167
3 5160 5167 5168
3 5160 5168 5169
3 5160 5169 5170
3 5160 5170 5171
3 5160 5171 5172
3 5160 5172 5161
3 5161 5173 5162
3 5162 5173 5174
3 5162 5174 5163
3 5163 5174 5175
3 5163 5175 5164
3 5164 5175 5176
3 5164 5176 5165
3 5165 5176 5177
3 5165 5177 5166
3 5166 5177 5178
3 5166 5178 5167
3 5167 5178 5179
3 5167 5179 5168
3 5168 5179 5180
3 5168 5180 5169
3 5169 5180 5181
3 5169 5181 5170
3 5170 5181 5182
3 5170 5182 5171
3 5171 5182 5183
3 5171 5183 5172
3 5172 5183 5184
3 5172 5184 5161
3 5161 5184 5173
3 5173 5185 5174
3 5174 5185 5186
3 5174 5186 5175
3 5175 5186 5187
3 5175 5187 5176
3 5176 5187 5188
3 5176 5188 5177
3 5177 5188 5189
3 5177 5189 5178
3 5178 5189 5190
3 5178 5190 5179
3 5179 5190 5191
3 5179 5191 5180
3 5180 5191 5192
3 5180 5192 5181
3 5181 5192 5193
3 5181 5193 5182
3 5182 5193 5194
3 5182 5194 5183
3 5183 5194 5195
3 5183 5195 5184
3 5184 5195 5196
3 5184 5196 5173
3 5173 5196 5185
3 5185 5197 5186
3 5186 5197 5198
3 5186 5198 5187
3 5187 5198 5199
3 5187 5199 5188
3 5188 5199 5200
3 5188 5200 5189
3 5189 5200 5201
3 5189 5201 5190
3 5190 5201 5202
3 5190 5202 5191
3 5191 5202 5203
3 5191 5203 5192
3 5192 5203 5204
3 5192 5204 5193
3 5193 5204 5205
3 5193 5205 5194
3 5194 5205 5206
3 5194 5206 5195
3 5195 5206 5207
3 5195 5207 5196
3 5196 5207 5208
3 5196 5208 5185
3 5185 5208 5197
3 5197 5209 5198
3 5198 5209 5210
3 5198 5210 5199
3 5199 5210 5211
3 5199 5211 5200
3 5200 5211 5212
3 5200 5212 5201
3 5201 5212 5213
3 5201 5213 5202
3 5202 5213 5214
3 5202 5214 5203
3 5203 5214 5215
3 5203 5215 5204
3 5204 5215 5216
3 5204 5216 5205
3 5205 5216 5217
3 5205 5217 5206
3 5206 5217 5218
3 5206 5218 5207
3 5207 5218 5219
3 5207 5219 5208
3 5208 5219 5220
3 5208 5220 5197
3 5197 5220 5209
3 5209 5221 5210
3 5210 5221 5222
3 5210 5222 5211
3 5211 5222 5223
3 5211 5223 5212
3 5212 5223 5224
3 5212 5224 5213
3 5213 5224 5225
3 5213 5225 5214
3 5214 5225 5226
3 5214 5226 5215
3 5215 5226 5227
3 5215 5227 5216
3 5216 5227 5228
3 5216 5228 5217
3 5217 5228 5229
3 5217 5229 5218
3 5218 5229 5230
3 5218 5230 5219
3 5219 5230 5231
3 5219 5231 5220
3 5220 5231 5232
3 5220 5232 5209
3 5209 5232 5221
3 5221 5233 5222
3 5222 5233 5234
3 5222 5234 5223
3 5223 5234 5235
3 5223 5235 5224
3 5224 5235 5236
3 5224 5236 5225
3 5225 5236 5237
3 5225 5237 5226
3 5226 5237 5238
3 5226 5238 5227
3 5227 5238 5239
3 5227 5239 5228
3 5228 5239 5240
3 5228 5240 5229
3 5229 5240 5241
3 5229 5241 5230
3 5230 5241 5242
3 5230 5242 5231
3 5231 5242 5243
3 5231 5243 5232
3 5232 5243 5244
3 5232 5244 5221
3 5221 5244 5233
3 5245 5234 5233
3 5245 5235 5234
3 5245 5236 5235
3 5245 5237 5236
3 5245 5238 5237
3 5245 5239 5238
3 5245 5240 5239
3 5245 5241 5240
3 5245 5242 5241
3 5245 5243 5242
3 5245 5244 5243
3 5245 5233 5244
3 5246 5247 5248
3 5246 5248 5249
3 5246 5249 5250
3 5246 5250 5251
3 5246 5251 5252
3 5246 5252 5253
3 5246 5253 5254
3 5246 5254 5255
3 5246 5255 5256
3 5246 5256 5257
3 5246 5257 5258
3 5246 5258 5247
3 5247 5259 5248
3 5248 5259 5260
3 5248 5260 5249
3 5249 5260 5261
3 5249 5261 5250
3 5250 5261 5262
3 5250 5262 5251
3 5251 5262 5263
3 5251 5263 5252
3 5252 5263 5264
3 5252 5264 5253
3 5253 5264 5265
3 5253 5265 5254
3 5254 5265 5266
3 5254 5266 5255
3 5255 5266 5267
3 5255 5267 5256
3 5256 5267 5268
3 5256 5268 5257
3 5257 5268 5269
3 5257 5269 5258
3 5258 5269 5270
3 5258 5270 5247
3 5247 5270 5259
3 5259 5271 5260
3 5260 5271 5272
3 5260 5272 5261
3 5261 5272 5273
3 5261 5273 5262
3 5262 5273 5274
3 5262 5274 5263
3 5263 5274 5275
3 5263 5275 5264
3 5264 5275 5276
3 5264 5276 5265
3 5265 5276 5277
3 5265 5277 5266
3 5266 5277 5278
3 5266 5278 5267
3 5267 5278 5279
3 5267 5279 5268
3 5268 5279 5280
3 5268 5280 5269
3 5269 5280 5281
3 5269 5281 5270
3 5270 5281 5282
3 5270 5282 5259
3 5259 5282 5271
3 5271 5283 5272
3 5272 5283 5284
3 5272 5284 5273
3 5273 5284 5285
3 5273 5285 5274
3 5274 5285 5286
3 5274 5286 5275
3 5275 5286 5287
3 5275 5287 5276
3 5276 5287 5288
3 5276 5288 5277
3 5277 5288 5289
3 5277 5289 5278
3 5278 5289 5290
3 5278 5290 5279
3 5279 5290 5291
3 5279 5291 5280
3 5280 5291 5292
3 5280 5292 5281
3 5281 5292 5293
3 5281 5293 5282
3 5282 5293 5294
3 5282 5294 5271
3 5271 5294 5283
3 5283 5295 5284
3 5284 5295 5296
3 5284 5296 5285
3 5285 5296 5297
3 5285 5297 5286
3 5286 5297 5298
3 5286 5298 5287
3 5287 5298 5299
3 5287 5299 5288
3 5288 5299 5300
3 5288 5300 5289
3 5289 5300 5301
3 5289 5301 5290
3 5290 5301 5302
3 5290 5302 5291
3 5291 5302 5303
3 5291 5303 5292
3 5292 5303 5304
3 5292 5304 5293
3 5293 5304 5305
3 5293 5305 5294
3 5294 5305 5306
3 5294 5306 5283
3 5283 5306 5295
3 5295 5307 5296
3 5296 5307 5308
3 5296 5308 5297
3 5297 5308 5309
3 5297 5309 5298
3 5298 5309 5310
3 5298 5310 5299
3 5299 5310 5311
3 5299 5311 5300
3 5300 5311 5312
3 5300 5312 5301
3 5301 5312 5313
3 5301 5313 5302
3 5302 5313 5314
3 5302 5314 5303
3 5303 5314 5315
3 5303 5315 5304
3 5304 5315 5316
3 5304 5316 5305
3 5305 5316 5317
3 5305 5317 5306
3 5306 5317 5318
3 5306 5318 5295
3 5295 5318 5307
3 5307 5319 5308
3 5308 5319 5320
3 5308 5320 5309
3 5309 5320 5321
3 5309 5321 5310
3 5310 5321 5322
3 5310 5322 5311
3 5311 5322 5323
3 5311 5323 5312
3 5312 5323 5324
3 5312 5324 5313
3 5313 5324 5325
3 5313 5325 5314
3 5314 5325 5326
3 5314 5326 5315
3 5315 5326 5327
3 5315 5327 5316
3 5316 5327 5328
3 5316 5328 5317
3 5317 5328 5329
3 5317 5329 5318
3 5318 5329 5330
3 5318 5330 5307
3 5307 5330 5319
3 5331 5320 5319
3 5331 5321 5320
3 5331 5322 5321
3 5331 5323 5322
3 5331 5324 5323
3 5331 5325 5324
3 5331 5326 5325
3 5331 5327 5326
3 5331 5328 5327
3 5331 5329 5328
3 5331 5330 5329
3 5331 5319 5330
3 5332 5333 5334
3 5332 5334 5335
3 5332 5335 5336
3 5332 5336 5337
3 5332 5337 5338
3 5332 5338 5339
3 5332 5339 5340
3 5332 5340 5341
3 5332 5341 5342
3 5332 5342 5343
3 5332 5343 5344
3 5332 5344 5333
3 5333 5345 5334
3 5334 5345 5346
3 5334 5346 5335
3 5335 5346 5347
3 5335 5347 5336
3 5336 5347 5348
3 5336 5348 5337
3 5337 5348 5349
3 5337 5349 5338
3 5338 5349 5350
3 5338 5350 5339
3 5339 5350 5351
3 5339 5351 5340
3 5340 5351 5352
3 5340 5352 5341
3 5341 5352 5353
3 5341 5353 5342
3 5342 5353 5354
3 5342 5354 5343
3 5343 5354 5355
3 5343 5355 5344
3 5344 5355 5356
3 5344 5356 5333
3 5333 5356 5345
3 5345 5357 5346
3 5346 5357 5358
3 5346 5358 5347
3 5347 5358 5359
3 5347 5359 5348
3 5348 5359 5360
3 5348 5360 5349
3 5349 5360 5361
3 5349 5361 5350
3 5350 5361 5362
3 5350 5362 5351
3 5351 5362 5363
3 5351 5363 5352
3 5352 5363 5364
3 5352 5364 5353
3 5353 5364 5365
3 5353 5365 5354
3 5354 5365 5366
3 5354 5366 5355
3 5355 5366 5367
3 5355 5367 5356
3 5356 5367 5368
3 5356 5368 5345
3 5345 5368 5357
3 5357 5369 5358
3 5358 5369 5370
3 5358 5370 5359
3 5359 5370 5371
3 5359 5371 5360
3 5360 5371 5372
3 5360 5372 5361
3 5361 5372 5373
3 5361 5373 5362
3 5362 5373 5374
3 5362 5374 5363
3 5363 5374 5375
3 5363 5375 5364
3 5364 5375 5376
3 5364 5376 5365
3 5365 5376 5377
3 5365 5377 5366
3 5366 5377 5378
3 5366 5378 5367
3 5367 5378 5379
3 5367 5379 5368
3 5368 5379 5380
3 5368 5380 5357
3 5357 5380 5369
3 5369 5381 5370
3 5370 5381 5382
3 5370 5382 5371
3 5371 5382 5383
3 5371 5383 5372
3 5372 5383 5384
3 5372 5384 5373
3 5373 5384 5385
3 5373 5385 5374
3 5374 5385 5386
3 5374 5386 5375
3 5375 5386 5387
3 5375 5387 5376
3 5376 5387 5388
3 5376 5388 5377
3 5377 5388 5389
3 5377 5389 5378
3 5378 5389 5390
3 5378 5390 5379
3 5379 5390 5391
3 5379 5391 5380
3 5380 5391 5392
3 5380 5392 5369
3 5369 5392 5381
3 5381 5393 5382
3 5382 5393 5394
3 5382 5394 5383
3 5383 5394 5395
3 5383 5395 5384
3 5384 5395 5396
3 5384 5396 5385
3 5385 5396 5397
3 5385 5397 5386
3 5386 5397 5398
3 5386 5398 5387
3 5387 5398 5399
3 5387 5399 5388
3 5388 5399 5400
3 5388 5400 5389
3 5389 5400 5401
3 5389 5401 5390
3 5390 5401 5402
3 5390 5402 5391
3 5391 5402 5403
3 5391 5403 5392
3 5392 5403 5404
3 5392 5404 5381
3 5381 5404 5393
3 5393 5405 5394
3 5394 5405 5406
3 5394 5406 5395
3 5395 5406 5407
3 5395 5407 5396
3 5396 5407 5408
3 5396 5408 5397
3 5397 5408 5409
3 5397 5409 5398
3 5398 5409 5410
3 5398 5410 5399
3 5399 5410 5411
3 5399 5411 5400
3 5400 5411 5412
3 5400 5412 5401
3 5401 5412 5413
3 5401 5413 5402
3 5402 5413 5414
3 5402 5414 5403
3 5403 5414 5415
3 5403 5415 5404
3 5404 5415 5416
3 5404 5416 5393
3 5393 5416 5405
3 5417 5406 5405
3 5417 5407 5406
3 5417 5408 5407
3 5417 5409 5408
3 5417 5410 5409
3 5417 5411 5410
3 5417 5412 5411
3 5417 5413 5412
3 5417 5414 5413
3 5417 5415 5414
3 5417 5416 5415
3 5417 5405 5416
3 5418 5419 5420
3 5418 5420 5421
3 5418 5421 5422
3 5418 5422 5423
3 5418 5423 5424
3 5418 5424 5425
3 5418 5425 5426
3 5418 5426 5427
3 5418 5427 5428
3 5418 5428 5429
3 5418 5429 5430
3 5418 5430 5419
3 5419 5431 5420
3 5420 5431 5432
3 5420 5432 5421
3 5421 5432 5433
3 5421 5433 5422
3 5422 5433 5434
3 5422 5434 5423
3 5423 5434 5435
3 5423 5435 5424
3 5424 5435 5436
3 5424 5436 5425
3 5425 5436 5437
3 5425 5437 5426
3 5426 5437 5438
3 5426 5438 5427
3 5427 5438 5439
3 5427 5439 5428
3 5428 5439 5440
3 5428 5440 5429
3 5429 5440 5441
3 5429 5441 5430
3 5430 5441 5442
3 5430 5442 5419
3 5419 5442 5431
3 5431 5443 5432
3 5432 5443 5444
3 5432 5444 5433
3 5433 5444 5445
3 5433 5445 5434
3 5434 5445 5446
3 5434 5446 5435
3 5435 5446 5447
3 5435 5447 5436
3 5436 5447 5448
3 5436 5448 5437
3 5437 5448 5449
3 5437 5449 5438
3 5438 5449 5450
3 5438 5450 5439
3 5439 5450 5451
3 5439 5451 5440
3 5440 5451 5452
3 5440 5452 5441
3 5441 5452 5453
3 5441 5453 5442
3 5442 5453 5454
3 5442 5454 5431
3 5431 5454 5443
3 5443 5455 5444
3 5444 5455 5456
3 5444 5456 5445
3 5445 5456 5457
3 5445 5457 5446
3 5446 5457 5458
3 5446 5458 5447
3 5447 5458 5459
3 5447 5459 5448
3 5448 5459 5460
3 5448 5460 5449
3 5449 5460 5461
3 5449 5461 5450
3 5450 5461 5462
3 5450 5462 5451
3 5451 5462 5463
3 5451 5463 5452
3 5452 5463 5464
3 5452 5464 5453
3 5453 5464 5465
3 5453 5465 5454
3 5454 5465 5466
3 5454 5466 5443
3 5443 5466 5455
3 5455 5467 5456
3 5456 5467 5468
3 5456 5468 5457
3 5457 5468 5469
3 5457 5469 5458
3 5458 5469 5470
3 5458 5470 5459
3 5459 5470 5471
3 5459 5471 5460
3 5460 5471 5472
3 5460 5472 5461
3 5461 5472 5473
3 5461 5473 5462
3 5462 5473 5474
3 5462 5474 5463
3 5463 5474 5475
3 5463 5475 5464
3 5464 5475 5476
3 5464 5476 5465
3 5465 5476 5477
3 5465 5477 5466
3 5466 5477 5478
3 5466 5478 5455
3 5455 5478 5467
3 5467 5479 5468
3 5468 5479 5480
3 5468 5480 5469
3 5469 5480 5481
3 5469 5481 5470
3 5470 5481 5482
3 5470 5482 5471
3 5471 5482 5483
3 5471 5483 5472
3 5472 5483 5484
3 5472 5484 5473
3 5473 5484 5485
3 5473 5485 5474
3 5474 5485 5486
3 5474 5486 5475
3 5475 5486 5487
3 5475 5487 5476
3 5476 5487 5488
3 5476 5488 5477
3 5477 5488 5489
3 5477 5489 5478
3 5478 5489 5490
3 5478 5490 5467
3 5467 5490 5479
3 5479 5491 5480
3 5480 5491 5492
3 5480 5492 5481
3 5481 5492 5493
3 5481 5493 5482
3 5482 5493 5494
3 5482 5494 5483
3 5483 5494 5495
3 5483 5495 5484
3 5484 5495 5496
3 5484 5496 5485
3 5485 5496 5497
3 5485 5497 5486
3 5486 5497 5498
3 5486 5498 5487
3 5487 5498 5499
3 5487 5499 5488
3 5488 5499 5500
3 5488 5500 5489
3 5489 5500 5501
3 5489 5501 5490
3 5490 5501 5502
3 5490 5502 5479
3 5479 5502 5491
3 5503 5492 5491
3 5503 5493 5492
3 5503 5494 5493
3 5503 5495 5494
3 5503 5496 5495
3 5503 5497 5496
3 5503 5498 5497
3 5503 5499 5498
3 5503 5500 5499
3 5503 5501 5500
3 5503 5502 5501
3 5503 5491 5502
3 5504 5505 5506
3 5504 5506 5507
3 5504 5507 5508
3 5504 5508 5509
3 5504 5509 5510
3 5504 5510 5511
3 5504 5511 5512
3 5504 5512 5513
3 5504 5513 5514
3 5504 5514 5515
3 5504 5515 5516
3 5504 5516 5505
3 5505 5517 5506
3 5506 5517 5518
3 5506 5518 5507
3 5507 5518 5519
3 5507 5519 5508
3 5508 5519 5520
3 5508 5520 5509
3 5509 5520 5521
3 5509 5521 5510
3 5510 5521 5522
3 5510 5522 5511
3 5511 5522 5523
3 5511 5523 5512
3 5512 5523 5524
3 5512 5524 5513
3 5513 5524 5525
3 5513 5525 5514
3 5514 5525 5526
3 5514 5526 5515
3 5515 5526 5527
3 5515 5527 5516
3 5516 5527 5528
3 5516 5528 5505
3 5505 5528 5517
3 5517 5529 5518
3 5518 5529 5530
3 5518 5530 5519
3 5519 5530 5531
3 5519 5531 5520
3 5520 5531 5532
3 5520 5532 5521
3 5521 5532 5533
3 5521 5533 5522
3 5522 5533 5534
3 5522 5534 5523
3 5523 5534 5535
3 5523 5535 5524
3 5524 5535 5536
3 5524 5536 5525
3 5525 5536 5537
3 5525 5537 5526
3 5526 5537 5538
3 5526 5538 5527
3 5527 5538 5539
3 5527 5539 5528
3 5528 5539 5540
3 5528 5540 5517
3 5517 5540 5529
3 5529 5541 5530
3 5530 5541 5542
3 5530 5542 5531
3 5531 5542 5543
3 5531 5543 5532
3 5532 5543 5544
3 5532 5544 5533
3 5533 5544 5545
3 5533 5545 5534
3 5534 5545 5546
3 5534 5546 5535
3 5535 5546 5547
3 5535 5547 5536
3 5536 5547 5548
3 5536 5548 5537
3 5537 5548 5549
3 5537 5549 5538
3 5538 5549 5550
3 5538 5550 5539
3 5539 5550 5551
3 5539 5551 5540
3 5540 5551 5552
3 5540 5552 5529
3 5529 5552 5541
3 5541 5553 5542
3 5542 5553 5554
3 5542 5554 5543
3 5543 5554 5555
3 5543 5555 5544
3 5544 5555 5556
3 5544 5556 5545
3 5545 5556 5557
3 5545 5557 5546
3 5546 5557 5558
3 5546 5558 5547
3 5547 5558 5559
3 5547 5559 5548
3 5548 5559 5560
3 5548 5560 5549
3 5549 5560 5561
3 5549 5561 5550
3 5550 5561 5562
3 5550 5562 5551
3 5551 5562 5563
3 5551 5563 5552
3 5552 5563 5564
3 5552 5564 5541
3 5541 5564 5553
3 5553 5565 5554
3 5554 5565 5566
3 5554 5566 5555
3 5555 5566 5567
3 5555 5567 5556
3 5556 5567 5568
3 5556 5568 5557
3 5557 5568 5569
3 5557 5569 5558
3 5558 5569 5570
3 5558 5570 5559
3 5559 5570 5571
3 5559 5571 5560
3 5560 5571 5572
3 5560 5572 5561
3 5561 5572 5573
3 5561 5573 5562
3 5562 5573 5574
3 5562 5574 5563
3 5563 5574 5575
3 5563 5575 5564
3 5564 5575 5576
3 5564 5576 5553
3 5553 5576 5565
3 5565 5577 5566
3 5566 5577 5578
3 5566 5578 5567
3 5567 5578 5579
3 5567 5579 5568
3 5568 5579 5580
3 5568 5580 5569
3 5569 5580 5581
3 5569 5581 5570
3 5570 5581 5582
3 5570 5582 5571
3 5571 5582 5583
3 5571 5583 5572
3 5572 5583 5584
3 5572 5584 5573
3 5573 5584 5585
3 5573 5585 5574
3 5574 5585 5586
3 5574 5586 5575
3 5575 5586 5587
3 5575 5587 5576
3 5576 5587 5588
3 5576 5588 5565
3 5565 5588 5577
3 5589 5578 5577
3 5589 5579 5578
3 5589 5580 5579
3 5589 5581 5580
3 5589 5582 5581
3 5589 5583 5582
3 5589 5584 5583
3 5589 5585 5584
3 5589 5586 5585
3 5589 5587 5586
3 5589 5588 5587
3 5589 5577 5588
3 5590 5591 5592
3 5590 5592 5593
3 5590 5593 5594
3 5590 5594 5595
3 5590 5595 5596
3 5590 5596 5597
3 5590 5597 5598
3 5590 5598 5599
3 5590 5599 5600
3 5590 5600 5601
3 5590 5601 5602
3 5590 5602 5591
3 5591 5603 5592
3 5592 5603 5604
3 5592 5604 5593
3 5593 5604 5605
3 5593 5605 5594
3 5594 5605 5606
3 5594 5606 5595
3 5595 5606 5607
3 5595 5607 5596
3 5596 5607 5608
3 5596 5608 5597
3 5597 5608 5609
3 5597 5609 5598
3 5598 5609 5610
3 5598 5610 5599
3 5599 5610 5611
3 5599 5611 5600
3 5600 5611 5612
3 5600 5612 5601
3 5601 5612 5613
3 5601 5613 5602
3 5602 5613 5614
3 5602 5614 5591
3 5591 5614 5603
3 5603 5615 5604
3 5604 5615 5616
3 5604 5616 5605
3 5605 5616 5617
3 5605 5617 5606
3 5606 5617 5618
3 5606 5618 5607
3 5607 5618 5619
3 5607 5619 5608
3 5608 5619 5620
3 5608 5620 5609
3 5609 5620 5621
3 5609 5621 5610
3 5610 5621 5622
3 5610 5622 5611
3 5611 5622 5623
3 5611 5623 5612
3 5612 5623 5624
3 5612 5624 5613
3 5613 5624 5625
3 5613 5625 5614
3 5614 5625 5626
3 5614 5626 5603
3 5603 5626 5615
3 5615 5627 5616
3 5616 5627 5628
3 5616 5628 5617
3 5617 5628 5629
3 5617 5629 5618
3 5618 5629 5630
3 5618 5630 5619
3 5619 5630 5631
3 5619 5631 5620
3 5620 5631 5632
3 5620 5632 5621
3 5621 5632 5633
3 5621 5633 5622
3 5622 5633 5634
3 5622 5634 5623
3 5623 5634 5635
3 5623 5635 5624
3 5624 5635 5636
3 5624 5636 5625
3 5625 5636 5637
3 5625 5637 5626
3 5626 5637 5638
3 5626 5638 5615
3 5615 5638 5627
3 5627 5639 5628
3 5628 5639 5640
3 5628 5640 5629
3 5629 5640 5641
3 5629 5641 5630
3 5630 5641 5642
3 5630 5642 5631
3 5631 5642 5643
3 5631 5643 5632
3 5632 5643 5644
3 5632 5644 5633
3 5633 5644 5645
3 5633 5645 5634
3 5634 5645 5646
3 5634 5646 5635
3 5635 5646 5647
3 5635 5647 5636
3 5636 5647 5648
3 5636 5648 5637
3 5637 5648 5649
3 5637 5649 5638
3 5638 5649 5650
3 5638 5650 5627
3 5627 5650 5639
3 5639 5651 5640
3 5640 5651 5652
3 5640 5652 5641
3 5641 5652 5653
3 5641 5653 5642
3 5642 5653 5654
3 5642 5654 5643
3 5643 5654 5655
3 5643 5655 5644
3 5644 5655 5656
3 5644 5656 5645
3 5645 5656 5657
3 5645 5657 5646
3 5646 5657 5658
3 5646 5658 5647
3 5647 5658 5659
3 5647 5659 5648
3 5648 5659 5660
3 5648 5660 5649
3 5649 5660 5661
3 5649 5661 5650
3 5650 5661 5662
3 5650 5662 5639
3 5639 5662 5651
3 5651 5663 5652
3 5652 5663 5664
3 5652 5664 5653
3 5653 5664 5665
3 5653 5665 5654
3 5654 5665 5666
3 5654 5666 5655
3 5655 5666 5667
3 5655 5667 5656
3 5656 5667 5668
3 5656 5668 5657
3 5657 5668 5669
3 5657 5669 5658
3 5658 5669 5670
3 5658 5670 5659
3 5659 5670 5671
3 5659 5671 5660
3 5660 5671 5672
3 5660 5672 5661
3 5661 5672 5673
3 5661 5673 5662
3 5662 5673 5674
3 5662 5674 5651
3 5651 5674 5663
3 5675 5664 5663
3 5675 5665 5664
3 5675 5666 5665
3 5675 5667 5666
3 5675 5668 5667
3 5675 5669 5668
3 5675 5670 5669
3 5675 5671 5670
3 5675 5672 5671
3 5675 5673 5672
3 5675 5674 5673
3 5675 5663 5674
3 5676 5677 5678
3 5676 5678 5679
3 5676 5679 5680
3 5676 5680 5681
3 5676 5681 5682
3 5676 5682 5683
3 5676 5683 5684
3 5676 5684 5685
3 5676 5685 5686
3 5676 5686 5687
3 5676 5687 5688
3 5676 5688 5677
3 5677 5689 5678
3 5678 5689 5690
3 5678 5690 5679
3 5679 5690 5691
3 5679 5691 5680
3 5680 5691 5692
3 5680 5692 5681
3 5681 5692 5693
3 5681 5693 5682
3 5682 5693 5694
3 5682 5694 5683
3 5683 5694 5695
3 5683 5695 5684
3 5684 5695 5696
3 5684 5696 5685
3 5685 5696 5697
3 5685 5697 5686
3 5686 5697 5698
3 5686 5698 5687
3 5687 5698 5699
3 5687 5699 5688
3 5688 5699 5700
3 5688 5700 5677
3 5677 5700 5689
3 5689 5701 5690
3 5690 5701 5702
3 5690 5702 5691
3 5691 5702 5703
3 5691 5703 5692
3 5692 5703 5704
3 5692 5704 5693
3 5693 5704 5705
3 5693 5705 5694
3 5694 5705 5706
3 5694 5706 5695
3 5695 5706 5707
3 5695 5707 5696
3 5696 5707 5708
3 5696 5708 5697
3 5697 5708 5709
3 5697 5709 5698
3 5698 5709 5710
3 5698 5710 5699
3 5699 5710 5711
3 5699 5711 5700
3 5700 5711 5712
3 5700 5712 5689
3 5689 5712 5701
3 5701 5713 5702
3 5702 5713 5714
3 5702 5714 5703
3 5703 5714 5715
3 5703 5715 5704
3 5704 5715 5716
3 5704 5716 5705
3 5705 5716 5717
3 5705 5717 5706
3 5706 5717 5718
3 5706 5718 5707
3 5707 5718 5719
3 5707 5719 5708
3 5708 5719 5720
3 5708 5720 5709
3 5709 5720 5721
3 5709 5721 5710
3 5710 5721 5722
3 5710 5722 5711
3 5711 5722 5723
3 5711 5723 5712
3 5712 5723 5724
3 5712 5724 5701
3 5701 5724 5713
3 5713 5725 5714
3 5714 5725 5726
3 5714 5726 5715
3 5715 5726 5727
3 5715 5727 5716
3 5716 5727 5728
3 5716 5728 5717
3 5717 5728 5729
3 5717 5729 5718
3 5718 5729 5730
3 5718 5730 5719
3 5719 5730 5731
3 5719 5731 5720
3 5720 5731 5732
3 5720 5732 5721
3 5721 5732 5733
3 5721 5733 5722
3 5722 5733 5734
3 5722 5734 5723
3 5723 5734 5735
3 5723 5735 5724
3 5724 5735 5736
3 5724 5736 5713
3 5713 5736 5725
3 5725 5737 5726
3 5726 5737 5738
3 5726 5738 5727
3 5727 5738 5739
3 5727 5739 5728
3 5728 5739 5740
3 5728 5740 5729
3 5729 5740 5741
3 5729 5741 5730
3 5730 5741 5742
3 5730 5742 5731
3 5731 5742 5743
3 5731 5743 5732
3 5732 5743 5744
3 5732 5744 5733
3 5733 5744 5745
3 5733 5745 5734
3 5734 5745 5746
3 5734 5746 5735
3 5735 5746 5747
3 5735 5747 5736
3 5736 5747 5748
3 5736 5748 5725
3 5725 5748 5737
3 5737 5749 5738
3 5738 5749 5750
3 5738 5750 5739
3 5739 5750 5751
3 5739 5751 5740
3 5740 5751 5752
3 5740 5752 5741
3 5741 5752 5753
3 5741 5753 5742
3 5742 5753 5754
3 5742 5754 5743
3 5743 5754 5755
3 5743 5755 5744
3 5744 5755 5756
3 5744 5756 5745
3 5745 5756 5757
3 5745 5757 5746
3 5746 5757 5758
3 5746 5758 5747
3 5747 5758 5759
3 5747 5759 5748
3 5748 5759 5760
3 5748 5760 5737
3 5737 5760 5749
3 5761 5750 5749
3 5761 5751 5750
3 5761 5752 5751
3 5761 5753 5752
3 5761 5754 5753
3 5761 5755 5754
3 5761 5756 5755
3 5761 5757 5756
3 5761 5758 5757
3 5761 5759 5758
3 5761 5760 5759
3 5761 5749 5760
3 5762 5763 5764
3 5762 5764 5765
3 5762 5765 5766
3 5762 5766 5767
3 5762 5767 5768
3 5762 5768 5769
3 5762 5769 5770
3 5762 5770 5771
3 5762 5771 5772
3 5762 5772 5773
3 5762 5773 5774
3 5762 5774 5763
3 5763 5775 5764
3 5764 5775 5776
3 5764 5776 5765
3 5765 5776 5777
3 5765 5777 5766
3 5766 5777 5778
3 5766 5778 5767
3 5767 5778 5779
3 5767 5779 5768
3 5768 5779 5780
3 5768 5780 5769
3 5769 5780 5781
3 5769 5781 5770
3 5770 5781 5782
3 5770 5782 5771
3 5771 5782 5783
3 5771 5783 5772
3 5772 5783 5784
3 5772 5784 5773
3 5773 5784 5785
3 5773 5785 5774
3 5774 5785 5786
3 5774 5786 5763
3 5763 5786 5775
3 5775 5787 5776
3 5776 5787 5788
3 5776 5788 5777
3 5777 5788 5789
3 5777 5789 5778
3 5778 5789 5790
3 5778 5790 5779
3 5779 5790 5791
3 5779 5791 5780
3 5780 5791 5792
3 5780 5792 5781
3 5781 5792 5793
3 5781 5793 5782
3 5782 5793 5794
3 5782 5794 5783
3 5783 5794 5795
3 5783 5795 5784
3 5784 5795 5796
3 5784 5796 5785
3 5785 5796 5797
3 5785 5797 5786
3 5786 5797 5798
3 5786 5798 5775
3 5775 5798 5787
3 5787 5799 5788
3 5788 5799 5800
3 5788 5800 5789
3 5789 5800 5801
3 5789 5801 5790
3 5790 5801 5802
3 5790 5802 5791
3 5791 5802 5803
3 5791 5803 5792
3 5792 5803 5804
3 5792 5804 5793
3 5793 5804 5805
3 5793 5805 5794
3 5794 5805 5806
3 5794 5806 5795
3 5795 5806 5807
3 5795 5807 5796
3 5796 5807 5808
3 5796 5808 5797
3 5797 5808 5809
3 5797 5809 5798
3 5798 5809 5810
3 5798 5810 5787
3 5787 5810 5799
3 5799 5811 5800
3 5800 5811 5812
3 5800 5812 5801
3 5801 5812 5813
3 5801 5813 5802
3 5802 5813 5814
3 5802 5814 5803
3 5803 5814 5815
3 5803 5815 5804
3 5804 5815 5816
3 5804 5816 5805
3 5805 5816 5817
3 5805 5817 5806
3 5806 5817 5818
3 5806 5818 5807
3 5807 5818 5819
3 5807 5819 5808
3 5808 5819 5820
3 5808 5820 5809
3 5809 5820 5821
3 5809 5821 5810
3 5810 5821 5822
3 5810 5822 5799
3 5799 5822 5811
3 5811 5823 5812
3 5812 5823 5824
3 5812 5824 5813
3 5813 5824 5825
3 5813 5825 5814
3 5814 5825 5826
3 5814 5826 5815
3 5815 5826 5827
3 5815 5827 5816
3 5816 5827 5828
3 5816 5828 5817
3 5817 5828 5829
3 5817 5829 5818
3 5818 5829 5830
3 5818 5830 5819
3 5819 5830 5831
3 5819 5831 5820
3 5820 5831 5832
3 5820 5832 5821
3 5821 5832 5833
3 5821 5833 5822
3 5822 5833 5834
3 5822 5834 5811
3 5811 5834 5823
3 5823 5835 5824
3 5824 5835 5836
3 5824 5836 5825
3 5825 5836 5837
3 5825 5837 5826
3 5826 5837 5838
3 5826 5838 5827
3 5827 5838 5839
3 5827 5839 5828
3 5828 5839 5840
3 5828 5840 5829
3 5829 5840 5841
3 5829 5841 5830
3 5830 5841 5842
3 5830 5842 5831
3 5831 5842 5843
3 5831 5843 5832
3 5832 5843 5844
3 5832 5844 5833
3 5833 5844 5845
3 5833 5845 5834
3 5834 5845 5846
3 5834 5846 5823
3 5823 5846 5835
3 5847 5836 5835
3 5847 5837 5836
3 5847 5838 5837
3 5847 5839 5838
3 5847 5840 5839
3 5847 5841 5840
3 5847 5842 5841
3 5847 5843 5842
3 5847 5844 5843
3 5847 5845 5844
3 5847 5846 5845
3 5847 5835 5846
3 5848 5849 5850
3 5848 5850 5851
3 5848 5851 5852
3 5848 5852 5853
3 5848 5853 5854
3 5848 5854 5855
3 5848 5855 5856
3 5848 5856 5857
3 5848 5857 5858
3 5848 5858 5859
3 5848 5859 5860
3 5848 5860 5849
3 5849 5861 5850
3 5850 5861 5862
3 5850 5862 5851
3 5851 5862 5863
3 5851 5863 5852
3 5852 5863 5864
3 5852 5864 5853
3 5853 5864 5865
3 5853 5865 5854
3 5854 5865 5866
3 5854 5866 5855
3 5855 5866 5867
3 5855 5867 5856
3 5856 5867 5868
3 5856 5868 5857
3 5857 5868 5869
3 5857 5869 5858
3 5858 5869 5870
3 5858 5870 5859
3 5859 5870 5871
3 5859 5871 5860
3 5860 5871 5872
3 5860 5872 5849
3 5849 5872 5861
3 5861 5873 5862
3 5862 5873 5874
3 5862 5874 5863
3 5863 5874 5875
3 5863 5875 5864
3 5864 5875 5876
3 5864 5876 5865
3 5865 5876 5877
3 5865 5877 5866
3 5866 5877 5878
3 5866 5878 5867
3 5867 5878 5879
3 5867 5879 5868
3 5868 5879 5880
3 5868 5880 5869
3 5869 5880 5881
3 5869 5881 5870
3 5870 5881 5882
3 5870 5882 5871
3 5871 5882 5883
3 5871 5883 5872
3 5872 5883 5884
3 5872 5884 5861
3 5861 5884 5873
3 5873 5885 5874
3 5874 5885 5886
3 5874 5886 5875
3 5875 5886 5887
3 5875 5887 5876
3 5876 5887 5888
3 5876 5888 5877
3 5877 5888 5889
3 5877 5889 5878
3 5878 5889 5890
3 5878 5890 5879
3 5879 5890 5891
3 5879 5891 5880
3 5880 5891 5892
3 5880 5892 5881
3 5881 5892 5893
3 5881 5893 5882
3 5882 5893 5894
3 5882 5894 5883
3 5883 5894 5895
3 5883 5895 5884
3 5884 5895 5896
3 5884 5896 5873
3 5873 5896 5885
3 5885 5897 5886
3 5886 5897 5898
3 5886 5898 5887
3 5887 5898 5899
3 5887 5899 5888
3 5888 5899 5900
3 5888 5900 5889
3 5889 5900 5901
3 5889 5901 5890
3 5890 5901 5902
3 5890 5902 5891
3 5891 5902 5903
3 5891 5903 5892
3 5892 5903 5904
3 5892 5904 5893
3 5893 5904 5905
3 5893 5905 5894
3 5894 5905 5906
3 5894 5906 5895
3 5895 5906 5907
3 5895 5907 5896
3 5896 5907 5908
3 5896 5908 5885
3 5885 5908 5897
3 5897 5909 5898
3 5898 5909 5910
3 5898 5910 5899
3 5899 5910 5911
3 5899 5911 5900
3 5900 5911 5912
3 5900 5912 5901
3 5901 5912 5913
3 5901 5913 5902
3 5902 5913 5914
3 5902 5914 5903
3 5903 5914 5915
3 5903 5915 5904
3 5904 5915 5916
3 5904 5916 5905
3 5905 5916 5917
3 5905 5917 5906
3 5906 5917 5918
3 5906 5918 5907
3 5907 5918 5919
3 5907 5919 5908
3 5908 5919 5920
3 5908 5920 5897
3 5897 5920 5909
3 5909 5921 5910
3 5910 5921 5922
3 5910 5922 5911
3 5911 5922 5923
3 5911 5923 5912
3 5912 5923 5924
3 5912 5924 5913
3 5913 5924 5925
3 5913 5925 5914
3 5914 5925 5926
3 5914 5926 5915
3 5915 5926 5927
3 5915 5927 5916
3 5916 5927 5928
3 5916 5928 5917
3 5917 5928 5929
3 5917 5929 5918
3 5918 5929 5930
3 5918 5930 5919
3 5919 5930 5931
3 5919 5931 5920
3 5920 5931 5932
3 5920 5932 5909
3 5909 5932 5921
3 5933 5922 5921
3 5933 5923 5922
3 5933 5924 5923
3 5933 5925 5924
3 5933 5926 5925
3 5933 5927 5926
3 5933 5928 5927
3 5933 5929 5928
3 5933 5930 5929
3 5933 5931 5930
3 5933 5932 5931
3 5933 5921 5932
3 5934 5935 5936
3 5934 5936 5937
3 5934 5937 5938
3 5934 5938 5939
3 5934 5939 5940
3 5934 5940 5941
3 5934 5941 5942
3 5934 5942 5943
3 5934 5943 5944
3 5934 5944 5945
3 5934 5945 5946
3 5934 5946 5935
3 5935 5947 5936
3 5936 5947 5948
3 5936 5948 5937
3 5937 5948 5949
3 5937 5949 5938
3 5938 5949 5950
3 5938 5950 5939
3 5939 5950 5951
3 5939 5951 5940
3 5940 5951 5952
3 5940 5952 5941
3 5941 5952 5953
3 5941 5953 5942
3 5942 5953 5954
3 5942 5954 5943
3 5943 5954 5955
3 5943 5955 5944
3 5944 5955 5956
3 5944 5956 5945
3 5945 5956 5957
3 5945 5957 5946
3 5946 5957 5958
3 5946 5958 5935
3 5935 5958 5947
3 5947 5959 5948
3 5948 5959 5960
3 5948 5960 5949
3 5949 5960 5961
3 5949 5961 5950
3 5950 5961 5962
3 5950 5962 5951
3 5951 5962 5963
3 5951 5963 5952
3 5952 5963 5964
3 5952 5964 5953
3 5953 5964 5965
3 5953 5965 5954
3 5954 5965 5966
3 5954 5966 5955
3 5955 5966 5967
3 5955 5967 5956
3 5956 5967 5968
3 5956 5968 5957
3 5957 5968 5969
3 5957 5969 5958
3 5958 5969 5970
3 5958 5970 5947
3 5947 5970 5959
3 5959 5971 5960
3 5960 5971 5972
3 5960 5972 5961
3 5961 5972 5973
3 5961 5973 5962
3 5962 5973 5974
3 5962 5974 5963
3 5963 5974 5975
3 5963 5975 5964
3 5964 5975 5976
3 5964 5976 5965
3 5965 5976 5977
3 5965 5977 5966
3 5966 5977 5978
3 5966 5978 5967
3 5967 5978 5979
3 5967 5979 5968
3 5968 5979 5980
3 5968 5980 5969
3 5969 5980 5981
3 5969 5981 5970
3 5970 5981 5982
3 5970 5982 5959
3 5959 5982 5971
3 5971 5983 5972
3 5972 5983 5984
3 5972 5984 5973
3 5973 5984 5985
3 5973 5985 5974
3 5974 5985 5986
3 5974 5986 5975
3 5975 5986 5987
3 5975 5987 5976
3 5976 5987 5988
3 5976 5988 5977
3 5977 5988 5989
3 5977 5989 5978
3 5978 5989 5990
3 5978 5990 5979
3 5979 5990 5991
3 5979 5991 5980
3 5980 5991 5992
3 5980 5992 5981
3 5981 5992 5993
3 5981 5993 5982
3 5982 5993 5994
3 5982 5994 5971
3 5971 5994 5983
3 5983 5995 5984
3 5984 5995 5996
3 5984 5996 5985
3 5985 5996 5997
3 5985 5997 5986
3 5986 5997 5998
3 5986 5998 5987
3 5987 5998 5999
3 5987 5999 5988
3 5988 5999 6000
3 5988 6000 5989
3 5989 6000 6001
3 5989 6001 5990
3 5990 6001 6002
3 5990 6002 5991
3 5991 6002 6003
3 5991 6003 5992
3 5992 6003 6004
3 5992 6004 5993
3 5993 6004 6005
3 5993 6005 5994
3 5994 6005 6006
3 5994 6006 5983
3 5983 6006 5995
3 5995 6007 5996
3 5996 6007 6008
3 5996 6008 5997
3 5997 6008 6009
3 5997 6009 5998
3 5998 6009 6010
3 5998 6010 5999
3 5999 6010 6011
3 5999 6011 6000
3 6000 6011 6012
3 6000 6012 6001
3 6001 6012 6013
3 6001 6013 6002
3 6002 6013 6014
3 6002 6014 6003
3 6003 6014 6015
3 6003 6015 6004
3 6004 6015 6016
3 6004 6016 6005
3 6005 6016 6017
3 6005 6017 6006
3 6006 6017 6018
3 6006 6018 5995
3 5995 6018 6007
3 6019 6008 6007
3 6019 6009 6008
3 6019 6010 6009
3 6019 6011 6010
3 6019 6012 6011
3 6019 6013 6012
3 6019 6014 6013
3 6019 6015 6014
3 6019 6016 6015
3 6019 6017 6016
3 6019 6018 6017
3 6019 6007 6018
3 6020 6021 6022
3 6020 6022 6023
3 6020 6023 6024
3 6020 6024 6025
3 6020 6025 6026
3 6020 6026 6027
3 6020 6027 6028
3 6020 6028 6029
3 6020 6029 6030
3 6020 6030 6031
3 6020 6031 6032
3 6020 6032 6021
3 6021 6033 6022
3 6022 6033 6034
3 6022 6034 6023
3 6023 6034 6035
3 6023 6035 6024
3 6024 6035 6036
3 6024 6036 6025
3 6025 6036 6037
3 6025 6037 6026
3 6026 6037 6038
3 6026 6038 6027
3 6027 6038 6039
3 6027 6039 6028
3 6028 6039 6040
3 6028 6040 6029
3 6029 6040 6041
3 6029 6041 6030
3 6030 6041 6042
3 6030 6042 6031
3 6031 6042 6043
3 6031 6043 6032
3 6032 6043 6044
3 6032 6044 6021
3 6021 6044 6033
3 6033 6045 6034
3 6034 6045 6046
3 6034 6046 6035
3 6035 6046 6047
3 6035 6047 6036
3 6036 6047 6048
3 6036 6048 6037
3 6037 6048 6049
3 6037 6049 6038
3 6038 6049 6050
3 6038 6050 6039
3 6039 6050 6051
3 6039 6051 6040
3 6040 6051 6052
3 6040 6052 6041
3 6041 6052 6053
3 6041 6053 6042
3 6042 6053 6054
3 6042 6054 6043
3 6043 6054 6055
3 6043 6055 6044
3 6044 6055 6056
3 6044 6056 6033
3 6033 6056 6045
3 6045 6057 6046
3 6046 6057 6058
3 6046 6058 6047
3 6047 6058 6059
3 6047 6059 6048
3 6048 6059 6060
3 6048 6060 6049
3 6049 6060 6061
3 6049 6061 6050
3 6050 6061 6062
3 6050 6062 6051
3 6051 6062 6063
3 6051 6063 6052
3 6052 6063 6064
3 6052 6064 6053
3 6053 6064 6065
3 6053 6065 6054
3 6054 6065 6066
3 6054 6066 6055
3 6055 6066 6067
3 6055 6067 6056
3 6056 6067 6068
3 6056 6068 6045
3 6045 6068 6057
3 6057 6069 6058
3 6058 6069 6070
3 6058 6070 6059
3 6059 6070 6071
3 6059 6071 6060
3 6060 6071 6072
3 6060 6072 6061
3 6061 6072 6073
3 6061 6073 6062
3 6062 6073 6074
3 6062 6074 6063
3 6063 6074 6075
3 6063 6075 6064
3 6064 6075 6076
3 6064 6076 6065
3 6065 6076 6077
3 6065 6077 6066
3 6066 6077 6078
3 6066 6078 6067
3 6067 6078 6079
3 6067 6079 6068
3 6068 6079 6080
3 6068 6080 6057
3 6057 6080 6069
3 6069 6081 6070
3 6070 6081 6082
3 6070 6082 6071
3 6071 6082 6083
3 6071 6083 6072
3 6072 6083 6084
3 6072 6084 6073
3 6073 6084 6085
3 6073 6085 6074
3 6074 6085 6086
3 6074 6086 6075
3 6075 6086 6087
3 6075 6087 6076
3 6076 6087 6088
3 6076 6088 6077
3 6077 6088 6089
3 6077 6089 6078
3 6078 6089 6090
3 6078 6090 6079
3 6079 6090 6091
3 6079 6091 6080
3 6080 6091 6092
3 6080 6092 6069
3 6069 6092 6081
3 6081 6093 6082
3 6082 6093 6094
3 6082 6094 6083
3 6083 6094 6095
3 6083 6095 6084
3 6084 6095 6096
3 6084 6096 6085
3 6085 6096 6097
3 6085 6097 6086
3 6086 6097 6098
3 6086 6098 6087
3 6087 6098 6099
3 6087 6099 6088
3 6088 6099 6100
3 6088 6100 6089
3 6089 6100 6101
3 6089 6101 6090
3 6090 6101 6102
3 6090 6102 6091
3 6091 6102 6103
3 6091 6103 6092
3 6092 6103 6104
3 6092 6104 6081
3 6081 6104 6093
3 6105 6094 6093
3 6105 6095 6094
3 6105 6096 6095
3 6105 6097 6096
3 6105 6098 6097
3 6105 6099 6098
3 6105 6100 6099
3 6105 6101 6100
3 6105 6102 6101
3 6105 6103 6102
3 6105 6104 6103
3 6105 6093 6104
3 6106 6107 6108
3 6106 6108 6109
3 6106 6109 6110
3 6106 6110 6111
3 6106 6111 6112
3 6106 6112 6113
3 6106 6113 6114
3 6106 6114 6115
3 6106 6115 6116
3 6106 6116 6117
3 6106 6117 6118
3 6106 6118 6107
3 6107 6119 6108
3 6108 6119 6120
3 6108 6120 6109
3 6109 6120 6121
3 6109 6121 6110
3 6110 6121 6122
3 6110 6122 6111
3 6111 6122 6123
3 6111 6123 6112
3 6112 6123 6124
3 6112 6124 6113
3 6113 6124 6125
3 6113 6125 6114
3 6114 6125 6126
3 6114 6126 6115
3 6115 6126 6127
3 6115 6127 6116
3 6116 6127 6128
3 6116 6128 6117
3 6117 6128 6129
3 6117 6129 6118
3 6118 6129 6130
3 6118 6130 6107
3 6107 6130 6119
3 6119 6131 6120
3 6120 6131 6132
3 6120 6132 6121
3 6121 6132 6133
3 6121 6133 6122
3 6122 6133 6134
3 6122 6134 6123
3 6123 6134 6135
3 6123 6135 6124
3 6124 6135 6136
3 6124 6136 6125
3 6125 6136 6137
3 6125 6137 6126
3 6126 6137 6138
3 6126 6138 6127
3 6127 6138 6139
3 6127 6139 6128
3 6128 6139 6140
3 6128 6140 6129
3 6129 6140 6141
3 6129 6141 6130
3 6130 6141 6142
3 6130 6142 6119
3 6119 6142 6131
3 6131 6143 6132
3 6132 6143 6144
3 6132 6144 6133
3 6133 6144 6145
3 6133 6145 6134
3 6134 6145 6146
3 6134 6146 6135
3 6135 6146 6147
3 6135 6147 6136
3 6136 6147 6148
3 6136 6148 6137
3 6137 6148 6149
3 6137 6149 6138
3 6138 6149 6150
3 6138 6150 6139
3 6139 6150 6151
3 6139 6151 6140
3 6140 6151 6152
3 6140 6152 6141
3 6141 6152 6153
3 6141 6153 6142
3 6142 6153 6154
3 6142 6154 6131
3 6131 6154 6143
3 6143 6155 6144
3 6144 6155 6156
3 6144 6156 6145
3 6145 6156 6157
3 6145 6157 6146
3 6146 6157 6158
3 6146 6158 6147
3 6147 6158 6159
3 6147 6159 6148
3 6148 6159 6160
3 6148 6160 6149
3 6149 6160 6161
3 6149 6161 6150
3 6150 6161 6162
3 6150 6162 6151
3 6151 6162 6163
3 6151 6163 6152
3 6152 6163 6164
3 6152 6164 6153
3 6153 6164 6165
3 6153 6165 6154
3 6154 6165 6166
3 6154 6166 6143
3 6143 6166 6155
3 6155 6167 6156
3 6156 6167 6168
3 6156 6168 6157
3 6157 6168 6169
3 6157 6169 6158
3 6158 6169 6170
3 6158 6170 6159
3 6159 6170 6171
3 6159 6171 6160
3 6160 6171 6172
3 6160 6172 6161
3 6161 6172 6173
3 6161 6173 6162
3 6162 6173 6174
3 6162 6174 6163
3 6163 6174 6175
3 6163 6175 6164
3 6164 6175 6176
3 6164 6176 6165
3 6165 6176 6177
3 6165 6177 6166
3 6166 6177 6178
3 6166 6178 6155
3 6155 6178 6167
3 6167 6179 6168
3 6168 6179 6180
3 6168 6180 6169
3 6169 6180 6181
3 6169 6181 6170
3 6170 6181 6182
3 6170 6182 6171
3 6171 6182 6183
3 6171 6183 6172
3 6172 6183 6184
3 6172 6184 6173
3 6173 6184 6185
3 6173 6185 6174
3 6174 6185 6186
3 6174 6186 6175
3 6175 6186 6187
3 6175 6187 6176
3 6176 6187 6188
3 6176 6188 6177
3 6177 6188 6189
3 6177 6189 6178
3 6178 6189 6190
3 6178 6190 6167
3 6167 6190 6179
3 6191 6180 6179
3 6191 6181 6180
3 6191 6182 6181
3 6191 6183 6182
3 6191 6184 6183
3 6191 6185 6184
3 6191 6186 6185
3 6191 6187 6186
3 6191 6188 6187
3 6191 6189 6188
3 6191 6190 6189
3 6191 6179 6190
3 6192 6193 6194
3 6192 6194 6195
3 6192 6195 6196
3 6192 6196 6197
3 6192 6197 6198
3 6192 6198 6199
3 6192 6199 6200
3 6192 6200 6201
3 6192 6201 6202
3 6192 6202 6203
3 6192 6203 6204
3 6192 6204 6193
3 6193 6205 6194
3 6194 6205 6206
3 6194 6206 6195
3 6195 6206 6207
3 6195 6207 6196
3 6196 6207 6208
3 6196 6208 6197
3 6197 6208 6209
3 6197 6209 6198
3 6198 6209 6210
3 6198 6210 6199
3 6199 6210 6211
3 6199 6211 6200
3 6200 6211 6212
3 6200 6212 6201
3 6201 6212 6213
3 6201 6213 6202
3 6202 6213 6214
3 6202 6214 6203
3 6203 6214 6215
3 6203 6215 6204
3 6204 6215 6216
3 6204 6216 6193
3 6193 6216 6205
3 6205 6217 6206
3 6206 6217 6218
3 6206 6218 6207
3 6207 6218 6219
3 6207 6219 6208
3 6208 6219 6220
3 6208 6220 6209
3 6209 6220 6221
3 6209 6221 6210
3 6210 6221 6222
3 6210 6222 6211
3 6211 6222 6223
3 6211 6223 6212
3 6212 6223 6224
3 6212 6224 6213
3 6213 6224 6225
3 6213 6225 6214
3 6214 6225 6226
3 6214 6226 6215
3 6215 6226 6227
3 6215 6227 6216
3 6216 6227 6228
3 6216 6228 6205
3 6205 6228 6217
3 6217 6229 6218
3 6218 6229 6230
3 6218 6230 6219
3 6219 6230 6231
3 6219 6231 6220
3 6220 6231 6232
3 6220 6232 6221
3 6221 6232 6233
3 6221 6233 6222
3 6222 6233 6234
3 6222 6234 6223
3 6223 6234 6235
3 6223 6235 6224
3 6224 6235 6236
3 6224 6236 6225
3 6225 6236 6237
3 6225 6237 6226
3 6226 6237 6238
3 6226 6238 6227
3 6227 6238 6239
3 6227 6239 6228
3 6228 6239 6240
3 6228 6240 6217
3 6217 6240 6229
3 6229 6241 6230
3 6230 6241 6242
3 6230 6242 6231
3 6231 6242 6243
3 6231 6243 6232
3 6232 6243 6244
3 6232 6244 6233
3 6233 6244 6245
3 6233 6245 6234
3 6234 6245 6246
3 6234 6246 6235
3 6235 6246 6247
3 6235 6247 6236
3 6236 6247 6248
3 6236 6248 6237
3 6237 6248 6249
3 6237 6249 6238
3 6238 6249 6250
3 6238 6250 6239
3 6239 6250 6251
3 6239 6251 6240
3 6240 6251 6252
3 6240 6252 6229
3 6229 6252 6241
3 6241 6253 6242
3 6242 6253 6254
3 6242 6254 6243
3 6243 6254 6255
3 6243 6255 6244
3 6244 6255 6256
3 6244 6256 6245
3 6245 6256 6257
3 6245 6257 6246
3 6246 6257 6258
3 6246 6258 6247
3 6247 6258 6259
3 6247 6259 6248
3 6248 6259 6260
3 6248 6260 6249
3 6249 6260 6261
3 6249 6261 6250
3 6250 6261 6262
3 6250 6262 6251
3 6251 6262 6263
3 6251 6263 6252
3 6252 6263 6264
3 6252 6264 6241
3 6241 6264 6253
3 6253 6265 6254
3 6254 6265 6266
3 6254 6266 6255
3 6255 6266 6267
3 6255 6267 6256
3 6256 6267 6268
3 6256 6268 6257
3 6257 6268 6269
3 6257 6269 6258
3 6258 6269 6270
3 6258 6270 6259
3 6259 6270 6271
3 6259 6271 6260
3 6260 6271 6272
3 6260 6272 6261
3 6261 6272 6273
3 6261 6273 6262
3 6262 6273 6274
3 6262 6274 6263
3 6263 6274 6275
3 6263 6275 6264
3 6264 6275 6276
3 6264 6276 6253
3 6253 6276 6265
3 6277 6266 6265
3 6277 6267 6266
3 6277 6268 6267
3 6277 6269 6268
3 6277 6270 6269
3 6277 6271 6270
3 6277 6272 6271
3 6277 6273 6272
3 6277 6274 6273
3 6277 6275 6274
3 6277 6276 6275
3 6277 6265 6276
3 6278 6279 6280
3 6278 6280 6281
3 6278 6281 6282
3 6278 6282 6283
3 6278 6283 6284
3 6278 6284 6285
3 6278 6285 6286
3 6278 6286 6287
3 6278 6287 6288
3 6278 6288 6289
3 6278 6289 6290
3 6278 6290 6279
3 6279 6291 6280
3 6280 6291 6292
3 6280 6292 6281
3 6281 6292 6293
3 6281 6293 6282
3 6282 6293 6294
3 6282 6294 6283
3 6283 6294 6295
3 6283 6295 6284
3 6284 6295 6296
3 6284 6296 6285
3 6285 6296 6297
3 6285 6297 6286
3 6286 6297 6298
3 6286 6298 6287
3 6287 6298 6299
3 6287 6299 6288
3 6288 6299 6300
3 6288 6300 6289
3 6289 6300 6301
3 6289 6301 6290
3 6290 6301 6302
3 6290 6302 6279
3 6279 6302 6291
3 6291 6303 6292
3 6292 6303 6304
3 6292 6304 6293
3 6293 6304 6305
3 6293 6305 6294
3 6294 6305 6306
3 6294 6306 6295
3 6295 6306 6307
3 6295 6307 6296
3 6296 6307 6308
3 6296 6308 6297
3 6297 6308 6309
3 6297 6309 6298
3 6298 6309 6310
3 6298 6310 6299
3 6299 6310 6311
3 6299 6311 6300
3 6300 6311 6312
3 6300 6312 6301
3 6301 6312 6313
3 6301 6313 6302
3 6302 6313 6314
3 6302 6314 6291
3 6291 6314 6303
3 6303 6315 6304
3 6304 6315 6316
3 6304 6316 6305
3 6305 6316 6317
3 6305 6317 6306
3 6306 6317 6318
3 6306 6318 6307
3 6307 6318 6319
3 6307 6319 6308
3 6308 6319 6320
3 6308 6320 6309
3 6309 6320 6321
3 6309 6321 6310
3 6310 6321 6322
3 6310 6322 6311
3 6311 6322 6323
3 6311 6323 6312
3 6312 6323 6324
3 6312 6324 6313
3 6313 6324 6325
3 6313 6325 6314
3 6314 6325 6326
3 6314 6326 6303
3 6303 6326 6315
3 6315 6327 6316
3 6316 6327 6328
3 6316 6328 6317
3 6317 6328 6329
3 6317 6329 6318
3 6318 6329 6330
3 6318 6330 6319
3 6319 6330 6331
3 6319 6331 6320
3 6320 6331 6332
3 6320 6332 6321
3 6321 6332 6333
3 6321 6333 6322
3 6322 6333 6334
3 6322 6334 6323
3 6323 6334 6335
3 6323 6335 6324
3 6324 6335 6336
3 6324 6336 6325
3 6325 6336 6337
3 6325 6337 6326
3 6326 6337 6338
3 6326 6338 6315
3 6315 6338 6327
3 6327 6339 6328
3 6328 6339 6340
3 6328 6340 6329
3 6329 6340 6341
3 6329 6341 6330
3 6330 6341 6342
3 6330 6342 6331
3 6331 6342 6343
3 6331 6343 6332
3 6332 6343 6344
3 6332 6344 6333
3 6333 6344 6345
3 6333 6345 6334
3 6334 6345 6346
3 6334 6346 6335
3 6335 6346 6347
3 6335 6347 6336
3 6336 6347 6348
3 6336 6348 6337
3 6337 6348 6349
3 6337 6349 6338
3 6338 6349 6350
3 6338 6350 6327
3 6327 6350 6339
3 6339 6351 6340
3 6340 6351 6352
3 6340 6352 6341
3 6341 6352 6353
3 6341 6353 6342
3 6342 6353 6354
3 6342 6354 6343
3 6343 6354 6355
3 6343 6355 6344
3 6344 6355 6356
3 6344 6356 6345
3 6345 6356 6357
3 6345 6357 6346
3 6346 6357 6358
3 6346 6358 6347
3 6347 6358 6359
3 6347 6359 6348
3 6348 6359 6360
3 6348 6360 6349
3 6349 6360 6361
3 6349 6361 6350
3 6350 6361 6362
3 6350 6362 6339
3 6339 6362 6351
3 6363 6352 6351
3 6363 6353 6352
3 6363 6354 6353
3 6363 6355 6354
3 6363 6356 6355
3 6363 6357 6356
3 6363 6358 6357
3 6363 6359 6358
3 6363 6360 6359
3 6363 6361 6360
3 6363 6362 6361
3 6363 6351 6362
3 6364 6365 6366
3 6364 6366 6367
3 6364 6367 6368
3 6364 6368 6369
3 6364 6369 6370
3 6364 6370 6371
3 6364 6371 6372
3 6364 6372 6373
3 6364 6373 6374
3 6364 6374 6375
3 6364 6375 6376
3 6364 6376 6365
3 6365 6377 6366
3 6366 6377 6378
3 6366 6378 6367
3 6367 6378 6379
3 6367 6379 6368
3 6368 6379 6380
3 6368 6380 6369
3 6369 6380 6381
3 6369 6381 6370
3 6370 6381 6382
3 6370 6382 6371
3 6371 6382 6383
3 6371 6383 6372
3 6372 6383 6384
3 6372 6384 6373
3 6373 6384 6385
3 6373 6385 6374
3 6374 6385 6386
3 6374 6386 6375
3 6375 6386 6387
3 6375 6387 6376
3 6376 6387 6388
3 6376 6388 6365
3 6365 6388 6377
3 6377 6389 6378
3 6378 6389 6390
3 6378 6390 6379
3 6379 6390 6391
3 6379 6391 6380
3 6380 6391 6392
3 6380 6392 6381
3 6381 6392 6393
3 6381 6393 6382
3 6382 6393 6394
3 6382 6394 6383
3 6383 6394 6395
3 6383 6395 6384
3 6384 6395 6396
3 6384 6396 6385
3 6385 6396 6397
3 6385 6397 6386
3 6386 6397 6398
3 6386 6398 6387
3 6387 6398 6399
3 6387 6399 6388
3 6388 6399 6400
3 6388 6400 6377
3 6377 6400 6389
3 6389 6401 6390
3 6390 6401 6402
3 6390 6402 6391
3 6391 6402 6403
3 6391 6403 6392
3 6392 6403 6404
3 6392 6404 6393
3 6393 6404 6405
3 6393 6405 6394
3 6394 6405 6406
3 6394 6406 6395
3 6395 6406 6407
3 6395 6407 6396
3 6396 6407 6408
3 6396 6408 6397
3 6397 6408 6409
3 6397 6409 6398
3 6398 6409 6410
3 6398 6410 6399
3 6399 6410 6411
3 6399 6411 6400
3 6400 6411 6412
3 6400 6412 6389
3 6389 6412 6401
3 6401 6413 6402
3 6402 6413 6414
3 6402 6414 6403
3 6403 6414 6415
3 6403 6415 6404
3 6404 6415 6416
3 6404 6416 6405
3 6405 6416 6417
3 6405 6417 6406
3 6406 6417 6418
3 6406 6418 6407
3 6407 6418 6419
3 6407 6419 6408
3 6408 6419 6420
3 6408 6420 6409
3 6409 6420 6421
3 6409 6421 6410
3 6410 6421 6422
3 6410 6422 6411
3 6411 6422 6423
3 6411 6423 6412
3 6412 6423 6424
3 6412 6424 6401
3 6401 6424 6413
3 6413 6425 6414
3 6414 6425 6426
3 6414 6426 6415
3 6415 6426 6427
3 6415 6427 6416
3 6416 6427 6428
3 6416 6428 6417
3 6417 6428 6429
3 6417 6429 6418
3 6418 6429 6430
3 6418 6430 6419
3 6419 6430 6431
3 6419 6431 6420
3 6420 6431 6432
3 6420 6432 6421
3 6421 6432 6433
3 6421 6433 6422
3 6422 6433 6434
3 6422 6434 6423
3 6423 6434 6435
3 6423 6435 6424
3 6424 6435 6436
3 6424 6436 6413
3 6413 6436 6425
3 6425 6437 6426
3 6426 6437 6438
3 6426 6438 6427
3 6427 6438 6439
3 6427 6439 6428
3 6428 6439 6440
3 6428 6440 6429
3 6429 6440 6441
3 6429 6441 6430
3 6430 6441 6442
3 6430 6442 6431
3 6431 6442 6443
3 6431 6443 6432
3 6432 6443 6444
3 6432 6444 6433
3 6433 6444 6445
3 6433 6445 6434
3 6434 6445 6446
3 6434 6446 6435
3 6435 6446 6447
3 6435 6447 6436
3 6436 6447 6448
3 6436 6448 6425
3 6425 6448 6437
3 6449 6438 6437
3 6449 6439 6438
3 6449 6440 6439
3 6449 6441 6440
3 6449 6442 6441
3 6449 6443 6442
3 6449 6444 6443
3 6449 6445 6444
3 6449 6446 6445
3 6449 6447 6446
3 6449 6448 6447
3 6449 6437 6448
3 6450 6451 6452
3 6450 6452 6453
3 6450 6453 6454
3 6450 6454 6455
3 6450 6455 6456
3 6450 6456 6457
3 6450 6457 6458
3 6450 6458 6459
3 6450 6459 6460
3 6450 6460 6461
3 6450 6461 6462
3 6450 6462 6451
3 6451 6463 6452
3 6452 6463 6464
3 6452 6464 6453
3 6453 6464 6465
3 6453 6465 6454
3 6454 6465 6466
3 6454 6466 6455
3 6455 6466 6467
3 6455 6467 6456
3 6456 6467 6468
3 6456 6468 6457
3 6457 6468 6469
3 6457 6469 6458
3 6458 6469 6470
3 6458 6470 6459
3 6459 6470 6471
3 6459 6471 6460
3 6460 6471 6472
3 6460 6472 6461
3 6461 6472 6473
3 6461 6473 6462
3 6462 6473 6474
3 6462 6474 6451
3 6451 6474 6463
3 6463 6475 6464
3 6464 6475 6476
3 6464 6476 6465
3 6465 6476 6477
3 6465 6477 6466
3 6466 6477 6478
3 6466 6478 6467
3 6467 6478 6479
3 6467 6479 6468
3 6468 6479 6480
3 6468 6480 6469
3 6469 6480 6481
3 6469 6481 6470
3 6470 6481 6482
3 6470 6482 6471
3 6471 6482 6483
3 6471 6483 6472
3 6472 6483 6484
3 6472 6484 6473
3 6473 6484 6485
3 6473 6485 6474
3 6474 6485 6486
3 6474 6486 6463
3 6463 6486 6475
3 6475 6487 6476
3 6476 6487 6488
3 6476 6488 6477
3 6477 6488 6489
3 6477 6489 6478
3 6478 6489 6490
3 6478 6490 6479
3 6479 6490 6491
3 6479 6491 6480
3 6480 6491 6492
3 6480 6492 6481
3 6481 6492 6493
3 6481 6493 6482
3 6482 6493 6494
3 6482 6494 6483
3 6483 6494 6495
3 6483 6495 6484
3 6484 6495 6496
3 6484 6496 6485
3 6485 6496 6497
3 6485 6497 6486
3 6486 6497 6498
3 6486 6498 6475
3 6475 6498 6487
3 6487 6499 6488
3 6488 6499 6500
3 6488 6500 6489
3 6489 6500 6501
3 6489 6501 6490
3 6490 6501 6502
3 6490 6502 6491
3 6491 6502 6503
3 6491 6503 6492
3 6492 6503 6504
3 6492 6504 6493
3 6493 6504 6505
3 6493 6505 6494
3 6494 6505 6506
3 6494 6506 6495
3 6495 6506 6507
3 6495 6507 6496
3 6496 6507 6508
3 6496 6508 6497
3 6497 6508 6509
3 6497 6509 6498
3 6498 6509 6510
3 6498 6510 6487
3 6487 6510 6499
3 6499 6511 6500
3 6500 6511 6512
3 6500 6512 6501
3 6501 6512 6513
3 6501 6513 6502
3 6502 6513 6514
3 6502 6514 6503
3 6503 6514 6515
3 6503 6515 6504
3 6504 6515 6516
3 6504 6516 6505
3 6505 6516 6517
3 6505 6517 6506
3 6506 6517 6518
3 6506 6518 6507
3 6507 6518 6519
3 6507 6519 6508
3 6508 6519 6520
3 6508 6520 6509
3 6509 6520 6521
3 6509 6521 6510
3 6510 6521 6522
3 6510 6522 6499
3 6499 6522 6511
3 6511 6523 6512
3 6512 6523 6524
3 6512 6524 6513
3 6513 6524 6525
3 6513 6525 6514
3 6514 6525 6526
3 6514 6526 6515
3 6515 6526 6527
3 6515 6527 6516
3 6516 6527 6528
3 6516 6528 6517
3 6517 6528 6529
3 6517 6529 6518
3 6518 6529 6530
3 6518 6530 6519
3 6519 6530 6531
3 6519 6531 6520
3 6520 6531 6532
3 6520 6532 6521
3 6521 6532 6533
3 6521 6533 6522
3 6522 6533 6534
3 6522 6534 6511
3 6511 6534 6523
3 6535 6524 6523
3 6535 6525 6524
3 6535 6526 6525
3 6535 6527 6526
3 6535 6528 6527
3 6535 6529 6528
3 6535 6530 6529
3 6535 6531 6530
3 6535 6532 6531
3 6535 6533 6532
3 6535 6534 6533
3 6535 6523 6534
3 6536 6537 6538
3 6536 6538 6539
3 6536 6539 6540
3 6536 6540 6541
3 6536 6541 6542
3 6536 6542 6543
3 6536 6543 6544
3 6536 6544 6545
3 6536 6545 6546
3 6536 6546 6547
3 6536 6547 6548
3 6536 6548 6537
3 6537 6549 6538
3 6538 6549 6550
3 6538 6550 6539
3 6539 6550 6551
3 6539 6551 6540
3 6540 6551 6552
3 6540 6552 6541
3 6541 6552 6553
3 6541 6553 6542
3 6542 6553 6554
3 6542 6554 6543
3 6543 6554 6555
3 6543 6555 6544
3 6544 6555 6556
3 6544 6556 6545
3 6545 6556 6557
3 6545 6557 6546
3 6546 6557 6558
3 6546 6558 6547
3 6547 6558 6559
3 6547 6559 6548
3 6548 6559 6560
3 6548 6560 6537
3 6537 6560 6549
3 6549 6561 6550
3 6550 6561 6562
3 6550 6562 6551
3 6551 6562 6563
3 6551 6563 6552
3 6552 6563 6564
3 6552 6564 6553
3 6553 6564 6565
3 6553 6565 6554
3 6554 6565 6566
3 6554 6566 6555
3 6555 6566 6567
3 6555 6567 6556
3 6556 6567 6568
3 6556 6568 6557
3 6557 6568 6569
3 6557 6569 6558
3 6558 6569 6570
3 6558 6570 6559
3 6559 6570 6571
3 6559 6571 6560
3 6560 6571 6572
3 6560 6572 6549
3 6549 6572 6561
3 6561 6573 6562
3 6562 6573 6574
3 6562 6574 6563
3 6563 6574 6575
3 6563 6575 6564
3 6564 6575 6576
3 6564 6576 6565
3 6565 6576 6577
3 6565 6577 6566
3 6566 6577 6578
3 6566 6578 6567
3 6567 6578 6579
3 6567 6579 6568
3 6568 6579 6580
3 6568 6580 6569
3 6569 6580 6581
3 6569 6581 6570
3 6570 6581 6582
3 6570 6582 6571
3 6571 6582 6583
3 6571 6583 6572
3 6572 6583 6584
3 6572 6584 6561
3 6561 6584 6573
3 6573 6585 6574
3 6574 6585 6586
3 6574 6586 6575
3 6575 6586 6587
3 6575 6587 6576
3 6576 6587 6588
3 6576 6588 6577
3 6577 6588 6589
3 6577 6589 6578
3 6578 6589 6590
3 6578 6590 6579
3 6579 6590 6591
3 6579 6591 6580
3 6580 6591 6592
3 6580 6592 6581
3 6581 6592 6593
3 6581 6593 6582
3 6582 6593 6594
3 6582 6594 6583
3 6583 6594 6595
3 6583 6595 6584
3 6584 6595 6596
3 6584 6596 6573
3 6573 6596 6585
3 6585 6597 6586
3 6586 6597 6598
3 6586 6598 6587
3 6587 6598 6599
3 6587 6599 6588
3 6588 6599 6600
3 6588 6600 6589
3 6589 6600 6601
3 6589 6601 6590
3 6590 6601 6602
3 6590 6602 6591
3 6591 6602 6603
3 6591 6603 6592
3 6592 6603 6604
3 6592 6604 6593
3 6593 6604 6605
3 6593 6605 6594
3 6594 6605 6606
3 6594 6606 6595
3 6595 6606 6607
3 6595 6607 6596
3 6596 6607 6608
3 6596 6608 6585
3 6585 6608 6597
3 6597 6609 6598
3 6598 6609 6610
3 6598 6610 6599
3 6599 6610 6611
3 6599 6611 6600
3 6600 6611 6612
3 6600 6612 6601
3 6601 6612 6613
3 6601 6613 6602
3 6602 6613 6614
3 6602 6614 6603
3 6603 6614 6615
3 6603 6615 6604
3 6604 6615 6616
3 6604 6616 6605
3 6605 6616 6617
3 6605 6617 6606
3 6606 6617 6618
3 6606 6618 6607
3 6607 6618 6619
3 6607 6619 6608
3 6608 6619 6620
3 6608 6620 6597
3 6597 6620 6609
3 6621 6610 6609
3 6621 6611 6610
3 6621 6612 6611
3 6621 6613 6612
3 6621 6614 6613
3 6621 6615 6614
3 6621 6616 6615
3 6621 6617 6616
3 6621 6618 6617
3 6621 6619 6618
3 6621 6620 6619
3 6621 6609 6620
3 6622 6623 6624
3 6622 6624 6625
3 6622 6625 6626
3 6622 6626 6627
3 6622 6627 6628
3 6622 6628 6629
3 6622 6629 6630
3 6622 6630 6631
3 6622 6631 6632
3 6622 6632 6633
3 6622 6633 6634
3 6622 6634 6623
3 6623 6635 6624
3 6624 6635 6636
3 6624 6636 6625
3 6625 6636 6637
3 6625 6637 6626
3 6626 6637 6638
3 6626 6638 6627
3 6627 6638 6639
3 6627 6639 6628
3 6628 6639 6640
3 6628 6640 6629
3 6629 6640 6641
3 6629 6641 6630
3 6630 6641 6642
3 6630 6642 6631
3 6631 6642 6643
3 6631 6643 6632
3 6632 6643 6644
3 6632 6644 6633
3 6633 6644 6645
3 6633 6645 6634
3 6634 6645 6646
3 6634 6646 6623
3 6623 6646 6635
3 6635 6647 6636
3 6636 6647 6648
3 6636 6648 6637
3 6637 6648 6649
3 6637 6649 6638
3 6638 6649 6650
3 6638 6650 6639
3 6639 6650 6651
3 6639 6651 6640
3 6640 6651 6652
3 6640 6652 6641
3 6641 6652 6653
3 6641 6653 6642
3 6642 6653 6654
3 6642 6654 6643
3 6643 6654 6655
3 6643 6655 6644
3 6644 6655 6656
3 6644 6656 6645
3 6645 6656 6657
3 6645 6657 6646
3 6646 6657 6658
3 6646 6658 6635
3 6635 6658 6647
3 6647 6659 6648
3 6648 6659 6660
3 6648 6660 6649
3 6649 6660 6661
3 6649 6661 6650
3 6650 6661 6662
3 6650 6662 6651
3 6651 6662 6663
3 6651 6663 6652
3 6652 6663 6664
3 6652 6664 6653
3 6653 6664 6665
3 6653 6665 6654
3 6654 6665 6666
3 6654 6666 6655
3 6655 6666 6667
3 6655 6667 6656
3 6656 6667 6668
3 6656 6668 6657
3 6657 6668 6669
3 6657 6669 6658
3 6658 6669 6670
3 6658 6670 6647
3 6647 6670 6659
3 6659 6671 6660
3 6660 6671 6672
3 6660 6672 6661
3 6661 6672 6673
3 6661 6673 6662
3 6662 6673 6674
3 6662 6674 6663
3 6663 6674 6675
3 6663 6675 6664
3 6664 6675 6676
3 6664 6676 6665
3 6665 6676 6677
3 6665 6677 6666
3 6666 6677 6678
3 6666 6678 6667
3 6667 6678 6679
3 6667 6679 6668
3 6668 6679 6680
3 6668 6680 6669
3 6669 6680 6681
3 6669 6681 6670
3 6670 6681 6682
3 6670 6682 6659
3 6659 6682 6671
3 6671 6683 6672
3 6672 6683 6684
3 6672 6684 6673
3 6673 6684 6685
3 6673 6685 6674
3 6674 6685 6686
3 6674 6686 6675
3 6675 6686 6687
3 6675 6687 6676
3 6676 6687 6688
3 6676 6688 6677
3 6677 6688 6689
3 6677 6689 6678
3 6678 6689 6690
3 6678 6690 6679
3 6679 6690 6691
3 6679 6691 6680
3 6680 6691 6692
3 6680 6692 6681
3 6681 6692 6693
3 6681 6693 6682
3 6682 6693 6694
3 6682 6694 6671
3 6671 6694 6683
3 6683 6695 6684
3 6684 6695 6696
3 6684 6696 6685
3 6685 6696 6697
3 6685 6697 6686
3 6686 6697 6698
3 6686 6698 6687
3 6687 6698 6699
3 6687 6699 6688
3 6688 6699 6700
3 6688 6700 6689
3 6689 6700 6701
3 6689 6701 6690
3 6690 6701 6702
3 6690 6702 6691
3 6691 6702 6703
3 6691 6703 6692
3 6692 6703 6704
3 6692 6704 6693
3 6693 6704 6705
3 6693 6705 6694
3 6694 6705 6706
3 6694 6706 6683
3 6683 6706 6695
3 6707 6696 6695
3 6707 6697 6696
3 6707 6698 6697
3 6707 6699 6698
3 6707 6700 6699
3 6707 6701 6700
3 6707 6702 6701
3 6707 6703 6702
3 6707 6704 6703
3 6707 6705 6704
3 6707 6706 6705
3 6707 6695 6706
3 6708 6709 6710
3 6708 6710 6711
3 6708 6711 6712
3 6708 6712 6713
3 6708 6713 6714
3 6708 6714 6715
3 6708 6715 6716
3 6708 6716 6717
3 6708 6717 6718
3 6708 6718 6719
3 6708 6719 6720
3 6708 6720 6709
3 6709 6721 6710
3 6710 6721 6722
3 6710 6722 6711
3 6711 6722 6723
3 6711 6723 6712
3 6712 6723 6724
3 6712 6724 6713
3 6713 6724 6725
3 6713 6725 6714
3 6714 6725 6726
3 6714 6726 6715
3 6715 6726 6727
3 6715 6727 6716
3 6716 6727 6728
3 6716 6728 6717
3 6717 6728 6729
3 6717 6729 6718
3 6718 6729 6730
3 6718 6730 6719
3 6719 6730 6731
3 6719 6731 6720
3 6720 6731 6732
3 6720 6732 6709
3 6709 6732 6721
3 6721 6733 6722
3 6722 6733 6734
3 6722 6734 6723
3 6723 6734 6735
3 6723 6735 6724
3 6724 6735 6736
3 6724 6736 6725
3 6725 6736 6737
3 6725 6737 6726
3 6726 6737 6738
3 6726 6738 6727
3 6727 6738 6739
3 6727 6739 6728
3 6728 6739 6740
3 6728 6740 6729
3 6729 6740 6741
3 6729 6741 6730
3 6730 6741 6742
3 6730 6742 6731
3 6731 6742 6743
3 6731 6743 6732
3 6732 6743 6744
3 6732 6744 6721
3 6721 6744 6733
3 6733 6745 6734
3 6734 6745 6746
3 6734 6746 6735
3 6735 6746 6747
3 6735 6747 6736
3 6736 6747 6748
3 6736 6748 6737
3 6737 6748 6749
3 6737 6749 6738
3 6738 6749 6750
3 6738 6750 6739
3 6739 6750 6751
3 6739 6751 6740
3 6740 6751 6752
3 6740 6752 6741
3 6741 6752 6753
3 6741 6753 6742
3 6742 6753 6754
3 6742 6754 6743
3 6743 6754 6755
3 6743 6755 6744
3 6744 6755 6756
3 6744 6756 6733
3 6733 6756 6745
3 6745 6757 6746
3 6746 6757 6758
3 6746 6758 6747
3 6747 6758 6759
3 6747 6759 6748
3 6748 6759 6760
3 6748 6760 6749
3 6749 6760 6761
3 6749 6761 6750
3 6750 6761 6762
3 6750 6762 6751
3 6751 6762 6763
3 6751 6763 6752
3 6752 6763 6764
3 6752 6764 6753
3 6753 6764 6765
3 6753 6765 6754
3 6754 6765 6766
3 6754 6766 6755
3 6755 6766 6767
3 6755 6767 6756
3 6756 6767 6768
3 6756 6768 6745
3 6745 6768 6757
3 6757 6769 6758
3 6758 6769 6770
3 6758 6770 6759
3 6759 6770 6771
3 6759 6771 6760
3 6760 6771 6772
3 6760 6772 6761
3 6761 6772 6773
3 6761 6773 6762
3 6762 6773 6774
3 6762 6774 6763
3 6763 6774 6775
3 6763 6775 6764
3 6764 6775 6776
3 6764 6776 6765
3 6765 6776 6777
3 6765 6777 6766
3 6766 6777 6778
3 6766 6778 6767
3 6767 6778 6779
3 6767 6779 6768
3 6768 6779 6780
3 6768 6780 6757
3 6757 6780 6769
3 6769 6781 6770
3 6770 6781 6782
3 6770 6782 6771
3 6771 6782 6783
3 6771 6783 6772
3 6772 6783 6784
3 6772 6784 6773
3 6773 6784 6785
3 6773 6785 6774
3 6774 6785 6786
3 6774 6786 6775
3 6775 6786 6787
3 6775 6787 6776
3 6776 6787 6788
3 6776 6788 6777
3 6777 6788 6789
3 6777 6789 6778
3 6778 6789 6790
3 6778 6790 6779
3 6779 6790 6791
3 6779 6791 6780
3 6780 6791 6792
3 6780 6792 6769
3 6769 6792 6781
3 6793 6782 6781
3 6793 6783 6782
3 6793 6784 6783
3 6793 6785 6784
3 6793 6786 6785
3 6793 6787 6786
3 6793 6788 6787
3 6793 6789 6788
3 6793 6790 6789
3 6793 6791 6790
3 6793 6792 6791
3 6793 6781 6792
3 6794 6795 6796
3 6794 6796 6797
3 6794 6797 6798
3 6794 6798 6799
3 6794 6799 6800
3 6794 6800 6801
3 6794 6801 6802
3 6794 6802 6803
3 6794 6803 6804
3 6794 6804 6805
3 6794 6805 6806
3 6794 6806 6795
3 6795 6807 6796
3 6796 6807 6808
3 6796 6808 6797
3 6797 6808 6809
3 6797 6809 6798
3 6798 6809 6810
3 6798 6810 6799
3 6799 6810 6811
3 6799 6811 6800
3 6800 6811 6812
3 6800 6812 6801
3 6801 6812 6813
3 6801 6813 6802
3 6802 6813 6814
3 6802 6814 6803
3 6803 6814 6815
3 6803 6815 6804
3 6804 6815 6816
3 6804 6816 6805
3 6805 6816 6817
3 6805 6817 6806
3 6806 6817 6818
3 6806 6818 6795
3 6795 6818 6807
3 6807 6819 6808
3 6808 6819 6820
3 6808 6820 6809
3 6809 6820 6821
3 6809 6821 6810
3 6810 6821 6822
3 6810 6822 6811
3 6811 6822 6823
3 6811 6823 6812
3 6812 6823 6824
3 6812 6824 6813
3 6813 6824 6825
3 6813 6825 6814
3 6814 6825 6826
3 6814 6826 6815
3 6815 6826 6827
3 6815 6827 6816
3 6816 6827 6828
3 6816 6828 6817
3 6817 6828 6829
3 6817 6829 6818
3 6818 6829 6830
3 6818 6830 6807
3 6807 6830 6819
3 6819 6831 6820
3 6820 6831 6832
3 6820 6832 6821
3 6821 6832 6833
3 6821 6833 6822
3 6822 6833 6834
3 6822 6834 6823
3 6823 6834 6835
3 6823 6835 6824
3 6824 6835 6836
3 6824 6836 6825
3 6825 6836 6837
3 6825 6837 6826
3 6826 6837 6838
3 6826 6838 6827
3 6827 6838 6839
3 6827 6839 6828
3 6828 6839 6840
3 6828 6840 6829
3 6829 6840 6841
3 6829 6841 6830
3 6830 6841 6842
3 6830 6842 6819
3 6819 6842 6831
3 6831 6843 6832
3 6832 6843 6844
3 6832 6844 6833
3 6833 6844 6845
3 6833 6845 6834
3 6834 6845 6846
3 6834 6846 6835
3 6835 6846 6847
3 6835 6847 6836
3 6836 6847 6848
3 6836 6848 6837
3 6837 6848 6849
3 6837 6849 6838
3 6838 6849 6850
3 6838 6850 6839
3 6839 6850 6851
3 6839 6851 6840
3 6840 6851 6852
3 6840 6852 6841
3 6841 6852 6853
3 6841 6853 6842
3 6842 6853 6854
3 6842 6854 6831
3 6831 6854 6843
3 6843 6855 6844
3 6844 6855 6856
3 6844 6856 6845
3 6845 6856 6857
3 6845 6857 6846
3 6846 6857 6858
3 6846 6858 6847
3 6847 6858 6859
3 6847 6859 6848
3 6848 6859 6860
3 6848 6860 6849
3 6849 6860 6861
3 6849 6861 6850
3 6850 6861 6862
3 6850 6862 6851
3 6851 6862 6863
3 6851 6863 6852
3 6852 6863 6864
3 6852 6864 6853
3 6853 6864 6865
3 6853 6865 6854
3 6854 6865 6866
3 6854 6866 6843
3 6843 6866 6855
3 6855 6867 6856
3 6856 6867 6868
3 6856 6868 6857
3 6857 6868 6869
3 6857 6869 6858
3 6858 6869 6870
3 6858 6870 6859
3 6859 6870 6871
3 6859 6871 6860
3 6860 6871 6872
3 6860 6872 6861
3 6861 6872 6873
3 6861 6873 6862
3 6862 6873 6874
3 6862 6874 6863
3 6863 6874 6875
3 6863 6875 6864
3 6864 6875 6876
3 6864 6876 6865
3 6865 6876 6877
3 6865 6877 6866
3 6866 6877 6878
3 6866 6878 6855
3 6855 6878 6867
3 6879 6868 6867
3 6879 6869 6868
3 6879 6870 6869
3 6879 6871 6870
3 6879 6872 6871
3 6879 6873 6872
3 6879 6874 6873
3 6879 6875 6874
3 6879 6876 6875
3 6879 6877 6876
3 6879 6878 6877
3 6879 6867 6878
3 6880 6881 6882
3 6880 6882 6883
3 6880 6883 6884
3 6880 6884 6885
3 6880 6885 6886
3 6880 6886 6887
3 6880 6887 6888
3 6880 6888 6889
3 6880 6889 6890
3 6880 6890 6891
3 6880 6891 6892
3 6880 6892 6881
3 6881 6893 6882
3 6882 6893 6894
3 6882 6894 6883
3 6883 6894 6895
3 6883 6895 6884
3 6884 6895 6896
3 6884 6896 6885
3 6885 6896 6897
3 6885 6897 6886
3 6886 6897 6898
3 6886 6898 6887
3 6887 6898 6899
3 6887 6899 6888
3 6888 6899 6900
3 6888 6900 6889
3 6889 6900 6901
3 6889 6901 6890
3 6890 6901 6902
3 6890 6902 6891
3 6891 6902 6903
3 6891 6903 6892
3 6892 6903 6904
3 6892 6904 6881
3 6881 6904 6893
3 6893 6905 6894
3 6894 6905 6906
3 6894 6906 6895
3 6895 6906 6907
3 6895 6907 6896
3 6896 6907 6908
3 6896 6908 6897
3 6897 6908 6909
3 6897 6909 6898
3 6898 6909 6910
3 6898 6910 6899
3 6899 6910 6911
3 6899 6911 6900
3 6900 6911 6912
3 6900 6912 6901
3 6901 6912 6913
3 6901 6913 6902
3 6902 6913 6914
3 6902 6914 6903
3 6903 6914 6915
3 6903 6915 6904
3 6904 6915 6916
3 6904 6916 6893
3 6893 6916 6905
3 6905 6917 6906
3 6906 6917 6918
3 6906 6918 6907
3 6907 6918 6919
3 6907 6919 6908
3 6908 6919 6920
3 6908 6920 6909
3 6909 6920 6921
3 6909 6921 6910
3 6910 6921 6922
3 6910 6922 6911
3 6911 6922 6923
3 6911 6923 6912
3 6912 6923 6924
3 6912 6924 6913
3 6913 6924 6925
3 6913 6925 6914
3 6914 6925 6926
3 6914 6926 6915
3 6915 6926 6927
3 6915 6927 6916
3 6916 6927 6928
3 6916 6928 6905
3 6905 6928 6917
3 6917 6929 6918
3 6918 6929 6930
3 6918 6930 6919
3 6919 6930 6931
3 6919 6931 6920
3 6920 6931 6932
3 6920 6932 6921
3 6921 6932 6933
3 6921 6933 6922
3 6922 6933 6934
3 6922 6934 6923
3 6923 6934 6935
3 6923 6935 6924
3 6924 6935 6936
3 6924 6936 6925
3 6925 6936 6937
3 6925 6937 6926
3 6926 6937 6938
3 6926 6938 6927
3 6927 6938 6939
3 6927 6939 6928
3 6928 6939 6940
3 6928 6940 6917
3 6917 6940 6929
3 6929 6941 6930
3 6930 6941 6942
3 6930 6942 6931
3 6931 6942 6943
3 6931 6943 6932
3 6932 6943 6944
3 6932 6944 6933
3 6933 6944 6945
3 6933 6945 6934
3 6934 6945 6946
3 6934 6946 6935
3 6935 6946 6947
3 6935 6947 6936
3 6936 6947 6948
3 6936 6948 6937
3 6937 6948 6949
3 6937 6949 6938
3 6938 6949 6950
3 6938 6950 6939
3 6939 6950 6951
3 6939 6951 6940
3 6940 6951 6952
3 6940 6952 6929
3 6929 6952 6941
3 6941 6953 6942
3 6942 6953 6954
3 6942 6954 6943
3 6943 6954 6955
3 6943 6955 6944
3 6944 6955 6956
3 6944 6956 6945
3 6945 6956 6957
3 6945 6957 6946
3 6946 6957 6958
3 6946 6958 6947
3 6947 6958 6959
3 6947 6959 6948
3 6948 6959 6960
3 6948 6960 6949
3 6949 6960 6961
3 6949 6961 6950
3 6950 6961 6962
3 6950 6962 6951
3 6951 6962 6963
3 6951 6963 6952
3 6952 6963 6964
3 6952 6964 6941
3 6941 6964 6953
3 6965 6954 6953
3 6965 6955 6954
3 6965 6956 6955
3 6965 6957 6956
3 6965 6958 6957
3 6965 6959 6958
3 6965 6960 6959
3 6965 6961 6960
3 6965 6962 6961
3 6965 6963 6962
3 6965 6964 6963
3 6965 6953 6964
3 6966 6967 6968
3 6966 6968 6969
3 6966 6969 6970
3 6966 6970 6971
3 6966 6971 6972
3 6966 6972 6973
3 6966 6973 6974
3 6966 6974 6975
3 6966 6975 6976
3 6966 6976 6977
3 6966 6977 6978
3 6966 6978 6967
3 6967 6979 6968
3 6968 6979 6980
3 6968 6980 6969
3 6969 6980 6981
3 6969 6981 6970
3 6970 6981 6982
3 6970 6982 6971
3 6971 6982 6983
3 6971 6983 6972
3 6972 6983 6984
3 6972 6984 6973
3 6973 6984 6985
3 6973 6985 6974
3 6974 6985 6986
3 6974 6986 6975
3 6975 6986 6987
3 6975 6987 6976
3 6976 6987 6988
3 6976 6988 6977
3 6977 6988 6989
3 6977 6989 6978
3 6978 6989 6990
3 6978 6990 6967
3 6967 6990 6979
3 6979 6991 6980
3 6980 6991 6992
3 6980 6992 6981
3 6981 6992 6993
3 6981 6993 6982
3 6982 6993 6994
3 6982 6994 6983
3 6983 6994 6995
3 6983 6995 6984
3 6984 6995 6996
3 6984 6996 6985
3 6985 6996 6997
3 6985 6997 6986
3 6986 6997 6998
3 6986 6998 6987
3 6987 6998 6999
3 6987 6999 6988
3 6988 6999 7000
3 6988 7000 6989
3 6989 7000 7001
3 6989 7001 6990
3 6990 7001 7002
3 6990 7002 6979
3 6979 7002 6991
3 6991 7003 6992
3 6992 7003 7004
3 6992 7004 6993
3 6993 7004 7005
3 6993 7005 6994
3 6994 7005 7006
3 6994 7006 6995
3 6995 7006 7007
3 6995 7007 6996
3 6996 7007 7008
3 6996 7008 6997
3 6997 7008 7009
3 6997 7009 6998
3 6998 7009 7010
3 6998 7010 6999
3 6999 7010 7011
3 6999 7011 7000
3 7000 7011 7012
3 7000 7012 7001
3 7001 7012 7013
3 7001 7013 7002
3 7002 7013 7014
3 7002 7014 6991
3 6991 7014 7003
3 7003 7015 7004
3 7004 7015 7016
3 7004 7016 7005
3 7005 7016 7017
3 7005 7017 7006
3 7006 7017 7018
3 7006 7018 7007
3 7007 7018 7019
3 7007 7019 7008
3 7008 7019 7020
3 7008 7020 7009
3 7009 7020 7021
3 7009 7021 7010
3 7010 7021 7022
3 7010 7022 7011
3 7011 7022 7023
3 7011 7023 7012
3 7012 7023 7024
3 7012 7024 7013
3 7013 7024 7025
3 7013 7025 7014
3 7014 7025 7026
3 7014 7026 7003
3 7003 7026 7015
3 7015 7027 7016
3 7016 7027 7028
3 7016 7028 7017
3 7017 7028 7029
3 7017 7029 7018
3 7018 7029 7030
3 7018 7030 7019
3 7019 7030 7031
3 7019 7031 7020
3 7020 7031 7032
3 7020 7032 7021
3 7021 7032 7033
3 7021 7033 7022
3 7022 7033 7034
3 7022 7034 7023
3 7023 7034 7035
3 7023 7035 7024
3 7024 7035 7036
3 7024 7036 7025
3 7025 7036 7037
3 7025 7037 7026
3 7026 7037 7038
3 7026 7038 7015
3 7015 7038 7027
3 7027 7039 7028
3 7028 7039 7040
3 7028 7040 7029
3 7029 7040 7041
3 7029 7041 7030
3 7030 7041 7042
3 7030 7042 7031
3 7031 7042 7043
3 7031 7043 7032
3 7032 7043 7044
3 7032 7044 7033
3 7033 7044 7045
3 7033 7045 7034
3 7034 7045 7046
3 7034 7046 7035
3 7035 7046 7047
3 7035 7047 7036
3 7036 7047 7048
3 7036 7048 7037
3 7037 7048 7049
3 7037 7049 7038
3 7038 7049 7050
3 7038 7050 7027
3 7027 7050 7039
3 7051 7040 7039
3 7051 7041 7040
3 7051 7042 7041
3 7051 7043 7042
3 7051 7044 7043
3 7051 7045 7044
3 7051 7046 7045
3 7051 7047 7046
3 7051 7048 7047
3 7051 7049 7048
3 7051 7050 7049
3 7051 7039 7050
